{
  "reaction": {
    "lhs": [
      { "state": { "particle": "e", "charge": -1 }, "count": 1 },
      {
        "state": {
          "particle": "H2",
          "charge": 0,
          "descriptor": { "type": 1, "accuracy": 2, "e": "X", "Lambda": 0, "S": 0, "parity": "g", "v": 0 }
        },
        "count": 1
      }
    ],
    "rhs": [
      { "state": { "particle": "e", "charge": -1 }, "count": 1 },
      {
        "state": {
          "particle": "H2",
          "charge": 0,
          "descriptor": {
            "type": 1,
            "accuracy": 2,
            "e": "EF",
            "Lambda": 0,
            "S": 0,
            "parity": "g",
            "v": 24
          }
        },
        "count": 1
      }
    ],
    "type_tags": ["Electronic", "Vibrational"],
    "reversible": false
  },
  "threshold": 14.2738,
  "data": [
    [14.2738, 0],
    [15, 0.00115854],
    [16, 0.000804182],
    [17, 0.000667753],
    [18, 0.000714212],
    [19, 0.000743977],
    [20, 0.000715317],
    [22, 0.000698786],
    [25, 0.000650976],
    [30, 0.000583752],
    [40, 0.000581828],
    [50, 0.000577339],
    [60, 0.00055494],
    [70, 0.000519043],
    [80, 0.000487793],
    [100, 0.000445752],
    [120, 0.000423914],
    [140, 0.00039338],
    [160, 0.000362519]
  ]
}