{
  "reaction": {
    "lhs": [
      { "state": { "particle": "e", "charge": -1 }, "count": 1 },
      {
        "state": {
          "particle": "H2",
          "charge": 0,
          "descriptor": { "type": 1, "accuracy": 2, "e": "X", "Lambda": 0, "S": 0, "parity": "g", "v": 0 }
        },
        "count": 1
      }
    ],
    "rhs": [
      { "state": { "particle": "e", "charge": -1 }, "count": 1 },
      {
        "state": {
          "particle": "H2",
          "charge": 0,
          "descriptor": {
            "type": 1,
            "accuracy": 2,
            "e": "H",
            "Lambda": 0,
            "S": 0,
            "parity": "g",
            "v": 58
          }
        },
        "count": 1
      }
    ],
    "type_tags": ["Electronic", "Vibrational"],
    "reversible": false
  },
  "threshold": 16.5502,
  "data": [
    [16.5502, 0],
    [17, 0.0000234069],
    [18, 0.0000331472],
    [19, 0.0000344321],
    [20, 0.0000302129],
    [22, 0.0000213601],
    [25, 0.0000149943],
    [30, 0.0000160803],
    [40, 0.0000176097],
    [50, 0.0000165232],
    [60, 0.0000152005],
    [70, 0.0000141191],
    [80, 0.0000135692],
    [100, 0.0000128589],
    [120, 0.0000121435],
    [140, 0.0000112088],
    [160, 0.0000104933]
  ]
}