{
  "reaction": {
    "lhs": [
      { "state": { "particle": "e", "charge": -1 }, "count": 1 },
      {
        "state": {
          "particle": "H2",
          "charge": 0,
          "descriptor": { "type": 1, "accuracy": 2, "e": "X", "Lambda": 0, "S": 0, "parity": "g", "v": 0 }
        },
        "count": 1
      }
    ],
    "rhs": [
      { "state": { "particle": "e", "charge": -1 }, "count": 1 },
      {
        "state": {
          "particle": "H2",
          "charge": 0,
          "descriptor": {
            "type": 1,
            "accuracy": 2,
            "e": "Bp",
            "Lambda": 0,
            "S": 0,
            "parity": "u",
            "v": 6
          }
        },
        "count": 1
      }
    ],
    "type_tags": ["Electronic", "Vibrational"],
    "reversible": false
  },
  "threshold": 14.6553,
  "data": [
    [14.6553, 0],
    [15, 0.000134682],
    [16, 0.000259521],
    [17, 0.000335383],
    [18, 0.000384595],
    [19, 0.000431691],
    [20, 0.000481994],
    [22, 0.000583399],
    [25, 0.000717638],
    [30, 0.000877445],
    [40, 0.00106856],
    [50, 0.00114504],
    [60, 0.00117659],
    [70, 0.00118797],
    [80, 0.00118612],
    [100, 0.00114768],
    [120, 0.00108219],
    [140, 0.00101844],
    [160, 0.000962051]
  ]
}