{
  "reaction": {
    "lhs": [
      { "state": { "particle": "e", "charge": -1 }, "count": 1 },
      {
        "state": {
          "particle": "H2",
          "charge": 0,
          "descriptor": { "type": 1, "accuracy": 2, "e": "X", "Lambda": 0, "S": 0, "parity": "g", "v": 0 }
        },
        "count": 1
      }
    ],
    "rhs": [
      { "state": { "particle": "e", "charge": -1 }, "count": 1 },
      {
        "state": {
          "particle": "H2",
          "charge": 0,
          "descriptor": {
            "type": 1,
            "accuracy": 2,
            "e": "B",
            "Lambda": 0,
            "S": 0,
            "parity": "u",
            "v": 17
          }
        },
        "count": 1
      }
    ],
    "type_tags": ["Electronic", "Vibrational"],
    "reversible": false
  },
  "threshold": 13.4187,
  "data": [
    [13.4187, 0],
    [14, 0.00239862],
    [15, 0.00409782],
    [16, 0.0053414],
    [17, 0.00641309],
    [18, 0.00742753],
    [19, 0.00837614],
    [20, 0.00924007],
    [22, 0.0107461],
    [25, 0.0126662],
    [30, 0.0150586],
    [40, 0.0178521],
    [50, 0.0191274],
    [60, 0.0195822],
    [70, 0.0194791],
    [80, 0.0191266],
    [100, 0.0182707],
    [120, 0.0173406],
    [140, 0.0163874],
    [160, 0.0154306]
  ]
}