{
  "reaction": {
    "lhs": [
      { "state": { "particle": "e", "charge": -1 }, "count": 1 },
      {
        "state": {
          "particle": "H2",
          "charge": 0,
          "descriptor": { "type": 1, "accuracy": 2, "e": "X", "Lambda": 0, "S": 0, "parity": "g", "v": 0 }
        },
        "count": 1
      }
    ],
    "rhs": [
      { "state": { "particle": "e", "charge": -1 }, "count": 1 },
      {
        "state": {
          "particle": "H2",
          "charge": 0,
          "descriptor": {
            "type": 1,
            "accuracy": 2,
            "e": "d",
            "Lambda": 1,
            "S": 1,
            "parity": "u",
            "v": 15
          }
        },
        "count": 1
      }
    ],
    "type_tags": ["Electronic", "Vibrational"],
    "reversible": false
  },
  "threshold": 16.4804,
  "data": [
    [16.4804, 0],
    [17, 0.00000854002],
    [18, 0.000028752],
    [19, 0.0000490052],
    [20, 0.0000582187],
    [22, 0.0000562062],
    [25, 0.0000479938],
    [30, 0.0000330081],
    [40, 0.000020132],
    [50, 0.0000115603],
    [60, 0.00000665238],
    [70, 0.00000527574],
    [80, 0.00000498607],
    [100, 0.00000319648],
    [120, 0.00000147773],
    [140, 0.00000106058],
    [160, 7.42548e-7]
  ]
}