{
  "reaction": {
    "lhs": [
      { "state": { "particle": "e", "charge": -1 }, "count": 1 },
      {
        "state": {
          "particle": "H2",
          "charge": 0,
          "descriptor": { "type": 1, "accuracy": 2, "e": "X", "Lambda": 0, "S": 0, "parity": "g", "v": 0 }
        },
        "count": 1
      }
    ],
    "rhs": [
      { "state": { "particle": "e", "charge": -1 }, "count": 1 },
      {
        "state": {
          "particle": "H2",
          "charge": 0,
          "descriptor": {
            "type": 1,
            "accuracy": 2,
            "e": "H",
            "Lambda": 0,
            "S": 0,
            "parity": "g",
            "v": 69
          }
        },
        "count": 1
      }
    ],
    "type_tags": ["Electronic", "Vibrational"],
    "reversible": false
  },
  "threshold": -31.6885,
  "data": [
    [31.6885, 0],
    [6, 2.62583e-7],
    [8, 3.01248e-7],
    [10, 3.45572e-7],
    [11, 3.69998e-7],
    [12, 3.9601e-7],
    [13, 4.95597e-7],
    [14, 0.00000338071],
    [15, 0.00000737541],
    [16, 0.0000121647],
    [17, 0.0000189339],
    [18, 0.0000232723],
    [19, 0.0000220301],
    [20, 0.0000179919],
    [22, 0.0000112884],
    [25, 0.00000724921],
    [30, 0.0000088332],
    [40, 0.00000945315],
    [50, 0.00000845651],
    [60, 0.00000801913],
    [70, 0.00000783076],
    [80, 0.00000765241],
    [100, 0.00000733411],
    [120, 0.00000682488],
    [140, 0.00000624189],
    [160, 0.00000582316]
  ]
}