{
  "reaction": {
    "lhs": [
      { "state": { "particle": "e", "charge": -1 }, "count": 1 },
      {
        "state": {
          "particle": "H2",
          "charge": 0,
          "descriptor": { "type": 1, "accuracy": 2, "e": "X", "Lambda": 0, "S": 0, "parity": "g", "v": 0 }
        },
        "count": 1
      }
    ],
    "rhs": [
      { "state": { "particle": "e", "charge": -1 }, "count": 1 },
      {
        "state": {
          "particle": "H2",
          "charge": 0,
          "descriptor": { "type": 1, "accuracy": 2, "e": "j", "Lambda": 2, "S": 1, "parity": "g", "v": 9 }
        },
        "count": 1
      }
    ],
    "type_tags": ["Electronic", "Vibrational"],
    "reversible": false
  },
  "threshold": 15.8749,
  "data": [
    [15.8749, 0],
    [16, 0.0000138185],
    [17, 0.000117369],
    [18, 0.00014715],
    [19, 0.000158271],
    [20, 0.000159934],
    [22, 0.000155737],
    [25, 0.000138077],
    [30, 0.000101681],
    [40, 0.0000436194],
    [50, 0.0000242299],
    [60, 0.000020652],
    [70, 0.0000194171],
    [80, 0.0000192002],
    [100, 0.0000124874],
    [120, 0.0000050736],
    [140, 0.00000358867],
    [160, 0.00000245381]
  ]
}