{
  "reaction": {
    "lhs": [
      { "state": { "particle": "e", "charge": -1 }, "count": 1 },
      {
        "state": {
          "particle": "H2",
          "charge": 0,
          "descriptor": { "type": 1, "accuracy": 2, "e": "X", "Lambda": 0, "S": 0, "parity": "g", "v": 0 }
        },
        "count": 1
      }
    ],
    "rhs": [
      { "state": { "particle": "e", "charge": -1 }, "count": 1 },
      {
        "state": {
          "particle": "H2",
          "charge": 0,
          "descriptor": {
            "type": 1,
            "accuracy": 2,
            "e": "GK",
            "Lambda": 0,
            "S": 0,
            "parity": "g",
            "v": 5
          }
        },
        "count": 1
      }
    ],
    "type_tags": ["Electronic", "Vibrational"],
    "reversible": false
  },
  "threshold": 14.3904,
  "data": [
    [14.3904, 0],
    [15, 0.000920388],
    [16, 0.00145034],
    [17, 0.0014559],
    [18, 0.00147559],
    [19, 0.00141242],
    [20, 0.00158409],
    [22, 0.00233328],
    [25, 0.00214312],
    [30, 0.00198848],
    [40, 0.00155711],
    [50, 0.00119509],
    [60, 0.00103399],
    [70, 0.000954249],
    [80, 0.000917696],
    [100, 0.000751304],
    [120, 0.000634013],
    [140, 0.000560003],
    [160, 0.000504794]
  ]
}