{
  "reaction": {
    "lhs": [
      { "state": { "particle": "e", "charge": -1 }, "count": 1 },
      {
        "state": {
          "particle": "H2",
          "charge": 0,
          "descriptor": { "type": 1, "accuracy": 2, "e": "X", "Lambda": 0, "S": 0, "parity": "g", "v": 0 }
        },
        "count": 1
      }
    ],
    "rhs": [
      { "state": { "particle": "e", "charge": -1 }, "count": 1 },
      {
        "state": {
          "particle": "H2",
          "charge": 0,
          "descriptor": {
            "type": 1,
            "accuracy": 2,
            "e": "H",
            "Lambda": 0,
            "S": 0,
            "parity": "g",
            "v": 47
          }
        },
        "count": 1
      }
    ],
    "type_tags": ["Electronic", "Vibrational"],
    "reversible": false
  },
  "threshold": 16.3605,
  "data": [
    [16.3605, 0],
    [17, 0.0000395022],
    [18, 0.00005453],
    [19, 0.0000568454],
    [20, 0.0000515248],
    [22, 0.0000402611],
    [25, 0.0000313426],
    [30, 0.0000307741],
    [40, 0.000034125],
    [50, 0.0000332163],
    [60, 0.0000298858],
    [70, 0.0000266782],
    [80, 0.000025281],
    [100, 0.000023701],
    [120, 0.0000227159],
    [140, 0.0000211628],
    [160, 0.0000198588]
  ]
}