{
  "reaction": {
    "lhs": [
      { "state": { "particle": "e", "charge": -1 }, "count": 1 },
      {
        "state": {
          "particle": "H2",
          "charge": 0,
          "descriptor": { "type": 1, "accuracy": 2, "e": "X", "Lambda": 0, "S": 0, "parity": "g", "v": 0 }
        },
        "count": 1
      }
    ],
    "rhs": [
      { "state": { "particle": "e", "charge": -1 }, "count": 1 },
      {
        "state": {
          "particle": "H2",
          "charge": 0,
          "descriptor": {
            "type": 1,
            "accuracy": 2,
            "e": "H",
            "Lambda": 0,
            "S": 0,
            "parity": "g",
            "v": 33
          }
        },
        "count": 1
      }
    ],
    "type_tags": ["Electronic", "Vibrational"],
    "reversible": false
  },
  "threshold": 15.9875,
  "data": [
    [15.9875, 0],
    [16, 0.0000466826],
    [17, 0.0000821329],
    [18, 0.000104105],
    [19, 0.000105713],
    [20, 0.0000986072],
    [22, 0.0000867234],
    [25, 0.0000760471],
    [30, 0.000070123],
    [40, 0.000077332],
    [50, 0.0000773604],
    [60, 0.0000688552],
    [70, 0.0000599866],
    [80, 0.0000563961],
    [100, 0.00005232],
    [120, 0.000050868],
    [140, 0.0000478498],
    [160, 0.0000449185]
  ]
}