{
  "reaction": {
    "lhs": [
      { "state": { "particle": "e", "charge": -1 }, "count": 1 },
      {
        "state": {
          "particle": "H2",
          "charge": 0,
          "descriptor": { "type": 1, "accuracy": 2, "e": "X", "Lambda": 0, "S": 0, "parity": "g", "v": 0 }
        },
        "count": 1
      }
    ],
    "rhs": [
      { "state": { "particle": "e", "charge": -1 }, "count": 1 },
      {
        "state": {
          "particle": "H2",
          "charge": 0,
          "descriptor": {
            "type": 1,
            "accuracy": 2,
            "e": "EF",
            "Lambda": 0,
            "S": 0,
            "parity": "g",
            "v": 20
          }
        },
        "count": 1
      }
    ],
    "type_tags": ["Electronic", "Vibrational"],
    "reversible": false
  },
  "threshold": 13.9891,
  "data": [
    [13.9891, 0],
    [14, 0.0000311178],
    [15, 0.00233244],
    [16, 0.00159068],
    [17, 0.00143839],
    [18, 0.00161573],
    [19, 0.00171303],
    [20, 0.00156843],
    [22, 0.00147154],
    [25, 0.00138071],
    [30, 0.0012717],
    [40, 0.00126878],
    [50, 0.001253],
    [60, 0.00120077],
    [70, 0.0011203],
    [80, 0.00104801],
    [100, 0.000955659],
    [120, 0.000916077],
    [140, 0.000862737],
    [160, 0.000802619]
  ]
}