{
  "reaction": {
    "lhs": [
      { "state": { "particle": "e", "charge": -1 }, "count": 1 },
      {
        "state": {
          "particle": "H2",
          "charge": 0,
          "descriptor": { "type": 1, "accuracy": 2, "e": "X", "Lambda": 0, "S": 0, "parity": "g", "v": 0 }
        },
        "count": 1
      }
    ],
    "rhs": [
      { "state": { "particle": "e", "charge": -1 }, "count": 1 },
      {
        "state": {
          "particle": "H2",
          "charge": 0,
          "descriptor": { "type": 1, "accuracy": 2, "e": "C", "Lambda": 1, "S": 0, "parity": "u", "v": 8 }
        },
        "count": 1
      }
    ],
    "type_tags": ["Electronic", "Vibrational"],
    "reversible": false
  },
  "threshold": 14.1245,
  "data": [
    [14.1245, 0],
    [15, 0.00189057],
    [16, 0.00331199],
    [17, 0.00448768],
    [18, 0.00551557],
    [19, 0.00646487],
    [20, 0.00735418],
    [22, 0.0089586],
    [25, 0.0110287],
    [30, 0.0137736],
    [40, 0.0174235],
    [50, 0.0191876],
    [60, 0.0200106],
    [70, 0.0203242],
    [80, 0.0203083],
    [100, 0.019719],
    [120, 0.0188058],
    [140, 0.0179011],
    [160, 0.017063]
  ]
}