{
  "reaction": {
    "lhs": [
      { "state": { "particle": "e", "charge": -1 }, "count": 1 },
      {
        "state": {
          "particle": "H2",
          "charge": 0,
          "descriptor": { "type": 1, "accuracy": 2, "e": "X", "Lambda": 0, "S": 0, "parity": "g", "v": 0 }
        },
        "count": 1
      }
    ],
    "rhs": [
      { "state": { "particle": "e", "charge": -1 }, "count": 1 },
      {
        "state": {
          "particle": "H2",
          "charge": 0,
          "descriptor": {
            "type": 1,
            "accuracy": 2,
            "e": "B",
            "Lambda": 0,
            "S": 0,
            "parity": "u",
            "v": 32
          }
        },
        "count": 1
      }
    ],
    "type_tags": ["Electronic", "Vibrational"],
    "reversible": false
  },
  "threshold": 14.563,
  "data": [
    [14.563, 0],
    [15, 0.000055888],
    [16, 0.000134343],
    [17, 0.000206981],
    [18, 0.000270012],
    [19, 0.000321738],
    [20, 0.000365345],
    [22, 0.000439484],
    [25, 0.000531227],
    [30, 0.000625562],
    [40, 0.000752937],
    [50, 0.000810047],
    [60, 0.000833094],
    [70, 0.000834742],
    [80, 0.000825129],
    [100, 0.000792943],
    [120, 0.000751996],
    [140, 0.000709824],
    [160, 0.000668218]
  ]
}