{
  "reaction": {
    "lhs": [
      { "state": { "particle": "e", "charge": -1 }, "count": 1 },
      {
        "state": {
          "particle": "H2",
          "charge": 0,
          "descriptor": { "type": 1, "accuracy": 2, "e": "X", "Lambda": 0, "S": 0, "parity": "g", "v": 0 }
        },
        "count": 1
      }
    ],
    "rhs": [
      { "state": { "particle": "e", "charge": -1 }, "count": 1 },
      {
        "state": {
          "particle": "H2",
          "charge": 0,
          "descriptor": {
            "type": 1,
            "accuracy": 2,
            "e": "EF",
            "Lambda": 0,
            "S": 0,
            "parity": "g",
            "v": 12
          }
        },
        "count": 1
      }
    ],
    "type_tags": ["Electronic", "Vibrational"],
    "reversible": false
  },
  "threshold": 13.325,
  "data": [
    [13.325, 0],
    [14, 0.00764726],
    [15, 0.00698662],
    [16, 0.00533316],
    [17, 0.00572506],
    [18, 0.00635501],
    [19, 0.00640342],
    [20, 0.00586997],
    [22, 0.00565665],
    [25, 0.00549564],
    [30, 0.00536079],
    [40, 0.0053744],
    [50, 0.00526662],
    [60, 0.00504925],
    [70, 0.00476039],
    [80, 0.00449707],
    [100, 0.00409837],
    [120, 0.00382863],
    [140, 0.00356274],
    [160, 0.00328709]
  ]
}