{
  "reaction": {
    "lhs": [
      { "state": { "particle": "e", "charge": -1 }, "count": 1 },
      {
        "state": {
          "particle": "H2",
          "charge": 0,
          "descriptor": { "type": 1, "accuracy": 2, "e": "X", "Lambda": 0, "S": 0, "parity": "g", "v": 0 }
        },
        "count": 1
      }
    ],
    "rhs": [
      { "state": { "particle": "e", "charge": -1 }, "count": 1 },
      {
        "state": {
          "particle": "H2",
          "charge": 0,
          "descriptor": { "type": 1, "accuracy": 2, "e": "e", "Lambda": 0, "S": 1, "parity": "u", "v": 3 }
        },
        "count": 1
      }
    ],
    "type_tags": ["Electronic", "Vibrational"],
    "reversible": false
  },
  "threshold": 13.9437,
  "data": [
    [13.9437, 0],
    [14, 0.00581503],
    [15, 0.0100915],
    [16, 0.0111086],
    [17, 0.0118603],
    [18, 0.0116407],
    [19, 0.0111409],
    [20, 0.0105998],
    [22, 0.00954097],
    [25, 0.00776184],
    [30, 0.0051569],
    [40, 0.00281936],
    [50, 0.00172156],
    [60, 0.00115203],
    [70, 0.000837644],
    [80, 0.000703102],
    [100, 0.000409212],
    [120, 0.000245952],
    [140, 0.000177572],
    [160, 0.000125717]
  ]
}