{
  "reaction": {
    "lhs": [
      { "state": { "particle": "e", "charge": -1 }, "count": 1 },
      {
        "state": {
          "particle": "H2",
          "charge": 0,
          "descriptor": { "type": 1, "accuracy": 2, "e": "X", "Lambda": 0, "S": 0, "parity": "g", "v": 0 }
        },
        "count": 1
      }
    ],
    "rhs": [
      { "state": { "particle": "e", "charge": -1 }, "count": 1 },
      {
        "state": {
          "particle": "H2",
          "charge": 0,
          "descriptor": {
            "type": 1,
            "accuracy": 2,
            "e": "B",
            "Lambda": 0,
            "S": 0,
            "parity": "u",
            "v": 35
          }
        },
        "count": 1
      }
    ],
    "type_tags": ["Electronic", "Vibrational"],
    "reversible": false
  },
  "threshold": 14.6674,
  "data": [
    [14.6674, 0],
    [15, 0.0000148184],
    [16, 0.0000379047],
    [17, 0.0000597041],
    [18, 0.0000787294],
    [19, 0.0000941406],
    [20, 0.000106894],
    [22, 0.000128343],
    [25, 0.000155652],
    [30, 0.000184612],
    [40, 0.000222169],
    [50, 0.000238704],
    [60, 0.000245426],
    [70, 0.00024611],
    [80, 0.00024351],
    [100, 0.000234037],
    [120, 0.000221786],
    [140, 0.000209201],
    [160, 0.000196852]
  ]
}