{
  "reaction": {
    "lhs": [
      { "state": { "particle": "e", "charge": -1 }, "count": 1 },
      {
        "state": {
          "particle": "H2",
          "charge": 0,
          "descriptor": { "type": 1, "accuracy": 2, "e": "X", "Lambda": 0, "S": 0, "parity": "g", "v": 0 }
        },
        "count": 1
      }
    ],
    "rhs": [
      { "state": { "particle": "e", "charge": -1 }, "count": 1 },
      {
        "state": {
          "particle": "H2",
          "charge": 0,
          "descriptor": {
            "type": 1,
            "accuracy": 2,
            "e": "H",
            "Lambda": 0,
            "S": 0,
            "parity": "g",
            "v": 25
          }
        },
        "count": 1
      }
    ],
    "type_tags": ["Electronic", "Vibrational"],
    "reversible": false
  },
  "threshold": 15.8035,
  "data": [
    [15.8035, 0],
    [16, 0.00000284111],
    [17, 0.00000461394],
    [18, 0.00000551298],
    [19, 0.00000547088],
    [20, 0.00000513495],
    [22, 0.00000475713],
    [25, 0.00000438986],
    [30, 0.00000400653],
    [40, 0.00000436228],
    [50, 0.00000438558],
    [60, 0.00000391267],
    [70, 0.0000034193],
    [80, 0.00000322319],
    [100, 0.00000297985],
    [120, 0.00000290733],
    [140, 0.00000274355],
    [160, 0.00000257248]
  ]
}