{
  "reaction": {
    "lhs": [
      { "state": { "particle": "e", "charge": -1 }, "count": 1 },
      {
        "state": {
          "particle": "H2",
          "charge": 0,
          "descriptor": { "type": 1, "accuracy": 2, "e": "X", "Lambda": 0, "S": 0, "parity": "g", "v": 0 }
        },
        "count": 1
      }
    ],
    "rhs": [
      { "state": { "particle": "e", "charge": -1 }, "count": 1 },
      {
        "state": {
          "particle": "H2",
          "charge": 0,
          "descriptor": { "type": 1, "accuracy": 2, "e": "g", "Lambda": 0, "S": 1, "parity": "g", "v": 5 }
        },
        "count": 1
      }
    ],
    "type_tags": ["Electronic", "Vibrational"],
    "reversible": false
  },
  "threshold": 15.1611,
  "data": [
    [15.1611, 0],
    [16, 0.000647021],
    [17, 0.00113638],
    [18, 0.00107278],
    [19, 0.000940135],
    [20, 0.000825685],
    [22, 0.000680994],
    [25, 0.000500588],
    [30, 0.000335875],
    [40, 0.000295338],
    [50, 0.000184668],
    [60, 0.0000661384],
    [70, 0.0000515772],
    [80, 0.0000489237],
    [100, 0.0000276693],
    [120, 0.00000717053],
    [140, 0.00000507457],
    [160, 0.00000345699]
  ]
}