{
  "reaction": {
    "lhs": [
      { "state": { "particle": "e", "charge": -1 }, "count": 1 },
      {
        "state": {
          "particle": "H2",
          "charge": 0,
          "descriptor": { "type": 1, "accuracy": 2, "e": "X", "Lambda": 0, "S": 0, "parity": "g", "v": 0 }
        },
        "count": 1
      }
    ],
    "rhs": [
      { "state": { "particle": "e", "charge": -1 }, "count": 1 },
      {
        "state": {
          "particle": "H2",
          "charge": 0,
          "descriptor": {
            "type": 1,
            "accuracy": 2,
            "e": "d",
            "Lambda": 1,
            "S": 1,
            "parity": "u",
            "v": 17
          }
        },
        "count": 1
      }
    ],
    "type_tags": ["Electronic", "Vibrational"],
    "reversible": false
  },
  "threshold": 16.5428,
  "data": [
    [16.5428, 0],
    [17, 0.00000445003],
    [18, 0.0000110611],
    [19, 0.0000159105],
    [20, 0.0000177945],
    [22, 0.0000172684],
    [25, 0.0000151069],
    [30, 0.000011048],
    [40, 0.00000682426],
    [50, 0.00000393151],
    [60, 0.00000224251],
    [70, 0.00000177107],
    [80, 0.00000167159],
    [100, 0.00000107157],
    [120, 4.97981e-7],
    [140, 3.57417e-7],
    [160, 2.50267e-7]
  ]
}