{
  "reaction": {
    "lhs": [
      { "state": { "particle": "e", "charge": -1 }, "count": 1 },
      {
        "state": {
          "particle": "H2",
          "charge": 0,
          "descriptor": { "type": 1, "accuracy": 2, "e": "X", "Lambda": 0, "S": 0, "parity": "g", "v": 0 }
        },
        "count": 1
      }
    ],
    "rhs": [
      { "state": { "particle": "e", "charge": -1 }, "count": 1 },
      {
        "state": {
          "particle": "H2",
          "charge": 0,
          "descriptor": {
            "type": 1,
            "accuracy": 2,
            "e": "H",
            "Lambda": 0,
            "S": 0,
            "parity": "g",
            "v": 19
          }
        },
        "count": 1
      }
    ],
    "type_tags": ["Electronic", "Vibrational"],
    "reversible": false
  },
  "threshold": 15.6393,
  "data": [
    [15.6393, 0],
    [16, 0.00057691],
    [17, 0.000875596],
    [18, 0.000997373],
    [19, 0.000968983],
    [20, 0.000909079],
    [22, 0.000866616],
    [25, 0.0008245],
    [30, 0.000754189],
    [40, 0.000810975],
    [50, 0.000814928],
    [60, 0.000731124],
    [70, 0.000644471],
    [80, 0.000610601],
    [100, 0.000563592],
    [120, 0.000549981],
    [140, 0.000519604],
    [160, 0.000486546]
  ]
}