{
  "reaction": {
    "lhs": [
      { "state": { "particle": "e", "charge": -1 }, "count": 1 },
      {
        "state": {
          "particle": "H2",
          "charge": 0,
          "descriptor": { "type": 1, "accuracy": 2, "e": "X", "Lambda": 0, "S": 0, "parity": "g", "v": 0 }
        },
        "count": 1
      }
    ],
    "rhs": [
      { "state": { "particle": "e", "charge": -1 }, "count": 1 },
      {
        "state": {
          "particle": "H2",
          "charge": 0,
          "descriptor": {
            "type": 1,
            "accuracy": 2,
            "e": "Bp",
            "Lambda": 0,
            "S": 0,
            "parity": "u",
            "v": 1
          }
        },
        "count": 1
      }
    ],
    "type_tags": ["Electronic", "Vibrational"],
    "reversible": false
  },
  "threshold": 13.9298,
  "data": [
    [13.9298, 0],
    [14, 0.00171513],
    [15, 0.00506581],
    [16, 0.00730764],
    [17, 0.00864658],
    [18, 0.00974608],
    [19, 0.010907],
    [20, 0.0120993],
    [22, 0.0142811],
    [25, 0.0167404],
    [30, 0.0194035],
    [40, 0.0223266],
    [50, 0.0234565],
    [60, 0.0238804],
    [70, 0.0239482],
    [80, 0.0237773],
    [100, 0.0228029],
    [120, 0.021242],
    [140, 0.0197571],
    [160, 0.0184862]
  ]
}