{
  "reaction": {
    "lhs": [
      { "state": { "particle": "e", "charge": -1 }, "count": 1 },
      {
        "state": {
          "particle": "H2",
          "charge": 0,
          "descriptor": { "type": 1, "accuracy": 2, "e": "X", "Lambda": 0, "S": 0, "parity": "g", "v": 0 }
        },
        "count": 1
      }
    ],
    "rhs": [
      { "state": { "particle": "e", "charge": -1 }, "count": 1 },
      {
        "state": {
          "particle": "H2",
          "charge": 0,
          "descriptor": { "type": 1, "accuracy": 2, "e": "h", "Lambda": 0, "S": 1, "parity": "g", "v": 0 }
        },
        "count": 1
      }
    ],
    "type_tags": ["Electronic", "Vibrational"],
    "reversible": false
  },
  "threshold": 13.8433,
  "data": [
    [13.8433, 0],
    [14, 0.00697404],
    [15, 0.00743986],
    [16, 0.00733842],
    [17, 0.00701363],
    [18, 0.0063996],
    [19, 0.00562985],
    [20, 0.00497286],
    [22, 0.00403057],
    [25, 0.00288814],
    [30, 0.00155295],
    [40, 0.000746619],
    [50, 0.000396297],
    [60, 0.000250862],
    [70, 0.00018661],
    [80, 0.000171649],
    [100, 0.000127711],
    [120, 0.0000899095],
    [140, 0.0000679706],
    [160, 0.0000518268]
  ]
}