{
  "reaction": {
    "lhs": [
      { "state": { "particle": "e", "charge": -1 }, "count": 1 },
      {
        "state": {
          "particle": "H2",
          "charge": 0,
          "descriptor": { "type": 1, "accuracy": 2, "e": "X", "Lambda": 0, "S": 0, "parity": "g", "v": 0 }
        },
        "count": 1
      }
    ],
    "rhs": [
      { "state": { "particle": "e", "charge": -1 }, "count": 1 },
      {
        "state": {
          "particle": "H2",
          "charge": 0,
          "descriptor": {
            "type": 1,
            "accuracy": 2,
            "e": "EF",
            "Lambda": 0,
            "S": 0,
            "parity": "g",
            "v": 22
          }
        },
        "count": 1
      }
    ],
    "type_tags": ["Electronic", "Vibrational"],
    "reversible": false
  },
  "threshold": 14.1364,
  "data": [
    [14.1364, 0],
    [15, 0.00167421],
    [16, 0.00116522],
    [17, 0.00098035],
    [18, 0.00108067],
    [19, 0.00113177],
    [20, 0.00106227],
    [22, 0.00102054],
    [25, 0.000954422],
    [30, 0.000863475],
    [40, 0.000861601],
    [50, 0.00085296],
    [60, 0.000818313],
    [70, 0.000764488],
    [80, 0.000716337],
    [100, 0.00065381],
    [120, 0.00062485],
    [140, 0.000587751],
    [160, 0.000546417]
  ]
}