{
  "reaction": {
    "lhs": [
      { "state": { "particle": "e", "charge": -1 }, "count": 1 },
      {
        "state": {
          "particle": "H2",
          "charge": 0,
          "descriptor": { "type": 1, "accuracy": 2, "e": "X", "Lambda": 0, "S": 0, "parity": "g", "v": 0 }
        },
        "count": 1
      }
    ],
    "rhs": [
      { "state": { "particle": "e", "charge": -1 }, "count": 1 },
      {
        "state": {
          "particle": "H2",
          "charge": 0,
          "descriptor": { "type": 1, "accuracy": 2, "e": "c", "Lambda": 1, "S": 1, "parity": "u", "v": 5 }
        },
        "count": 1
      }
    ],
    "type_tags": ["Electronic", "Vibrational"],
    "reversible": false
  },
  "threshold": 13.075,
  "data": [
    [13.075, 0],
    [14, 0.021817],
    [15, 0.029099],
    [16, 0.0290137],
    [17, 0.0285664],
    [18, 0.0275952],
    [19, 0.0263187],
    [20, 0.0250208],
    [22, 0.0224767],
    [25, 0.0184675],
    [30, 0.0125575],
    [40, 0.00588588],
    [50, 0.00311466],
    [60, 0.00205326],
    [70, 0.00157344],
    [80, 0.00146352],
    [100, 0.000894401],
    [120, 0.000396936],
    [140, 0.000285569],
    [160, 0.000200446]
  ]
}