{
  "reaction": {
    "lhs": [
      { "state": { "particle": "e", "charge": -1 }, "count": 1 },
      {
        "state": {
          "particle": "H2",
          "charge": 0,
          "descriptor": { "type": 1, "accuracy": 2, "e": "X", "Lambda": 0, "S": 0, "parity": "g", "v": 0 }
        },
        "count": 1
      }
    ],
    "rhs": [
      { "state": { "particle": "e", "charge": -1 }, "count": 1 },
      {
        "state": {
          "particle": "H2",
          "charge": 0,
          "descriptor": {
            "type": 1,
            "accuracy": 2,
            "e": "J",
            "Lambda": 2,
            "S": 0,
            "parity": "g",
            "v": 16
          }
        },
        "count": 1
      }
    ],
    "type_tags": ["Electronic", "Vibrational"],
    "reversible": false
  },
  "threshold": 16.5057,
  "data": [
    [16.5057, 0],
    [17, 0.000005244],
    [18, 0.00000966509],
    [19, 0.00000971046],
    [20, 0.00000973169],
    [22, 0.00000853645],
    [25, 0.00000970186],
    [30, 0.00000975224],
    [40, 0.00000870149],
    [50, 0.00000789836],
    [60, 0.00000669782],
    [70, 0.00000559577],
    [80, 0.00000518658],
    [100, 0.00000416339],
    [120, 0.00000345092],
    [140, 0.00000293807],
    [160, 0.00000259053]
  ]
}