{
  "reaction": {
    "lhs": [
      { "state": { "particle": "e", "charge": -1 }, "count": 1 },
      {
        "state": {
          "particle": "H2",
          "charge": 0,
          "descriptor": { "type": 1, "accuracy": 2, "e": "X", "Lambda": 0, "S": 0, "parity": "g", "v": 0 }
        },
        "count": 1
      }
    ],
    "rhs": [
      { "state": { "particle": "e", "charge": -1 }, "count": 1 },
      {
        "state": {
          "particle": "H2",
          "charge": 0,
          "descriptor": {
            "type": 1,
            "accuracy": 2,
            "e": "H",
            "Lambda": 0,
            "S": 0,
            "parity": "g",
            "v": 27
          }
        },
        "count": 1
      }
    ],
    "type_tags": ["Electronic", "Vibrational"],
    "reversible": false
  },
  "threshold": 15.8379,
  "data": [
    [15.8379, 0],
    [16, 0.0000309554],
    [17, 0.000051478],
    [18, 0.000062499],
    [19, 0.0000624275],
    [20, 0.0000585034],
    [22, 0.0000534503],
    [25, 0.0000486532],
    [30, 0.0000444675],
    [40, 0.0000486321],
    [50, 0.0000488547],
    [60, 0.0000435167],
    [70, 0.0000379588],
    [80, 0.0000357376],
    [100, 0.0000330681],
    [120, 0.0000322428],
    [140, 0.000030404],
    [160, 0.0000285209]
  ]
}