{
  "reaction": {
    "lhs": [
      { "state": { "particle": "e", "charge": -1 }, "count": 1 },
      {
        "state": {
          "particle": "H2",
          "charge": 0,
          "descriptor": { "type": 1, "accuracy": 2, "e": "X", "Lambda": 0, "S": 0, "parity": "g", "v": 0 }
        },
        "count": 1
      }
    ],
    "rhs": [
      { "state": { "particle": "e", "charge": -1 }, "count": 1 },
      {
        "state": {
          "particle": "H2",
          "charge": 0,
          "descriptor": {
            "type": 1,
            "accuracy": 2,
            "e": "D",
            "Lambda": 1,
            "S": 0,
            "parity": "u",
            "v": 15
          }
        },
        "count": 1
      }
    ],
    "type_tags": ["Electronic", "Vibrational"],
    "reversible": false
  },
  "threshold": 16.5215,
  "data": [
    [16.5215, 0],
    [17, 0.0000128935],
    [18, 0.0000320371],
    [19, 0.0000496725],
    [20, 0.0000626213],
    [22, 0.0000794531],
    [25, 0.000107591],
    [30, 0.000152631],
    [40, 0.000219202],
    [50, 0.000257643],
    [60, 0.000280475],
    [70, 0.000292162],
    [80, 0.000296248],
    [100, 0.000293885],
    [120, 0.00028424],
    [140, 0.000273571],
    [160, 0.000263201]
  ]
}