{
  "reaction": {
    "lhs": [
      { "state": { "particle": "e", "charge": -1 }, "count": 1 },
      {
        "state": {
          "particle": "H2",
          "charge": 0,
          "descriptor": { "type": 1, "accuracy": 2, "e": "X", "Lambda": 0, "S": 0, "parity": "g", "v": 0 }
        },
        "count": 1
      }
    ],
    "rhs": [
      { "state": { "particle": "e", "charge": -1 }, "count": 1 },
      {
        "state": {
          "particle": "H2",
          "charge": 0,
          "descriptor": { "type": 1, "accuracy": 2, "e": "B", "Lambda": 0, "S": 0, "parity": "u", "v": 8 }
        },
        "count": 1
      }
    ],
    "type_tags": ["Electronic", "Vibrational"],
    "reversible": false
  },
  "threshold": 12.3737,
  "data": [
    [12.3737, 0],
    [13, 0.0117457],
    [14, 0.0225094],
    [15, 0.0302462],
    [16, 0.0360472],
    [17, 0.0412236],
    [18, 0.0463543],
    [19, 0.0514284],
    [20, 0.0562022],
    [22, 0.0643743],
    [25, 0.0737975],
    [30, 0.0846188],
    [40, 0.0963743],
    [50, 0.100485],
    [60, 0.101383],
    [70, 0.100349],
    [80, 0.0982923],
    [100, 0.0931242],
    [120, 0.0874203],
    [140, 0.081828],
    [160, 0.0764909]
  ]
}