{
  "reaction": {
    "lhs": [
      { "state": { "particle": "e", "charge": -1 }, "count": 1 },
      {
        "state": {
          "particle": "H2",
          "charge": 0,
          "descriptor": { "type": 1, "accuracy": 2, "e": "X", "Lambda": 0, "S": 0, "parity": "g", "v": 0 }
        },
        "count": 1
      }
    ],
    "rhs": [
      { "state": { "particle": "e", "charge": -1 }, "count": 1 },
      {
        "state": {
          "particle": "H2",
          "charge": 0,
          "descriptor": {
            "type": 1,
            "accuracy": 2,
            "e": "a",
            "Lambda": 0,
            "S": 1,
            "parity": "g",
            "v": 14
          }
        },
        "count": 1
      }
    ],
    "type_tags": ["Electronic", "Vibrational"],
    "reversible": false
  },
  "threshold": 14.6218,
  "data": [
    [14.6218, 0],
    [15, 0.000447703],
    [16, 0.000305636],
    [17, 0.000132899],
    [18, 0.0000913836],
    [19, 0.000077014],
    [20, 0.0000710346],
    [22, 0.0000584038],
    [25, 0.0000488908],
    [30, 0.0000396661],
    [40, 0.0000136615],
    [50, 0.00000699087],
    [60, 0.00000544534],
    [70, 0.00000420374],
    [80, 0.00000360832],
    [100, 0.00000272233],
    [120, 0.00000223653],
    [140, 0.00000182262],
    [160, 0.00000149197]
  ]
}