{
  "reaction": {
    "lhs": [
      { "state": { "particle": "e", "charge": -1 }, "count": 1 },
      {
        "state": {
          "particle": "H2",
          "charge": 0,
          "descriptor": { "type": 1, "accuracy": 2, "e": "X", "Lambda": 0, "S": 0, "parity": "g", "v": 0 }
        },
        "count": 1
      }
    ],
    "rhs": [
      { "state": { "particle": "e", "charge": -1 }, "count": 1 },
      {
        "state": {
          "particle": "H2",
          "charge": 0,
          "descriptor": {
            "type": 1,
            "accuracy": 2,
            "e": "EF",
            "Lambda": 0,
            "S": 0,
            "parity": "g",
            "v": 10
          }
        },
        "count": 1
      }
    ],
    "type_tags": ["Electronic", "Vibrational"],
    "reversible": false
  },
  "threshold": 13.1444,
  "data": [
    [13.1444, 0],
    [14, 0.010507],
    [15, 0.00916623],
    [16, 0.00752856],
    [17, 0.00816336],
    [18, 0.00895259],
    [19, 0.00886855],
    [20, 0.00819722],
    [22, 0.00797785],
    [25, 0.00786276],
    [30, 0.00775382],
    [40, 0.00775808],
    [50, 0.00759627],
    [60, 0.00728294],
    [70, 0.00688675],
    [80, 0.00653301],
    [100, 0.00595488],
    [120, 0.00551063],
    [140, 0.00510516],
    [160, 0.00469576]
  ]
}