{
  "reaction": {
    "lhs": [
      { "state": { "particle": "e", "charge": -1 }, "count": 1 },
      {
        "state": {
          "particle": "H2",
          "charge": 0,
          "descriptor": { "type": 1, "accuracy": 2, "e": "X", "Lambda": 0, "S": 0, "parity": "g", "v": 0 }
        },
        "count": 1
      }
    ],
    "rhs": [
      { "state": { "particle": "e", "charge": -1 }, "count": 1 },
      {
        "state": {
          "particle": "H2",
          "charge": 0,
          "descriptor": {
            "type": 1,
            "accuracy": 2,
            "e": "c",
            "Lambda": 1,
            "S": 1,
            "parity": "u",
            "v": 18
          }
        },
        "count": 1
      }
    ],
    "type_tags": ["Electronic", "Vibrational"],
    "reversible": false
  },
  "threshold": 14.6739,
  "data": [
    [14.6739, 0],
    [15, 0.0000423347],
    [16, 0.0000737021],
    [17, 0.0000787849],
    [18, 0.0000790865],
    [19, 0.0000779879],
    [20, 0.0000772092],
    [22, 0.00007571],
    [25, 0.0000691837],
    [30, 0.0000522535],
    [40, 0.00000506442],
    [50, 0.00000209111],
    [60, 0.00000161125],
    [70, 0.00000140637],
    [80, 0.00000119299],
    [100, 7.12613e-7],
    [120, 3.78448e-7],
    [140, 2.72098e-7],
    [160, 1.91182e-7]
  ]
}