{
  "reaction": {
    "lhs": [
      { "state": { "particle": "e", "charge": -1 }, "count": 1 },
      {
        "state": {
          "particle": "H2",
          "charge": 0,
          "descriptor": { "type": 1, "accuracy": 2, "e": "X", "Lambda": 0, "S": 0, "parity": "g", "v": 0 }
        },
        "count": 1
      }
    ],
    "rhs": [
      { "state": { "particle": "e", "charge": -1 }, "count": 1 },
      {
        "state": {
          "particle": "H2",
          "charge": 0,
          "descriptor": {
            "type": 1,
            "accuracy": 2,
            "e": "j",
            "Lambda": 2,
            "S": 1,
            "parity": "g",
            "v": 13
          }
        },
        "count": 1
      }
    ],
    "type_tags": ["Electronic", "Vibrational"],
    "reversible": false
  },
  "threshold": 16.3605,
  "data": [
    [16.3605, 0],
    [17, 0.00000668605],
    [18, 0.0000221708],
    [19, 0.0000385576],
    [20, 0.0000461702],
    [22, 0.0000434476],
    [25, 0.0000324621],
    [30, 0.0000133928],
    [40, 0.0000032799],
    [50, 0.00000277006],
    [60, 0.00000268974],
    [70, 0.00000239675],
    [80, 0.00000195281],
    [100, 0.000001281],
    [120, 8.04874e-7],
    [140, 5.72786e-7],
    [160, 3.98384e-7]
  ]
}