{
  "reaction": {
    "lhs": [
      { "state": { "particle": "e", "charge": -1 }, "count": 1 },
      {
        "state": {
          "particle": "H2",
          "charge": 0,
          "descriptor": { "type": 1, "accuracy": 2, "e": "X", "Lambda": 0, "S": 0, "parity": "g", "v": 0 }
        },
        "count": 1
      }
    ],
    "rhs": [
      { "state": { "particle": "e", "charge": -1 }, "count": 1 },
      {
        "state": {
          "particle": "H2",
          "charge": 0,
          "descriptor": {
            "type": 1,
            "accuracy": 2,
            "e": "H",
            "Lambda": 0,
            "S": 0,
            "parity": "g",
            "v": 61
          }
        },
        "count": 1
      }
    ],
    "type_tags": ["Electronic", "Vibrational"],
    "reversible": false
  },
  "threshold": 16.5656,
  "data": [
    [16.5656, 0],
    [17, 0.0000206058],
    [18, 0.000029184],
    [19, 0.0000300513],
    [20, 0.00002615],
    [22, 0.0000179269],
    [25, 0.0000122703],
    [30, 0.000013567],
    [40, 0.0000147774],
    [50, 0.0000137016],
    [60, 0.0000127004],
    [70, 0.0000119494],
    [80, 0.0000115349],
    [100, 0.0000109646],
    [120, 0.0000103123],
    [140, 0.00000949424],
    [160, 0.00000888045]
  ]
}