{
  "reaction": {
    "lhs": [
      { "state": { "particle": "e", "charge": -1 }, "count": 1 },
      {
        "state": {
          "particle": "H2",
          "charge": 0,
          "descriptor": { "type": 1, "accuracy": 2, "e": "X", "Lambda": 0, "S": 0, "parity": "g", "v": 0 }
        },
        "count": 1
      }
    ],
    "rhs": [
      { "state": { "particle": "e", "charge": -1 }, "count": 1 },
      {
        "state": {
          "particle": "H2",
          "charge": 0,
          "descriptor": { "type": 1, "accuracy": 2, "e": "d", "Lambda": 1, "S": 1, "parity": "u", "v": 8 }
        },
        "count": 1
      }
    ],
    "type_tags": ["Electronic", "Vibrational"],
    "reversible": false
  },
  "threshold": 15.6674,
  "data": [
    [15.6674, 0],
    [16, 0.000572981],
    [17, 0.00193357],
    [18, 0.00188957],
    [19, 0.00179257],
    [20, 0.00169508],
    [22, 0.00152581],
    [25, 0.00125887],
    [30, 0.000885222],
    [40, 0.00059083],
    [50, 0.000361112],
    [60, 0.000215016],
    [70, 0.000174134],
    [80, 0.000165318],
    [100, 0.000104929],
    [120, 0.0000468386],
    [140, 0.0000336086],
    [160, 0.0000235092]
  ]
}