{
  "reaction": {
    "lhs": [
      { "state": { "particle": "e", "charge": -1 }, "count": 1 },
      {
        "state": {
          "particle": "H2",
          "charge": 0,
          "descriptor": { "type": 1, "accuracy": 2, "e": "X", "Lambda": 0, "S": 0, "parity": "g", "v": 0 }
        },
        "count": 1
      }
    ],
    "rhs": [
      { "state": { "particle": "e", "charge": -1 }, "count": 1 },
      {
        "state": {
          "particle": "H2",
          "charge": 0,
          "descriptor": {
            "type": 1,
            "accuracy": 2,
            "e": "j",
            "Lambda": 2,
            "S": 1,
            "parity": "g",
            "v": 12
          }
        },
        "count": 1
      }
    ],
    "type_tags": ["Electronic", "Vibrational"],
    "reversible": false
  },
  "threshold": 16.2623,
  "data": [
    [16.2623, 0],
    [17, 0.0000103437],
    [18, 0.0000274821],
    [19, 0.0000446207],
    [20, 0.0000524111],
    [22, 0.0000497284],
    [25, 0.0000388341],
    [30, 0.0000193688],
    [40, 0.0000053046],
    [50, 0.00000399711],
    [60, 0.0000037737],
    [70, 0.00000341706],
    [80, 0.00000289993],
    [100, 0.00000185669],
    [120, 0.00000108131],
    [140, 7.67855e-7],
    [160, 5.31094e-7]
  ]
}