{
  "reaction": {
    "lhs": [
      { "state": { "particle": "e", "charge": -1 }, "count": 1 },
      {
        "state": {
          "particle": "H2",
          "charge": 0,
          "descriptor": { "type": 1, "accuracy": 2, "e": "X", "Lambda": 0, "S": 0, "parity": "g", "v": 0 }
        },
        "count": 1
      }
    ],
    "rhs": [
      { "state": { "particle": "e", "charge": -1 }, "count": 1 },
      {
        "state": {
          "particle": "H2",
          "charge": 0,
          "descriptor": {
            "type": 1,
            "accuracy": 2,
            "e": "H",
            "Lambda": 0,
            "S": 0,
            "parity": "g",
            "v": 31
          }
        },
        "count": 1
      }
    ],
    "type_tags": ["Electronic", "Vibrational"],
    "reversible": false
  },
  "threshold": 15.9363,
  "data": [
    [15.9363, 0],
    [16, 0.000047544],
    [17, 0.000082098],
    [18, 0.000102526],
    [19, 0.000103555],
    [20, 0.0000967995],
    [22, 0.0000863678],
    [25, 0.0000768],
    [30, 0.0000705227],
    [40, 0.0000775646],
    [50, 0.0000777559],
    [60, 0.0000691718],
    [70, 0.0000602637],
    [80, 0.0000566712],
    [100, 0.0000525213],
    [120, 0.0000511273],
    [140, 0.0000481411],
    [160, 0.0000451833]
  ]
}