{
  "reaction": {
    "lhs": [
      { "state": { "particle": "e", "charge": -1 }, "count": 1 },
      {
        "state": {
          "particle": "H2",
          "charge": 0,
          "descriptor": { "type": 1, "accuracy": 2, "e": "X", "Lambda": 0, "S": 0, "parity": "g", "v": 0 }
        },
        "count": 1
      }
    ],
    "rhs": [
      { "state": { "particle": "e", "charge": -1 }, "count": 1 },
      {
        "state": {
          "particle": "H2",
          "charge": 0,
          "descriptor": {
            "type": 1,
            "accuracy": 2,
            "e": "B",
            "Lambda": 0,
            "S": 0,
            "parity": "u",
            "v": 18
          }
        },
        "count": 1
      }
    ],
    "type_tags": ["Electronic", "Vibrational"],
    "reversible": false
  },
  "threshold": 13.5175,
  "data": [
    [13.5175, 0],
    [14, 0.00181928],
    [15, 0.00317254],
    [16, 0.00417838],
    [17, 0.0050541],
    [18, 0.0058792],
    [19, 0.00664226],
    [20, 0.00733294],
    [22, 0.00853689],
    [25, 0.010083],
    [30, 0.0120553],
    [40, 0.0143357],
    [50, 0.0153859],
    [60, 0.0157676],
    [70, 0.0156938],
    [80, 0.0154114],
    [100, 0.014735],
    [120, 0.0139928],
    [140, 0.0132298],
    [160, 0.0124622]
  ]
}