{
  "reaction": {
    "lhs": [
      { "state": { "particle": "e", "charge": -1 }, "count": 1 },
      {
        "state": {
          "particle": "H2",
          "charge": 0,
          "descriptor": { "type": 1, "accuracy": 2, "e": "X", "Lambda": 0, "S": 0, "parity": "g", "v": 0 }
        },
        "count": 1
      }
    ],
    "rhs": [
      { "state": { "particle": "e", "charge": -1 }, "count": 1 },
      {
        "state": {
          "particle": "H2",
          "charge": 0,
          "descriptor": { "type": 1, "accuracy": 2, "e": "J", "Lambda": 2, "S": 0, "parity": "g", "v": 5 }
        },
        "count": 1
      }
    ],
    "type_tags": ["Electronic", "Vibrational"],
    "reversible": false
  },
  "threshold": 15.1587,
  "data": [
    [15.1587, 0],
    [16, 0.000945082],
    [17, 0.000823202],
    [18, 0.000863318],
    [19, 0.000795987],
    [20, 0.000770586],
    [22, 0.000766314],
    [25, 0.000835052],
    [30, 0.00103304],
    [40, 0.000871241],
    [50, 0.00084429],
    [60, 0.000748208],
    [70, 0.000606265],
    [80, 0.000515263],
    [100, 0.000419256],
    [120, 0.000346817],
    [140, 0.00030074],
    [160, 0.000265917]
  ]
}