{
  "reaction": {
    "lhs": [
      { "state": { "particle": "e", "charge": -1 }, "count": 1 },
      {
        "state": {
          "particle": "H2",
          "charge": 0,
          "descriptor": { "type": 1, "accuracy": 2, "e": "X", "Lambda": 0, "S": 0, "parity": "g", "v": 0 }
        },
        "count": 1
      }
    ],
    "rhs": [
      { "state": { "particle": "e", "charge": -1 }, "count": 1 },
      {
        "state": {
          "particle": "H2",
          "charge": 0,
          "descriptor": { "type": 1, "accuracy": 2, "e": "J", "Lambda": 2, "S": 0, "parity": "g", "v": 4 }
        },
        "count": 1
      }
    ],
    "type_tags": ["Electronic", "Vibrational"],
    "reversible": false
  },
  "threshold": 14.9438,
  "data": [
    [14.9438, 0],
    [15, 0.000555307],
    [16, 0.00141973],
    [17, 0.00120294],
    [18, 0.00124413],
    [19, 0.00117751],
    [20, 0.0011556],
    [22, 0.00115977],
    [25, 0.00127011],
    [30, 0.00153083],
    [40, 0.00128092],
    [50, 0.00119299],
    [60, 0.00104935],
    [70, 0.000877205],
    [80, 0.000745942],
    [100, 0.000609323],
    [120, 0.000506342],
    [140, 0.000438802],
    [160, 0.00038743]
  ]
}