{
  "reaction": {
    "lhs": [
      { "state": { "particle": "e", "charge": -1 }, "count": 1 },
      {
        "state": {
          "particle": "H2",
          "charge": 0,
          "descriptor": { "type": 1, "accuracy": 2, "e": "X", "Lambda": 0, "S": 0, "parity": "g", "v": 0 }
        },
        "count": 1
      }
    ],
    "rhs": [
      { "state": { "particle": "e", "charge": -1 }, "count": 1 },
      {
        "state": {
          "particle": "H2",
          "charge": 0,
          "descriptor": { "type": 1, "accuracy": 2, "e": "g", "Lambda": 0, "S": 1, "parity": "g", "v": 1 }
        },
        "count": 1
      }
    ],
    "type_tags": ["Electronic", "Vibrational"],
    "reversible": false
  },
  "threshold": 14.1777,
  "data": [
    [14.1777, 0],
    [15, 0.00251975],
    [16, 0.00241569],
    [17, 0.002213],
    [18, 0.0019717],
    [19, 0.00170114],
    [20, 0.00148947],
    [22, 0.00124176],
    [25, 0.0010345],
    [30, 0.000844694],
    [40, 0.000554233],
    [50, 0.000389713],
    [60, 0.000280122],
    [70, 0.000195147],
    [80, 0.000138636],
    [100, 0.0000725223],
    [120, 0.0000458418],
    [140, 0.0000325325],
    [160, 0.0000224289]
  ]
}