{
  "reaction": {
    "lhs": [
      { "state": { "particle": "e", "charge": -1 }, "count": 1 },
      {
        "state": {
          "particle": "H2",
          "charge": 0,
          "descriptor": { "type": 1, "accuracy": 2, "e": "X", "Lambda": 0, "S": 0, "parity": "g", "v": 0 }
        },
        "count": 1
      }
    ],
    "rhs": [
      { "state": { "particle": "e", "charge": -1 }, "count": 1 },
      {
        "state": {
          "particle": "H2",
          "charge": 0,
          "descriptor": {
            "type": 1,
            "accuracy": 2,
            "e": "H",
            "Lambda": 0,
            "S": 0,
            "parity": "g",
            "v": 37
          }
        },
        "count": 1
      }
    ],
    "type_tags": ["Electronic", "Vibrational"],
    "reversible": false
  },
  "threshold": 16.092,
  "data": [
    [16.092, 0],
    [17, 0.0000666445],
    [18, 0.0000869089],
    [19, 0.0000892755],
    [20, 0.0000826633],
    [22, 0.0000705082],
    [25, 0.0000599114],
    [30, 0.0000558585],
    [40, 0.0000618551],
    [50, 0.0000615453],
    [60, 0.0000548121],
    [70, 0.0000479164],
    [80, 0.0000450825],
    [100, 0.0000419275],
    [120, 0.0000406352],
    [140, 0.000038136],
    [160, 0.0000358084]
  ]
}