{
  "reaction": {
    "lhs": [
      { "state": { "particle": "e", "charge": -1 }, "count": 1 },
      {
        "state": {
          "particle": "H2",
          "charge": 0,
          "descriptor": { "type": 1, "accuracy": 2, "e": "X", "Lambda": 0, "S": 0, "parity": "g", "v": 0 }
        },
        "count": 1
      }
    ],
    "rhs": [
      { "state": { "particle": "e", "charge": -1 }, "count": 1 },
      {
        "state": {
          "particle": "H2",
          "charge": 0,
          "descriptor": {
            "type": 1,
            "accuracy": 2,
            "e": "a",
            "Lambda": 0,
            "S": 1,
            "parity": "g",
            "v": 11
          }
        },
        "count": 1
      }
    ],
    "type_tags": ["Electronic", "Vibrational"],
    "reversible": false
  },
  "threshold": 14.3373,
  "data": [
    [14.3373, 0],
    [15, 0.000499079],
    [16, 0.000720416],
    [17, 0.00075356],
    [18, 0.000670038],
    [19, 0.000502703],
    [20, 0.000376402],
    [22, 0.000275236],
    [25, 0.000201508],
    [30, 0.000159339],
    [40, 0.0000788657],
    [50, 0.0000425623],
    [60, 0.0000272217],
    [70, 0.0000210463],
    [80, 0.0000196605],
    [100, 0.0000155205],
    [120, 0.0000117218],
    [140, 0.0000094049],
    [160, 0.00000759386]
  ]
}