{
  "reaction": {
    "lhs": [
      { "state": { "particle": "e", "charge": -1 }, "count": 1 },
      {
        "state": {
          "particle": "H2",
          "charge": 0,
          "descriptor": { "type": 1, "accuracy": 2, "e": "X", "Lambda": 0, "S": 0, "parity": "g", "v": 0 }
        },
        "count": 1
      }
    ],
    "rhs": [
      { "state": { "particle": "e", "charge": -1 }, "count": 1 },
      {
        "state": {
          "particle": "H2",
          "charge": 0,
          "descriptor": {
            "type": 1,
            "accuracy": 2,
            "e": "H",
            "Lambda": 0,
            "S": 0,
            "parity": "g",
            "v": 68
          }
        },
        "count": 1
      }
    ],
    "type_tags": ["Electronic", "Vibrational"],
    "reversible": false
  },
  "threshold": -31.6885,
  "data": [
    [31.6885, 0],
    [6, 2.598e-7],
    [8, 2.98056e-7],
    [10, 3.4191e-7],
    [11, 3.66078e-7],
    [12, 3.91814e-7],
    [13, 4.93006e-7],
    [14, 0.00000346606],
    [15, 0.0000076201],
    [16, 0.0000126585],
    [17, 0.0000197419],
    [18, 0.0000242963],
    [19, 0.0000230539],
    [20, 0.0000189006],
    [22, 0.0000119659],
    [25, 0.00000775496],
    [30, 0.00000934267],
    [40, 0.0000100222],
    [50, 0.00000900614],
    [60, 0.00000851531],
    [70, 0.0000082766],
    [80, 0.00000807559],
    [100, 0.00000773182],
    [120, 0.00000720427],
    [140, 0.00000659422],
    [160, 0.00000615398]
  ]
}