{
  "reaction": {
    "lhs": [
      { "state": { "particle": "e", "charge": -1 }, "count": 1 },
      {
        "state": {
          "particle": "H2",
          "charge": 0,
          "descriptor": { "type": 1, "accuracy": 2, "e": "X", "Lambda": 0, "S": 0, "parity": "g", "v": 0 }
        },
        "count": 1
      }
    ],
    "rhs": [
      { "state": { "particle": "e", "charge": -1 }, "count": 1 },
      {
        "state": {
          "particle": "H2",
          "charge": 0,
          "descriptor": {
            "type": 1,
            "accuracy": 2,
            "e": "c",
            "Lambda": 1,
            "S": 1,
            "parity": "u",
            "v": 15
          }
        },
        "count": 1
      }
    ],
    "type_tags": ["Electronic", "Vibrational"],
    "reversible": false
  },
  "threshold": 14.5776,
  "data": [
    [14.5776, 0],
    [15, 0.000268362],
    [16, 0.000467402],
    [17, 0.000513369],
    [18, 0.000525173],
    [19, 0.000488202],
    [20, 0.000458035],
    [22, 0.000437321],
    [25, 0.000392951],
    [30, 0.000297348],
    [40, 0.0000491091],
    [50, 0.0000207057],
    [60, 0.0000156515],
    [70, 0.0000133134],
    [80, 0.0000116621],
    [100, 0.00000693625],
    [120, 0.00000363372],
    [140, 0.00000261262],
    [160, 0.00000183526]
  ]
}