{
  "reaction": {
    "lhs": [
      { "state": { "particle": "e", "charge": -1 }, "count": 1 },
      {
        "state": {
          "particle": "H2",
          "charge": 0,
          "descriptor": { "type": 1, "accuracy": 2, "e": "X", "Lambda": 0, "S": 0, "parity": "g", "v": 0 }
        },
        "count": 1
      }
    ],
    "rhs": [
      { "state": { "particle": "e", "charge": -1 }, "count": 1 },
      {
        "state": {
          "particle": "H2",
          "charge": 0,
          "descriptor": {
            "type": 1,
            "accuracy": 2,
            "e": "H",
            "Lambda": 0,
            "S": 0,
            "parity": "g",
            "v": 54
          }
        },
        "count": 1
      }
    ],
    "type_tags": ["Electronic", "Vibrational"],
    "reversible": false
  },
  "threshold": 16.5049,
  "data": [
    [16.5049, 0],
    [17, 0.0000279585],
    [18, 0.0000394223],
    [19, 0.0000411199],
    [20, 0.000036555],
    [22, 0.0000268044],
    [25, 0.0000195436],
    [30, 0.0000202257],
    [40, 0.0000222842],
    [50, 0.0000212189],
    [60, 0.0000193414],
    [70, 0.00001768],
    [80, 0.0000168965],
    [100, 0.000015947],
    [120, 0.000015143],
    [140, 0.0000140255],
    [160, 0.0000131437]
  ]
}