{
  "reaction": {
    "lhs": [
      { "state": { "particle": "e", "charge": -1 }, "count": 1 },
      {
        "state": {
          "particle": "H2",
          "charge": 0,
          "descriptor": { "type": 1, "accuracy": 2, "e": "X", "Lambda": 0, "S": 0, "parity": "g", "v": 0 }
        },
        "count": 1
      }
    ],
    "rhs": [
      { "state": { "particle": "e", "charge": -1 }, "count": 1 },
      {
        "state": {
          "particle": "H2",
          "charge": 0,
          "descriptor": {
            "type": 1,
            "accuracy": 2,
            "e": "D",
            "Lambda": 1,
            "S": 0,
            "parity": "u",
            "v": 17
          }
        },
        "count": 1
      }
    ],
    "type_tags": ["Electronic", "Vibrational"],
    "reversible": false
  },
  "threshold": 16.5679,
  "data": [
    [16.5679, 0],
    [17, 6.25582e-7],
    [18, 0.00000206072],
    [19, 0.00000348926],
    [20, 0.00000490662],
    [22, 0.00000768934],
    [25, 0.0000116645],
    [30, 0.0000174521],
    [40, 0.0000251274],
    [50, 0.0000295582],
    [60, 0.0000322143],
    [70, 0.000033581],
    [80, 0.0000340602],
    [100, 0.0000338007],
    [120, 0.0000326937],
    [140, 0.0000314664],
    [160, 0.0000302742]
  ]
}