{
  "reaction": {
    "lhs": [
      { "state": { "particle": "e", "charge": -1 }, "count": 1 },
      {
        "state": {
          "particle": "H2",
          "charge": 0,
          "descriptor": { "type": 1, "accuracy": 2, "e": "X", "Lambda": 0, "S": 0, "parity": "g", "v": 0 }
        },
        "count": 1
      }
    ],
    "rhs": [
      { "state": { "particle": "e", "charge": -1 }, "count": 1 },
      {
        "state": {
          "particle": "H2",
          "charge": 0,
          "descriptor": {
            "type": 1,
            "accuracy": 2,
            "e": "C",
            "Lambda": 1,
            "S": 0,
            "parity": "u",
            "v": 11
          }
        },
        "count": 1
      }
    ],
    "type_tags": ["Electronic", "Vibrational"],
    "reversible": false
  },
  "threshold": 14.5269,
  "data": [
    [14.5269, 0],
    [15, 0.000341636],
    [16, 0.000723835],
    [17, 0.00104964],
    [18, 0.00133482],
    [19, 0.00159328],
    [20, 0.00183207],
    [22, 0.00225804],
    [25, 0.00280501],
    [30, 0.00352653],
    [40, 0.00447371],
    [50, 0.00494441],
    [60, 0.00517596],
    [70, 0.00526553],
    [80, 0.00526299],
    [100, 0.00511332],
    [120, 0.00487577],
    [140, 0.00463984],
    [160, 0.00442198]
  ]
}