{
  "reaction": {
    "lhs": [
      { "state": { "particle": "e", "charge": -1 }, "count": 1 },
      {
        "state": {
          "particle": "H2",
          "charge": 0,
          "descriptor": { "type": 1, "accuracy": 2, "e": "X", "Lambda": 0, "S": 0, "parity": "g", "v": 0 }
        },
        "count": 1
      }
    ],
    "rhs": [
      { "state": { "particle": "e", "charge": -1 }, "count": 1 },
      {
        "state": {
          "particle": "H2",
          "charge": 0,
          "descriptor": {
            "type": 1,
            "accuracy": 2,
            "e": "H",
            "Lambda": 0,
            "S": 0,
            "parity": "g",
            "v": 53
          }
        },
        "count": 1
      }
    ],
    "type_tags": ["Electronic", "Vibrational"],
    "reversible": false
  },
  "threshold": 16.489,
  "data": [
    [16.489, 0],
    [17, 0.0000293299],
    [18, 0.0000412762],
    [19, 0.0000430756],
    [20, 0.0000384093],
    [22, 0.0000284213],
    [25, 0.000020919],
    [30, 0.0000214708],
    [40, 0.0000236856],
    [50, 0.0000226309],
    [60, 0.0000205851],
    [70, 0.0000187465],
    [80, 0.0000178917],
    [100, 0.0000168698],
    [120, 0.000016041],
    [140, 0.0000148698],
    [160, 0.0000139382]
  ]
}