{
  "reaction": {
    "lhs": [
      { "state": { "particle": "e", "charge": -1 }, "count": 1 },
      {
        "state": {
          "particle": "H2",
          "charge": 0,
          "descriptor": { "type": 1, "accuracy": 2, "e": "X", "Lambda": 0, "S": 0, "parity": "g", "v": 0 }
        },
        "count": 1
      }
    ],
    "rhs": [
      { "state": { "particle": "e", "charge": -1 }, "count": 1 },
      {
        "state": {
          "particle": "H2",
          "charge": 0,
          "descriptor": { "type": 1, "accuracy": 2, "e": "a", "Lambda": 0, "S": 1, "parity": "g", "v": 6 }
        },
        "count": 1
      }
    ],
    "type_tags": ["Electronic", "Vibrational"],
    "reversible": false
  },
  "threshold": 13.4267,
  "data": [
    [13.4267, 0],
    [14, 0.00911621],
    [15, 0.0115361],
    [16, 0.0104094],
    [17, 0.00868491],
    [18, 0.00754854],
    [19, 0.00656545],
    [20, 0.00578761],
    [22, 0.0046588],
    [25, 0.00351716],
    [30, 0.00228733],
    [40, 0.000954702],
    [50, 0.000432941],
    [60, 0.000295984],
    [70, 0.000261091],
    [80, 0.00025498],
    [100, 0.000203246],
    [120, 0.000136968],
    [140, 0.000104911],
    [160, 0.0000811043]
  ]
}