{
  "reaction": {
    "lhs": [
      { "state": { "particle": "e", "charge": -1 }, "count": 1 },
      {
        "state": {
          "particle": "H2",
          "charge": 0,
          "descriptor": { "type": 1, "accuracy": 2, "e": "X", "Lambda": 0, "S": 0, "parity": "g", "v": 0 }
        },
        "count": 1
      }
    ],
    "rhs": [
      { "state": { "particle": "e", "charge": -1 }, "count": 1 },
      {
        "state": {
          "particle": "H2",
          "charge": 0,
          "descriptor": {
            "type": 1,
            "accuracy": 2,
            "e": "B",
            "Lambda": 0,
            "S": 0,
            "parity": "u",
            "v": 31
          }
        },
        "count": 1
      }
    ],
    "type_tags": ["Electronic", "Vibrational"],
    "reversible": false
  },
  "threshold": 14.512,
  "data": [
    [14.512, 0],
    [15, 0.0000765782],
    [16, 0.000175175],
    [17, 0.000265124],
    [18, 0.000342539],
    [19, 0.000406133],
    [20, 0.000459983],
    [22, 0.000551774],
    [25, 0.000665601],
    [30, 0.000784396],
    [40, 0.000944272],
    [50, 0.00101644],
    [60, 0.00104548],
    [70, 0.00104712],
    [80, 0.00103485],
    [100, 0.000994186],
    [120, 0.000943171],
    [140, 0.000890571],
    [160, 0.000838543]
  ]
}