{
  "reaction": {
    "lhs": [
      { "state": { "particle": "e", "charge": -1 }, "count": 1 },
      {
        "state": {
          "particle": "H2",
          "charge": 0,
          "descriptor": { "type": 1, "accuracy": 2, "e": "X", "Lambda": 0, "S": 0, "parity": "g", "v": 0 }
        },
        "count": 1
      }
    ],
    "rhs": [
      { "state": { "particle": "e", "charge": -1 }, "count": 1 },
      {
        "state": {
          "particle": "H2",
          "charge": 0,
          "descriptor": {
            "type": 1,
            "accuracy": 2,
            "e": "c",
            "Lambda": 1,
            "S": 1,
            "parity": "u",
            "v": 13
          }
        },
        "count": 1
      }
    ],
    "type_tags": ["Electronic", "Vibrational"],
    "reversible": false
  },
  "threshold": 14.4101,
  "data": [
    [14.4101, 0],
    [15, 0.000450215],
    [16, 0.000727781],
    [17, 0.000774065],
    [18, 0.000762608],
    [19, 0.000736798],
    [20, 0.000709479],
    [22, 0.000661443],
    [25, 0.000586632],
    [30, 0.000448909],
    [40, 0.000114613],
    [50, 0.000049977],
    [60, 0.0000366483],
    [70, 0.0000298816],
    [80, 0.0000275498],
    [100, 0.0000162699],
    [120, 0.0000083407],
    [140, 0.00000599725],
    [160, 0.00000421156]
  ]
}