{
  "reaction": {
    "lhs": [
      { "state": { "particle": "e", "charge": -1 }, "count": 1 },
      {
        "state": {
          "particle": "H2",
          "charge": 0,
          "descriptor": { "type": 1, "accuracy": 2, "e": "X", "Lambda": 0, "S": 0, "parity": "g", "v": 0 }
        },
        "count": 1
      }
    ],
    "rhs": [
      { "state": { "particle": "e", "charge": -1 }, "count": 1 },
      {
        "state": {
          "particle": "H2",
          "charge": 0,
          "descriptor": {
            "type": 1,
            "accuracy": 2,
            "e": "d",
            "Lambda": 1,
            "S": 1,
            "parity": "u",
            "v": 18
          }
        },
        "count": 1
      }
    ],
    "type_tags": ["Electronic", "Vibrational"],
    "reversible": false
  },
  "threshold": 16.5584,
  "data": [
    [16.5584, 0],
    [17, 0.00000258604],
    [18, 0.00000663321],
    [19, 0.00000964363],
    [20, 0.0000108235],
    [22, 0.0000105061],
    [25, 0.0000092011],
    [30, 0.00000674422],
    [40, 0.00000414773],
    [50, 0.0000023852],
    [60, 0.00000136113],
    [70, 0.00000107381],
    [80, 0.00000101313],
    [100, 6.49446e-7],
    [120, 3.02224e-7],
    [140, 2.16918e-7],
    [160, 1.51892e-7]
  ]
}