{
  "reaction": {
    "lhs": [
      { "state": { "particle": "e", "charge": -1 }, "count": 1 },
      {
        "state": {
          "particle": "H2",
          "charge": 0,
          "descriptor": { "type": 1, "accuracy": 2, "e": "X", "Lambda": 0, "S": 0, "parity": "g", "v": 0 }
        },
        "count": 1
      }
    ],
    "rhs": [
      { "state": { "particle": "e", "charge": -1 }, "count": 1 },
      {
        "state": {
          "particle": "H2",
          "charge": 0,
          "descriptor": { "type": 1, "accuracy": 2, "e": "D", "Lambda": 1, "S": 0, "parity": "u", "v": 7 }
        },
        "count": 1
      }
    ],
    "type_tags": ["Electronic", "Vibrational"],
    "reversible": false
  },
  "threshold": 15.6089,
  "data": [
    [15.6089, 0],
    [16, 0.000799278],
    [17, 0.00120709],
    [18, 0.00149986],
    [19, 0.00178039],
    [20, 0.00206304],
    [22, 0.00266655],
    [25, 0.00356079],
    [30, 0.00475763],
    [40, 0.00654018],
    [50, 0.00753004],
    [60, 0.00806587],
    [70, 0.00830326],
    [80, 0.00838454],
    [100, 0.00826136],
    [120, 0.00796272],
    [140, 0.00764682],
    [160, 0.00734153]
  ]
}