{
  "reaction": {
    "lhs": [
      { "state": { "particle": "e", "charge": -1 }, "count": 1 },
      {
        "state": {
          "particle": "H2",
          "charge": 0,
          "descriptor": { "type": 1, "accuracy": 2, "e": "X", "Lambda": 0, "S": 0, "parity": "g", "v": 0 }
        },
        "count": 1
      }
    ],
    "rhs": [
      { "state": { "particle": "e", "charge": -1 }, "count": 1 },
      {
        "state": {
          "particle": "H2",
          "charge": 0,
          "descriptor": { "type": 1, "accuracy": 2, "e": "c", "Lambda": 1, "S": 1, "parity": "u", "v": 7 }
        },
        "count": 1
      }
    ],
    "type_tags": ["Electronic", "Vibrational"],
    "reversible": false
  },
  "threshold": 13.4968,
  "data": [
    [13.4968, 0],
    [14, 0.00781228],
    [15, 0.0101572],
    [16, 0.0108587],
    [17, 0.0110349],
    [18, 0.0108937],
    [19, 0.0105585],
    [20, 0.0101616],
    [22, 0.00929645],
    [25, 0.00777415],
    [30, 0.00540166],
    [40, 0.0026104],
    [50, 0.0013666],
    [60, 0.000871682],
    [70, 0.000687466],
    [80, 0.000648152],
    [100, 0.000405769],
    [120, 0.000177942],
    [140, 0.00012801],
    [160, 0.0000898559]
  ]
}