{
  "reaction": {
    "lhs": [
      { "state": { "particle": "e", "charge": -1 }, "count": 1 },
      {
        "state": {
          "particle": "H2",
          "charge": 0,
          "descriptor": { "type": 1, "accuracy": 2, "e": "X", "Lambda": 0, "S": 0, "parity": "g", "v": 0 }
        },
        "count": 1
      }
    ],
    "rhs": [
      { "state": { "particle": "e", "charge": -1 }, "count": 1 },
      {
        "state": {
          "particle": "H2",
          "charge": 0,
          "descriptor": { "type": 1, "accuracy": 2, "e": "D", "Lambda": 1, "S": 0, "parity": "u", "v": 8 }
        },
        "count": 1
      }
    ],
    "type_tags": ["Electronic", "Vibrational"],
    "reversible": false
  },
  "threshold": 15.7789,
  "data": [
    [15.7789, 0],
    [16, 0.000487604],
    [17, 0.000712841],
    [18, 0.0008995],
    [19, 0.00109584],
    [20, 0.00128934],
    [22, 0.00168943],
    [25, 0.00227735],
    [30, 0.00308051],
    [40, 0.00427526],
    [50, 0.00493889],
    [60, 0.0052993],
    [70, 0.00546281],
    [80, 0.00552229],
    [100, 0.00544948],
    [120, 0.00525765],
    [140, 0.00505404],
    [160, 0.00485619]
  ]
}