{
  "reaction": {
    "lhs": [
      { "state": { "particle": "e", "charge": -1 }, "count": 1 },
      {
        "state": {
          "particle": "H2",
          "charge": 0,
          "descriptor": { "type": 1, "accuracy": 2, "e": "X", "Lambda": 0, "S": 0, "parity": "g", "v": 0 }
        },
        "count": 1
      }
    ],
    "rhs": [
      { "state": { "particle": "e", "charge": -1 }, "count": 1 },
      {
        "state": {
          "particle": "H2",
          "charge": 0,
          "descriptor": {
            "type": 1,
            "accuracy": 2,
            "e": "D",
            "Lambda": 1,
            "S": 0,
            "parity": "u",
            "v": 16
          }
        },
        "count": 1
      }
    ],
    "type_tags": ["Electronic", "Vibrational"],
    "reversible": false
  },
  "threshold": 16.5547,
  "data": [
    [16.5547, 0],
    [17, 0.00000572523],
    [18, 0.0000151136],
    [19, 0.0000237797],
    [20, 0.0000300786],
    [22, 0.000038137],
    [25, 0.0000519853],
    [30, 0.000074029],
    [40, 0.000106481],
    [50, 0.000125252],
    [60, 0.000136466],
    [70, 0.00014223],
    [80, 0.000144253],
    [100, 0.000143142],
    [120, 0.000138453],
    [140, 0.000133258],
    [160, 0.000128209]
  ]
}