{
  "reaction": {
    "lhs": [
      { "state": { "particle": "e", "charge": -1 }, "count": 1 },
      {
        "state": {
          "particle": "H2",
          "charge": 0,
          "descriptor": { "type": 1, "accuracy": 2, "e": "X", "Lambda": 0, "S": 0, "parity": "g", "v": 0 }
        },
        "count": 1
      }
    ],
    "rhs": [
      { "state": { "particle": "e", "charge": -1 }, "count": 1 },
      {
        "state": {
          "particle": "H2",
          "charge": 0,
          "descriptor": {
            "type": 1,
            "accuracy": 2,
            "e": "c",
            "Lambda": 1,
            "S": 1,
            "parity": "u",
            "v": 12
          }
        },
        "count": 1
      }
    ],
    "type_tags": ["Electronic", "Vibrational"],
    "reversible": false
  },
  "threshold": 14.2978,
  "data": [
    [14.2978, 0],
    [15, 0.000769395],
    [16, 0.00116984],
    [17, 0.00123781],
    [18, 0.0012091],
    [19, 0.00114699],
    [20, 0.00108755],
    [22, 0.000999455],
    [25, 0.000876806],
    [30, 0.000666582],
    [40, 0.000169871],
    [50, 0.0000741428],
    [60, 0.0000544559],
    [70, 0.0000433877],
    [80, 0.0000411119],
    [100, 0.0000264932],
    [120, 0.000012231],
    [140, 0.00000879499],
    [160, 0.00000617539]
  ]
}