{
  "reaction": {
    "lhs": [
      { "state": { "particle": "e", "charge": -1 }, "count": 1 },
      {
        "state": {
          "particle": "H2",
          "charge": 0,
          "descriptor": { "type": 1, "accuracy": 2, "e": "X", "Lambda": 0, "S": 0, "parity": "g", "v": 0 }
        },
        "count": 1
      }
    ],
    "rhs": [
      { "state": { "particle": "e", "charge": -1 }, "count": 1 },
      {
        "state": {
          "particle": "H2",
          "charge": 0,
          "descriptor": { "type": 1, "accuracy": 2, "e": "e", "Lambda": 0, "S": 1, "parity": "u", "v": 2 }
        },
        "count": 1
      }
    ],
    "type_tags": ["Electronic", "Vibrational"],
    "reversible": false
  },
  "threshold": 13.7215,
  "data": [
    [13.7215, 0],
    [14, 0.0144774],
    [15, 0.0122462],
    [16, 0.0123045],
    [17, 0.0123627],
    [18, 0.0120377],
    [19, 0.0113251],
    [20, 0.0106184],
    [22, 0.00942587],
    [25, 0.00757867],
    [30, 0.0049821],
    [40, 0.00271304],
    [50, 0.00167192],
    [60, 0.00114101],
    [70, 0.000828426],
    [80, 0.000684519],
    [100, 0.000395853],
    [120, 0.000239296],
    [140, 0.000172817],
    [160, 0.000122402]
  ]
}