{
  "reaction": {
    "lhs": [
      { "state": { "particle": "e", "charge": -1 }, "count": 1 },
      {
        "state": {
          "particle": "H2",
          "charge": 0,
          "descriptor": { "type": 1, "accuracy": 2, "e": "X", "Lambda": 0, "S": 0, "parity": "g", "v": 0 }
        },
        "count": 1
      }
    ],
    "rhs": [
      { "state": { "particle": "e", "charge": -1 }, "count": 1 },
      {
        "state": {
          "particle": "H2",
          "charge": 0,
          "descriptor": { "type": 1, "accuracy": 2, "e": "i", "Lambda": 1, "S": 1, "parity": "g", "v": 0 }
        },
        "count": 1
      }
    ],
    "type_tags": ["Electronic", "Vibrational"],
    "reversible": false
  },
  "threshold": 13.8796,
  "data": [
    [13.8796, 0],
    [14, 0.00139615],
    [15, 0.00210868],
    [16, 0.00221003],
    [17, 0.00224582],
    [18, 0.00209829],
    [19, 0.00179334],
    [20, 0.00153743],
    [22, 0.00125633],
    [25, 0.000965593],
    [30, 0.000647328],
    [40, 0.000314602],
    [50, 0.000220264],
    [60, 0.000197296],
    [70, 0.000156702],
    [80, 0.000114481],
    [100, 0.0000459793],
    [120, 0.0000096995],
    [140, 0.0000068846],
    [160, 0.00000470303]
  ]
}