{
  "reaction": {
    "lhs": [
      { "state": { "particle": "e", "charge": -1 }, "count": 1 },
      {
        "state": {
          "particle": "H2",
          "charge": 0,
          "descriptor": { "type": 1, "accuracy": 2, "e": "X", "Lambda": 0, "S": 0, "parity": "g", "v": 0 }
        },
        "count": 1
      }
    ],
    "rhs": [
      { "state": { "particle": "e", "charge": -1 }, "count": 1 },
      {
        "state": {
          "particle": "H2",
          "charge": 0,
          "descriptor": { "type": 1, "accuracy": 2, "e": "J", "Lambda": 2, "S": 0, "parity": "g", "v": 9 }
        },
        "count": 1
      }
    ],
    "type_tags": ["Electronic", "Vibrational"],
    "reversible": false
  },
  "threshold": 15.8754,
  "data": [
    [15.8754, 0],
    [16, 0.000100563],
    [17, 0.000124893],
    [18, 0.000166907],
    [19, 0.000160473],
    [20, 0.000157996],
    [22, 0.000151966],
    [25, 0.000163763],
    [30, 0.000194265],
    [40, 0.000168176],
    [50, 0.000180956],
    [60, 0.000156436],
    [70, 0.000120171],
    [80, 0.00010358],
    [100, 0.0000835441],
    [120, 0.0000687265],
    [140, 0.0000593403],
    [160, 0.0000525634]
  ]
}