{
  "reaction": {
    "lhs": [
      { "state": { "particle": "e", "charge": -1 }, "count": 1 },
      {
        "state": {
          "particle": "H2",
          "charge": 0,
          "descriptor": { "type": 1, "accuracy": 2, "e": "X", "Lambda": 0, "S": 0, "parity": "g", "v": 0 }
        },
        "count": 1
      }
    ],
    "rhs": [
      { "state": { "particle": "e", "charge": -1 }, "count": 1 },
      {
        "state": {
          "particle": "H2",
          "charge": 0,
          "descriptor": { "type": 1, "accuracy": 2, "e": "g", "Lambda": 0, "S": 1, "parity": "g", "v": 9 }
        },
        "count": 1
      }
    ],
    "type_tags": ["Electronic", "Vibrational"],
    "reversible": false
  },
  "threshold": 15.9024,
  "data": [
    [15.9024, 0],
    [16, 0.0000151595],
    [17, 0.000163441],
    [18, 0.00021273],
    [19, 0.000231223],
    [20, 0.00023403],
    [22, 0.000220696],
    [25, 0.00016791],
    [30, 0.0000843135],
    [40, 0.0000607244],
    [50, 0.0000347309],
    [60, 0.0000120326],
    [70, 0.00000951643],
    [80, 0.00000907796],
    [100, 0.000005793],
    [120, 0.00000238422],
    [140, 0.00000168945],
    [160, 0.00000115835]
  ]
}