{
  "reaction": {
    "lhs": [
      { "state": { "particle": "e", "charge": -1 }, "count": 1 },
      {
        "state": {
          "particle": "H2",
          "charge": 0,
          "descriptor": { "type": 1, "accuracy": 2, "e": "X", "Lambda": 0, "S": 0, "parity": "g", "v": 0 }
        },
        "count": 1
      }
    ],
    "rhs": [
      { "state": { "particle": "e", "charge": -1 }, "count": 1 },
      {
        "state": {
          "particle": "H2",
          "charge": 0,
          "descriptor": { "type": 1, "accuracy": 2, "e": "j", "Lambda": 2, "S": 1, "parity": "g", "v": 7 }
        },
        "count": 1
      }
    ],
    "type_tags": ["Electronic", "Vibrational"],
    "reversible": false
  },
  "threshold": 15.5448,
  "data": [
    [15.5448, 0],
    [16, 0.00023058],
    [17, 0.000614216],
    [18, 0.000634734],
    [19, 0.000642296],
    [20, 0.000643378],
    [22, 0.000610278],
    [25, 0.000476594],
    [30, 0.000243526],
    [40, 0.000113109],
    [50, 0.0000588243],
    [60, 0.0000455844],
    [70, 0.0000457989],
    [80, 0.0000460134],
    [100, 0.0000288681],
    [120, 0.0000100593],
    [140, 0.000007108],
    [160, 0.00000484323]
  ]
}