{
  "reaction": {
    "lhs": [
      { "state": { "particle": "e", "charge": -1 }, "count": 1 },
      {
        "state": {
          "particle": "H2",
          "charge": 0,
          "descriptor": { "type": 1, "accuracy": 2, "e": "X", "Lambda": 0, "S": 0, "parity": "g", "v": 0 }
        },
        "count": 1
      }
    ],
    "rhs": [
      { "state": { "particle": "e", "charge": -1 }, "count": 1 },
      {
        "state": {
          "particle": "H2",
          "charge": 0,
          "descriptor": {
            "type": 1,
            "accuracy": 2,
            "e": "d",
            "Lambda": 1,
            "S": 1,
            "parity": "u",
            "v": 16
          }
        },
        "count": 1
      }
    ],
    "type_tags": ["Electronic", "Vibrational"],
    "reversible": false
  },
  "threshold": 16.5191,
  "data": [
    [16.5191, 0],
    [17, 0.00000706381],
    [18, 0.000017175],
    [19, 0.0000246722],
    [20, 0.0000276048],
    [22, 0.000026779],
    [25, 0.0000233892],
    [30, 0.0000170467],
    [40, 0.0000105902],
    [50, 0.00000611609],
    [60, 0.00000348731],
    [70, 0.00000275863],
    [80, 0.00000260504],
    [100, 0.00000167001],
    [120, 7.74519e-7],
    [140, 5.55891e-7],
    [160, 3.89224e-7]
  ]
}