{
  "reaction": {
    "lhs": [
      { "state": { "particle": "e", "charge": -1 }, "count": 1 },
      {
        "state": {
          "particle": "H2",
          "charge": 0,
          "descriptor": { "type": 1, "accuracy": 2, "e": "X", "Lambda": 0, "S": 0, "parity": "g", "v": 0 }
        },
        "count": 1
      }
    ],
    "rhs": [
      { "state": { "particle": "e", "charge": -1 }, "count": 1 },
      {
        "state": {
          "particle": "H2",
          "charge": 0,
          "descriptor": {
            "type": 1,
            "accuracy": 2,
            "e": "H",
            "Lambda": 0,
            "S": 0,
            "parity": "g",
            "v": 55
          }
        },
        "count": 1
      }
    ],
    "type_tags": ["Electronic", "Vibrational"],
    "reversible": false
  },
  "threshold": 16.5193,
  "data": [
    [16.5193, 0],
    [17, 0.0000267083],
    [18, 0.0000377196],
    [19, 0.000039316],
    [20, 0.0000348429],
    [22, 0.0000253178],
    [25, 0.0000182862],
    [30, 0.0000190863],
    [40, 0.000021],
    [50, 0.0000199256],
    [60, 0.0000182024],
    [70, 0.0000167032],
    [80, 0.0000159847],
    [100, 0.0000151016],
    [120, 0.0000143206],
    [140, 0.0000132524],
    [160, 0.0000124162]
  ]
}