{
  "reaction": {
    "lhs": [
      { "state": { "particle": "e", "charge": -1 }, "count": 1 },
      {
        "state": {
          "particle": "H2",
          "charge": 0,
          "descriptor": { "type": 1, "accuracy": 2, "e": "X", "Lambda": 0, "S": 0, "parity": "g", "v": 0 }
        },
        "count": 1
      }
    ],
    "rhs": [
      { "state": { "particle": "e", "charge": -1 }, "count": 1 },
      {
        "state": {
          "particle": "H2",
          "charge": 0,
          "descriptor": {
            "type": 1,
            "accuracy": 2,
            "e": "H",
            "Lambda": 0,
            "S": 0,
            "parity": "g",
            "v": 29
          }
        },
        "count": 1
      }
    ],
    "type_tags": ["Electronic", "Vibrational"],
    "reversible": false
  },
  "threshold": 15.8873,
  "data": [
    [15.8873, 0],
    [16, 0.0000604155],
    [17, 0.000102223],
    [18, 0.000125725],
    [19, 0.000126258],
    [20, 0.00011823],
    [22, 0.000106951],
    [25, 0.000096388],
    [30, 0.0000882352],
    [40, 0.0000967418],
    [50, 0.0000971225],
    [60, 0.0000864485],
    [70, 0.0000753457],
    [80, 0.0000708922],
    [100, 0.00006564],
    [120, 0.0000639632],
    [140, 0.0000602802],
    [160, 0.0000565616]
  ]
}