{
  "reaction": {
    "lhs": [
      { "state": { "particle": "e", "charge": -1 }, "count": 1 },
      {
        "state": {
          "particle": "H2",
          "charge": 0,
          "descriptor": { "type": 1, "accuracy": 2, "e": "X", "Lambda": 0, "S": 0, "parity": "g", "v": 0 }
        },
        "count": 1
      }
    ],
    "rhs": [
      { "state": { "particle": "e", "charge": -1 }, "count": 1 },
      {
        "state": {
          "particle": "H2",
          "charge": 0,
          "descriptor": {
            "type": 1,
            "accuracy": 2,
            "e": "J",
            "Lambda": 2,
            "S": 0,
            "parity": "g",
            "v": 12
          }
        },
        "count": 1
      }
    ],
    "type_tags": ["Electronic", "Vibrational"],
    "reversible": false
  },
  "threshold": 16.2628,
  "data": [
    [16.2628, 0],
    [17, 0.0000320211],
    [18, 0.0000540527],
    [19, 0.000055428],
    [20, 0.0000560919],
    [22, 0.000051727],
    [25, 0.0000570257],
    [30, 0.00006118],
    [40, 0.0000538241],
    [50, 0.0000554501],
    [60, 0.0000478783],
    [70, 0.0000369727],
    [80, 0.0000328762],
    [100, 0.0000264508],
    [120, 0.0000218321],
    [140, 0.0000187144],
    [160, 0.000016544]
  ]
}