{
  "reaction": {
    "lhs": [
      { "state": { "particle": "e", "charge": -1 }, "count": 1 },
      {
        "state": {
          "particle": "H2",
          "charge": 0,
          "descriptor": { "type": 1, "accuracy": 2, "e": "X", "Lambda": 0, "S": 0, "parity": "g", "v": 0 }
        },
        "count": 1
      }
    ],
    "rhs": [
      { "state": { "particle": "e", "charge": -1 }, "count": 1 },
      {
        "state": {
          "particle": "H2",
          "charge": 0,
          "descriptor": { "type": 1, "accuracy": 2, "e": "a", "Lambda": 0, "S": 1, "parity": "g", "v": 1 }
        },
        "count": 1
      }
    ],
    "type_tags": ["Electronic", "Vibrational"],
    "reversible": false
  },
  "threshold": 12.1064,
  "data": [
    [12.1064, 0],
    [13, 0.130737],
    [14, 0.132004],
    [15, 0.096829],
    [16, 0.0827505],
    [17, 0.0753884],
    [18, 0.0660033],
    [19, 0.0574217],
    [20, 0.0504595],
    [22, 0.0400399],
    [25, 0.0285744],
    [30, 0.0159448],
    [40, 0.00689195],
    [50, 0.00390017],
    [60, 0.00305981],
    [70, 0.00241046],
    [80, 0.00216552],
    [100, 0.0014579],
    [120, 0.000971756],
    [140, 0.000706184],
    [160, 0.000507314]
  ]
}