{
  "reaction": {
    "lhs": [
      { "state": { "particle": "e", "charge": -1 }, "count": 1 },
      {
        "state": {
          "particle": "H2",
          "charge": 0,
          "descriptor": { "type": 1, "accuracy": 2, "e": "X", "Lambda": 0, "S": 0, "parity": "g", "v": 0 }
        },
        "count": 1
      }
    ],
    "rhs": [
      { "state": { "particle": "e", "charge": -1 }, "count": 1 },
      {
        "state": {
          "particle": "H2",
          "charge": 0,
          "descriptor": {
            "type": 1,
            "accuracy": 2,
            "e": "H",
            "Lambda": 0,
            "S": 0,
            "parity": "g",
            "v": 23
          }
        },
        "count": 1
      }
    ],
    "type_tags": ["Electronic", "Vibrational"],
    "reversible": false
  },
  "threshold": 15.7429,
  "data": [
    [15.7429, 0],
    [16, 6.78302e-7],
    [17, 0.00000108334],
    [18, 0.00000127831],
    [19, 0.00000126324],
    [20, 0.00000118405],
    [22, 0.00000110398],
    [25, 0.00000102632],
    [30, 9.36705e-7],
    [40, 0.00000101732],
    [50, 0.00000102287],
    [60, 9.13375e-7],
    [70, 7.99446e-7],
    [80, 7.54329e-7],
    [100, 6.97084e-7],
    [120, 6.80247e-7],
    [140, 6.42144e-7],
    [160, 6.01965e-7]
  ]
}