{
  "reaction": {
    "lhs": [
      { "state": { "particle": "e", "charge": -1 }, "count": 1 },
      {
        "state": {
          "particle": "H2",
          "charge": 0,
          "descriptor": { "type": 1, "accuracy": 2, "e": "X", "Lambda": 0, "S": 0, "parity": "g", "v": 0 }
        },
        "count": 1
      }
    ],
    "rhs": [
      { "state": { "particle": "e", "charge": -1 }, "count": 1 },
      {
        "state": {
          "particle": "H2",
          "charge": 0,
          "descriptor": { "type": 1, "accuracy": 2, "e": "H", "Lambda": 0, "S": 0, "parity": "g", "v": 5 }
        },
        "count": 1
      }
    ],
    "type_tags": ["Electronic", "Vibrational"],
    "reversible": false
  },
  "threshold": 15.1411,
  "data": [
    [15.1411, 0],
    [16, 0.0023136],
    [17, 0.00290415],
    [18, 0.00290251],
    [19, 0.00264775],
    [20, 0.00244642],
    [22, 0.00242457],
    [25, 0.00245081],
    [30, 0.00234214],
    [40, 0.0023908],
    [50, 0.00235787],
    [60, 0.00218963],
    [70, 0.0020386],
    [80, 0.00199023],
    [100, 0.00183136],
    [120, 0.00176469],
    [140, 0.00166171],
    [160, 0.00154522]
  ]
}