{
  "reaction": {
    "lhs": [
      { "state": { "particle": "e", "charge": -1 }, "count": 1 },
      {
        "state": {
          "particle": "H2",
          "charge": 0,
          "descriptor": { "type": 1, "accuracy": 2, "e": "X", "Lambda": 0, "S": 0, "parity": "g", "v": 0 }
        },
        "count": 1
      }
    ],
    "rhs": [
      { "state": { "particle": "e", "charge": -1 }, "count": 1 },
      {
        "state": {
          "particle": "H2",
          "charge": 0,
          "descriptor": {
            "type": 1,
            "accuracy": 2,
            "e": "a",
            "Lambda": 0,
            "S": 1,
            "parity": "g",
            "v": 12
          }
        },
        "count": 1
      }
    ],
    "type_tags": ["Electronic", "Vibrational"],
    "reversible": false
  },
  "threshold": 14.4602,
  "data": [
    [14.4602, 0],
    [15, 0.000456275],
    [16, 0.000523173],
    [17, 0.000532763],
    [18, 0.000463741],
    [19, 0.000328666],
    [20, 0.000235524],
    [22, 0.000177997],
    [25, 0.000135093],
    [30, 0.00011402],
    [40, 0.000047439],
    [50, 0.0000241229],
    [60, 0.0000173258],
    [70, 0.0000130879],
    [80, 0.00001206],
    [100, 0.00000939592],
    [120, 0.00000730518],
    [140, 0.00000589923],
    [160, 0.00000479067]
  ]
}