{
  "reaction": {
    "lhs": [
      { "state": { "particle": "e", "charge": -1 }, "count": 1 },
      {
        "state": {
          "particle": "H2",
          "charge": 0,
          "descriptor": { "type": 1, "accuracy": 2, "e": "X", "Lambda": 0, "S": 0, "parity": "g", "v": 0 }
        },
        "count": 1
      }
    ],
    "rhs": [
      { "state": { "particle": "e", "charge": -1 }, "count": 1 },
      {
        "state": {
          "particle": "H2",
          "charge": 0,
          "descriptor": {
            "type": 1,
            "accuracy": 2,
            "e": "c",
            "Lambda": 1,
            "S": 1,
            "parity": "u",
            "v": 11
          }
        },
        "count": 1
      }
    ],
    "type_tags": ["Electronic", "Vibrational"],
    "reversible": false
  },
  "threshold": 14.1684,
  "data": [
    [14.1684, 0],
    [15, 0.00129283],
    [16, 0.00184059],
    [17, 0.00192425],
    [18, 0.00187614],
    [19, 0.00177224],
    [20, 0.00167322],
    [22, 0.00152638],
    [25, 0.00132127],
    [30, 0.000982617],
    [40, 0.000252181],
    [50, 0.000110278],
    [60, 0.0000811268],
    [70, 0.0000647938],
    [80, 0.0000614406],
    [100, 0.0000394304],
    [120, 0.0000179476],
    [140, 0.0000129066],
    [160, 0.00000906129]
  ]
}