{
  "reaction": {
    "lhs": [
      { "state": { "particle": "e", "charge": -1 }, "count": 1 },
      {
        "state": {
          "particle": "H2",
          "charge": 0,
          "descriptor": { "type": 1, "accuracy": 2, "e": "X", "Lambda": 0, "S": 0, "parity": "g", "v": 0 }
        },
        "count": 1
      }
    ],
    "rhs": [
      { "state": { "particle": "e", "charge": -1 }, "count": 1 },
      {
        "state": {
          "particle": "H2",
          "charge": 0,
          "descriptor": { "type": 1, "accuracy": 2, "e": "J", "Lambda": 2, "S": 0, "parity": "g", "v": 6 }
        },
        "count": 1
      }
    ],
    "type_tags": ["Electronic", "Vibrational"],
    "reversible": false
  },
  "threshold": 15.3592,
  "data": [
    [15.3592, 0],
    [16, 0.000581348],
    [17, 0.000528296],
    [18, 0.000573057],
    [19, 0.000522816],
    [20, 0.000503128],
    [22, 0.000496443],
    [25, 0.000537662],
    [30, 0.000672781],
    [40, 0.000571609],
    [50, 0.000575626],
    [60, 0.000507824],
    [70, 0.000403421],
    [80, 0.000343121],
    [100, 0.000278282],
    [120, 0.000229487],
    [140, 0.000198983],
    [160, 0.000176135]
  ]
}