{
  "reaction": {
    "lhs": [
      { "state": { "particle": "e", "charge": -1 }, "count": 1 },
      {
        "state": {
          "particle": "H2",
          "charge": 0,
          "descriptor": { "type": 1, "accuracy": 2, "e": "X", "Lambda": 0, "S": 0, "parity": "g", "v": 0 }
        },
        "count": 1
      }
    ],
    "rhs": [
      { "state": { "particle": "e", "charge": -1 }, "count": 1 },
      {
        "state": {
          "particle": "H2",
          "charge": 0,
          "descriptor": {
            "type": 1,
            "accuracy": 2,
            "e": "H",
            "Lambda": 0,
            "S": 0,
            "parity": "g",
            "v": 56
          }
        },
        "count": 1
      }
    ],
    "type_tags": ["Electronic", "Vibrational"],
    "reversible": false
  },
  "threshold": 16.5317,
  "data": [
    [16.5317, 0],
    [17, 0.0000255567],
    [18, 0.0000361382],
    [19, 0.0000376326],
    [20, 0.0000332438],
    [22, 0.0000239367],
    [25, 0.0000171259],
    [30, 0.000018033],
    [40, 0.000019811],
    [50, 0.00001873],
    [60, 0.0000171491],
    [70, 0.0000157991],
    [80, 0.0000151405],
    [100, 0.0000143186],
    [120, 0.0000135594],
    [140, 0.0000125373],
    [160, 0.0000117432]
  ]
}