{
  "reaction": {
    "lhs": [
      { "state": { "particle": "e", "charge": -1 }, "count": 1 },
      {
        "state": {
          "particle": "H2",
          "charge": 0,
          "descriptor": { "type": 1, "accuracy": 2, "e": "X", "Lambda": 0, "S": 0, "parity": "g", "v": 0 }
        },
        "count": 1
      }
    ],
    "rhs": [
      { "state": { "particle": "e", "charge": -1 }, "count": 1 },
      {
        "state": {
          "particle": "H2",
          "charge": 0,
          "descriptor": {
            "type": 1,
            "accuracy": 2,
            "e": "GK",
            "Lambda": 0,
            "S": 0,
            "parity": "g",
            "v": 7
          }
        },
        "count": 1
      }
    ],
    "type_tags": ["Electronic", "Vibrational"],
    "reversible": false
  },
  "threshold": 14.6044,
  "data": [
    [14.6044, 0],
    [15, 0.000445066],
    [16, 0.000822548],
    [17, 0.000826114],
    [18, 0.000845889],
    [19, 0.000811467],
    [20, 0.000912553],
    [22, 0.00135612],
    [25, 0.00122687],
    [30, 0.00112023],
    [40, 0.000882872],
    [50, 0.00068271],
    [60, 0.000580335],
    [70, 0.000543533],
    [80, 0.00054229],
    [100, 0.000445987],
    [120, 0.000375103],
    [140, 0.000329592],
    [160, 0.000295558]
  ]
}