{
  "reaction": {
    "lhs": [
      { "state": { "particle": "e", "charge": -1 }, "count": 1 },
      {
        "state": {
          "particle": "H2",
          "charge": 0,
          "descriptor": { "type": 1, "accuracy": 2, "e": "X", "Lambda": 0, "S": 0, "parity": "g", "v": 0 }
        },
        "count": 1
      }
    ],
    "rhs": [
      { "state": { "particle": "e", "charge": -1 }, "count": 1 },
      {
        "state": {
          "particle": "H2",
          "charge": 0,
          "descriptor": {
            "type": 1,
            "accuracy": 2,
            "e": "H",
            "Lambda": 0,
            "S": 0,
            "parity": "g",
            "v": 44
          }
        },
        "count": 1
      }
    ],
    "type_tags": ["Electronic", "Vibrational"],
    "reversible": false
  },
  "threshold": 16.2817,
  "data": [
    [16.2817, 0],
    [17, 0.0000462669],
    [18, 0.0000629607],
    [19, 0.0000654419],
    [20, 0.0000597433],
    [22, 0.0000479591],
    [25, 0.0000383688],
    [30, 0.0000369792],
    [40, 0.0000410453],
    [50, 0.0000402685],
    [60, 0.0000360778],
    [70, 0.0000319458],
    [80, 0.0000301858],
    [100, 0.0000282246],
    [120, 0.0000271518],
    [140, 0.0000253554],
    [160, 0.0000238014]
  ]
}