{
  "reaction": {
    "lhs": [
      { "state": { "particle": "e", "charge": -1 }, "count": 1 },
      {
        "state": {
          "particle": "H2",
          "charge": 0,
          "descriptor": { "type": 1, "accuracy": 2, "e": "X", "Lambda": 0, "S": 0, "parity": "g", "v": 0 }
        },
        "count": 1
      }
    ],
    "rhs": [
      { "state": { "particle": "e", "charge": -1 }, "count": 1 },
      {
        "state": {
          "particle": "H2",
          "charge": 0,
          "descriptor": {
            "type": 1,
            "accuracy": 2,
            "e": "a",
            "Lambda": 0,
            "S": 1,
            "parity": "g",
            "v": 18
          }
        },
        "count": 1
      }
    ],
    "type_tags": ["Electronic", "Vibrational"],
    "reversible": false
  },
  "threshold": 14.6776,
  "data": [
    [14.6776, 0],
    [15, 0.0000263817],
    [16, 0.0000174788],
    [17, 0.00000702949],
    [18, 0.00000492199],
    [19, 0.00000418523],
    [20, 0.00000391877],
    [22, 0.00000335968],
    [25, 0.00000281035],
    [30, 0.00000213307],
    [40, 7.38779e-7],
    [50, 3.85697e-7],
    [60, 3.04383e-7],
    [70, 2.35228e-7],
    [80, 1.98315e-7],
    [100, 1.4953e-7],
    [120, 1.23986e-7],
    [140, 1.01378e-7],
    [160, 8.32272e-8]
  ]
}