{
  "reaction": {
    "lhs": [
      { "state": { "particle": "e", "charge": -1 }, "count": 1 },
      {
        "state": {
          "particle": "H2",
          "charge": 0,
          "descriptor": { "type": 1, "accuracy": 2, "e": "X", "Lambda": 0, "S": 0, "parity": "g", "v": 0 }
        },
        "count": 1
      }
    ],
    "rhs": [
      { "state": { "particle": "e", "charge": -1 }, "count": 1 },
      {
        "state": {
          "particle": "H2",
          "charge": 0,
          "descriptor": {
            "type": 1,
            "accuracy": 2,
            "e": "B",
            "Lambda": 0,
            "S": 0,
            "parity": "u",
            "v": 22
          }
        },
        "count": 1
      }
    ],
    "type_tags": ["Electronic", "Vibrational"],
    "reversible": false
  },
  "threshold": 13.8807,
  "data": [
    [13.8807, 0],
    [14, 0.000539519],
    [15, 0.0010771],
    [16, 0.00154014],
    [17, 0.00196635],
    [18, 0.00235461],
    [19, 0.00269514],
    [20, 0.00299432],
    [22, 0.00351371],
    [25, 0.00418208],
    [30, 0.00501182],
    [40, 0.0060095],
    [50, 0.00647724],
    [60, 0.00665631],
    [70, 0.0066381],
    [80, 0.00653227],
    [100, 0.00625851],
    [120, 0.00594959],
    [140, 0.00562963],
    [160, 0.0053069]
  ]
}