{
  "reaction": {
    "lhs": [
      { "state": { "particle": "e", "charge": -1 }, "count": 1 },
      {
        "state": {
          "particle": "H2",
          "charge": 0,
          "descriptor": { "type": 1, "accuracy": 2, "e": "X", "Lambda": 0, "S": 0, "parity": "g", "v": 0 }
        },
        "count": 1
      }
    ],
    "rhs": [
      { "state": { "particle": "e", "charge": -1 }, "count": 1 },
      {
        "state": {
          "particle": "H2",
          "charge": 0,
          "descriptor": {
            "type": 1,
            "accuracy": 2,
            "e": "H",
            "Lambda": 0,
            "S": 0,
            "parity": "g",
            "v": 28
          }
        },
        "count": 1
      }
    ],
    "type_tags": ["Electronic", "Vibrational"],
    "reversible": false
  },
  "threshold": 15.8633,
  "data": [
    [15.8633, 0],
    [16, 0.0000965735],
    [17, 0.000161943],
    [18, 0.000197843],
    [19, 0.000198144],
    [20, 0.000185636],
    [22, 0.000168829],
    [25, 0.000152971],
    [30, 0.000139905],
    [40, 0.000153175],
    [50, 0.000153849],
    [60, 0.00013699],
    [70, 0.000119444],
    [80, 0.000112419],
    [100, 0.000104053],
    [120, 0.000101429],
    [140, 0.0000956203],
    [160, 0.0000897095]
  ]
}