{
  "reaction": {
    "lhs": [
      { "state": { "particle": "e", "charge": -1 }, "count": 1 },
      {
        "state": {
          "particle": "H2",
          "charge": 0,
          "descriptor": { "type": 1, "accuracy": 2, "e": "X", "Lambda": 0, "S": 0, "parity": "g", "v": 0 }
        },
        "count": 1
      }
    ],
    "rhs": [
      { "state": { "particle": "e", "charge": -1 }, "count": 1 },
      {
        "state": {
          "particle": "H2",
          "charge": 0,
          "descriptor": {
            "type": 1,
            "accuracy": 2,
            "e": "H",
            "Lambda": 0,
            "S": 0,
            "parity": "g",
            "v": 40
          }
        },
        "count": 1
      }
    ],
    "type_tags": ["Electronic", "Vibrational"],
    "reversible": false
  },
  "threshold": 16.173,
  "data": [
    [16.173, 0],
    [17, 0.0000571054],
    [18, 0.0000759442],
    [19, 0.0000784704],
    [20, 0.0000722548],
    [22, 0.0000600854],
    [25, 0.0000497919],
    [30, 0.0000470007],
    [40, 0.0000521404],
    [50, 0.0000516111],
    [60, 0.0000460464],
    [70, 0.0000404294],
    [80, 0.0000380908],
    [100, 0.0000355015],
    [120, 0.0000343066],
    [140, 0.0000321322],
    [160, 0.0000301707]
  ]
}