{
  "reaction": {
    "lhs": [
      { "state": { "particle": "e", "charge": -1 }, "count": 1 },
      {
        "state": {
          "particle": "H2",
          "charge": 0,
          "descriptor": { "type": 1, "accuracy": 2, "e": "X", "Lambda": 0, "S": 0, "parity": "g", "v": 0 }
        },
        "count": 1
      }
    ],
    "rhs": [
      { "state": { "particle": "e", "charge": -1 }, "count": 1 },
      {
        "state": {
          "particle": "H2",
          "charge": 0,
          "descriptor": {
            "type": 1,
            "accuracy": 2,
            "e": "EF",
            "Lambda": 0,
            "S": 0,
            "parity": "g",
            "v": 6
          }
        },
        "count": 1
      }
    ],
    "type_tags": ["Electronic", "Vibrational"],
    "reversible": false
  },
  "threshold": 12.8397,
  "data": [
    [12.8397, 0],
    [13, 0.0119089],
    [14, 0.0237961],
    [15, 0.0201075],
    [16, 0.0178088],
    [17, 0.0197488],
    [18, 0.0210866],
    [19, 0.0206133],
    [20, 0.0195151],
    [22, 0.0192833],
    [25, 0.0193639],
    [30, 0.019654],
    [40, 0.0196267],
    [50, 0.0191722],
    [60, 0.0184209],
    [70, 0.0175778],
    [80, 0.0167923],
    [100, 0.0152627],
    [120, 0.0138826],
    [140, 0.0127558],
    [160, 0.0116665]
  ]
}