{
  "reaction": {
    "lhs": [
      { "state": { "particle": "e", "charge": -1 }, "count": 1 },
      {
        "state": {
          "particle": "H2",
          "charge": 0,
          "descriptor": { "type": 1, "accuracy": 2, "e": "X", "Lambda": 0, "S": 0, "parity": "g", "v": 0 }
        },
        "count": 1
      }
    ],
    "rhs": [
      { "state": { "particle": "e", "charge": -1 }, "count": 1 },
      {
        "state": {
          "particle": "H2",
          "charge": 0,
          "descriptor": { "type": 1, "accuracy": 2, "e": "g", "Lambda": 0, "S": 1, "parity": "g", "v": 0 }
        },
        "count": 1
      }
    ],
    "type_tags": ["Electronic", "Vibrational"],
    "reversible": false
  },
  "threshold": 13.8874,
  "data": [
    [13.8874, 0],
    [14, 0.00119779],
    [15, 0.0018872],
    [16, 0.00187295],
    [17, 0.00179771],
    [18, 0.00161734],
    [19, 0.00138548],
    [20, 0.00119997],
    [22, 0.00098499],
    [25, 0.000790198],
    [30, 0.000598311],
    [40, 0.000348922],
    [50, 0.000249777],
    [60, 0.00019938],
    [70, 0.000137366],
    [80, 0.0000905878],
    [100, 0.0000487501],
    [120, 0.000035265],
    [140, 0.0000251242],
    [160, 0.0000174791]
  ]
}