{
  "reaction": {
    "lhs": [
      { "state": { "particle": "e", "charge": -1 }, "count": 1 },
      {
        "state": {
          "particle": "H2",
          "charge": 0,
          "descriptor": { "type": 1, "accuracy": 2, "e": "X", "Lambda": 0, "S": 0, "parity": "g", "v": 0 }
        },
        "count": 1
      }
    ],
    "rhs": [
      { "state": { "particle": "e", "charge": -1 }, "count": 1 },
      {
        "state": {
          "particle": "H2",
          "charge": 0,
          "descriptor": {
            "type": 1,
            "accuracy": 2,
            "e": "d",
            "Lambda": 1,
            "S": 1,
            "parity": "u",
            "v": 10
          }
        },
        "count": 1
      }
    ],
    "type_tags": ["Electronic", "Vibrational"],
    "reversible": false
  },
  "threshold": 15.9788,
  "data": [
    [15.9788, 0],
    [16, 0.00000815085],
    [17, 0.0003901],
    [18, 0.000613749],
    [19, 0.000756318],
    [20, 0.00080638],
    [22, 0.000779083],
    [25, 0.000667633],
    [30, 0.000463778],
    [40, 0.000285516],
    [50, 0.000167213],
    [60, 0.0000995902],
    [70, 0.0000805834],
    [80, 0.0000765826],
    [100, 0.000048914],
    [120, 0.0000219768],
    [140, 0.0000157703],
    [160, 0.0000110341]
  ]
}