{
  "reaction": {
    "lhs": [
      { "state": { "particle": "e", "charge": -1 }, "count": 1 },
      {
        "state": {
          "particle": "H2",
          "charge": 0,
          "descriptor": { "type": 1, "accuracy": 2, "e": "X", "Lambda": 0, "S": 0, "parity": "g", "v": 0 }
        },
        "count": 1
      }
    ],
    "rhs": [
      { "state": { "particle": "e", "charge": -1 }, "count": 1 },
      {
        "state": {
          "particle": "H2",
          "charge": 0,
          "descriptor": { "type": 1, "accuracy": 2, "e": "I", "Lambda": 1, "S": 0, "parity": "g", "v": 3 }
        },
        "count": 1
      }
    ],
    "type_tags": ["Electronic", "Vibrational"],
    "reversible": false
  },
  "threshold": 14.6048,
  "data": [
    [14.6048, 0],
    [15, 0.00122669],
    [16, 0.00232718],
    [17, 0.00190546],
    [18, 0.00196918],
    [19, 0.00193724],
    [20, 0.00200594],
    [22, 0.00236685],
    [25, 0.00255982],
    [30, 0.00247269],
    [40, 0.00199445],
    [50, 0.00158983],
    [60, 0.00143214],
    [70, 0.00134311],
    [80, 0.00121316],
    [100, 0.00101318],
    [120, 0.000862326],
    [140, 0.000751203],
    [160, 0.000667434]
  ]
}