{
  "reaction": {
    "lhs": [
      { "state": { "particle": "e", "charge": -1 }, "count": 1 },
      {
        "state": {
          "particle": "H2",
          "charge": 0,
          "descriptor": { "type": 1, "accuracy": 2, "e": "X", "Lambda": 0, "S": 0, "parity": "g", "v": 0 }
        },
        "count": 1
      }
    ],
    "rhs": [
      { "state": { "particle": "e", "charge": -1 }, "count": 1 },
      {
        "state": {
          "particle": "H2",
          "charge": 0,
          "descriptor": {
            "type": 1,
            "accuracy": 2,
            "e": "g",
            "Lambda": 0,
            "S": 1,
            "parity": "g",
            "v": 13
          }
        },
        "count": 1
      }
    ],
    "type_tags": ["Electronic", "Vibrational"],
    "reversible": false
  },
  "threshold": 16.3731,
  "data": [
    [16.3731, 0],
    [17, 0.0000101427],
    [18, 0.0000272656],
    [19, 0.0000435045],
    [20, 0.0000507252],
    [22, 0.0000477857],
    [25, 0.0000359708],
    [30, 0.0000158242],
    [40, 0.00000758763],
    [50, 0.00000419703],
    [60, 0.0000027361],
    [70, 0.00000192635],
    [80, 0.00000170032],
    [100, 0.0000013716],
    [120, 0.00000128645],
    [140, 0.00000116041],
    [160, 0.00000102658]
  ]
}