{
  "reaction": {
    "lhs": [
      { "state": { "particle": "e", "charge": -1 }, "count": 1 },
      {
        "state": {
          "particle": "H2",
          "charge": 0,
          "descriptor": { "type": 1, "accuracy": 2, "e": "X", "Lambda": 0, "S": 0, "parity": "g", "v": 0 }
        },
        "count": 1
      }
    ],
    "rhs": [
      { "state": { "particle": "e", "charge": -1 }, "count": 1 },
      {
        "state": {
          "particle": "H2",
          "charge": 0,
          "descriptor": {
            "type": 1,
            "accuracy": 2,
            "e": "H",
            "Lambda": 0,
            "S": 0,
            "parity": "g",
            "v": 35
          }
        },
        "count": 1
      }
    ],
    "type_tags": ["Electronic", "Vibrational"],
    "reversible": false
  },
  "threshold": 16.0394,
  "data": [
    [16.0394, 0],
    [17, 0.0000736479],
    [18, 0.0000947123],
    [19, 0.0000966437],
    [20, 0.0000899067],
    [22, 0.0000778566],
    [25, 0.0000672621],
    [30, 0.0000623619],
    [40, 0.0000689391],
    [50, 0.0000687989],
    [60, 0.0000612147],
    [70, 0.0000534114],
    [80, 0.0000502271],
    [100, 0.0000466515],
    [120, 0.00004529],
    [140, 0.0000425559],
    [160, 0.0000399549]
  ]
}