{
  "reaction": {
    "lhs": [
      { "state": { "particle": "e", "charge": -1 }, "count": 1 },
      {
        "state": {
          "particle": "H2",
          "charge": 0,
          "descriptor": { "type": 1, "accuracy": 2, "e": "X", "Lambda": 0, "S": 0, "parity": "g", "v": 0 }
        },
        "count": 1
      }
    ],
    "rhs": [
      { "state": { "particle": "e", "charge": -1 }, "count": 1 },
      {
        "state": {
          "particle": "H2",
          "charge": 0,
          "descriptor": {
            "type": 1,
            "accuracy": 2,
            "e": "B",
            "Lambda": 0,
            "S": 0,
            "parity": "u",
            "v": 27
          }
        },
        "count": 1
      }
    ],
    "type_tags": ["Electronic", "Vibrational"],
    "reversible": false
  },
  "threshold": 14.2649,
  "data": [
    [14.2649, 0],
    [15, 0.000234605],
    [16, 0.000449834],
    [17, 0.000638632],
    [18, 0.000797159],
    [19, 0.000927985],
    [20, 0.00103945],
    [22, 0.00123078],
    [25, 0.00148082],
    [30, 0.00177168],
    [40, 0.00213308],
    [50, 0.00230012],
    [60, 0.00236641],
    [70, 0.00236585],
    [80, 0.00233388],
    [100, 0.00224025],
    [120, 0.00212816],
    [140, 0.00201211],
    [160, 0.00189606]
  ]
}