{
  "reaction": {
    "lhs": [
      { "state": { "particle": "e", "charge": -1 }, "count": 1 },
      {
        "state": {
          "particle": "H2",
          "charge": 0,
          "descriptor": { "type": 1, "accuracy": 2, "e": "X", "Lambda": 0, "S": 0, "parity": "g", "v": 0 }
        },
        "count": 1
      }
    ],
    "rhs": [
      { "state": { "particle": "e", "charge": -1 }, "count": 1 },
      {
        "state": {
          "particle": "H2",
          "charge": 0,
          "descriptor": {
            "type": 1,
            "accuracy": 2,
            "e": "Bp",
            "Lambda": 0,
            "S": 0,
            "parity": "u",
            "v": 4
          }
        },
        "count": 1
      }
    ],
    "type_tags": ["Electronic", "Vibrational"],
    "reversible": false
  },
  "threshold": 14.4957,
  "data": [
    [14.4957, 0],
    [15, 0.00262064],
    [16, 0.00462028],
    [17, 0.0058255],
    [18, 0.00665631],
    [19, 0.00746661],
    [20, 0.00831738],
    [22, 0.00999404],
    [25, 0.0121595],
    [30, 0.0146855],
    [40, 0.0176665],
    [50, 0.0188493],
    [60, 0.0193337],
    [70, 0.0194956],
    [80, 0.0194445],
    [100, 0.0187937],
    [120, 0.0176555],
    [140, 0.0165506],
    [160, 0.0155874]
  ]
}