{
  "reaction": {
    "lhs": [
      { "state": { "particle": "e", "charge": -1 }, "count": 1 },
      {
        "state": {
          "particle": "H2",
          "charge": 0,
          "descriptor": { "type": 1, "accuracy": 2, "e": "X", "Lambda": 0, "S": 0, "parity": "g", "v": 0 }
        },
        "count": 1
      }
    ],
    "rhs": [
      { "state": { "particle": "e", "charge": -1 }, "count": 1 },
      {
        "state": {
          "particle": "H2",
          "charge": 0,
          "descriptor": {
            "type": 1,
            "accuracy": 2,
            "e": "H",
            "Lambda": 0,
            "S": 0,
            "parity": "g",
            "v": 51
          }
        },
        "count": 1
      }
    ],
    "type_tags": ["Electronic", "Vibrational"],
    "reversible": false
  },
  "threshold": 16.453,
  "data": [
    [16.453, 0],
    [17, 0.000032296],
    [18, 0.0000452291],
    [19, 0.0000472233],
    [20, 0.0000423533],
    [22, 0.0000319148],
    [25, 0.0000239359],
    [30, 0.0000241825],
    [40, 0.0000267351],
    [50, 0.0000257131],
    [60, 0.0000232959],
    [70, 0.0000210642],
    [80, 0.0000200527],
    [100, 0.0000188703],
    [120, 0.0000179917],
    [140, 0.0000167063],
    [160, 0.0000156663]
  ]
}