{
  "reaction": {
    "lhs": [
      { "state": { "particle": "e", "charge": -1 }, "count": 1 },
      {
        "state": {
          "particle": "H2",
          "charge": 0,
          "descriptor": { "type": 1, "accuracy": 2, "e": "X", "Lambda": 0, "S": 0, "parity": "g", "v": 0 }
        },
        "count": 1
      }
    ],
    "rhs": [
      { "state": { "particle": "e", "charge": -1 }, "count": 1 },
      {
        "state": {
          "particle": "H2",
          "charge": 0,
          "descriptor": { "type": 1, "accuracy": 2, "e": "j", "Lambda": 2, "S": 1, "parity": "g", "v": 5 }
        },
        "count": 1
      }
    ],
    "type_tags": ["Electronic", "Vibrational"],
    "reversible": false
  },
  "threshold": 15.1598,
  "data": [
    [15.1598, 0],
    [16, 0.000803903],
    [17, 0.00141069],
    [18, 0.001404],
    [19, 0.00138134],
    [20, 0.00133882],
    [22, 0.00120065],
    [25, 0.000922329],
    [30, 0.000503346],
    [40, 0.000243848],
    [50, 0.000129763],
    [60, 0.0000976242],
    [70, 0.0000962242],
    [80, 0.0000960166],
    [100, 0.0000593666],
    [120, 0.0000195155],
    [140, 0.0000137858],
    [160, 0.00000938325]
  ]
}