{
  "reaction": {
    "lhs": [
      { "state": { "particle": "e", "charge": -1 }, "count": 1 },
      {
        "state": {
          "particle": "H2",
          "charge": 0,
          "descriptor": { "type": 1, "accuracy": 2, "e": "X", "Lambda": 0, "S": 0, "parity": "g", "v": 0 }
        },
        "count": 1
      }
    ],
    "rhs": [
      { "state": { "particle": "e", "charge": -1 }, "count": 1 },
      {
        "state": {
          "particle": "H2",
          "charge": 0,
          "descriptor": {
            "type": 1,
            "accuracy": 2,
            "e": "c",
            "Lambda": 1,
            "S": 1,
            "parity": "u",
            "v": 14
          }
        },
        "count": 1
      }
    ],
    "type_tags": ["Electronic", "Vibrational"],
    "reversible": false
  },
  "threshold": 14.5039,
  "data": [
    [14.5039, 0],
    [15, 2.71608e-13],
    [16, 5.61902e-13],
    [17, 6.66023e-13],
    [18, 5.29965e-13],
    [19, 2.75261e-13],
    [20, 1.32119e-13],
    [22, 1.14834e-13],
    [25, 1.01124e-13],
    [30, 9.6693e-14],
    [40, 0.000076477],
    [50, 0.0000527305],
    [60, 0.0000244078],
    [70, 0.0000193177],
    [80, 0.0000182638],
    [100, 0.0000118467],
    [120, 0.00000561697],
    [140, 0.00000403865],
    [160, 0.00000283657]
  ]
}