{
  "reaction": {
    "lhs": [
      { "state": { "particle": "e", "charge": -1 }, "count": 1 },
      {
        "state": {
          "particle": "H2",
          "charge": 0,
          "descriptor": { "type": 1, "accuracy": 2, "e": "X", "Lambda": 0, "S": 0, "parity": "g", "v": 0 }
        },
        "count": 1
      }
    ],
    "rhs": [
      { "state": { "particle": "e", "charge": -1 }, "count": 1 },
      {
        "state": {
          "particle": "H2",
          "charge": 0,
          "descriptor": {
            "type": 1,
            "accuracy": 2,
            "e": "EF",
            "Lambda": 0,
            "S": 0,
            "parity": "g",
            "v": 17
          }
        },
        "count": 1
      }
    ],
    "type_tags": ["Electronic", "Vibrational"],
    "reversible": false
  },
  "threshold": 13.752,
  "data": [
    [13.752, 0],
    [14, 0.00268505],
    [15, 0.00378705],
    [16, 0.0025353],
    [17, 0.00255936],
    [18, 0.00281552],
    [19, 0.00290495],
    [20, 0.00268574],
    [22, 0.0025686],
    [25, 0.00240573],
    [30, 0.00229516],
    [40, 0.00229756],
    [50, 0.00226115],
    [60, 0.00216311],
    [70, 0.00201707],
    [80, 0.00188602],
    [100, 0.00171943],
    [120, 0.00164797],
    [140, 0.00155165],
    [160, 0.00144306]
  ]
}