{
  "reaction": {
    "lhs": [
      { "state": { "particle": "e", "charge": -1 }, "count": 1 },
      {
        "state": {
          "particle": "H2",
          "charge": 0,
          "descriptor": { "type": 1, "accuracy": 2, "e": "X", "Lambda": 0, "S": 0, "parity": "g", "v": 0 }
        },
        "count": 1
      }
    ],
    "rhs": [
      { "state": { "particle": "e", "charge": -1 }, "count": 1 },
      {
        "state": {
          "particle": "H2",
          "charge": 0,
          "descriptor": { "type": 1, "accuracy": 2, "e": "d", "Lambda": 1, "S": 1, "parity": "u", "v": 5 }
        },
        "count": 1
      }
    ],
    "type_tags": ["Electronic", "Vibrational"],
    "reversible": false
  },
  "threshold": 15.0954,
  "data": [
    [15.0954, 0],
    [16, 0.00406192],
    [17, 0.0068452],
    [18, 0.0067374],
    [19, 0.0064911],
    [20, 0.00622196],
    [22, 0.00569657],
    [25, 0.00481818],
    [30, 0.00345926],
    [40, 0.00174062],
    [50, 0.000995232],
    [60, 0.000685484],
    [70, 0.00054765],
    [80, 0.000515436],
    [100, 0.000320975],
    [120, 0.000144101],
    [140, 0.000103389],
    [160, 0.0000722988]
  ]
}