{
  "reaction": {
    "lhs": [
      { "state": { "particle": "e", "charge": -1 }, "count": 1 },
      {
        "state": {
          "particle": "H2",
          "charge": 0,
          "descriptor": { "type": 1, "accuracy": 2, "e": "X", "Lambda": 0, "S": 0, "parity": "g", "v": 0 }
        },
        "count": 1
      }
    ],
    "rhs": [
      { "state": { "particle": "e", "charge": -1 }, "count": 1 },
      {
        "state": {
          "particle": "H2",
          "charge": 0,
          "descriptor": {
            "type": 1,
            "accuracy": 2,
            "e": "j",
            "Lambda": 2,
            "S": 1,
            "parity": "g",
            "v": 14
          }
        },
        "count": 1
      }
    ],
    "type_tags": ["Electronic", "Vibrational"],
    "reversible": false
  },
  "threshold": 16.4419,
  "data": [
    [16.4419, 0],
    [17, 0.00000391698],
    [18, 0.0000147016],
    [19, 0.0000262217],
    [20, 0.0000315919],
    [22, 0.0000297176],
    [25, 0.0000221538],
    [30, 0.00000901598],
    [40, 0.00000199484],
    [50, 0.00000187981],
    [60, 0.00000186284],
    [70, 0.00000163385],
    [80, 0.00000128971],
    [100, 8.65362e-7],
    [120, 5.78628e-7],
    [140, 4.12805e-7],
    [160, 2.88858e-7]
  ]
}