{
  "reaction": {
    "lhs": [
      { "state": { "particle": "e", "charge": -1 }, "count": 1 },
      {
        "state": {
          "particle": "H2",
          "charge": 0,
          "descriptor": { "type": 1, "accuracy": 2, "e": "X", "Lambda": 0, "S": 0, "parity": "g", "v": 0 }
        },
        "count": 1
      }
    ],
    "rhs": [
      { "state": { "particle": "e", "charge": -1 }, "count": 1 },
      {
        "state": {
          "particle": "H2",
          "charge": 0,
          "descriptor": {
            "type": 1,
            "accuracy": 2,
            "e": "d",
            "Lambda": 1,
            "S": 1,
            "parity": "u",
            "v": 11
          }
        },
        "count": 1
      }
    ],
    "type_tags": ["Electronic", "Vibrational"],
    "reversible": false
  },
  "threshold": 16.1127,
  "data": [
    [16.1127, 0],
    [17, 0.000102283],
    [18, 0.000192646],
    [19, 0.000266166],
    [20, 0.000296522],
    [22, 0.000286015],
    [25, 0.000243175],
    [30, 0.00016529],
    [40, 0.000100225],
    [50, 0.0000580528],
    [60, 0.0000343918],
    [70, 0.0000277459],
    [80, 0.0000263536],
    [100, 0.000016862],
    [120, 0.00000761629],
    [140, 0.00000546556],
    [160, 0.00000382464]
  ]
}