{
  "reaction": {
    "lhs": [
      { "state": { "particle": "e", "charge": -1 }, "count": 1 },
      {
        "state": {
          "particle": "H2",
          "charge": 0,
          "descriptor": { "type": 1, "accuracy": 2, "e": "X", "Lambda": 0, "S": 0, "parity": "g", "v": 0 }
        },
        "count": 1
      }
    ],
    "rhs": [
      { "state": { "particle": "e", "charge": -1 }, "count": 1 },
      {
        "state": {
          "particle": "H2",
          "charge": 0,
          "descriptor": {
            "type": 1,
            "accuracy": 2,
            "e": "EF",
            "Lambda": 0,
            "S": 0,
            "parity": "g",
            "v": 32
          }
        },
        "count": 1
      }
    ],
    "type_tags": ["Electronic", "Vibrational"],
    "reversible": false
  },
  "threshold": 14.6734,
  "data": [
    [14.6734, 0],
    [15, 0.00013042],
    [16, 0.000109097],
    [17, 0.0000790165],
    [18, 0.0000742452],
    [19, 0.000075316],
    [20, 0.0000772423],
    [22, 0.0000798392],
    [25, 0.0000730508],
    [30, 0.0000641413],
    [40, 0.0000654622],
    [50, 0.0000651503],
    [60, 0.0000630106],
    [70, 0.0000597959],
    [80, 0.0000570185],
    [100, 0.0000521632],
    [120, 0.0000483126],
    [140, 0.0000448202],
    [160, 0.0000413043]
  ]
}