{
  "reaction": {
    "lhs": [
      { "state": { "particle": "e", "charge": -1 }, "count": 1 },
      {
        "state": {
          "particle": "H2",
          "charge": 0,
          "descriptor": { "type": 1, "accuracy": 2, "e": "X", "Lambda": 0, "S": 0, "parity": "g", "v": 0 }
        },
        "count": 1
      }
    ],
    "rhs": [
      { "state": { "particle": "e", "charge": -1 }, "count": 1 },
      {
        "state": {
          "particle": "H2",
          "charge": 0,
          "descriptor": { "type": 1, "accuracy": 2, "e": "i", "Lambda": 1, "S": 1, "parity": "g", "v": 1 }
        },
        "count": 1
      }
    ],
    "type_tags": ["Electronic", "Vibrational"],
    "reversible": false
  },
  "threshold": 14.1428,
  "data": [
    [14.1428, 0],
    [15, 0.0035368],
    [16, 0.00378585],
    [17, 0.0038215],
    [18, 0.00351161],
    [19, 0.00288037],
    [20, 0.0023754],
    [22, 0.00192223],
    [25, 0.00160581],
    [30, 0.0013431],
    [40, 0.00057784],
    [50, 0.000402997],
    [60, 0.000364524],
    [70, 0.000290669],
    [80, 0.000207328],
    [100, 0.0000817469],
    [120, 0.0000166019],
    [140, 0.000011783],
    [160, 0.00000804719]
  ]
}