{
  "reaction": {
    "lhs": [
      { "state": { "particle": "e", "charge": -1 }, "count": 1 },
      {
        "state": {
          "particle": "H2",
          "charge": 0,
          "descriptor": { "type": 1, "accuracy": 2, "e": "X", "Lambda": 0, "S": 0, "parity": "g", "v": 0 }
        },
        "count": 1
      }
    ],
    "rhs": [
      { "state": { "particle": "e", "charge": -1 }, "count": 1 },
      {
        "state": {
          "particle": "H2",
          "charge": 0,
          "descriptor": { "type": 1, "accuracy": 2, "e": "H", "Lambda": 0, "S": 0, "parity": "g", "v": 1 }
        },
        "count": 1
      }
    ],
    "type_tags": ["Electronic", "Vibrational"],
    "reversible": false
  },
  "threshold": 14.2864,
  "data": [
    [14.2864, 0],
    [15, 0.00442454],
    [16, 0.00667799],
    [17, 0.00726501],
    [18, 0.00690649],
    [19, 0.0063626],
    [20, 0.00599874],
    [22, 0.00577701],
    [25, 0.00579301],
    [30, 0.00595828],
    [40, 0.00562918],
    [50, 0.00532705],
    [60, 0.00528438],
    [70, 0.00538074],
    [80, 0.00544808],
    [100, 0.00492192],
    [120, 0.00454366],
    [140, 0.00418046],
    [160, 0.00383142]
  ]
}