{
  "reaction": {
    "lhs": [
      { "state": { "particle": "e", "charge": -1 }, "count": 1 },
      {
        "state": {
          "particle": "H2",
          "charge": 0,
          "descriptor": { "type": 1, "accuracy": 2, "e": "X", "Lambda": 0, "S": 0, "parity": "g", "v": 0 }
        },
        "count": 1
      }
    ],
    "rhs": [
      { "state": { "particle": "e", "charge": -1 }, "count": 1 },
      {
        "state": {
          "particle": "H2",
          "charge": 0,
          "descriptor": {
            "type": 1,
            "accuracy": 2,
            "e": "g",
            "Lambda": 0,
            "S": 1,
            "parity": "g",
            "v": 17
          }
        },
        "count": 1
      }
    ],
    "type_tags": ["Electronic", "Vibrational"],
    "reversible": false
  },
  "threshold": 16.5555,
  "data": [
    [16.5555, 0],
    [17, 4.19533e-7],
    [18, 0.00000318005],
    [19, 0.00000647621],
    [20, 0.00000807185],
    [22, 0.00000760866],
    [25, 0.00000574251],
    [30, 0.00000252507],
    [40, 9.66996e-7],
    [50, 6.12507e-7],
    [60, 5.34642e-7],
    [70, 3.97099e-7],
    [80, 3.04119e-7],
    [100, 3.25921e-7],
    [120, 3.47724e-7],
    [140, 3.39623e-7],
    [160, 3.17225e-7]
  ]
}