{
  "reaction": {
    "lhs": [
      { "state": { "particle": "e", "charge": -1 }, "count": 1 },
      {
        "state": {
          "particle": "H2",
          "charge": 0,
          "descriptor": { "type": 1, "accuracy": 2, "e": "X", "Lambda": 0, "S": 0, "parity": "g", "v": 0 }
        },
        "count": 1
      }
    ],
    "rhs": [
      { "state": { "particle": "e", "charge": -1 }, "count": 1 },
      {
        "state": {
          "particle": "H2",
          "charge": 0,
          "descriptor": {
            "type": 1,
            "accuracy": 2,
            "e": "EF",
            "Lambda": 0,
            "S": 0,
            "parity": "g",
            "v": 19
          }
        },
        "count": 1
      }
    ],
    "type_tags": ["Electronic", "Vibrational"],
    "reversible": false
  },
  "threshold": 13.9121,
  "data": [
    [13.9121, 0],
    [14, 0.001067],
    [15, 0.00274022],
    [16, 0.00186127],
    [17, 0.00174137],
    [18, 0.0019486],
    [19, 0.00204739],
    [20, 0.00189326],
    [22, 0.00177215],
    [25, 0.0016597],
    [30, 0.0015467],
    [40, 0.00154468],
    [50, 0.00152358],
    [60, 0.0014591],
    [70, 0.00135989],
    [80, 0.0012701],
    [100, 0.00115751],
    [120, 0.00111268],
    [140, 0.00104912],
    [160, 0.000976697]
  ]
}