{
  "reaction": {
    "lhs": [
      { "state": { "particle": "e", "charge": -1 }, "count": 1 },
      {
        "state": {
          "particle": "H2",
          "charge": 0,
          "descriptor": { "type": 1, "accuracy": 2, "e": "X", "Lambda": 0, "S": 0, "parity": "g", "v": 0 }
        },
        "count": 1
      }
    ],
    "rhs": [
      { "state": { "particle": "e", "charge": -1 }, "count": 1 },
      {
        "state": {
          "particle": "H2",
          "charge": 0,
          "descriptor": {
            "type": 1,
            "accuracy": 2,
            "e": "J",
            "Lambda": 2,
            "S": 0,
            "parity": "g",
            "v": 11
          }
        },
        "count": 1
      }
    ],
    "type_tags": ["Electronic", "Vibrational"],
    "reversible": false
  },
  "threshold": 16.1485,
  "data": [
    [16.1485, 0],
    [17, 0.0000489084],
    [18, 0.0000772816],
    [19, 0.0000781748],
    [20, 0.0000786704],
    [22, 0.0000736789],
    [25, 0.0000804707],
    [30, 0.0000890697],
    [40, 0.0000779606],
    [50, 0.000082405],
    [60, 0.0000710184],
    [70, 0.0000544906],
    [80, 0.0000478833],
    [100, 0.0000385535],
    [120, 0.0000317775],
    [140, 0.0000273063],
    [160, 0.0000241589]
  ]
}