{
  "reaction": {
    "lhs": [
      { "state": { "particle": "e", "charge": -1 }, "count": 1 },
      {
        "state": {
          "particle": "H2",
          "charge": 0,
          "descriptor": { "type": 1, "accuracy": 2, "e": "X", "Lambda": 0, "S": 0, "parity": "g", "v": 0 }
        },
        "count": 1
      }
    ],
    "rhs": [
      { "state": { "particle": "e", "charge": -1 }, "count": 1 },
      {
        "state": {
          "particle": "H2",
          "charge": 0,
          "descriptor": {
            "type": 1,
            "accuracy": 2,
            "e": "H",
            "Lambda": 0,
            "S": 0,
            "parity": "g",
            "v": 59
          }
        },
        "count": 1
      }
    ],
    "type_tags": ["Electronic", "Vibrational"],
    "reversible": false
  },
  "threshold": 16.5568,
  "data": [
    [16.5568, 0],
    [17, 0.0000224044],
    [18, 0.0000317369],
    [19, 0.0000329173],
    [20, 0.0000287835],
    [22, 0.0000201642],
    [25, 0.0000140201],
    [30, 0.0000151787],
    [40, 0.000016594],
    [50, 0.0000155096],
    [60, 0.0000143033],
    [70, 0.0000133418],
    [80, 0.000012841],
    [100, 0.0000121811],
    [120, 0.0000114877],
    [140, 0.0000105945],
    [160, 0.00000991536]
  ]
}