{
  "reaction": {
    "lhs": [
      { "state": { "particle": "e", "charge": -1 }, "count": 1 },
      {
        "state": {
          "particle": "H2",
          "charge": 0,
          "descriptor": { "type": 1, "accuracy": 2, "e": "X", "Lambda": 0, "S": 0, "parity": "g", "v": 0 }
        },
        "count": 1
      }
    ],
    "rhs": [
      { "state": { "particle": "e", "charge": -1 }, "count": 1 },
      {
        "state": {
          "particle": "H2",
          "charge": 0,
          "descriptor": { "type": 1, "accuracy": 2, "e": "i", "Lambda": 1, "S": 1, "parity": "g", "v": 2 }
        },
        "count": 1
      }
    ],
    "type_tags": ["Electronic", "Vibrational"],
    "reversible": false
  },
  "threshold": 14.388,
  "data": [
    [14.388, 0],
    [15, 0.0035374],
    [16, 0.00402137],
    [17, 0.00409078],
    [18, 0.00377115],
    [19, 0.00312006],
    [20, 0.00259918],
    [22, 0.00213325],
    [25, 0.00181129],
    [30, 0.00153369],
    [40, 0.000644058],
    [50, 0.00044834],
    [60, 0.000405942],
    [70, 0.000322231],
    [80, 0.00022672],
    [100, 0.0000879646],
    [120, 0.0000173576],
    [140, 0.0000123179],
    [160, 0.00000841008]
  ]
}