{
  "reaction": {
    "lhs": [
      { "state": { "particle": "e", "charge": -1 }, "count": 1 },
      {
        "state": {
          "particle": "H2",
          "charge": 0,
          "descriptor": { "type": 1, "accuracy": 2, "e": "X", "Lambda": 0, "S": 0, "parity": "g", "v": 0 }
        },
        "count": 1
      }
    ],
    "rhs": [
      { "state": { "particle": "e", "charge": -1 }, "count": 1 },
      {
        "state": {
          "particle": "H2",
          "charge": 0,
          "descriptor": {
            "type": 1,
            "accuracy": 2,
            "e": "B",
            "Lambda": 0,
            "S": 0,
            "parity": "u",
            "v": 24
          }
        },
        "count": 1
      }
    ],
    "type_tags": ["Electronic", "Vibrational"],
    "reversible": false
  },
  "threshold": 14.0437,
  "data": [
    [14.0437, 0],
    [15, 0.000539714],
    [16, 0.000919488],
    [17, 0.00124025],
    [18, 0.00150933],
    [19, 0.00173573],
    [20, 0.00193283],
    [22, 0.00227825],
    [25, 0.00273076],
    [30, 0.00327842],
    [40, 0.00394029],
    [50, 0.00424996],
    [60, 0.0043706],
    [70, 0.00436307],
    [80, 0.00429771],
    [100, 0.00412118],
    [120, 0.00391748],
    [140, 0.00370631],
    [160, 0.0034938]
  ]
}