{
  "reaction": {
    "lhs": [
      { "state": { "particle": "e", "charge": -1 }, "count": 1 },
      {
        "state": {
          "particle": "H2",
          "charge": 0,
          "descriptor": { "type": 1, "accuracy": 2, "e": "X", "Lambda": 0, "S": 0, "parity": "g", "v": 0 }
        },
        "count": 1
      }
    ],
    "rhs": [
      { "state": { "particle": "e", "charge": -1 }, "count": 1 },
      {
        "state": {
          "particle": "H2",
          "charge": 0,
          "descriptor": { "type": 1, "accuracy": 2, "e": "c", "Lambda": 1, "S": 1, "parity": "u", "v": 6 }
        },
        "count": 1
      }
    ],
    "type_tags": ["Electronic", "Vibrational"],
    "reversible": false
  },
  "threshold": 13.2928,
  "data": [
    [13.2928, 0],
    [14, 0.0130495],
    [15, 0.0179827],
    [16, 0.0177584],
    [17, 0.0173557],
    [18, 0.0170161],
    [19, 0.0166476],
    [20, 0.0161552],
    [22, 0.0147974],
    [25, 0.0123253],
    [30, 0.00843546],
    [40, 0.00395488],
    [50, 0.0020624],
    [60, 0.00134634],
    [70, 0.00104864],
    [80, 0.00098316],
    [100, 0.000609084],
    [120, 0.000267716],
    [140, 0.000192602],
    [160, 0.000135194]
  ]
}