{
  "reaction": {
    "lhs": [
      { "state": { "particle": "e", "charge": -1 }, "count": 1 },
      {
        "state": {
          "particle": "H2",
          "charge": 0,
          "descriptor": { "type": 1, "accuracy": 2, "e": "X", "Lambda": 0, "S": 0, "parity": "g", "v": 0 }
        },
        "count": 1
      }
    ],
    "rhs": [
      { "state": { "particle": "e", "charge": -1 }, "count": 1 },
      {
        "state": {
          "particle": "H2",
          "charge": 0,
          "descriptor": {
            "type": 1,
            "accuracy": 2,
            "e": "j",
            "Lambda": 2,
            "S": 1,
            "parity": "g",
            "v": 11
          }
        },
        "count": 1
      }
    ],
    "type_tags": ["Electronic", "Vibrational"],
    "reversible": false
  },
  "threshold": 16.1483,
  "data": [
    [16.1483, 0],
    [17, 0.0000230296],
    [18, 0.0000394014],
    [19, 0.0000502143],
    [20, 0.0000541185],
    [22, 0.0000519668],
    [25, 0.0000431157],
    [30, 0.0000264101],
    [40, 0.00000849626],
    [50, 0.00000575207],
    [60, 0.00000522692],
    [70, 0.00000478998],
    [80, 0.00000427914],
    [100, 0.00000267413],
    [120, 0.00000142722],
    [140, 0.00000101174],
    [160, 6.96467e-7]
  ]
}