{
  "reaction": {
    "lhs": [
      { "state": { "particle": "e", "charge": -1 }, "count": 1 },
      {
        "state": {
          "particle": "H2",
          "charge": 0,
          "descriptor": { "type": 1, "accuracy": 2, "e": "X", "Lambda": 0, "S": 0, "parity": "g", "v": 0 }
        },
        "count": 1
      }
    ],
    "rhs": [
      { "state": { "particle": "e", "charge": -1 }, "count": 1 },
      {
        "state": {
          "particle": "H2",
          "charge": 0,
          "descriptor": { "type": 1, "accuracy": 2, "e": "H", "Lambda": 0, "S": 0, "parity": "g", "v": 7 }
        },
        "count": 1
      }
    ],
    "type_tags": ["Electronic", "Vibrational"],
    "reversible": false
  },
  "threshold": 15.2842,
  "data": [
    [15.2842, 0],
    [16, 1.73816e-11],
    [17, 2.24837e-11],
    [18, 2.29434e-11],
    [19, 2.10978e-11],
    [20, 1.95836e-11],
    [22, 1.94142e-11],
    [25, 1.95117e-11],
    [30, 1.84426e-11],
    [40, 1.90069e-11],
    [50, 1.8838e-11],
    [60, 1.73591e-11],
    [70, 1.59575e-11],
    [80, 1.5458e-11],
    [100, 1.42251e-11],
    [120, 1.37668e-11],
    [140, 1.2991e-11],
    [160, 1.21055e-11]
  ]
}