{
  "reaction": {
    "lhs": [
      { "state": { "particle": "e", "charge": -1 }, "count": 1 },
      {
        "state": {
          "particle": "H2",
          "charge": 0,
          "descriptor": { "type": 1, "accuracy": 2, "e": "X", "Lambda": 0, "S": 0, "parity": "g", "v": 2 }
        },
        "count": 1
      }
    ],
    "rhs": [
      { "state": { "particle": "e", "charge": -1 }, "count": 1 },
      {
        "state": {
          "particle": "H2",
          "charge": 0,
          "descriptor": { "type": 1, "accuracy": 2, "e": "j", "Lambda": 2, "S": 1, "parity": "g", "v": 2 }
        },
        "count": 1
      }
    ],
    "type_tags": ["Electronic", "Vibrational"],
    "reversible": false
  },
  "threshold": 13.4749,
  "data": [
    [13.4749, 0],
    [14, 0.00134152],
    [15, 0.00185799],
    [16, 0.00184653],
    [17, 0.00170032],
    [18, 0.00155829],
    [19, 0.0013069],
    [20, 0.00110114],
    [22, 0.000880031],
    [25, 0.000670844],
    [30, 0.000472616],
    [40, 0.000331892],
    [50, 0.000237627],
    [60, 0.000165712],
    [70, 0.000104527],
    [80, 0.0000630656],
    [100, 0.0000324595],
    [120, 0.000025438],
    [140, 0.0000180974],
    [160, 0.0000125745]
  ]
}