{
  "reaction": {
    "lhs": [
      { "state": { "particle": "e", "charge": -1 }, "count": 1 },
      {
        "state": {
          "particle": "H2",
          "charge": 0,
          "descriptor": { "type": 1, "accuracy": 2, "e": "X", "Lambda": 0, "S": 0, "parity": "g", "v": 2 }
        },
        "count": 1
      }
    ],
    "rhs": [
      { "state": { "particle": "e", "charge": -1 }, "count": 1 },
      {
        "state": {
          "particle": "H2",
          "charge": 0,
          "descriptor": {
            "type": 1,
            "accuracy": 2,
            "e": "H",
            "Lambda": 0,
            "S": 0,
            "parity": "g",
            "v": 27
          }
        },
        "count": 1
      }
    ],
    "type_tags": ["Electronic", "Vibrational"],
    "reversible": false
  },
  "threshold": 14.8343,
  "data": [
    [14.8343, 0],
    [15, 0.00000833042],
    [16, 0.0000210027],
    [17, 0.0000361797],
    [18, 0.0000451823],
    [19, 0.0000456079],
    [20, 0.0000421225],
    [22, 0.0000370365],
    [25, 0.0000345213],
    [30, 0.0000358658],
    [40, 0.0000336195],
    [50, 0.0000308338],
    [60, 0.0000300508],
    [70, 0.0000304409],
    [80, 0.0000308939],
    [100, 0.0000280171],
    [120, 0.0000253647],
    [140, 0.0000228548],
    [160, 0.0000207762]
  ]
}