{
  "reaction": {
    "lhs": [
      { "state": { "particle": "e", "charge": -1 }, "count": 1 },
      {
        "state": {
          "particle": "H2",
          "charge": 0,
          "descriptor": { "type": 1, "accuracy": 2, "e": "X", "Lambda": 0, "S": 0, "parity": "g", "v": 2 }
        },
        "count": 1
      }
    ],
    "rhs": [
      { "state": { "particle": "e", "charge": -1 }, "count": 1 },
      {
        "state": {
          "particle": "H2",
          "charge": 0,
          "descriptor": {
            "type": 1,
            "accuracy": 2,
            "e": "g",
            "Lambda": 0,
            "S": 1,
            "parity": "g",
            "v": 16
          }
        },
        "count": 1
      }
    ],
    "type_tags": ["Electronic", "Vibrational"],
    "reversible": false
  },
  "threshold": 15.5256,
  "data": [
    [15.5256, 0],
    [16, 0.0000251298],
    [17, 0.0000658257],
    [18, 0.000070397],
    [19, 0.0000720841],
    [20, 0.0000723266],
    [22, 0.0000677593],
    [25, 0.0000499376],
    [30, 0.0000238154],
    [40, 0.0000188113],
    [50, 0.0000130193],
    [60, 0.00000644339],
    [70, 0.00000474738],
    [80, 0.00000434142],
    [100, 0.00000306899],
    [120, 0.00000199801],
    [140, 0.00000142532],
    [160, 9.98062e-7]
  ]
}