{
  "reaction": {
    "lhs": [
      { "state": { "particle": "e", "charge": -1 }, "count": 1 },
      {
        "state": {
          "particle": "H2",
          "charge": 0,
          "descriptor": { "type": 1, "accuracy": 2, "e": "X", "Lambda": 0, "S": 0, "parity": "g", "v": 2 }
        },
        "count": 1
      }
    ],
    "rhs": [
      { "state": { "particle": "e", "charge": -1 }, "count": 1 },
      {
        "state": {
          "particle": "H2",
          "charge": 0,
          "descriptor": {
            "type": 1,
            "accuracy": 2,
            "e": "Bp",
            "Lambda": 0,
            "S": 0,
            "parity": "u",
            "v": 5
          }
        },
        "count": 1
      }
    ],
    "type_tags": ["Electronic", "Vibrational"],
    "reversible": false
  },
  "threshold": 13.6113,
  "data": [
    [13.6113, 0],
    [14, 0.00145062],
    [15, 0.0024766],
    [16, 0.00311902],
    [17, 0.00359226],
    [18, 0.0040726],
    [19, 0.00459549],
    [20, 0.00511381],
    [22, 0.00597999],
    [25, 0.00688225],
    [30, 0.00783666],
    [40, 0.00885968],
    [50, 0.00924962],
    [60, 0.00938037],
    [70, 0.00938067],
    [80, 0.00929466],
    [100, 0.00888198],
    [120, 0.00824051],
    [140, 0.00763585],
    [160, 0.00712247]
  ]
}