{
  "reaction": {
    "lhs": [
      { "state": { "particle": "e", "charge": -1 }, "count": 1 },
      {
        "state": {
          "particle": "H2",
          "charge": 0,
          "descriptor": { "type": 1, "accuracy": 2, "e": "X", "Lambda": 0, "S": 0, "parity": "g", "v": 2 }
        },
        "count": 1
      }
    ],
    "rhs": [
      { "state": { "particle": "e", "charge": -1 }, "count": 1 },
      {
        "state": {
          "particle": "H2",
          "charge": 0,
          "descriptor": {
            "type": 1,
            "accuracy": 2,
            "e": "c",
            "Lambda": 1,
            "S": 1,
            "parity": "u",
            "v": 12
          }
        },
        "count": 1
      }
    ],
    "type_tags": ["Electronic", "Vibrational"],
    "reversible": false
  },
  "threshold": 13.2943,
  "data": [
    [13.2943, 0],
    [14, 0.00797884],
    [15, 0.0115059],
    [16, 0.0112708],
    [17, 0.0108681],
    [18, 0.0105417],
    [19, 0.0102044],
    [20, 0.00981296],
    [22, 0.00884571],
    [25, 0.00717612],
    [30, 0.00467134],
    [40, 0.0022107],
    [50, 0.00118077],
    [60, 0.000773772],
    [70, 0.000585673],
    [80, 0.000541666],
    [100, 0.00033229],
    [120, 0.000154005],
    [140, 0.000110768],
    [160, 0.0000777606]
  ]
}