{
  "reaction": {
    "lhs": [
      { "state": { "particle": "e", "charge": -1 }, "count": 1 },
      {
        "state": {
          "particle": "H2",
          "charge": 0,
          "descriptor": { "type": 1, "accuracy": 2, "e": "X", "Lambda": 0, "S": 0, "parity": "g", "v": 2 }
        },
        "count": 1
      }
    ],
    "rhs": [
      { "state": { "particle": "e", "charge": -1 }, "count": 1 },
      {
        "state": {
          "particle": "H2",
          "charge": 0,
          "descriptor": {
            "type": 1,
            "accuracy": 2,
            "e": "Bp",
            "Lambda": 0,
            "S": 0,
            "parity": "u",
            "v": 4
          }
        },
        "count": 1
      }
    ],
    "type_tags": ["Electronic", "Vibrational"],
    "reversible": false
  },
  "threshold": 13.4921,
  "data": [
    [13.4921, 0],
    [14, 0.00282752],
    [15, 0.0044918],
    [16, 0.00545947],
    [17, 0.00619261],
    [18, 0.00698388],
    [19, 0.00786463],
    [20, 0.00874245],
    [22, 0.0102036],
    [25, 0.0116573],
    [30, 0.0131309],
    [40, 0.0146424],
    [50, 0.0152243],
    [60, 0.0154115],
    [70, 0.0153772],
    [80, 0.0152087],
    [100, 0.01446],
    [120, 0.0134106],
    [140, 0.0124357],
    [160, 0.0116022]
  ]
}