{
  "reaction": {
    "lhs": [
      { "state": { "particle": "e", "charge": -1 }, "count": 1 },
      {
        "state": {
          "particle": "H2",
          "charge": 0,
          "descriptor": { "type": 1, "accuracy": 2, "e": "X", "Lambda": 0, "S": 0, "parity": "g", "v": 2 }
        },
        "count": 1
      }
    ],
    "rhs": [
      { "state": { "particle": "e", "charge": -1 }, "count": 1 },
      {
        "state": {
          "particle": "H2",
          "charge": 0,
          "descriptor": {
            "type": 1,
            "accuracy": 2,
            "e": "EF",
            "Lambda": 0,
            "S": 0,
            "parity": "g",
            "v": 31
          }
        },
        "count": 1
      }
    ],
    "type_tags": ["Electronic", "Vibrational"],
    "reversible": false
  },
  "threshold": 13.6436,
  "data": [
    [13.6436, 0],
    [14, 0.00157886],
    [15, 0.00160652],
    [16, 0.0012021],
    [17, 0.00114736],
    [18, 0.00124943],
    [19, 0.00135126],
    [20, 0.00130046],
    [22, 0.00122415],
    [25, 0.00116903],
    [30, 0.00112176],
    [40, 0.00114009],
    [50, 0.00112116],
    [60, 0.00107752],
    [70, 0.00101947],
    [80, 0.000966674],
    [100, 0.000881439],
    [120, 0.000818977],
    [140, 0.000760298],
    [160, 0.000700448]
  ]
}