{
  "reaction": {
    "lhs": [
      { "state": { "particle": "e", "charge": -1 }, "count": 1 },
      {
        "state": {
          "particle": "H2",
          "charge": 0,
          "descriptor": { "type": 1, "accuracy": 2, "e": "X", "Lambda": 0, "S": 0, "parity": "g", "v": 2 }
        },
        "count": 1
      }
    ],
    "rhs": [
      { "state": { "particle": "e", "charge": -1 }, "count": 1 },
      {
        "state": {
          "particle": "H2",
          "charge": 0,
          "descriptor": { "type": 1, "accuracy": 2, "e": "j", "Lambda": 2, "S": 1, "parity": "g", "v": 5 }
        },
        "count": 1
      }
    ],
    "type_tags": ["Electronic", "Vibrational"],
    "reversible": false
  },
  "threshold": 14.1563,
  "data": [
    [14.1563, 0],
    [15, 0.000366908],
    [16, 0.000310244],
    [17, 0.000240884],
    [18, 0.000223719],
    [19, 0.000217789],
    [20, 0.000215258],
    [22, 0.00020405],
    [25, 0.000175876],
    [30, 0.000124504],
    [40, 0.0000504888],
    [50, 0.0000332835],
    [60, 0.0000294698],
    [70, 0.0000252744],
    [80, 0.0000212146],
    [100, 0.000011111],
    [120, 0.00000443498],
    [140, 0.00000313299],
    [160, 0.00000213308]
  ]
}