{
  "reaction": {
    "lhs": [
      { "state": { "particle": "e", "charge": -1 }, "count": 1 },
      {
        "state": {
          "particle": "H2",
          "charge": 0,
          "descriptor": { "type": 1, "accuracy": 2, "e": "X", "Lambda": 0, "S": 0, "parity": "g", "v": 2 }
        },
        "count": 1
      }
    ],
    "rhs": [
      { "state": { "particle": "e", "charge": -1 }, "count": 1 },
      {
        "state": {
          "particle": "H2",
          "charge": 0,
          "descriptor": { "type": 1, "accuracy": 2, "e": "D", "Lambda": 1, "S": 0, "parity": "u", "v": 0 }
        },
        "count": 1
      }
    ],
    "type_tags": ["Electronic", "Vibrational"],
    "reversible": false
  },
  "threshold": 12.997,
  "data": [
    [12.997, 0],
    [13, 0.00232827],
    [14, 0.0151873],
    [15, 0.0243383],
    [16, 0.0297053],
    [17, 0.0338298],
    [18, 0.0387784],
    [19, 0.0446456],
    [20, 0.0504862],
    [22, 0.060079],
    [25, 0.0701789],
    [30, 0.0823336],
    [40, 0.0993895],
    [50, 0.110515],
    [60, 0.118014],
    [70, 0.120392],
    [80, 0.119174],
    [100, 0.114645],
    [120, 0.108233],
    [140, 0.101946],
    [160, 0.0963246]
  ]
}