{
  "reaction": {
    "lhs": [
      { "state": { "particle": "e", "charge": -1 }, "count": 1 },
      {
        "state": {
          "particle": "H2",
          "charge": 0,
          "descriptor": { "type": 1, "accuracy": 2, "e": "X", "Lambda": 0, "S": 0, "parity": "g", "v": 2 }
        },
        "count": 1
      }
    ],
    "rhs": [
      { "state": { "particle": "e", "charge": -1 }, "count": 1 },
      {
        "state": {
          "particle": "H2",
          "charge": 0,
          "descriptor": { "type": 1, "accuracy": 2, "e": "c", "Lambda": 1, "S": 1, "parity": "u", "v": 6 }
        },
        "count": 1
      }
    ],
    "type_tags": ["Electronic", "Vibrational"],
    "reversible": false
  },
  "threshold": 12.2893,
  "data": [
    [12.2893, 0],
    [13, 0.00116797],
    [14, 0.000635408],
    [15, 0.00118925],
    [16, 0.0010211],
    [17, 0.000788246],
    [18, 0.000695123],
    [19, 0.000649394],
    [20, 0.000613278],
    [22, 0.000535034],
    [25, 0.000444629],
    [30, 0.000318473],
    [40, 0.0000751972],
    [50, 0.0000408266],
    [60, 0.000034394],
    [70, 0.0000254393],
    [80, 0.0000160947],
    [100, 0.00000830933],
    [120, 0.00000553554],
    [140, 0.00000397668],
    [160, 0.00000279416]
  ]
}