{
  "reaction": {
    "lhs": [
      { "state": { "particle": "e", "charge": -1 }, "count": 1 },
      {
        "state": {
          "particle": "H2",
          "charge": 0,
          "descriptor": { "type": 1, "accuracy": 2, "e": "X", "Lambda": 0, "S": 0, "parity": "g", "v": 2 }
        },
        "count": 1
      }
    ],
    "rhs": [
      { "state": { "particle": "e", "charge": -1 }, "count": 1 },
      {
        "state": {
          "particle": "H2",
          "charge": 0,
          "descriptor": {
            "type": 1,
            "accuracy": 2,
            "e": "H",
            "Lambda": 0,
            "S": 0,
            "parity": "g",
            "v": 43
          }
        },
        "count": 1
      }
    ],
    "type_tags": ["Electronic", "Vibrational"],
    "reversible": false
  },
  "threshold": 15.2513,
  "data": [
    [15.2513, 0],
    [16, 0.0000910494],
    [17, 0.000142664],
    [18, 0.000163738],
    [19, 0.0001552],
    [20, 0.00013767],
    [22, 0.000118826],
    [25, 0.000112234],
    [30, 0.000120216],
    [40, 0.000116459],
    [50, 0.000107076],
    [60, 0.000103061],
    [70, 0.000104143],
    [80, 0.000107873],
    [100, 0.000101],
    [120, 0.0000926899],
    [140, 0.0000850365],
    [160, 0.0000780692]
  ]
}