{
  "reaction": {
    "lhs": [
      { "state": { "particle": "e", "charge": -1 }, "count": 1 },
      {
        "state": {
          "particle": "H2",
          "charge": 0,
          "descriptor": { "type": 1, "accuracy": 2, "e": "X", "Lambda": 0, "S": 0, "parity": "g", "v": 2 }
        },
        "count": 1
      }
    ],
    "rhs": [
      { "state": { "particle": "e", "charge": -1 }, "count": 1 },
      {
        "state": {
          "particle": "H2",
          "charge": 0,
          "descriptor": { "type": 1, "accuracy": 2, "e": "B", "Lambda": 0, "S": 0, "parity": "u", "v": 7 }
        },
        "count": 1
      }
    ],
    "type_tags": ["Electronic", "Vibrational"],
    "reversible": false
  },
  "threshold": 11.2356,
  "data": [
    [11.2356, 0],
    [12, 0.0107955],
    [13, 0.0187966],
    [14, 0.0244974],
    [15, 0.0290472],
    [16, 0.0332176],
    [17, 0.0372232],
    [18, 0.0411546],
    [19, 0.0450027],
    [20, 0.0485768],
    [22, 0.0543268],
    [25, 0.060076],
    [30, 0.0658983],
    [40, 0.07172],
    [50, 0.0726148],
    [60, 0.072076],
    [70, 0.0708433],
    [80, 0.0691756],
    [100, 0.0648924],
    [120, 0.0600919],
    [140, 0.055567],
    [160, 0.0514575]
  ]
}