{
  "reaction": {
    "lhs": [
      { "state": { "particle": "e", "charge": -1 }, "count": 1 },
      {
        "state": {
          "particle": "H2",
          "charge": 0,
          "descriptor": { "type": 1, "accuracy": 2, "e": "X", "Lambda": 0, "S": 0, "parity": "g", "v": 2 }
        },
        "count": 1
      }
    ],
    "rhs": [
      { "state": { "particle": "e", "charge": -1 }, "count": 1 },
      {
        "state": {
          "particle": "H2",
          "charge": 0,
          "descriptor": {
            "type": 1,
            "accuracy": 2,
            "e": "H",
            "Lambda": 0,
            "S": 0,
            "parity": "g",
            "v": 63
          }
        },
        "count": 1
      }
    ],
    "type_tags": ["Electronic", "Vibrational"],
    "reversible": false
  },
  "threshold": 15.5662,
  "data": [
    [15.5662, 0],
    [16, 0.0000678937],
    [17, 0.000109309],
    [18, 0.000124763],
    [19, 0.000115487],
    [20, 0.0000991671],
    [22, 0.0000827079],
    [25, 0.0000776595],
    [30, 0.0000857876],
    [40, 0.0000843824],
    [50, 0.000077553],
    [60, 0.0000747008],
    [70, 0.0000754216],
    [80, 0.0000779365],
    [100, 0.0000740609],
    [120, 0.0000690081],
    [140, 0.0000638613],
    [160, 0.0000588839]
  ]
}