{
  "reaction": {
    "lhs": [
      { "state": { "particle": "e", "charge": -1 }, "count": 1 },
      {
        "state": {
          "particle": "H2",
          "charge": 0,
          "descriptor": { "type": 1, "accuracy": 2, "e": "X", "Lambda": 0, "S": 0, "parity": "g", "v": 2 }
        },
        "count": 1
      }
    ],
    "rhs": [
      { "state": { "particle": "e", "charge": -1 }, "count": 1 },
      {
        "state": {
          "particle": "H2",
          "charge": 0,
          "descriptor": { "type": 1, "accuracy": 2, "e": "d", "Lambda": 1, "S": 1, "parity": "u", "v": 2 }
        },
        "count": 1
      }
    ],
    "type_tags": ["Electronic", "Vibrational"],
    "reversible": false
  },
  "threshold": 13.3932,
  "data": [
    [13.3932, 0],
    [14, 0.0100273],
    [15, 0.00820792],
    [16, 0.00758135],
    [17, 0.00732072],
    [18, 0.00694213],
    [19, 0.00659286],
    [20, 0.00625386],
    [22, 0.00555769],
    [25, 0.00450575],
    [30, 0.00300578],
    [40, 0.00143475],
    [50, 0.000895607],
    [60, 0.000715596],
    [70, 0.000546141],
    [80, 0.000446588],
    [100, 0.000243164],
    [120, 0.000126722],
    [140, 0.0000908746],
    [160, 0.0000635116]
  ]
}