{
  "reaction": {
    "lhs": [
      { "state": { "particle": "e", "charge": -1 }, "count": 1 },
      {
        "state": {
          "particle": "H2",
          "charge": 0,
          "descriptor": { "type": 1, "accuracy": 2, "e": "X", "Lambda": 0, "S": 0, "parity": "g", "v": 2 }
        },
        "count": 1
      }
    ],
    "rhs": [
      { "state": { "particle": "e", "charge": -1 }, "count": 1 },
      {
        "state": {
          "particle": "H2",
          "charge": 0,
          "descriptor": {
            "type": 1,
            "accuracy": 2,
            "e": "c",
            "Lambda": 1,
            "S": 1,
            "parity": "u",
            "v": 17
          }
        },
        "count": 1
      }
    ],
    "type_tags": ["Electronic", "Vibrational"],
    "reversible": false
  },
  "threshold": 13.6568,
  "data": [
    [13.6568, 0],
    [14, 0.00186604],
    [15, 0.00235828],
    [16, 0.00252813],
    [17, 0.0026314],
    [18, 0.00259985],
    [19, 0.00252469],
    [20, 0.00243516],
    [22, 0.00224741],
    [25, 0.00192616],
    [30, 0.00134973],
    [40, 0.000156224],
    [50, 0.0000670736],
    [60, 0.0000523608],
    [70, 0.0000453241],
    [80, 0.0000381993],
    [100, 0.0000219586],
    [120, 0.0000109326],
    [140, 0.00000786356],
    [160, 0.0000055211]
  ]
}