{
  "reaction": {
    "lhs": [
      { "state": { "particle": "e", "charge": -1 }, "count": 1 },
      {
        "state": {
          "particle": "H2",
          "charge": 0,
          "descriptor": { "type": 1, "accuracy": 2, "e": "X", "Lambda": 0, "S": 0, "parity": "g", "v": 2 }
        },
        "count": 1
      }
    ],
    "rhs": [
      { "state": { "particle": "e", "charge": -1 }, "count": 1 },
      {
        "state": {
          "particle": "H2",
          "charge": 0,
          "descriptor": { "type": 1, "accuracy": 2, "e": "g", "Lambda": 0, "S": 1, "parity": "g", "v": 5 }
        },
        "count": 1
      }
    ],
    "type_tags": ["Electronic", "Vibrational"],
    "reversible": false
  },
  "threshold": 14.1576,
  "data": [
    [14.1576, 0],
    [15, 0.0000360039],
    [16, 0.0000220089],
    [17, 0.00000657892],
    [18, 0.00000455767],
    [19, 0.00000381065],
    [20, 0.00000370277],
    [22, 0.00000539559],
    [25, 0.0000122803],
    [30, 0.0000246625],
    [40, 0.0000341397],
    [50, 0.0000271468],
    [60, 0.000017012],
    [70, 0.0000121827],
    [80, 0.00000900387],
    [100, 0.0000036831],
    [120, 0.00000115444],
    [140, 8.14333e-7],
    [160, 5.51528e-7]
  ]
}