{
  "reaction": {
    "lhs": [
      { "state": { "particle": "e", "charge": -1 }, "count": 1 },
      {
        "state": {
          "particle": "H2",
          "charge": 0,
          "descriptor": { "type": 1, "accuracy": 2, "e": "X", "Lambda": 0, "S": 0, "parity": "g", "v": 2 }
        },
        "count": 1
      }
    ],
    "rhs": [
      { "state": { "particle": "e", "charge": -1 }, "count": 1 },
      {
        "state": {
          "particle": "H2",
          "charge": 0,
          "descriptor": {
            "type": 1,
            "accuracy": 2,
            "e": "H",
            "Lambda": 0,
            "S": 0,
            "parity": "g",
            "v": 25
          }
        },
        "count": 1
      }
    ],
    "type_tags": ["Electronic", "Vibrational"],
    "reversible": false
  },
  "threshold": 14.7999,
  "data": [
    [14.7999, 0],
    [15, 4.97933e-7],
    [16, 0.00000128628],
    [17, 0.00000231058],
    [18, 0.00000296168],
    [19, 0.00000303746],
    [20, 0.00000281506],
    [22, 0.00000247054],
    [25, 0.00000228614],
    [30, 0.0000023673],
    [40, 0.00000219761],
    [50, 0.00000201209],
    [60, 0.00000197201],
    [70, 0.00000200119],
    [80, 0.00000201539],
    [100, 0.0000018134],
    [120, 0.00000163684],
    [140, 0.00000146764],
    [160, 0.00000133083]
  ]
}