{
  "reaction": {
    "lhs": [
      { "state": { "particle": "e", "charge": -1 }, "count": 1 },
      {
        "state": {
          "particle": "H2",
          "charge": 0,
          "descriptor": { "type": 1, "accuracy": 2, "e": "X", "Lambda": 0, "S": 0, "parity": "g", "v": 2 }
        },
        "count": 1
      }
    ],
    "rhs": [
      { "state": { "particle": "e", "charge": -1 }, "count": 1 },
      {
        "state": {
          "particle": "H2",
          "charge": 0,
          "descriptor": {
            "type": 1,
            "accuracy": 2,
            "e": "H",
            "Lambda": 0,
            "S": 0,
            "parity": "g",
            "v": 60
          }
        },
        "count": 1
      }
    ],
    "type_tags": ["Electronic", "Vibrational"],
    "reversible": false
  },
  "threshold": 15.5583,
  "data": [
    [15.5583, 0],
    [16, 0.0000727292],
    [17, 0.000116561],
    [18, 0.000132969],
    [19, 0.000123375],
    [20, 0.000106282],
    [22, 0.0000889763],
    [25, 0.0000836311],
    [30, 0.0000921241],
    [40, 0.0000904632],
    [50, 0.0000831273],
    [60, 0.0000800674],
    [70, 0.0000808789],
    [80, 0.0000836726],
    [100, 0.0000794212],
    [120, 0.0000738483],
    [140, 0.00006829],
    [160, 0.0000629486]
  ]
}