{
  "reaction": {
    "lhs": [
      { "state": { "particle": "e", "charge": -1 }, "count": 1 },
      {
        "state": {
          "particle": "H2",
          "charge": 0,
          "descriptor": { "type": 1, "accuracy": 2, "e": "X", "Lambda": 0, "S": 0, "parity": "g", "v": 2 }
        },
        "count": 1
      }
    ],
    "rhs": [
      { "state": { "particle": "e", "charge": -1 }, "count": 1 },
      {
        "state": {
          "particle": "H2",
          "charge": 0,
          "descriptor": {
            "type": 1,
            "accuracy": 2,
            "e": "EF",
            "Lambda": 0,
            "S": 0,
            "parity": "g",
            "v": 24
          }
        },
        "count": 1
      }
    ],
    "type_tags": ["Electronic", "Vibrational"],
    "reversible": false
  },
  "threshold": 13.2703,
  "data": [
    [13.2703, 0],
    [14, 0.00287596],
    [15, 0.00267584],
    [16, 0.0021016],
    [17, 0.00217268],
    [18, 0.00231106],
    [19, 0.00239724],
    [20, 0.00238023],
    [22, 0.00232331],
    [25, 0.00231172],
    [30, 0.00229012],
    [40, 0.00230774],
    [50, 0.00226461],
    [60, 0.00218095],
    [70, 0.00208851],
    [80, 0.00200535],
    [100, 0.00182688],
    [120, 0.00164985],
    [140, 0.00151103],
    [160, 0.00137917]
  ]
}