{
  "reaction": {
    "lhs": [
      { "state": { "particle": "e", "charge": -1 }, "count": 1 },
      {
        "state": {
          "particle": "H2",
          "charge": 0,
          "descriptor": { "type": 1, "accuracy": 2, "e": "X", "Lambda": 0, "S": 0, "parity": "g", "v": 2 }
        },
        "count": 1
      }
    ],
    "rhs": [
      { "state": { "particle": "e", "charge": -1 }, "count": 1 },
      {
        "state": {
          "particle": "H2",
          "charge": 0,
          "descriptor": {
            "type": 1,
            "accuracy": 2,
            "e": "g",
            "Lambda": 0,
            "S": 1,
            "parity": "g",
            "v": 10
          }
        },
        "count": 1
      }
    ],
    "type_tags": ["Electronic", "Vibrational"],
    "reversible": false
  },
  "threshold": 15.0454,
  "data": [
    [15.0454, 0],
    [16, 0.000158406],
    [17, 0.000259505],
    [18, 0.000250157],
    [19, 0.000230339],
    [20, 0.000212391],
    [22, 0.000187807],
    [25, 0.00015527],
    [30, 0.000111436],
    [40, 0.0000606825],
    [50, 0.0000431962],
    [60, 0.0000362154],
    [70, 0.0000262079],
    [80, 0.0000187527],
    [100, 0.0000126683],
    [120, 0.0000106542],
    [140, 0.00000833952],
    [160, 0.00000655584]
  ]
}