{
  "reaction": {
    "lhs": [
      { "state": { "particle": "e", "charge": -1 }, "count": 1 },
      {
        "state": {
          "particle": "H2",
          "charge": 0,
          "descriptor": { "type": 1, "accuracy": 2, "e": "X", "Lambda": 0, "S": 0, "parity": "g", "v": 2 }
        },
        "count": 1
      }
    ],
    "rhs": [
      { "state": { "particle": "e", "charge": -1 }, "count": 1 },
      {
        "state": {
          "particle": "H2",
          "charge": 0,
          "descriptor": {
            "type": 1,
            "accuracy": 2,
            "e": "D",
            "Lambda": 1,
            "S": 0,
            "parity": "u",
            "v": 15
          }
        },
        "count": 1
      }
    ],
    "type_tags": ["Electronic", "Vibrational"],
    "reversible": false
  },
  "threshold": 15.5179,
  "data": [
    [15.5179, 0],
    [16, 0.000218322],
    [17, 0.000373531],
    [18, 0.000464807],
    [19, 0.000528187],
    [20, 0.00059586],
    [22, 0.00075921],
    [25, 0.00100878],
    [30, 0.00133545],
    [40, 0.00181337],
    [50, 0.00208562],
    [60, 0.00223837],
    [70, 0.00230869],
    [80, 0.00232752],
    [100, 0.00229024],
    [120, 0.00220238],
    [140, 0.00210976],
    [160, 0.00202164]
  ]
}