{
  "reaction": {
    "lhs": [
      { "state": { "particle": "e", "charge": -1 }, "count": 1 },
      {
        "state": {
          "particle": "H2",
          "charge": 0,
          "descriptor": { "type": 1, "accuracy": 2, "e": "X", "Lambda": 0, "S": 0, "parity": "g", "v": 2 }
        },
        "count": 1
      }
    ],
    "rhs": [
      { "state": { "particle": "e", "charge": -1 }, "count": 1 },
      {
        "state": {
          "particle": "H2",
          "charge": 0,
          "descriptor": {
            "type": 1,
            "accuracy": 2,
            "e": "B",
            "Lambda": 0,
            "S": 0,
            "parity": "u",
            "v": 34
          }
        },
        "count": 1
      }
    ],
    "type_tags": ["Electronic", "Vibrational"],
    "reversible": false
  },
  "threshold": 13.6398,
  "data": [
    [13.6398, 0],
    [14, 0.000447525],
    [15, 0.00100128],
    [16, 0.00141327],
    [17, 0.00172258],
    [18, 0.0019932],
    [19, 0.00225294],
    [20, 0.00250085],
    [22, 0.00294383],
    [25, 0.00350199],
    [30, 0.00418513],
    [40, 0.00495756],
    [50, 0.00530182],
    [60, 0.00542493],
    [70, 0.00540324],
    [80, 0.00530865],
    [100, 0.00507256],
    [120, 0.0048099],
    [140, 0.00454168],
    [160, 0.00427437]
  ]
}