{
  "reaction": {
    "lhs": [
      { "state": { "particle": "e", "charge": -1 }, "count": 1 },
      {
        "state": {
          "particle": "H2",
          "charge": 0,
          "descriptor": { "type": 1, "accuracy": 2, "e": "X", "Lambda": 0, "S": 0, "parity": "g", "v": 2 }
        },
        "count": 1
      }
    ],
    "rhs": [
      { "state": { "particle": "e", "charge": -1 }, "count": 1 },
      {
        "state": {
          "particle": "H2",
          "charge": 0,
          "descriptor": { "type": 1, "accuracy": 2, "e": "c", "Lambda": 1, "S": 1, "parity": "u", "v": 4 }
        },
        "count": 1
      }
    ],
    "type_tags": ["Electronic", "Vibrational"],
    "reversible": false
  },
  "threshold": 11.8394,
  "data": [
    [11.8394, 0],
    [12, 0.00539442],
    [13, 0.0188104],
    [14, 0.0244002],
    [15, 0.0222236],
    [16, 0.0213179],
    [17, 0.0206418],
    [18, 0.0194567],
    [19, 0.0181156],
    [20, 0.0168662],
    [22, 0.0146283],
    [25, 0.0114066],
    [30, 0.00702812],
    [40, 0.00309142],
    [50, 0.00174106],
    [60, 0.00130815],
    [70, 0.000947344],
    [80, 0.000774398],
    [100, 0.000409187],
    [120, 0.000213626],
    [140, 0.000153627],
    [160, 0.000107787]
  ]
}