{
  "reaction": {
    "lhs": [
      { "state": { "particle": "e", "charge": -1 }, "count": 1 },
      {
        "state": {
          "particle": "H2",
          "charge": 0,
          "descriptor": { "type": 1, "accuracy": 2, "e": "X", "Lambda": 0, "S": 0, "parity": "g", "v": 2 }
        },
        "count": 1
      }
    ],
    "rhs": [
      { "state": { "particle": "e", "charge": -1 }, "count": 1 },
      {
        "state": {
          "particle": "H2",
          "charge": 0,
          "descriptor": { "type": 1, "accuracy": 2, "e": "e", "Lambda": 0, "S": 1, "parity": "u", "v": 0 }
        },
        "count": 1
      }
    ],
    "type_tags": ["Electronic", "Vibrational"],
    "reversible": false
  },
  "threshold": 12.2223,
  "data": [
    [12.2223, 0],
    [13, 0.0273767],
    [14, 0.0246942],
    [15, 0.0262816],
    [16, 0.0260204],
    [17, 0.0251691],
    [18, 0.0235552],
    [19, 0.0215252],
    [20, 0.0197555],
    [22, 0.0171083],
    [25, 0.013758],
    [30, 0.00951981],
    [40, 0.00554838],
    [50, 0.00357685],
    [60, 0.00244145],
    [70, 0.00164398],
    [80, 0.00118761],
    [100, 0.000639262],
    [120, 0.000431416],
    [140, 0.00031239],
    [160, 0.000222253]
  ]
}