{
  "reaction": {
    "lhs": [
      { "state": { "particle": "e", "charge": -1 }, "count": 1 },
      {
        "state": {
          "particle": "H2",
          "charge": 0,
          "descriptor": { "type": 1, "accuracy": 2, "e": "X", "Lambda": 0, "S": 0, "parity": "g", "v": 2 }
        },
        "count": 1
      }
    ],
    "rhs": [
      { "state": { "particle": "e", "charge": -1 }, "count": 1 },
      {
        "state": {
          "particle": "H2",
          "charge": 0,
          "descriptor": {
            "type": 1,
            "accuracy": 2,
            "e": "c",
            "Lambda": 1,
            "S": 1,
            "parity": "u",
            "v": 13
          }
        },
        "count": 1
      }
    ],
    "type_tags": ["Electronic", "Vibrational"],
    "reversible": false
  },
  "threshold": 13.4066,
  "data": [
    [13.4066, 0],
    [14, 0.00594512],
    [15, 0.00885692],
    [16, 0.00878162],
    [17, 0.00860844],
    [18, 0.00838768],
    [19, 0.00811924],
    [20, 0.00780664],
    [22, 0.00705977],
    [25, 0.00576506],
    [30, 0.00380912],
    [40, 0.0018216],
    [50, 0.000968296],
    [60, 0.000626728],
    [70, 0.00047899],
    [80, 0.000445336],
    [100, 0.000275623],
    [120, 0.00012666],
    [140, 0.0000911023],
    [160, 0.000063958]
  ]
}