{
  "reaction": {
    "lhs": [
      { "state": { "particle": "e", "charge": -1 }, "count": 1 },
      {
        "state": {
          "particle": "H2",
          "charge": 0,
          "descriptor": { "type": 1, "accuracy": 2, "e": "X", "Lambda": 0, "S": 0, "parity": "g", "v": 2 }
        },
        "count": 1
      }
    ],
    "rhs": [
      { "state": { "particle": "e", "charge": -1 }, "count": 1 },
      {
        "state": {
          "particle": "H2",
          "charge": 0,
          "descriptor": { "type": 1, "accuracy": 2, "e": "c", "Lambda": 1, "S": 1, "parity": "u", "v": 8 }
        },
        "count": 1
      }
    ],
    "type_tags": ["Electronic", "Vibrational"],
    "reversible": false
  },
  "threshold": 12.683,
  "data": [
    [12.683, 0],
    [13, 0.00291664],
    [14, 0.0110409],
    [15, 0.0114383],
    [16, 0.0112119],
    [17, 0.0108069],
    [18, 0.0104394],
    [19, 0.0100441],
    [20, 0.00960976],
    [22, 0.00860814],
    [25, 0.00692948],
    [30, 0.0044462],
    [40, 0.00203172],
    [50, 0.00113321],
    [60, 0.000800138],
    [70, 0.000581339],
    [80, 0.000494604],
    [100, 0.000270923],
    [120, 0.000144452],
    [140, 0.000103855],
    [160, 0.0000728872]
  ]
}