{
  "reaction": {
    "lhs": [
      { "state": { "particle": "e", "charge": -1 }, "count": 1 },
      {
        "state": {
          "particle": "H2",
          "charge": 0,
          "descriptor": { "type": 1, "accuracy": 2, "e": "X", "Lambda": 0, "S": 0, "parity": "g", "v": 2 }
        },
        "count": 1
      }
    ],
    "rhs": [
      { "state": { "particle": "e", "charge": -1 }, "count": 1 },
      {
        "state": {
          "particle": "H2",
          "charge": 0,
          "descriptor": { "type": 1, "accuracy": 2, "e": "H", "Lambda": 0, "S": 0, "parity": "g", "v": 3 }
        },
        "count": 1
      }
    ],
    "type_tags": ["Electronic", "Vibrational"],
    "reversible": false
  },
  "threshold": 13.7488,
  "data": [
    [13.7488, 0],
    [14, 0.00146064],
    [15, 0.00298443],
    [16, 0.00388571],
    [17, 0.00401216],
    [18, 0.00392016],
    [19, 0.00390346],
    [20, 0.00396493],
    [22, 0.00406302],
    [25, 0.00412142],
    [30, 0.00406989],
    [40, 0.00376137],
    [50, 0.00360649],
    [60, 0.00361071],
    [70, 0.00365454],
    [80, 0.00361585],
    [100, 0.00316879],
    [120, 0.00289375],
    [140, 0.00262706],
    [160, 0.00238997]
  ]
}