{
  "reaction": {
    "lhs": [
      { "state": { "particle": "e", "charge": -1 }, "count": 1 },
      {
        "state": {
          "particle": "H2",
          "charge": 0,
          "descriptor": { "type": 1, "accuracy": 2, "e": "X", "Lambda": 0, "S": 0, "parity": "g", "v": 2 }
        },
        "count": 1
      }
    ],
    "rhs": [
      { "state": { "particle": "e", "charge": -1 }, "count": 1 },
      {
        "state": {
          "particle": "H2",
          "charge": 0,
          "descriptor": {
            "type": 1,
            "accuracy": 2,
            "e": "H",
            "Lambda": 0,
            "S": 0,
            "parity": "g",
            "v": 39
          }
        },
        "count": 1
      }
    ],
    "type_tags": ["Electronic", "Vibrational"],
    "reversible": false
  },
  "threshold": 15.1421,
  "data": [
    [15.1421, 0],
    [16, 0.0000861351],
    [17, 0.000135658],
    [18, 0.000157428],
    [19, 0.000150868],
    [20, 0.000135137],
    [22, 0.000117529],
    [25, 0.000110941],
    [30, 0.00011786],
    [40, 0.00011352],
    [50, 0.00010439],
    [60, 0.000100558],
    [70, 0.000101596],
    [80, 0.000105011],
    [100, 0.0000977455],
    [120, 0.0000894156],
    [140, 0.00008177],
    [160, 0.0000749365]
  ]
}