{
  "reaction": {
    "lhs": [
      { "state": { "particle": "e", "charge": -1 }, "count": 1 },
      {
        "state": {
          "particle": "H2",
          "charge": 0,
          "descriptor": { "type": 1, "accuracy": 2, "e": "X", "Lambda": 0, "S": 0, "parity": "g", "v": 2 }
        },
        "count": 1
      }
    ],
    "rhs": [
      { "state": { "particle": "e", "charge": -1 }, "count": 1 },
      {
        "state": {
          "particle": "H2",
          "charge": 0,
          "descriptor": {
            "type": 1,
            "accuracy": 2,
            "e": "EF",
            "Lambda": 0,
            "S": 0,
            "parity": "g",
            "v": 4
          }
        },
        "count": 1
      }
    ],
    "type_tags": ["Electronic", "Vibrational"],
    "reversible": false
  },
  "threshold": 11.6074,
  "data": [
    [11.6074, 0],
    [12, 0.000012915],
    [13, 0.0000244697],
    [14, 0.0000208261],
    [15, 0.0000233982],
    [16, 0.0000274758],
    [17, 0.0000278191],
    [18, 0.0000266068],
    [19, 0.0000268981],
    [20, 0.0000279546],
    [22, 0.0000279171],
    [25, 0.0000270253],
    [30, 0.0000274977],
    [40, 0.0000265681],
    [50, 0.0000258397],
    [60, 0.0000252398],
    [70, 0.0000244178],
    [80, 0.0000236228],
    [100, 0.0000213249],
    [120, 0.0000184082],
    [140, 0.0000165009],
    [160, 0.0000148514]
  ]
}