{
  "reaction": {
    "lhs": [
      { "state": { "particle": "e", "charge": -1 }, "count": 1 },
      {
        "state": {
          "particle": "H2",
          "charge": 0,
          "descriptor": { "type": 1, "accuracy": 2, "e": "X", "Lambda": 0, "S": 0, "parity": "g", "v": 2 }
        },
        "count": 1
      }
    ],
    "rhs": [
      { "state": { "particle": "e", "charge": -1 }, "count": 1 },
      {
        "state": {
          "particle": "H2",
          "charge": 0,
          "descriptor": { "type": 1, "accuracy": 2, "e": "c", "Lambda": 1, "S": 1, "parity": "u", "v": 0 }
        },
        "count": 1
      }
    ],
    "type_tags": ["Electronic", "Vibrational"],
    "reversible": false
  },
  "threshold": 10.767,
  "data": [
    [10.767, 0],
    [11, 0.181763],
    [12, 0.220738],
    [13, 0.219644],
    [14, 0.207548],
    [15, 0.183116],
    [16, 0.166259],
    [17, 0.152503],
    [18, 0.139098],
    [19, 0.126786],
    [20, 0.116417],
    [22, 0.0997795],
    [25, 0.0797921],
    [30, 0.0544284],
    [40, 0.024232],
    [50, 0.0145671],
    [60, 0.0120513],
    [70, 0.00842529],
    [80, 0.00554876],
    [100, 0.0026721],
    [120, 0.0016467],
    [140, 0.00118297],
    [160, 0.000829424]
  ]
}