{
  "reaction": {
    "lhs": [
      { "state": { "particle": "e", "charge": -1 }, "count": 1 },
      {
        "state": {
          "particle": "H2",
          "charge": 0,
          "descriptor": { "type": 1, "accuracy": 2, "e": "X", "Lambda": 0, "S": 0, "parity": "g", "v": 2 }
        },
        "count": 1
      }
    ],
    "rhs": [
      { "state": { "particle": "e", "charge": -1 }, "count": 1 },
      {
        "state": {
          "particle": "H2",
          "charge": 0,
          "descriptor": { "type": 1, "accuracy": 2, "e": "B", "Lambda": 0, "S": 0, "parity": "u", "v": 8 }
        },
        "count": 1
      }
    ],
    "type_tags": ["Electronic", "Vibrational"],
    "reversible": false
  },
  "threshold": 11.3702,
  "data": [
    [11.3702, 0],
    [12, 0.0103661],
    [13, 0.0197811],
    [14, 0.0267507],
    [15, 0.0322082],
    [16, 0.0370379],
    [17, 0.0416299],
    [18, 0.0461612],
    [19, 0.0506031],
    [20, 0.0547052],
    [22, 0.0613393],
    [25, 0.0683188],
    [30, 0.0754428],
    [40, 0.0826679],
    [50, 0.0839819],
    [60, 0.0835342],
    [70, 0.0822334],
    [80, 0.0803803],
    [100, 0.0755401],
    [120, 0.0700674],
    [140, 0.0648823],
    [160, 0.0601502]
  ]
}