{
  "reaction": {
    "lhs": [
      { "state": { "particle": "e", "charge": -1 }, "count": 1 },
      {
        "state": {
          "particle": "H2",
          "charge": 0,
          "descriptor": { "type": 1, "accuracy": 2, "e": "X", "Lambda": 0, "S": 0, "parity": "g", "v": 2 }
        },
        "count": 1
      }
    ],
    "rhs": [
      { "state": { "particle": "e", "charge": -1 }, "count": 1 },
      {
        "state": {
          "particle": "H2",
          "charge": 0,
          "descriptor": {
            "type": 1,
            "accuracy": 2,
            "e": "GK",
            "Lambda": 0,
            "S": 0,
            "parity": "g",
            "v": 6
          }
        },
        "count": 1
      }
    ],
    "type_tags": ["Electronic", "Vibrational"],
    "reversible": false
  },
  "threshold": 13.5022,
  "data": [
    [13.5022, 0],
    [14, 0.000243977],
    [15, 0.00101641],
    [16, 0.00103467],
    [17, 0.00087614],
    [18, 0.000963199],
    [19, 0.0011444],
    [20, 0.00136279],
    [22, 0.00185828],
    [25, 0.00138555],
    [30, 0.00132177],
    [40, 0.00106338],
    [50, 0.000872802],
    [60, 0.000755163],
    [70, 0.00067976],
    [80, 0.000658123],
    [100, 0.000545551],
    [120, 0.000468508],
    [140, 0.000410947],
    [160, 0.000366793]
  ]
}