{
  "reaction": {
    "lhs": [
      { "state": { "particle": "e", "charge": -1 }, "count": 1 },
      {
        "state": {
          "particle": "H2",
          "charge": 0,
          "descriptor": { "type": 1, "accuracy": 2, "e": "X", "Lambda": 0, "S": 0, "parity": "g", "v": 2 }
        },
        "count": 1
      }
    ],
    "rhs": [
      { "state": { "particle": "e", "charge": -1 }, "count": 1 },
      {
        "state": {
          "particle": "H2",
          "charge": 0,
          "descriptor": {
            "type": 1,
            "accuracy": 2,
            "e": "H",
            "Lambda": 0,
            "S": 0,
            "parity": "g",
            "v": 34
          }
        },
        "count": 1
      }
    ],
    "type_tags": ["Electronic", "Vibrational"],
    "reversible": false
  },
  "threshold": 15.0098,
  "data": [
    [15.0098, 0],
    [16, 0.0000715698],
    [17, 0.000115207],
    [18, 0.000136791],
    [19, 0.000133618],
    [20, 0.000121307],
    [22, 0.000106324],
    [25, 0.000100064],
    [30, 0.000105197],
    [40, 0.00010041],
    [50, 0.0000923071],
    [60, 0.0000891686],
    [70, 0.0000901153],
    [80, 0.0000926671],
    [100, 0.0000854512],
    [120, 0.0000778485],
    [140, 0.0000708283],
    [160, 0.0000647237]
  ]
}