{
  "reaction": {
    "lhs": [
      { "state": { "particle": "e", "charge": -1 }, "count": 1 },
      {
        "state": {
          "particle": "H2",
          "charge": 0,
          "descriptor": { "type": 1, "accuracy": 2, "e": "X", "Lambda": 0, "S": 0, "parity": "g", "v": 2 }
        },
        "count": 1
      }
    ],
    "rhs": [
      { "state": { "particle": "e", "charge": -1 }, "count": 1 },
      {
        "state": {
          "particle": "H2",
          "charge": 0,
          "descriptor": {
            "type": 1,
            "accuracy": 2,
            "e": "H",
            "Lambda": 0,
            "S": 0,
            "parity": "g",
            "v": 24
          }
        },
        "count": 1
      }
    ],
    "type_tags": ["Electronic", "Vibrational"],
    "reversible": false
  },
  "threshold": 14.7713,
  "data": [
    [14.7713, 0],
    [15, 0.0000511892],
    [16, 0.000132803],
    [17, 0.000241899],
    [18, 0.000312785],
    [19, 0.000322191],
    [20, 0.000298969],
    [22, 0.000262033],
    [25, 0.000241905],
    [30, 0.000250274],
    [40, 0.000231614],
    [50, 0.00021187],
    [60, 0.000208087],
    [70, 0.000211292],
    [80, 0.000212168],
    [100, 0.000190376],
    [120, 0.000171644],
    [140, 0.000153607],
    [160, 0.000139147]
  ]
}