{
  "reaction": {
    "lhs": [
      { "state": { "particle": "e", "charge": -1 }, "count": 1 },
      {
        "state": {
          "particle": "H2",
          "charge": 0,
          "descriptor": { "type": 1, "accuracy": 2, "e": "X", "Lambda": 0, "S": 0, "parity": "g", "v": 2 }
        },
        "count": 1
      }
    ],
    "rhs": [
      { "state": { "particle": "e", "charge": -1 }, "count": 1 },
      {
        "state": {
          "particle": "H2",
          "charge": 0,
          "descriptor": { "type": 1, "accuracy": 2, "e": "a", "Lambda": 0, "S": 1, "parity": "g", "v": 3 }
        },
        "count": 1
      }
    ],
    "type_tags": ["Electronic", "Vibrational"],
    "reversible": false
  },
  "threshold": 11.6791,
  "data": [
    [11.6791, 0],
    [12, 0.00974863],
    [13, 0.0290848],
    [14, 0.0254275],
    [15, 0.0206781],
    [16, 0.0174815],
    [17, 0.0150701],
    [18, 0.0130985],
    [19, 0.0115254],
    [20, 0.010245],
    [22, 0.00813105],
    [25, 0.00568778],
    [30, 0.00294151],
    [40, 0.00134538],
    [50, 0.000818563],
    [60, 0.000661805],
    [70, 0.000511018],
    [80, 0.000430012],
    [100, 0.000274039],
    [120, 0.000179366],
    [140, 0.000130161],
    [160, 0.0000931492]
  ]
}