{
  "reaction": {
    "lhs": [
      { "state": { "particle": "e", "charge": -1 }, "count": 1 },
      {
        "state": {
          "particle": "H2",
          "charge": 0,
          "descriptor": { "type": 1, "accuracy": 2, "e": "X", "Lambda": 0, "S": 0, "parity": "g", "v": 2 }
        },
        "count": 1
      }
    ],
    "rhs": [
      { "state": { "particle": "e", "charge": -1 }, "count": 1 },
      {
        "state": {
          "particle": "H2",
          "charge": 0,
          "descriptor": {
            "type": 1,
            "accuracy": 2,
            "e": "H",
            "Lambda": 0,
            "S": 0,
            "parity": "g",
            "v": 44
          }
        },
        "count": 1
      }
    ],
    "type_tags": ["Electronic", "Vibrational"],
    "reversible": false
  },
  "threshold": 15.2782,
  "data": [
    [15.2782, 0],
    [16, 0.0000913672],
    [17, 0.000143151],
    [18, 0.000163983],
    [19, 0.000155086],
    [20, 0.000137262],
    [22, 0.000118242],
    [25, 0.000111676],
    [30, 0.00011987],
    [40, 0.00011626],
    [50, 0.000106887],
    [60, 0.000102871],
    [70, 0.000103957],
    [80, 0.000107714],
    [100, 0.000100981],
    [120, 0.0000927464],
    [140, 0.0000851475],
    [160, 0.0000782011]
  ]
}