{
  "reaction": {
    "lhs": [
      { "state": { "particle": "e", "charge": -1 }, "count": 1 },
      {
        "state": {
          "particle": "H2",
          "charge": 0,
          "descriptor": { "type": 1, "accuracy": 2, "e": "X", "Lambda": 0, "S": 0, "parity": "g", "v": 2 }
        },
        "count": 1
      }
    ],
    "rhs": [
      { "state": { "particle": "e", "charge": -1 }, "count": 1 },
      {
        "state": {
          "particle": "H2",
          "charge": 0,
          "descriptor": { "type": 1, "accuracy": 2, "e": "B", "Lambda": 0, "S": 0, "parity": "u", "v": 6 }
        },
        "count": 1
      }
    ],
    "type_tags": ["Electronic", "Vibrational"],
    "reversible": false
  },
  "threshold": 11.0971,
  "data": [
    [11.0971, 0],
    [12, 0.00751247],
    [13, 0.0120068],
    [14, 0.0149984],
    [15, 0.0174283],
    [16, 0.0197782],
    [17, 0.0220681],
    [18, 0.0242903],
    [19, 0.0264566],
    [20, 0.0284873],
    [22, 0.0317422],
    [25, 0.0348516],
    [30, 0.0379474],
    [40, 0.0409862],
    [50, 0.0413777],
    [60, 0.0409748],
    [70, 0.0402009],
    [80, 0.0391904],
    [100, 0.0366796],
    [120, 0.0339185],
    [140, 0.0313302],
    [160, 0.0289873]
  ]
}