{
  "reaction": {
    "lhs": [
      { "state": { "particle": "e", "charge": -1 }, "count": 1 },
      {
        "state": {
          "particle": "H2",
          "charge": 0,
          "descriptor": { "type": 1, "accuracy": 2, "e": "X", "Lambda": 0, "S": 0, "parity": "g", "v": 2 }
        },
        "count": 1
      }
    ],
    "rhs": [
      { "state": { "particle": "e", "charge": -1 }, "count": 1 },
      {
        "state": {
          "particle": "H2",
          "charge": 0,
          "descriptor": {
            "type": 1,
            "accuracy": 2,
            "e": "B",
            "Lambda": 0,
            "S": 0,
            "parity": "u",
            "v": 23
          }
        },
        "count": 1
      }
    ],
    "type_tags": ["Electronic", "Vibrational"],
    "reversible": false
  },
  "threshold": 12.9602,
  "data": [
    [12.9602, 0],
    [13, 0.000355941],
    [14, 0.00233215],
    [15, 0.00395],
    [16, 0.00514328],
    [17, 0.00606734],
    [18, 0.00688902],
    [19, 0.00769049],
    [20, 0.00847045],
    [22, 0.00985422],
    [25, 0.0114453],
    [30, 0.0133277],
    [40, 0.0153261],
    [50, 0.0160406],
    [60, 0.0162315],
    [70, 0.0161109],
    [80, 0.015819],
    [100, 0.0150289],
    [120, 0.0141231],
    [140, 0.0132293],
    [160, 0.0123757]
  ]
}