{
  "reaction": {
    "lhs": [
      { "state": { "particle": "e", "charge": -1 }, "count": 1 },
      {
        "state": {
          "particle": "H2",
          "charge": 0,
          "descriptor": { "type": 1, "accuracy": 2, "e": "X", "Lambda": 0, "S": 0, "parity": "g", "v": 2 }
        },
        "count": 1
      }
    ],
    "rhs": [
      { "state": { "particle": "e", "charge": -1 }, "count": 1 },
      {
        "state": {
          "particle": "H2",
          "charge": 0,
          "descriptor": { "type": 1, "accuracy": 2, "e": "a", "Lambda": 0, "S": 1, "parity": "g", "v": 1 }
        },
        "count": 1
      }
    ],
    "type_tags": ["Electronic", "Vibrational"],
    "reversible": false
  },
  "threshold": 11.1029,
  "data": [
    [11.1029, 0],
    [12, 0.038702],
    [13, 0.0435441],
    [14, 0.0334316],
    [15, 0.0301081],
    [16, 0.026124],
    [17, 0.0222904],
    [18, 0.0191107],
    [19, 0.0163268],
    [20, 0.0141266],
    [22, 0.0109479],
    [25, 0.00772192],
    [30, 0.00442472],
    [40, 0.0020719],
    [50, 0.00130613],
    [60, 0.00107378],
    [70, 0.000804721],
    [80, 0.000635542],
    [100, 0.000375335],
    [120, 0.000237371],
    [140, 0.000171988],
    [160, 0.000122533]
  ]
}