{
  "reaction": {
    "lhs": [
      { "state": { "particle": "e", "charge": -1 }, "count": 1 },
      {
        "state": {
          "particle": "H2",
          "charge": 0,
          "descriptor": { "type": 1, "accuracy": 2, "e": "X", "Lambda": 0, "S": 0, "parity": "g", "v": 2 }
        },
        "count": 1
      }
    ],
    "rhs": [
      { "state": { "particle": "e", "charge": -1 }, "count": 1 },
      {
        "state": {
          "particle": "H2",
          "charge": 0,
          "descriptor": {
            "type": 1,
            "accuracy": 2,
            "e": "g",
            "Lambda": 0,
            "S": 1,
            "parity": "g",
            "v": 14
          }
        },
        "count": 1
      }
    ],
    "type_tags": ["Electronic", "Vibrational"],
    "reversible": false
  },
  "threshold": 15.4353,
  "data": [
    [15.4353, 0],
    [16, 0.0000504008],
    [17, 0.000113479],
    [18, 0.000112116],
    [19, 0.00010871],
    [20, 0.000104284],
    [22, 0.0000930104],
    [25, 0.0000717353],
    [30, 0.0000430351],
    [40, 0.0000327062],
    [50, 0.0000228267],
    [60, 0.0000124373],
    [70, 0.00000909257],
    [80, 0.00000801507],
    [100, 0.00000537159],
    [120, 0.00000375309],
    [140, 0.00000267899],
    [160, 0.0000018787]
  ]
}