{
  "reaction": {
    "lhs": [
      { "state": { "particle": "e", "charge": -1 }, "count": 1 },
      {
        "state": {
          "particle": "H2",
          "charge": 0,
          "descriptor": { "type": 1, "accuracy": 2, "e": "X", "Lambda": 0, "S": 0, "parity": "g", "v": 2 }
        },
        "count": 1
      }
    ],
    "rhs": [
      { "state": { "particle": "e", "charge": -1 }, "count": 1 },
      {
        "state": {
          "particle": "H2",
          "charge": 0,
          "descriptor": {
            "type": 1,
            "accuracy": 2,
            "e": "H",
            "Lambda": 0,
            "S": 0,
            "parity": "g",
            "v": 35
          }
        },
        "count": 1
      }
    ],
    "type_tags": ["Electronic", "Vibrational"],
    "reversible": false
  },
  "threshold": 15.0358,
  "data": [
    [15.0358, 0],
    [16, 0.0000750023],
    [17, 0.000120007],
    [18, 0.000141702],
    [19, 0.000137835],
    [20, 0.000124794],
    [22, 0.00010924],
    [25, 0.000102893],
    [30, 0.000108366],
    [40, 0.000103673],
    [50, 0.0000953202],
    [60, 0.0000920086],
    [70, 0.0000929723],
    [80, 0.0000957274],
    [100, 0.0000884551],
    [120, 0.0000806527],
    [140, 0.0000734629],
    [160, 0.0000671734]
  ]
}