{
  "reaction": {
    "lhs": [
      { "state": { "particle": "e", "charge": -1 }, "count": 1 },
      {
        "state": {
          "particle": "H2",
          "charge": 0,
          "descriptor": { "type": 1, "accuracy": 2, "e": "X", "Lambda": 0, "S": 0, "parity": "g", "v": 2 }
        },
        "count": 1
      }
    ],
    "rhs": [
      { "state": { "particle": "e", "charge": -1 }, "count": 1 },
      {
        "state": {
          "particle": "H2",
          "charge": 0,
          "descriptor": { "type": 1, "accuracy": 2, "e": "a", "Lambda": 0, "S": 1, "parity": "g", "v": 0 }
        },
        "count": 1
      }
    ],
    "type_tags": ["Electronic", "Vibrational"],
    "reversible": false
  },
  "threshold": 10.7897,
  "data": [
    [10.7897, 0],
    [11, 0.0787412],
    [12, 0.160323],
    [13, 0.145985],
    [14, 0.119405],
    [15, 0.104825],
    [16, 0.0888021],
    [17, 0.0748864],
    [18, 0.0665508],
    [19, 0.0611544],
    [20, 0.0564317],
    [22, 0.0462882],
    [25, 0.0322155],
    [30, 0.0151246],
    [40, 0.00735396],
    [50, 0.00507367],
    [60, 0.00429712],
    [70, 0.00307382],
    [80, 0.00214458],
    [100, 0.00114052],
    [120, 0.000735843],
    [140, 0.000533064],
    [160, 0.000379142]
  ]
}