{
  "reaction": {
    "lhs": [
      { "state": { "particle": "e", "charge": -1 }, "count": 1 },
      {
        "state": {
          "particle": "H2",
          "charge": 0,
          "descriptor": { "type": 1, "accuracy": 2, "e": "X", "Lambda": 0, "S": 0, "parity": "g", "v": 2 }
        },
        "count": 1
      }
    ],
    "rhs": [
      { "state": { "particle": "e", "charge": -1 }, "count": 1 },
      {
        "state": {
          "particle": "H2",
          "charge": 0,
          "descriptor": { "type": 1, "accuracy": 2, "e": "J", "Lambda": 2, "S": 0, "parity": "g", "v": 4 }
        },
        "count": 1
      }
    ],
    "type_tags": ["Electronic", "Vibrational"],
    "reversible": false
  },
  "threshold": 13.9403,
  "data": [
    [13.9403, 0],
    [14, 0.00024277],
    [15, 0.0010082],
    [16, 0.00100281],
    [17, 0.000722396],
    [18, 0.000783041],
    [19, 0.00087863],
    [20, 0.000939459],
    [22, 0.0010167],
    [25, 0.00107952],
    [30, 0.00112706],
    [40, 0.000905491],
    [50, 0.000787972],
    [60, 0.000696236],
    [70, 0.000609846],
    [80, 0.000513714],
    [100, 0.000425199],
    [120, 0.000365831],
    [140, 0.00031557],
    [160, 0.000276865]
  ]
}