{
  "reaction": {
    "lhs": [
      { "state": { "particle": "e", "charge": -1 }, "count": 1 },
      {
        "state": {
          "particle": "H2",
          "charge": 0,
          "descriptor": { "type": 1, "accuracy": 2, "e": "X", "Lambda": 0, "S": 0, "parity": "g", "v": 2 }
        },
        "count": 1
      }
    ],
    "rhs": [
      { "state": { "particle": "e", "charge": -1 }, "count": 1 },
      {
        "state": {
          "particle": "H2",
          "charge": 0,
          "descriptor": { "type": 1, "accuracy": 2, "e": "C", "Lambda": 1, "S": 0, "parity": "u", "v": 7 }
        },
        "count": 1
      }
    ],
    "type_tags": ["Electronic", "Vibrational"],
    "reversible": false
  },
  "threshold": 12.9492,
  "data": [
    [12.9492, 0],
    [13, 0.00035381],
    [14, 0.00170894],
    [15, 0.00287385],
    [16, 0.00383702],
    [17, 0.00468369],
    [18, 0.0054847],
    [19, 0.00626857],
    [20, 0.0070353],
    [22, 0.00846289],
    [25, 0.0102077],
    [30, 0.0121624],
    [40, 0.014295],
    [50, 0.0154707],
    [60, 0.0161572],
    [70, 0.016325],
    [80, 0.0161049],
    [100, 0.0153999],
    [120, 0.0145262],
    [140, 0.0136903],
    [160, 0.0129405]
  ]
}