{
  "reaction": {
    "lhs": [
      { "state": { "particle": "e", "charge": -1 }, "count": 1 },
      {
        "state": {
          "particle": "H2",
          "charge": 0,
          "descriptor": { "type": 1, "accuracy": 2, "e": "X", "Lambda": 0, "S": 0, "parity": "g", "v": 2 }
        },
        "count": 1
      }
    ],
    "rhs": [
      { "state": { "particle": "e", "charge": -1 }, "count": 1 },
      {
        "state": {
          "particle": "H2",
          "charge": 0,
          "descriptor": { "type": 1, "accuracy": 2, "e": "C", "Lambda": 1, "S": 0, "parity": "u", "v": 4 }
        },
        "count": 1
      }
    ],
    "type_tags": ["Electronic", "Vibrational"],
    "reversible": false
  },
  "threshold": 12.334,
  "data": [
    [12.334, 0],
    [13, 0.00432618],
    [14, 0.00837583],
    [15, 0.0116952],
    [16, 0.0145952],
    [17, 0.0173649],
    [18, 0.0201182],
    [19, 0.0228274],
    [20, 0.0254072],
    [22, 0.029987],
    [25, 0.0355013],
    [30, 0.0421921],
    [40, 0.0497649],
    [50, 0.0537549],
    [60, 0.0558684],
    [70, 0.0562129],
    [80, 0.0555117],
    [100, 0.0531198],
    [120, 0.0501428],
    [140, 0.0473084],
    [160, 0.0447596]
  ]
}