{
  "reaction": {
    "lhs": [
      { "state": { "particle": "e", "charge": -1 }, "count": 1 },
      {
        "state": {
          "particle": "H2",
          "charge": 0,
          "descriptor": { "type": 1, "accuracy": 2, "e": "X", "Lambda": 0, "S": 0, "parity": "g", "v": 2 }
        },
        "count": 1
      }
    ],
    "rhs": [
      { "state": { "particle": "e", "charge": -1 }, "count": 1 },
      {
        "state": {
          "particle": "H2",
          "charge": 0,
          "descriptor": { "type": 1, "accuracy": 2, "e": "J", "Lambda": 2, "S": 0, "parity": "g", "v": 1 }
        },
        "count": 1
      }
    ],
    "type_tags": ["Electronic", "Vibrational"],
    "reversible": false
  },
  "threshold": 13.2106,
  "data": [
    [13.2106, 0],
    [14, 0.000320429],
    [15, 0.00000970868],
    [16, 0.00000110473],
    [17, 2.94782e-7],
    [18, 0.00000885068],
    [19, 0.0000331203],
    [20, 0.0000528586],
    [22, 0.0000631267],
    [25, 0.0000683026],
    [30, 0.0000413898],
    [40, 0.0000300397],
    [50, 0.0000222439],
    [60, 0.000020106],
    [70, 0.0000195943],
    [80, 0.0000157757],
    [100, 0.0000127342],
    [120, 0.0000133422],
    [140, 0.0000111572],
    [160, 0.00000954809]
  ]
}