{
  "reaction": {
    "lhs": [
      { "state": { "particle": "e", "charge": -1 }, "count": 1 },
      {
        "state": {
          "particle": "H2",
          "charge": 0,
          "descriptor": { "type": 1, "accuracy": 2, "e": "X", "Lambda": 0, "S": 0, "parity": "g", "v": 2 }
        },
        "count": 1
      }
    ],
    "rhs": [
      { "state": { "particle": "e", "charge": -1 }, "count": 1 },
      {
        "state": {
          "particle": "H2",
          "charge": 0,
          "descriptor": {
            "type": 1,
            "accuracy": 2,
            "e": "d",
            "Lambda": 1,
            "S": 1,
            "parity": "u",
            "v": 16
          }
        },
        "count": 1
      }
    ],
    "type_tags": ["Electronic", "Vibrational"],
    "reversible": false
  },
  "threshold": 15.5156,
  "data": [
    [15.5156, 0],
    [16, 0.000107093],
    [17, 0.000269033],
    [18, 0.000265909],
    [19, 0.000258417],
    [20, 0.000249375],
    [22, 0.000229217],
    [25, 0.000193419],
    [30, 0.000137365],
    [40, 0.0000710535],
    [50, 0.0000411328],
    [60, 0.0000278472],
    [70, 0.0000220103],
    [80, 0.0000206236],
    [100, 0.000012851],
    [120, 0.00000592042],
    [140, 0.00000424844],
    [160, 0.00000297255]
  ]
}