{
  "reaction": {
    "lhs": [
      { "state": { "particle": "e", "charge": -1 }, "count": 1 },
      {
        "state": {
          "particle": "H2",
          "charge": 0,
          "descriptor": { "type": 1, "accuracy": 2, "e": "X", "Lambda": 0, "S": 0, "parity": "g", "v": 2 }
        },
        "count": 1
      }
    ],
    "rhs": [
      { "state": { "particle": "e", "charge": -1 }, "count": 1 },
      {
        "state": {
          "particle": "H2",
          "charge": 0,
          "descriptor": {
            "type": 1,
            "accuracy": 2,
            "e": "H",
            "Lambda": 0,
            "S": 0,
            "parity": "g",
            "v": 13
          }
        },
        "count": 1
      }
    ],
    "type_tags": ["Electronic", "Vibrational"],
    "reversible": false
  },
  "threshold": 14.4676,
  "data": [
    [14.4676, 0],
    [15, 9.71945e-12],
    [16, 1.01466e-11],
    [17, 6.03894e-12],
    [18, 2.09132e-12],
    [19, 8.71542e-14],
    [20, 8.54973e-15],
    [22, 1.27412e-14],
    [25, 4.87429e-13],
    [30, 4.43948e-13],
    [40, 6.564e-13],
    [50, 6.76408e-13],
    [60, 4.60938e-13],
    [70, 4.27124e-13],
    [80, 7.57789e-13],
    [100, 8.50603e-13],
    [120, 8.95464e-13],
    [140, 9.55791e-13],
    [160, 9.20611e-13]
  ]
}