{
  "reaction": {
    "lhs": [
      { "state": { "particle": "e", "charge": -1 }, "count": 1 },
      {
        "state": {
          "particle": "H2",
          "charge": 0,
          "descriptor": { "type": 1, "accuracy": 2, "e": "X", "Lambda": 0, "S": 0, "parity": "g", "v": 2 }
        },
        "count": 1
      }
    ],
    "rhs": [
      { "state": { "particle": "e", "charge": -1 }, "count": 1 },
      {
        "state": {
          "particle": "H2",
          "charge": 0,
          "descriptor": {
            "type": 1,
            "accuracy": 2,
            "e": "EF",
            "Lambda": 0,
            "S": 0,
            "parity": "g",
            "v": 15
          }
        },
        "count": 1
      }
    ],
    "type_tags": ["Electronic", "Vibrational"],
    "reversible": false
  },
  "threshold": 12.581,
  "data": [
    [12.581, 0],
    [13, 0.00000226443],
    [14, 0.00000852011],
    [15, 0.00000831052],
    [16, 0.00000775796],
    [17, 0.00000697675],
    [18, 0.00000608123],
    [19, 0.0000051857],
    [20, 0.00000440449],
    [22, 0.00000364234],
    [25, 0.00000417024],
    [30, 0.0000021884],
    [40, 0.00000212219],
    [50, 0.00000221621],
    [60, 0.00000248463],
    [70, 0.00000317084],
    [80, 0.00000387505],
    [100, 0.00000349387],
    [120, 0.00000163743],
    [140, 0.00000140318],
    [160, 0.00000122282]
  ]
}