{
  "reaction": {
    "lhs": [
      { "state": { "particle": "e", "charge": -1 }, "count": 1 },
      {
        "state": {
          "particle": "H2",
          "charge": 0,
          "descriptor": { "type": 1, "accuracy": 2, "e": "X", "Lambda": 0, "S": 0, "parity": "g", "v": 2 }
        },
        "count": 1
      }
    ],
    "rhs": [
      { "state": { "particle": "e", "charge": -1 }, "count": 1 },
      {
        "state": {
          "particle": "H2",
          "charge": 0,
          "descriptor": { "type": 1, "accuracy": 2, "e": "a", "Lambda": 0, "S": 1, "parity": "g", "v": 6 }
        },
        "count": 1
      }
    ],
    "type_tags": ["Electronic", "Vibrational"],
    "reversible": false
  },
  "threshold": 12.4232,
  "data": [
    [12.4232, 0],
    [13, 0.0190155],
    [14, 0.0194023],
    [15, 0.0165908],
    [16, 0.0138703],
    [17, 0.0115797],
    [18, 0.0101154],
    [19, 0.00912238],
    [20, 0.00830477],
    [22, 0.00677025],
    [25, 0.00488749],
    [30, 0.00265042],
    [40, 0.00117565],
    [50, 0.00067889],
    [60, 0.00052791],
    [70, 0.000401546],
    [80, 0.000344605],
    [100, 0.000230217],
    [120, 0.000159899],
    [140, 0.000116338],
    [160, 0.0000837916]
  ]
}