{
  "reaction": {
    "lhs": [
      { "state": { "particle": "e", "charge": -1 }, "count": 1 },
      {
        "state": {
          "particle": "H2",
          "charge": 0,
          "descriptor": { "type": 1, "accuracy": 2, "e": "X", "Lambda": 0, "S": 0, "parity": "g", "v": 2 }
        },
        "count": 1
      }
    ],
    "rhs": [
      { "state": { "particle": "e", "charge": -1 }, "count": 1 },
      {
        "state": {
          "particle": "H2",
          "charge": 0,
          "descriptor": { "type": 1, "accuracy": 2, "e": "H", "Lambda": 0, "S": 0, "parity": "g", "v": 9 }
        },
        "count": 1
      }
    ],
    "type_tags": ["Electronic", "Vibrational"],
    "reversible": false
  },
  "threshold": 14.3234,
  "data": [
    [14.3234, 0],
    [15, 0.000279287],
    [16, 0.000323467],
    [17, 0.000227781],
    [18, 0.000123505],
    [19, 0.0000725928],
    [20, 0.0000638578],
    [22, 0.000081592],
    [25, 0.0000998425],
    [30, 0.0000976534],
    [40, 0.000104958],
    [50, 0.000103245],
    [60, 0.0000921486],
    [70, 0.0000898497],
    [80, 0.000103334],
    [100, 0.0000990182],
    [120, 0.0000944155],
    [140, 0.0000908409],
    [160, 0.0000845562]
  ]
}