{
  "reaction": {
    "lhs": [
      { "state": { "particle": "e", "charge": -1 }, "count": 1 },
      {
        "state": {
          "particle": "H2",
          "charge": 0,
          "descriptor": { "type": 1, "accuracy": 2, "e": "X", "Lambda": 0, "S": 0, "parity": "g", "v": 2 }
        },
        "count": 1
      }
    ],
    "rhs": [
      { "state": { "particle": "e", "charge": -1 }, "count": 1 },
      {
        "state": {
          "particle": "H2",
          "charge": 0,
          "descriptor": {
            "type": 1,
            "accuracy": 2,
            "e": "d",
            "Lambda": 1,
            "S": 1,
            "parity": "u",
            "v": 15
          }
        },
        "count": 1
      }
    ],
    "type_tags": ["Electronic", "Vibrational"],
    "reversible": false
  },
  "threshold": 15.4769,
  "data": [
    [15.4769, 0],
    [16, 0.000405099],
    [17, 0.000962488],
    [18, 0.000953882],
    [19, 0.000932168],
    [20, 0.000903504],
    [22, 0.00083325],
    [25, 0.00070392],
    [30, 0.00049837],
    [40, 0.000254024],
    [50, 0.000146321],
    [60, 0.000099758],
    [70, 0.000078763],
    [80, 0.0000737566],
    [100, 0.0000459002],
    [120, 0.000021151],
    [140, 0.0000151776],
    [160, 0.0000106192]
  ]
}