{
  "reaction": {
    "lhs": [
      { "state": { "particle": "e", "charge": -1 }, "count": 1 },
      {
        "state": {
          "particle": "H2",
          "charge": 0,
          "descriptor": { "type": 1, "accuracy": 2, "e": "X", "Lambda": 0, "S": 0, "parity": "g", "v": 2 }
        },
        "count": 1
      }
    ],
    "rhs": [
      { "state": { "particle": "e", "charge": -1 }, "count": 1 },
      {
        "state": {
          "particle": "H2",
          "charge": 0,
          "descriptor": { "type": 1, "accuracy": 2, "e": "g", "Lambda": 0, "S": 1, "parity": "g", "v": 2 }
        },
        "count": 1
      }
    ],
    "type_tags": ["Electronic", "Vibrational"],
    "reversible": false
  },
  "threshold": 13.4441,
  "data": [
    [13.4441, 0],
    [14, 0.0032674],
    [15, 0.00413823],
    [16, 0.00372401],
    [17, 0.00311065],
    [18, 0.00276212],
    [19, 0.0024906],
    [20, 0.00226231],
    [22, 0.00185136],
    [25, 0.00133077],
    [30, 0.000731384],
    [40, 0.000442821],
    [50, 0.000304345],
    [60, 0.00020214],
    [70, 0.000133661],
    [80, 0.0000915951],
    [100, 0.0000473496],
    [120, 0.0000328469],
    [140, 0.0000236098],
    [160, 0.0000166144]
  ]
}