{
  "reaction": {
    "lhs": [
      { "state": { "particle": "e", "charge": -1 }, "count": 1 },
      {
        "state": {
          "particle": "H2",
          "charge": 0,
          "descriptor": { "type": 1, "accuracy": 2, "e": "X", "Lambda": 0, "S": 0, "parity": "g", "v": 2 }
        },
        "count": 1
      }
    ],
    "rhs": [
      { "state": { "particle": "e", "charge": -1 }, "count": 1 },
      {
        "state": {
          "particle": "H2",
          "charge": 0,
          "descriptor": {
            "type": 1,
            "accuracy": 2,
            "e": "GK",
            "Lambda": 0,
            "S": 0,
            "parity": "g",
            "v": 8
          }
        },
        "count": 1
      }
    ],
    "type_tags": ["Electronic", "Vibrational"],
    "reversible": false
  },
  "threshold": 13.67,
  "data": [
    [13.67, 0],
    [14, 0.000112947],
    [15, 0.000461841],
    [16, 0.000494936],
    [17, 0.000424875],
    [18, 0.000447454],
    [19, 0.000511262],
    [20, 0.000598778],
    [22, 0.000858295],
    [25, 0.000665822],
    [30, 0.000640779],
    [40, 0.00050571],
    [50, 0.000422725],
    [60, 0.000350822],
    [70, 0.000291786],
    [80, 0.000260265],
    [100, 0.00021005],
    [120, 0.000181397],
    [140, 0.000162414],
    [160, 0.000148573]
  ]
}