{
  "reaction": {
    "lhs": [
      { "state": { "particle": "e", "charge": -1 }, "count": 1 },
      {
        "state": {
          "particle": "H2",
          "charge": 0,
          "descriptor": { "type": 1, "accuracy": 2, "e": "X", "Lambda": 0, "S": 0, "parity": "g", "v": 2 }
        },
        "count": 1
      }
    ],
    "rhs": [
      { "state": { "particle": "e", "charge": -1 }, "count": 1 },
      {
        "state": {
          "particle": "H2",
          "charge": 0,
          "descriptor": {
            "type": 1,
            "accuracy": 2,
            "e": "H",
            "Lambda": 0,
            "S": 0,
            "parity": "g",
            "v": 66
          }
        },
        "count": 1
      }
    ],
    "type_tags": ["Electronic", "Vibrational"],
    "reversible": false
  },
  "threshold": -30.6849,
  "data": [
    [30.6849, 0],
    [6, 6.09039e-7],
    [8, 6.99968e-7],
    [10, 8.04593e-7],
    [11, 8.62398e-7],
    [12, 9.24055e-7],
    [13, 9.89705e-7],
    [14, 0.0000115049],
    [15, 0.0000389177],
    [16, 0.0000791787],
    [17, 0.000109181],
    [18, 0.000118647],
    [19, 0.000106827],
    [20, 0.0000909496],
    [22, 0.0000760213],
    [25, 0.0000718913],
    [30, 0.0000793828],
    [40, 0.0000781916],
    [50, 0.0000719817],
    [60, 0.0000692918],
    [70, 0.0000698363],
    [80, 0.0000720902],
    [100, 0.0000685681],
    [120, 0.0000640176],
    [140, 0.0000592788],
    [160, 0.0000546705]
  ]
}