{
  "reaction": {
    "lhs": [
      { "state": { "particle": "e", "charge": -1 }, "count": 1 },
      {
        "state": {
          "particle": "H2",
          "charge": 0,
          "descriptor": { "type": 1, "accuracy": 2, "e": "X", "Lambda": 0, "S": 0, "parity": "g", "v": 2 }
        },
        "count": 1
      }
    ],
    "rhs": [
      { "state": { "particle": "e", "charge": -1 }, "count": 1 },
      {
        "state": {
          "particle": "H2",
          "charge": 0,
          "descriptor": { "type": 1, "accuracy": 2, "e": "d", "Lambda": 1, "S": 1, "parity": "u", "v": 4 }
        },
        "count": 1
      }
    ],
    "type_tags": ["Electronic", "Vibrational"],
    "reversible": false
  },
  "threshold": 13.8734,
  "data": [
    [13.8734, 0],
    [14, 0.0044338],
    [15, 0.00499166],
    [16, 0.00530802],
    [17, 0.00561106],
    [18, 0.00547529],
    [19, 0.00517606],
    [20, 0.00487554],
    [22, 0.00435992],
    [25, 0.00355461],
    [30, 0.00238476],
    [40, 0.00114163],
    [50, 0.000671968],
    [60, 0.000493774],
    [70, 0.000383693],
    [80, 0.000339256],
    [100, 0.000189383],
    [120, 0.0000938338],
    [140, 0.0000673035],
    [160, 0.0000470383]
  ]
}