{
  "reaction": {
    "lhs": [
      { "state": { "particle": "e", "charge": -1 }, "count": 1 },
      {
        "state": {
          "particle": "H2",
          "charge": 0,
          "descriptor": { "type": 1, "accuracy": 2, "e": "X", "Lambda": 0, "S": 0, "parity": "g", "v": 2 }
        },
        "count": 1
      }
    ],
    "rhs": [
      { "state": { "particle": "e", "charge": -1 }, "count": 1 },
      {
        "state": {
          "particle": "H2",
          "charge": 0,
          "descriptor": { "type": 1, "accuracy": 2, "e": "H", "Lambda": 0, "S": 0, "parity": "g", "v": 8 }
        },
        "count": 1
      }
    ],
    "type_tags": ["Electronic", "Vibrational"],
    "reversible": false
  },
  "threshold": 14.3106,
  "data": [
    [14.3106, 0],
    [15, 2.10201e-12],
    [16, 2.54705e-12],
    [17, 1.99493e-12],
    [18, 1.30459e-12],
    [19, 9.42575e-13],
    [20, 8.68999e-13],
    [22, 9.86128e-13],
    [25, 1.10606e-12],
    [30, 1.0855e-12],
    [40, 1.16027e-12],
    [50, 1.12953e-12],
    [60, 1.00937e-12],
    [70, 9.83463e-13],
    [80, 1.12118e-12],
    [100, 1.07378e-12],
    [120, 1.01796e-12],
    [140, 9.66736e-13],
    [160, 8.93839e-13]
  ]
}