{
  "reaction": {
    "lhs": [
      { "state": { "particle": "e", "charge": -1 }, "count": 1 },
      {
        "state": {
          "particle": "H2",
          "charge": 0,
          "descriptor": { "type": 1, "accuracy": 2, "e": "X", "Lambda": 0, "S": 0, "parity": "g", "v": 2 }
        },
        "count": 1
      }
    ],
    "rhs": [
      { "state": { "particle": "e", "charge": -1 }, "count": 1 },
      {
        "state": {
          "particle": "H2",
          "charge": 0,
          "descriptor": {
            "type": 1,
            "accuracy": 2,
            "e": "B",
            "Lambda": 0,
            "S": 0,
            "parity": "u",
            "v": 26
          }
        },
        "count": 1
      }
    ],
    "type_tags": ["Electronic", "Vibrational"],
    "reversible": false
  },
  "threshold": 13.1907,
  "data": [
    [13.1907, 0],
    [14, 0.0019785],
    [15, 0.00353251],
    [16, 0.00467537],
    [17, 0.00555813],
    [18, 0.00634706],
    [19, 0.0071189],
    [20, 0.00786312],
    [22, 0.0091733],
    [25, 0.0107296],
    [30, 0.0126036],
    [40, 0.0146576],
    [50, 0.0154689],
    [60, 0.0157198],
    [70, 0.015622],
    [80, 0.015342],
    [100, 0.014606],
    [120, 0.0137755],
    [140, 0.0129458],
    [160, 0.0121403]
  ]
}