{
  "reaction": {
    "lhs": [
      { "state": { "particle": "e", "charge": -1 }, "count": 1 },
      {
        "state": {
          "particle": "H2",
          "charge": 0,
          "descriptor": { "type": 1, "accuracy": 2, "e": "X", "Lambda": 0, "S": 0, "parity": "g", "v": 2 }
        },
        "count": 1
      }
    ],
    "rhs": [
      { "state": { "particle": "e", "charge": -1 }, "count": 1 },
      {
        "state": {
          "particle": "H2",
          "charge": 0,
          "descriptor": {
            "type": 1,
            "accuracy": 2,
            "e": "B",
            "Lambda": 0,
            "S": 0,
            "parity": "u",
            "v": 21
          }
        },
        "count": 1
      }
    ],
    "type_tags": ["Electronic", "Vibrational"],
    "reversible": false
  },
  "threshold": 12.7911,
  "data": [
    [12.7911, 0],
    [13, 0.000746806],
    [14, 0.00232617],
    [15, 0.00364632],
    [16, 0.00466974],
    [17, 0.00548982],
    [18, 0.00622085],
    [19, 0.0069266],
    [20, 0.00761097],
    [22, 0.00882273],
    [25, 0.0101765],
    [30, 0.0117793],
    [40, 0.0134177],
    [50, 0.0139443],
    [60, 0.0140594],
    [70, 0.0139401],
    [80, 0.0136855],
    [100, 0.0129788],
    [120, 0.0121578],
    [140, 0.0113558],
    [160, 0.0106]
  ]
}