{
  "reaction": {
    "lhs": [
      { "state": { "particle": "e", "charge": -1 }, "count": 1 },
      {
        "state": {
          "particle": "H2",
          "charge": 0,
          "descriptor": { "type": 1, "accuracy": 2, "e": "X", "Lambda": 0, "S": 0, "parity": "g", "v": 2 }
        },
        "count": 1
      }
    ],
    "rhs": [
      { "state": { "particle": "e", "charge": -1 }, "count": 1 },
      {
        "state": {
          "particle": "H2",
          "charge": 0,
          "descriptor": {
            "type": 1,
            "accuracy": 2,
            "e": "EF",
            "Lambda": 0,
            "S": 0,
            "parity": "g",
            "v": 20
          }
        },
        "count": 1
      }
    ],
    "type_tags": ["Electronic", "Vibrational"],
    "reversible": false
  },
  "threshold": 12.9856,
  "data": [
    [12.9856, 0],
    [13, 0.0000234361],
    [14, 0.00175724],
    [15, 0.0016357],
    [16, 0.00137838],
    [17, 0.00143485],
    [18, 0.00148516],
    [19, 0.00153496],
    [20, 0.00159355],
    [22, 0.00159803],
    [25, 0.00167051],
    [30, 0.00165636],
    [40, 0.00166244],
    [50, 0.00163105],
    [60, 0.00157463],
    [70, 0.00152582],
    [80, 0.00148107],
    [100, 0.00134628],
    [120, 0.00118517],
    [140, 0.00107193],
    [160, 0.000969918]
  ]
}