{
  "reaction": {
    "lhs": [
      { "state": { "particle": "e", "charge": -1 }, "count": 1 },
      {
        "state": {
          "particle": "H2",
          "charge": 0,
          "descriptor": { "type": 1, "accuracy": 2, "e": "X", "Lambda": 0, "S": 0, "parity": "g", "v": 2 }
        },
        "count": 1
      }
    ],
    "rhs": [
      { "state": { "particle": "e", "charge": -1 }, "count": 1 },
      {
        "state": {
          "particle": "H2",
          "charge": 0,
          "descriptor": { "type": 1, "accuracy": 2, "e": "a", "Lambda": 0, "S": 1, "parity": "g", "v": 8 }
        },
        "count": 1
      }
    ],
    "type_tags": ["Electronic", "Vibrational"],
    "reversible": false
  },
  "threshold": 12.8397,
  "data": [
    [12.8397, 0],
    [13, 0.0221215],
    [14, 0.0268739],
    [15, 0.0246418],
    [16, 0.0202076],
    [17, 0.0159383],
    [18, 0.0136578],
    [19, 0.0123037],
    [20, 0.0112209],
    [22, 0.00909368],
    [25, 0.00657117],
    [30, 0.0036334],
    [40, 0.00160444],
    [50, 0.000874929],
    [60, 0.000648704],
    [70, 0.000514253],
    [80, 0.000481649],
    [100, 0.000357921],
    [120, 0.000240892],
    [140, 0.000177966],
    [160, 0.000132627]
  ]
}