{
  "reaction": {
    "lhs": [
      { "state": { "particle": "e", "charge": -1 }, "count": 1 },
      {
        "state": {
          "particle": "H2",
          "charge": 0,
          "descriptor": { "type": 1, "accuracy": 2, "e": "X", "Lambda": 0, "S": 0, "parity": "g", "v": 2 }
        },
        "count": 1
      }
    ],
    "rhs": [
      { "state": { "particle": "e", "charge": -1 }, "count": 1 },
      {
        "state": {
          "particle": "H2",
          "charge": 0,
          "descriptor": {
            "type": 1,
            "accuracy": 2,
            "e": "H",
            "Lambda": 0,
            "S": 0,
            "parity": "g",
            "v": 69
          }
        },
        "count": 1
      }
    ],
    "type_tags": ["Electronic", "Vibrational"],
    "reversible": false
  },
  "threshold": -30.6849,
  "data": [
    [30.6849, 0],
    [6, 4.92564e-7],
    [8, 5.66104e-7],
    [10, 6.5072e-7],
    [11, 6.9747e-7],
    [12, 7.47335e-7],
    [13, 8.0043e-7],
    [14, 0.0000103277],
    [15, 0.000035402],
    [16, 0.0000727007],
    [17, 0.000100761],
    [18, 0.000109694],
    [19, 0.000098652],
    [20, 0.0000837977],
    [22, 0.0000698427],
    [25, 0.0000659799],
    [30, 0.0000729778],
    [40, 0.0000719849],
    [50, 0.000066298],
    [60, 0.0000638069],
    [70, 0.0000642496],
    [80, 0.0000662438],
    [100, 0.0000630528],
    [120, 0.0000589797],
    [140, 0.0000546405],
    [160, 0.0000504007]
  ]
}