{
  "reaction": {
    "lhs": [
      { "state": { "particle": "e", "charge": -1 }, "count": 1 },
      {
        "state": {
          "particle": "H2",
          "charge": 0,
          "descriptor": { "type": 1, "accuracy": 2, "e": "X", "Lambda": 0, "S": 0, "parity": "g", "v": 2 }
        },
        "count": 1
      }
    ],
    "rhs": [
      { "state": { "particle": "e", "charge": -1 }, "count": 1 },
      {
        "state": {
          "particle": "H2",
          "charge": 0,
          "descriptor": {
            "type": 1,
            "accuracy": 2,
            "e": "H",
            "Lambda": 0,
            "S": 0,
            "parity": "g",
            "v": 49
          }
        },
        "count": 1
      }
    ],
    "type_tags": ["Electronic", "Vibrational"],
    "reversible": false
  },
  "threshold": 15.4048,
  "data": [
    [15.4048, 0],
    [16, 0.000089042],
    [17, 0.000140153],
    [18, 0.000159774],
    [19, 0.0001501],
    [20, 0.000131343],
    [22, 0.000111941],
    [25, 0.00010562],
    [30, 0.000114519],
    [40, 0.00011159],
    [50, 0.000102557],
    [60, 0.0000987088],
    [70, 0.0000997774],
    [80, 0.00010345],
    [100, 0.0000975015],
    [120, 0.0000899073],
    [140, 0.0000827879],
    [160, 0.0000761557]
  ]
}