{
  "reaction": {
    "lhs": [
      { "state": { "particle": "e", "charge": -1 }, "count": 1 },
      {
        "state": {
          "particle": "H2",
          "charge": 0,
          "descriptor": { "type": 1, "accuracy": 2, "e": "X", "Lambda": 0, "S": 0, "parity": "g", "v": 2 }
        },
        "count": 1
      }
    ],
    "rhs": [
      { "state": { "particle": "e", "charge": -1 }, "count": 1 },
      {
        "state": {
          "particle": "H2",
          "charge": 0,
          "descriptor": {
            "type": 1,
            "accuracy": 2,
            "e": "c",
            "Lambda": 1,
            "S": 1,
            "parity": "u",
            "v": 16
          }
        },
        "count": 1
      }
    ],
    "type_tags": ["Electronic", "Vibrational"],
    "reversible": false
  },
  "threshold": 13.6261,
  "data": [
    [13.6261, 0],
    [14, 0.00302728],
    [15, 0.00405428],
    [16, 0.00418775],
    [17, 0.004207],
    [18, 0.00416455],
    [19, 0.00405991],
    [20, 0.00392709],
    [22, 0.00362643],
    [25, 0.00309427],
    [30, 0.00214896],
    [40, 0.000316066],
    [50, 0.000137141],
    [60, 0.000106298],
    [70, 0.000090858],
    [80, 0.0000773338],
    [100, 0.0000444011],
    [120, 0.0000221067],
    [140, 0.0000159008],
    [160, 0.0000111641]
  ]
}