{
  "reaction": {
    "lhs": [
      { "state": { "particle": "e", "charge": -1 }, "count": 1 },
      {
        "state": {
          "particle": "H2",
          "charge": 0,
          "descriptor": { "type": 1, "accuracy": 2, "e": "X", "Lambda": 0, "S": 0, "parity": "g", "v": 2 }
        },
        "count": 1
      }
    ],
    "rhs": [
      { "state": { "particle": "e", "charge": -1 }, "count": 1 },
      {
        "state": {
          "particle": "H2",
          "charge": 0,
          "descriptor": {
            "type": 1,
            "accuracy": 2,
            "e": "H",
            "Lambda": 0,
            "S": 0,
            "parity": "g",
            "v": 61
          }
        },
        "count": 1
      }
    ],
    "type_tags": ["Electronic", "Vibrational"],
    "reversible": false
  },
  "threshold": 15.562,
  "data": [
    [15.562, 0],
    [16, 0.0000711105],
    [17, 0.000114138],
    [18, 0.000130226],
    [19, 0.000120728],
    [20, 0.000103886],
    [22, 0.0000868566],
    [25, 0.0000816108],
    [30, 0.0000899895],
    [40, 0.0000884175],
    [50, 0.0000812512],
    [60, 0.0000782623],
    [70, 0.0000790415],
    [80, 0.0000817442],
    [100, 0.0000776225],
    [120, 0.0000722269],
    [140, 0.0000668084],
    [160, 0.0000615896]
  ]
}