{
  "reaction": {
    "lhs": [
      { "state": { "particle": "e", "charge": -1 }, "count": 1 },
      {
        "state": {
          "particle": "H2",
          "charge": 0,
          "descriptor": { "type": 1, "accuracy": 2, "e": "X", "Lambda": 0, "S": 0, "parity": "g", "v": 2 }
        },
        "count": 1
      }
    ],
    "rhs": [
      { "state": { "particle": "e", "charge": -1 }, "count": 1 },
      {
        "state": {
          "particle": "H2",
          "charge": 0,
          "descriptor": { "type": 1, "accuracy": 2, "e": "i", "Lambda": 1, "S": 1, "parity": "g", "v": 2 }
        },
        "count": 1
      }
    ],
    "type_tags": ["Electronic", "Vibrational"],
    "reversible": false
  },
  "threshold": 13.3844,
  "data": [
    [13.3844, 0],
    [14, 0.00150704],
    [15, 0.00174434],
    [16, 0.00163446],
    [17, 0.0014432],
    [18, 0.00125833],
    [19, 0.00106534],
    [20, 0.000918458],
    [22, 0.000756134],
    [25, 0.000646655],
    [30, 0.000552452],
    [40, 0.000224114],
    [50, 0.000141923],
    [60, 0.000123096],
    [70, 0.0000966774],
    [80, 0.000071273],
    [100, 0.0000291065],
    [120, 0.0000068373],
    [140, 0.00000485466],
    [160, 0.00000331918]
  ]
}