{
  "reaction": {
    "lhs": [
      { "state": { "particle": "e", "charge": -1 }, "count": 1 },
      {
        "state": {
          "particle": "H2",
          "charge": 0,
          "descriptor": { "type": 1, "accuracy": 2, "e": "X", "Lambda": 0, "S": 0, "parity": "g", "v": 2 }
        },
        "count": 1
      }
    ],
    "rhs": [
      { "state": { "particle": "e", "charge": -1 }, "count": 1 },
      {
        "state": {
          "particle": "H2",
          "charge": 0,
          "descriptor": {
            "type": 1,
            "accuracy": 2,
            "e": "d",
            "Lambda": 1,
            "S": 1,
            "parity": "u",
            "v": 14
          }
        },
        "count": 1
      }
    ],
    "type_tags": ["Electronic", "Vibrational"],
    "reversible": false
  },
  "threshold": 15.414,
  "data": [
    [15.414, 0],
    [16, 0.00065089],
    [17, 0.00142877],
    [18, 0.00142122],
    [19, 0.00139929],
    [20, 0.00136401],
    [22, 0.00126247],
    [25, 0.00106559],
    [30, 0.000747914],
    [40, 0.000377958],
    [50, 0.000217269],
    [60, 0.000148793],
    [70, 0.00011724],
    [80, 0.000109672],
    [100, 0.0000681046],
    [120, 0.000031401],
    [140, 0.0000225325],
    [160, 0.0000157645]
  ]
}