{
  "reaction": {
    "lhs": [
      { "state": { "particle": "e", "charge": -1 }, "count": 1 },
      {
        "state": {
          "particle": "H2",
          "charge": 0,
          "descriptor": { "type": 1, "accuracy": 2, "e": "X", "Lambda": 0, "S": 0, "parity": "g", "v": 2 }
        },
        "count": 1
      }
    ],
    "rhs": [
      { "state": { "particle": "e", "charge": -1 }, "count": 1 },
      {
        "state": {
          "particle": "H2",
          "charge": 0,
          "descriptor": {
            "type": 1,
            "accuracy": 2,
            "e": "H",
            "Lambda": 0,
            "S": 0,
            "parity": "g",
            "v": 46
          }
        },
        "count": 1
      }
    ],
    "type_tags": ["Electronic", "Vibrational"],
    "reversible": false
  },
  "threshold": 15.3309,
  "data": [
    [15.3309, 0],
    [16, 0.0000908731],
    [17, 0.000142523],
    [18, 0.000162795],
    [19, 0.000153354],
    [20, 0.00013516],
    [22, 0.000115974],
    [25, 0.000109504],
    [30, 0.000118016],
    [40, 0.000114711],
    [50, 0.000105448],
    [60, 0.000101481],
    [70, 0.000102566],
    [80, 0.000106319],
    [100, 0.0000999044],
    [120, 0.0000919041],
    [140, 0.0000844833],
    [160, 0.0000776454]
  ]
}