{
  "reaction": {
    "lhs": [
      { "state": { "particle": "e", "charge": -1 }, "count": 1 },
      {
        "state": {
          "particle": "H2",
          "charge": 0,
          "descriptor": { "type": 1, "accuracy": 2, "e": "X", "Lambda": 0, "S": 0, "parity": "g", "v": 2 }
        },
        "count": 1
      }
    ],
    "rhs": [
      { "state": { "particle": "e", "charge": -1 }, "count": 1 },
      {
        "state": {
          "particle": "H2",
          "charge": 0,
          "descriptor": { "type": 1, "accuracy": 2, "e": "D", "Lambda": 1, "S": 0, "parity": "u", "v": 7 }
        },
        "count": 1
      }
    ],
    "type_tags": ["Electronic", "Vibrational"],
    "reversible": false
  },
  "threshold": 14.6053,
  "data": [
    [14.6053, 0],
    [15, 0.0000470537],
    [16, 0.000139844],
    [17, 0.000215504],
    [18, 0.000263993],
    [19, 0.000300311],
    [20, 0.00034585],
    [22, 0.000458616],
    [25, 0.0005883],
    [30, 0.000732241],
    [40, 0.00093016],
    [50, 0.00105064],
    [60, 0.00113601],
    [70, 0.00117707],
    [80, 0.00117346],
    [100, 0.00114085],
    [120, 0.0010856],
    [140, 0.00102912],
    [160, 0.000977669]
  ]
}