{
  "reaction": {
    "lhs": [
      { "state": { "particle": "e", "charge": -1 }, "count": 1 },
      {
        "state": {
          "particle": "H2",
          "charge": 0,
          "descriptor": { "type": 1, "accuracy": 2, "e": "X", "Lambda": 0, "S": 0, "parity": "g", "v": 2 }
        },
        "count": 1
      }
    ],
    "rhs": [
      { "state": { "particle": "e", "charge": -1 }, "count": 1 },
      {
        "state": {
          "particle": "H2",
          "charge": 0,
          "descriptor": {
            "type": 1,
            "accuracy": 2,
            "e": "H",
            "Lambda": 0,
            "S": 0,
            "parity": "g",
            "v": 31
          }
        },
        "count": 1
      }
    ],
    "type_tags": ["Electronic", "Vibrational"],
    "reversible": false
  },
  "threshold": 14.9327,
  "data": [
    [14.9327, 0],
    [15, 0.000022106],
    [16, 0.0000544805],
    [17, 0.0000898381],
    [18, 0.00010879],
    [19, 0.00010774],
    [20, 0.0000986057],
    [22, 0.0000866685],
    [25, 0.0000812979],
    [30, 0.0000849754],
    [40, 0.0000805374],
    [50, 0.0000739877],
    [60, 0.0000716912],
    [70, 0.0000725017],
    [80, 0.0000741969],
    [100, 0.0000679552],
    [120, 0.0000617472],
    [140, 0.0000559639],
    [160, 0.0000510326]
  ]
}