{
  "reaction": {
    "lhs": [
      { "state": { "particle": "e", "charge": -1 }, "count": 1 },
      {
        "state": {
          "particle": "H2",
          "charge": 0,
          "descriptor": { "type": 1, "accuracy": 2, "e": "X", "Lambda": 0, "S": 0, "parity": "g", "v": 2 }
        },
        "count": 1
      }
    ],
    "rhs": [
      { "state": { "particle": "e", "charge": -1 }, "count": 1 },
      {
        "state": {
          "particle": "H2",
          "charge": 0,
          "descriptor": {
            "type": 1,
            "accuracy": 2,
            "e": "H",
            "Lambda": 0,
            "S": 0,
            "parity": "g",
            "v": 52
          }
        },
        "count": 1
      }
    ],
    "type_tags": ["Electronic", "Vibrational"],
    "reversible": false
  },
  "threshold": 15.4685,
  "data": [
    [15.4685, 0],
    [16, 0.0000854621],
    [17, 0.000135183],
    [18, 0.000154058],
    [19, 0.000144123],
    [20, 0.000125493],
    [22, 0.000106374],
    [25, 0.000100272],
    [30, 0.00010928],
    [40, 0.000106744],
    [50, 0.0000980885],
    [60, 0.0000944288],
    [70, 0.0000954535],
    [80, 0.0000989442],
    [100, 0.0000934851],
    [120, 0.0000864064],
    [140, 0.0000796787],
    [160, 0.0000733497]
  ]
}