{
  "reaction": {
    "lhs": [
      { "state": { "particle": "e", "charge": -1 }, "count": 1 },
      {
        "state": {
          "particle": "H2",
          "charge": 0,
          "descriptor": { "type": 1, "accuracy": 2, "e": "X", "Lambda": 0, "S": 0, "parity": "g", "v": 2 }
        },
        "count": 1
      }
    ],
    "rhs": [
      { "state": { "particle": "e", "charge": -1 }, "count": 1 },
      {
        "state": {
          "particle": "H2",
          "charge": 0,
          "descriptor": {
            "type": 1,
            "accuracy": 2,
            "e": "H",
            "Lambda": 0,
            "S": 0,
            "parity": "g",
            "v": 53
          }
        },
        "count": 1
      }
    ],
    "type_tags": ["Electronic", "Vibrational"],
    "reversible": false
  },
  "threshold": 15.4855,
  "data": [
    [15.4855, 0],
    [16, 0.0000840141],
    [17, 0.000133109],
    [18, 0.000151695],
    [19, 0.000141738],
    [20, 0.000123228],
    [22, 0.000104274],
    [25, 0.0000982584],
    [30, 0.000107255],
    [40, 0.000104826],
    [50, 0.0000963386],
    [60, 0.0000927519],
    [70, 0.0000937565],
    [80, 0.0000971709],
    [100, 0.0000918761],
    [120, 0.0000849845],
    [140, 0.0000784007],
    [160, 0.0000721884]
  ]
}