{
  "reaction": {
    "lhs": [
      { "state": { "particle": "e", "charge": -1 }, "count": 1 },
      {
        "state": {
          "particle": "H2",
          "charge": 0,
          "descriptor": { "type": 1, "accuracy": 2, "e": "X", "Lambda": 0, "S": 0, "parity": "g", "v": 2 }
        },
        "count": 1
      }
    ],
    "rhs": [
      { "state": { "particle": "e", "charge": -1 }, "count": 1 },
      {
        "state": {
          "particle": "H2",
          "charge": 0,
          "descriptor": {
            "type": 1,
            "accuracy": 2,
            "e": "a",
            "Lambda": 0,
            "S": 1,
            "parity": "g",
            "v": 16
          }
        },
        "count": 1
      }
    ],
    "type_tags": ["Electronic", "Vibrational"],
    "reversible": false
  },
  "threshold": 13.6637,
  "data": [
    [13.6637, 0],
    [14, 0.000618969],
    [15, 0.000510738],
    [16, 0.000404599],
    [17, 0.00031775],
    [18, 0.0002703],
    [19, 0.000244657],
    [20, 0.000224538],
    [22, 0.000183291],
    [25, 0.00013527],
    [30, 0.0000795384],
    [40, 0.0000371252],
    [50, 0.0000185796],
    [60, 0.0000121516],
    [70, 0.0000103415],
    [80, 0.0000100004],
    [100, 0.00000800608],
    [120, 0.00000558975],
    [140, 0.00000436133],
    [160, 0.00000343197]
  ]
}