{
  "reaction": {
    "lhs": [
      { "state": { "particle": "e", "charge": -1 }, "count": 1 },
      {
        "state": {
          "particle": "H2",
          "charge": 0,
          "descriptor": { "type": 1, "accuracy": 2, "e": "X", "Lambda": 0, "S": 0, "parity": "g", "v": 2 }
        },
        "count": 1
      }
    ],
    "rhs": [
      { "state": { "particle": "e", "charge": -1 }, "count": 1 },
      {
        "state": {
          "particle": "H2",
          "charge": 0,
          "descriptor": {
            "type": 1,
            "accuracy": 2,
            "e": "B",
            "Lambda": 0,
            "S": 0,
            "parity": "u",
            "v": 15
          }
        },
        "count": 1
      }
    ],
    "type_tags": ["Electronic", "Vibrational"],
    "reversible": false
  },
  "threshold": 12.2077,
  "data": [
    [12.2077, 0],
    [13, 0.00000907002],
    [14, 0.0000148092],
    [15, 0.0000144749],
    [16, 0.0000117092],
    [17, 0.0000103762],
    [18, 0.0000115841],
    [19, 0.0000134702],
    [20, 0.000014028],
    [22, 0.0000126451],
    [25, 0.0000141155],
    [30, 0.000019987],
    [40, 0.0000350991],
    [50, 0.0000473428],
    [60, 0.000053816],
    [70, 0.0000549457],
    [80, 0.0000537649],
    [100, 0.0000539377],
    [120, 0.000056166],
    [140, 0.0000572471],
    [160, 0.0000567648]
  ]
}