{
  "reaction": {
    "lhs": [
      { "state": { "particle": "e", "charge": -1 }, "count": 1 },
      {
        "state": {
          "particle": "H2",
          "charge": 0,
          "descriptor": { "type": 1, "accuracy": 2, "e": "X", "Lambda": 0, "S": 0, "parity": "g", "v": 2 }
        },
        "count": 1
      }
    ],
    "rhs": [
      { "state": { "particle": "e", "charge": -1 }, "count": 1 },
      {
        "state": {
          "particle": "H2",
          "charge": 0,
          "descriptor": { "type": 1, "accuracy": 2, "e": "j", "Lambda": 2, "S": 1, "parity": "g", "v": 3 }
        },
        "count": 1
      }
    ],
    "type_tags": ["Electronic", "Vibrational"],
    "reversible": false
  },
  "threshold": 13.7122,
  "data": [
    [13.7122, 0],
    [14, 0.00110833],
    [15, 0.00223214],
    [16, 0.00215914],
    [17, 0.00201888],
    [18, 0.00186047],
    [19, 0.00168346],
    [20, 0.0015316],
    [22, 0.00129964],
    [25, 0.00101161],
    [30, 0.000661826],
    [40, 0.00039928],
    [50, 0.000299212],
    [60, 0.000246048],
    [70, 0.000162888],
    [80, 0.0000961858],
    [100, 0.0000487695],
    [120, 0.0000379744],
    [140, 0.0000270004],
    [160, 0.0000187347]
  ]
}