{
  "reaction": {
    "lhs": [
      { "state": { "particle": "e", "charge": -1 }, "count": 1 },
      {
        "state": {
          "particle": "H2",
          "charge": 0,
          "descriptor": { "type": 1, "accuracy": 2, "e": "X", "Lambda": 0, "S": 0, "parity": "g", "v": 2 }
        },
        "count": 1
      }
    ],
    "rhs": [
      { "state": { "particle": "e", "charge": -1 }, "count": 1 },
      {
        "state": {
          "particle": "H2",
          "charge": 0,
          "descriptor": {
            "type": 1,
            "accuracy": 2,
            "e": "g",
            "Lambda": 0,
            "S": 1,
            "parity": "g",
            "v": 13
          }
        },
        "count": 1
      }
    ],
    "type_tags": ["Electronic", "Vibrational"],
    "reversible": false
  },
  "threshold": 15.3695,
  "data": [
    [15.3695, 0],
    [16, 0.0000708175],
    [17, 0.00014803],
    [18, 0.000145785],
    [19, 0.000140469],
    [20, 0.000134213],
    [22, 0.00012027],
    [25, 0.0000953463],
    [30, 0.0000599611],
    [40, 0.0000417572],
    [50, 0.0000275931],
    [60, 0.0000171698],
    [70, 0.0000125668],
    [80, 0.0000106883],
    [100, 0.00000715473],
    [120, 0.00000510605],
    [140, 0.00000364777],
    [160, 0.00000256294]
  ]
}