{
  "reaction": {
    "lhs": [
      { "state": { "particle": "e", "charge": -1 }, "count": 1 },
      {
        "state": {
          "particle": "H2",
          "charge": 0,
          "descriptor": { "type": 1, "accuracy": 2, "e": "X", "Lambda": 0, "S": 0, "parity": "g", "v": 2 }
        },
        "count": 1
      }
    ],
    "rhs": [
      { "state": { "particle": "e", "charge": -1 }, "count": 1 },
      {
        "state": {
          "particle": "H2",
          "charge": 0,
          "descriptor": { "type": 1, "accuracy": 2, "e": "g", "Lambda": 0, "S": 1, "parity": "g", "v": 0 }
        },
        "count": 1
      }
    ],
    "type_tags": ["Electronic", "Vibrational"],
    "reversible": false
  },
  "threshold": 12.8839,
  "data": [
    [12.8839, 0],
    [13, 0.0072513],
    [14, 0.01912],
    [15, 0.0192718],
    [16, 0.017408],
    [17, 0.0146387],
    [18, 0.0130433],
    [19, 0.011785],
    [20, 0.0107221],
    [22, 0.00882075],
    [25, 0.00641698],
    [30, 0.00353089],
    [40, 0.00182774],
    [50, 0.00132244],
    [60, 0.00119641],
    [70, 0.000820318],
    [80, 0.000452797],
    [100, 0.000281371],
    [120, 0.000243507],
    [140, 0.000203414],
    [160, 0.000169769]
  ]
}