{
  "reaction": {
    "lhs": [
      { "state": { "particle": "e", "charge": -1 }, "count": 1 },
      {
        "state": {
          "particle": "H2",
          "charge": 0,
          "descriptor": { "type": 1, "accuracy": 2, "e": "X", "Lambda": 0, "S": 0, "parity": "g", "v": 2 }
        },
        "count": 1
      }
    ],
    "rhs": [
      { "state": { "particle": "e", "charge": -1 }, "count": 1 },
      {
        "state": {
          "particle": "H2",
          "charge": 0,
          "descriptor": { "type": 1, "accuracy": 2, "e": "d", "Lambda": 1, "S": 1, "parity": "u", "v": 6 }
        },
        "count": 1
      }
    ],
    "type_tags": ["Electronic", "Vibrational"],
    "reversible": false
  },
  "threshold": 14.2963,
  "data": [
    [14.2963, 0],
    [15, 0.00000259736],
    [16, 0.000018489],
    [17, 0.0000300289],
    [18, 0.0000251553],
    [19, 0.0000159007],
    [20, 0.0000103139],
    [22, 0.00000859166],
    [25, 0.00000726353],
    [30, 0.00000674245],
    [40, 3.55414e-7],
    [50, 2.42074e-7],
    [60, 2.2588e-7],
    [70, 3.20446e-7],
    [80, 4.15012e-7],
    [100, 2.49812e-7],
    [120, 7.30918e-8],
    [140, 5.26179e-8],
    [160, 3.68444e-8]
  ]
}