{
  "reaction": {
    "lhs": [
      { "state": { "particle": "e", "charge": -1 }, "count": 1 },
      {
        "state": {
          "particle": "H2",
          "charge": 0,
          "descriptor": { "type": 1, "accuracy": 2, "e": "X", "Lambda": 0, "S": 0, "parity": "g", "v": 2 }
        },
        "count": 1
      }
    ],
    "rhs": [
      { "state": { "particle": "e", "charge": -1 }, "count": 1 },
      {
        "state": {
          "particle": "H2",
          "charge": 0,
          "descriptor": { "type": 1, "accuracy": 2, "e": "e", "Lambda": 0, "S": 1, "parity": "u", "v": 6 }
        },
        "count": 1
      }
    ],
    "type_tags": ["Electronic", "Vibrational"],
    "reversible": false
  },
  "threshold": 13.4907,
  "data": [
    [13.4907, 0],
    [14, 0.00387608],
    [15, 0.00359221],
    [16, 0.00300886],
    [17, 0.00252841],
    [18, 0.00231476],
    [19, 0.00220402],
    [20, 0.00210684],
    [22, 0.00187447],
    [25, 0.00155619],
    [30, 0.00110866],
    [40, 0.000528378],
    [50, 0.000316017],
    [60, 0.000237142],
    [70, 0.000175563],
    [80, 0.000144459],
    [100, 0.0000834164],
    [120, 0.0000496017],
    [140, 0.0000358312],
    [160, 0.0000253807]
  ]
}