{
  "reaction": {
    "lhs": [
      { "state": { "particle": "e", "charge": -1 }, "count": 1 },
      {
        "state": {
          "particle": "H2",
          "charge": 0,
          "descriptor": { "type": 1, "accuracy": 2, "e": "X", "Lambda": 0, "S": 0, "parity": "g", "v": 2 }
        },
        "count": 1
      }
    ],
    "rhs": [
      { "state": { "particle": "e", "charge": -1 }, "count": 1 },
      {
        "state": {
          "particle": "H2",
          "charge": 0,
          "descriptor": { "type": 1, "accuracy": 2, "e": "D", "Lambda": 1, "S": 0, "parity": "u", "v": 4 }
        },
        "count": 1
      }
    ],
    "type_tags": ["Electronic", "Vibrational"],
    "reversible": false
  },
  "threshold": 14.0068,
  "data": [
    [14.0068, 0],
    [15, 0.00261046],
    [16, 0.0036233],
    [17, 0.00414733],
    [18, 0.00465003],
    [19, 0.00529126],
    [20, 0.00599882],
    [22, 0.00732055],
    [25, 0.00894066],
    [30, 0.0109886],
    [40, 0.013877],
    [50, 0.0155165],
    [60, 0.0165284],
    [70, 0.0169561],
    [80, 0.0169062],
    [100, 0.0164312],
    [120, 0.0156444],
    [140, 0.0148471],
    [160, 0.0141172]
  ]
}