{
  "reaction": {
    "lhs": [
      { "state": { "particle": "e", "charge": -1 }, "count": 1 },
      {
        "state": {
          "particle": "H2",
          "charge": 0,
          "descriptor": { "type": 1, "accuracy": 2, "e": "X", "Lambda": 0, "S": 0, "parity": "g", "v": 2 }
        },
        "count": 1
      }
    ],
    "rhs": [
      { "state": { "particle": "e", "charge": -1 }, "count": 1 },
      {
        "state": {
          "particle": "H2",
          "charge": 0,
          "descriptor": {
            "type": 1,
            "accuracy": 2,
            "e": "D",
            "Lambda": 1,
            "S": 0,
            "parity": "u",
            "v": 17
          }
        },
        "count": 1
      }
    ],
    "type_tags": ["Electronic", "Vibrational"],
    "reversible": false
  },
  "threshold": 15.5644,
  "data": [
    [15.5644, 0],
    [16, 0.0000265732],
    [17, 0.0000460794],
    [18, 0.000057587],
    [19, 0.0000654636],
    [20, 0.0000738372],
    [22, 0.0000942516],
    [25, 0.000125609],
    [30, 0.000166707],
    [40, 0.000226965],
    [50, 0.000261294],
    [60, 0.000280502],
    [70, 0.000289332],
    [80, 0.0002918],
    [100, 0.000287254],
    [120, 0.000276347],
    [140, 0.000264825],
    [160, 0.000253844]
  ]
}