{
  "reaction": {
    "lhs": [
      { "state": { "particle": "e", "charge": -1 }, "count": 1 },
      {
        "state": {
          "particle": "H2",
          "charge": 0,
          "descriptor": { "type": 1, "accuracy": 2, "e": "X", "Lambda": 0, "S": 0, "parity": "g", "v": 2 }
        },
        "count": 1
      }
    ],
    "rhs": [
      { "state": { "particle": "e", "charge": -1 }, "count": 1 },
      {
        "state": {
          "particle": "H2",
          "charge": 0,
          "descriptor": { "type": 1, "accuracy": 2, "e": "C", "Lambda": 1, "S": 0, "parity": "u", "v": 5 }
        },
        "count": 1
      }
    ],
    "type_tags": ["Electronic", "Vibrational"],
    "reversible": false
  },
  "threshold": 12.5553,
  "data": [
    [12.5553, 0],
    [13, 0.000289134],
    [14, 0.000691067],
    [15, 0.0010154],
    [16, 0.001282],
    [17, 0.0015336],
    [18, 0.00179138],
    [19, 0.00205012],
    [20, 0.00229262],
    [22, 0.00269804],
    [25, 0.00317525],
    [30, 0.00387641],
    [40, 0.00473313],
    [50, 0.00515249],
    [60, 0.00533892],
    [70, 0.0053732],
    [80, 0.00534092],
    [100, 0.00515278],
    [120, 0.00489367],
    [140, 0.00464317],
    [160, 0.00441419]
  ]
}