{
  "reaction": {
    "lhs": [
      { "state": { "particle": "e", "charge": -1 }, "count": 1 },
      {
        "state": {
          "particle": "H2",
          "charge": 0,
          "descriptor": { "type": 1, "accuracy": 2, "e": "X", "Lambda": 0, "S": 0, "parity": "g", "v": 2 }
        },
        "count": 1
      }
    ],
    "rhs": [
      { "state": { "particle": "e", "charge": -1 }, "count": 1 },
      {
        "state": {
          "particle": "H2",
          "charge": 0,
          "descriptor": {
            "type": 1,
            "accuracy": 2,
            "e": "H",
            "Lambda": 0,
            "S": 0,
            "parity": "g",
            "v": 32
          }
        },
        "count": 1
      }
    ],
    "type_tags": ["Electronic", "Vibrational"],
    "reversible": false
  },
  "threshold": 14.9582,
  "data": [
    [14.9582, 0],
    [15, 0.0000258194],
    [16, 0.0000633301],
    [17, 0.000103487],
    [18, 0.000124443],
    [19, 0.000122909],
    [20, 0.000112041],
    [22, 0.0000983325],
    [25, 0.000092356],
    [30, 0.0000967102],
    [40, 0.0000918887],
    [50, 0.000084439],
    [60, 0.0000817229],
    [70, 0.0000826241],
    [80, 0.0000847069],
    [100, 0.0000777652],
    [120, 0.0000707244],
    [140, 0.0000641872],
    [160, 0.0000585748]
  ]
}