{
  "reaction": {
    "lhs": [
      { "state": { "particle": "e", "charge": -1 }, "count": 1 },
      {
        "state": {
          "particle": "H2",
          "charge": 0,
          "descriptor": { "type": 1, "accuracy": 2, "e": "X", "Lambda": 0, "S": 0, "parity": "g", "v": 2 }
        },
        "count": 1
      }
    ],
    "rhs": [
      { "state": { "particle": "e", "charge": -1 }, "count": 1 },
      {
        "state": {
          "particle": "H2",
          "charge": 0,
          "descriptor": {
            "type": 1,
            "accuracy": 2,
            "e": "EF",
            "Lambda": 0,
            "S": 0,
            "parity": "g",
            "v": 12
          }
        },
        "count": 1
      }
    ],
    "type_tags": ["Electronic", "Vibrational"],
    "reversible": false
  },
  "threshold": 12.3214,
  "data": [
    [12.3214, 0],
    [13, 0.00142612],
    [14, 0.00172962],
    [15, 0.00129727],
    [16, 0.00132546],
    [17, 0.00141089],
    [18, 0.00150804],
    [19, 0.0014635],
    [20, 0.00141091],
    [22, 0.00147529],
    [25, 0.00160767],
    [30, 0.00165589],
    [40, 0.0016529],
    [50, 0.00161142],
    [60, 0.00154461],
    [70, 0.00148946],
    [80, 0.00143767],
    [100, 0.00130062],
    [120, 0.00116014],
    [140, 0.00105532],
    [160, 0.000957974]
  ]
}