{
  "reaction": {
    "lhs": [
      { "state": { "particle": "e", "charge": -1 }, "count": 1 },
      {
        "state": {
          "particle": "H2",
          "charge": 0,
          "descriptor": { "type": 1, "accuracy": 2, "e": "X", "Lambda": 0, "S": 0, "parity": "g", "v": 5 }
        },
        "count": 1
      }
    ],
    "rhs": [
      { "state": { "particle": "e", "charge": -1 }, "count": 1 },
      {
        "state": {
          "particle": "H2",
          "charge": 0,
          "descriptor": {
            "type": 1,
            "accuracy": 2,
            "e": "g",
            "Lambda": 0,
            "S": 1,
            "parity": "g",
            "v": 16
          }
        },
        "count": 1
      }
    ],
    "type_tags": ["Electronic", "Vibrational"],
    "reversible": false
  },
  "threshold": 14.235,
  "data": [
    [14.235, 0],
    [15, 0.0000219644],
    [16, 0.0000295368],
    [17, 0.0000306606],
    [18, 0.0000291229],
    [19, 0.0000260182],
    [20, 0.0000236086],
    [22, 0.0000215522],
    [25, 0.0000200641],
    [30, 0.0000191722],
    [40, 0.0000114029],
    [50, 0.00000794668],
    [60, 0.00000604382],
    [70, 0.00000422153],
    [80, 0.00000293208],
    [100, 0.00000137068],
    [120, 7.39243e-7],
    [140, 5.22952e-7],
    [160, 3.57461e-7]
  ]
}