{
  "reaction": {
    "lhs": [
      { "state": { "particle": "e", "charge": -1 }, "count": 1 },
      {
        "state": {
          "particle": "H2",
          "charge": 0,
          "descriptor": { "type": 1, "accuracy": 2, "e": "X", "Lambda": 0, "S": 0, "parity": "g", "v": 5 }
        },
        "count": 1
      }
    ],
    "rhs": [
      { "state": { "particle": "e", "charge": -1 }, "count": 1 },
      {
        "state": {
          "particle": "H2",
          "charge": 0,
          "descriptor": {
            "type": 1,
            "accuracy": 2,
            "e": "g",
            "Lambda": 0,
            "S": 1,
            "parity": "g",
            "v": 15
          }
        },
        "count": 1
      }
    ],
    "type_tags": ["Electronic", "Vibrational"],
    "reversible": false
  },
  "threshold": 14.196,
  "data": [
    [14.196, 0],
    [15, 0.0000404963],
    [16, 0.0000546727],
    [17, 0.0000567875],
    [18, 0.000053698],
    [19, 0.0000473974],
    [20, 0.0000423377],
    [22, 0.0000378016],
    [25, 0.000034675],
    [30, 0.0000313991],
    [40, 0.0000183276],
    [50, 0.0000127413],
    [60, 0.00000978357],
    [70, 0.00000679882],
    [80, 0.00000466987],
    [100, 0.00000222572],
    [120, 0.00000127446],
    [140, 9.02757e-7],
    [160, 6.18899e-7]
  ]
}