{
  "reaction": {
    "lhs": [
      { "state": { "particle": "e", "charge": -1 }, "count": 1 },
      {
        "state": {
          "particle": "H2",
          "charge": 0,
          "descriptor": { "type": 1, "accuracy": 2, "e": "X", "Lambda": 0, "S": 0, "parity": "g", "v": 5 }
        },
        "count": 1
      }
    ],
    "rhs": [
      { "state": { "particle": "e", "charge": -1 }, "count": 1 },
      {
        "state": {
          "particle": "H2",
          "charge": 0,
          "descriptor": {
            "type": 1,
            "accuracy": 2,
            "e": "Bp",
            "Lambda": 0,
            "S": 0,
            "parity": "u",
            "v": 1
          }
        },
        "count": 1
      }
    ],
    "type_tags": ["Electronic", "Vibrational"],
    "reversible": false
  },
  "threshold": 11.6356,
  "data": [
    [11.6356, 0],
    [12, 0.0207608],
    [13, 0.0446086],
    [14, 0.0575162],
    [15, 0.0616839],
    [16, 0.064035],
    [17, 0.0681221],
    [18, 0.0739006],
    [19, 0.0804725],
    [20, 0.0866037],
    [22, 0.0939151],
    [25, 0.0969631],
    [30, 0.0968303],
    [40, 0.0919924],
    [50, 0.0910613],
    [60, 0.0898816],
    [70, 0.0868461],
    [80, 0.083375],
    [100, 0.0742242],
    [120, 0.0684065],
    [140, 0.0639403],
    [160, 0.0597551]
  ]
}