{
  "reaction": {
    "lhs": [
      { "state": { "particle": "e", "charge": -1 }, "count": 1 },
      {
        "state": {
          "particle": "H2",
          "charge": 0,
          "descriptor": { "type": 1, "accuracy": 2, "e": "X", "Lambda": 0, "S": 0, "parity": "g", "v": 5 }
        },
        "count": 1
      }
    ],
    "rhs": [
      { "state": { "particle": "e", "charge": -1 }, "count": 1 },
      {
        "state": {
          "particle": "H2",
          "charge": 0,
          "descriptor": {
            "type": 1,
            "accuracy": 2,
            "e": "B",
            "Lambda": 0,
            "S": 0,
            "parity": "u",
            "v": 30
          }
        },
        "count": 1
      }
    ],
    "type_tags": ["Electronic", "Vibrational"],
    "reversible": false
  },
  "threshold": 12.1618,
  "data": [
    [12.1618, 0],
    [13, 0.000892817],
    [14, 0.00167341],
    [15, 0.00233655],
    [16, 0.00289328],
    [17, 0.0033554],
    [18, 0.00373471],
    [19, 0.00404291],
    [20, 0.0042917],
    [22, 0.0046581],
    [25, 0.0050555],
    [30, 0.00575473],
    [40, 0.006575],
    [50, 0.00684727],
    [60, 0.00690837],
    [70, 0.00684444],
    [80, 0.00671214],
    [100, 0.00636516],
    [120, 0.00597302],
    [140, 0.00558804],
    [160, 0.00522151]
  ]
}