{
  "reaction": {
    "lhs": [
      { "state": { "particle": "e", "charge": -1 }, "count": 1 },
      {
        "state": {
          "particle": "H2",
          "charge": 0,
          "descriptor": { "type": 1, "accuracy": 2, "e": "X", "Lambda": 0, "S": 0, "parity": "g", "v": 5 }
        },
        "count": 1
      }
    ],
    "rhs": [
      { "state": { "particle": "e", "charge": -1 }, "count": 1 },
      {
        "state": {
          "particle": "H2",
          "charge": 0,
          "descriptor": {
            "type": 1,
            "accuracy": 2,
            "e": "c",
            "Lambda": 1,
            "S": 1,
            "parity": "u",
            "v": 10
          }
        },
        "count": 1
      }
    ],
    "type_tags": ["Electronic", "Vibrational"],
    "reversible": false
  },
  "threshold": 11.7287,
  "data": [
    [11.7287, 0],
    [12, 0.0163375],
    [13, 0.0158592],
    [14, 0.0169214],
    [15, 0.0164638],
    [16, 0.0152981],
    [17, 0.0140389],
    [18, 0.0130982],
    [19, 0.0122845],
    [20, 0.0115442],
    [22, 0.0101284],
    [25, 0.00814593],
    [30, 0.00543016],
    [40, 0.00257452],
    [50, 0.00149191],
    [60, 0.00106489],
    [70, 0.000750677],
    [80, 0.000598268],
    [100, 0.00031117],
    [120, 0.000167875],
    [140, 0.000120692],
    [160, 0.0000846613]
  ]
}