{
  "reaction": {
    "lhs": [
      { "state": { "particle": "e", "charge": -1 }, "count": 1 },
      {
        "state": {
          "particle": "H2",
          "charge": 0,
          "descriptor": { "type": 1, "accuracy": 2, "e": "X", "Lambda": 0, "S": 0, "parity": "g", "v": 5 }
        },
        "count": 1
      }
    ],
    "rhs": [
      { "state": { "particle": "e", "charge": -1 }, "count": 1 },
      {
        "state": {
          "particle": "H2",
          "charge": 0,
          "descriptor": {
            "type": 1,
            "accuracy": 2,
            "e": "a",
            "Lambda": 0,
            "S": 1,
            "parity": "g",
            "v": 10
          }
        },
        "count": 1
      }
    ],
    "type_tags": ["Electronic", "Vibrational"],
    "reversible": false
  },
  "threshold": 11.8977,
  "data": [
    [11.8977, 0],
    [12, 0.00565071],
    [13, 0.00854521],
    [14, 0.00777773],
    [15, 0.00579931],
    [16, 0.00478747],
    [17, 0.00417213],
    [18, 0.00366531],
    [19, 0.00329888],
    [20, 0.00299484],
    [22, 0.00244056],
    [25, 0.00175792],
    [30, 0.000942421],
    [40, 0.000389547],
    [50, 0.000215762],
    [60, 0.000170997],
    [70, 0.000135645],
    [80, 0.000121587],
    [100, 0.0000807028],
    [120, 0.000052597],
    [140, 0.0000381937],
    [160, 0.0000273826]
  ]
}