{
  "reaction": {
    "lhs": [
      { "state": { "particle": "e", "charge": -1 }, "count": 1 },
      {
        "state": {
          "particle": "H2",
          "charge": 0,
          "descriptor": { "type": 1, "accuracy": 2, "e": "X", "Lambda": 0, "S": 0, "parity": "g", "v": 5 }
        },
        "count": 1
      }
    ],
    "rhs": [
      { "state": { "particle": "e", "charge": -1 }, "count": 1 },
      {
        "state": {
          "particle": "H2",
          "charge": 0,
          "descriptor": {
            "type": 1,
            "accuracy": 2,
            "e": "H",
            "Lambda": 0,
            "S": 0,
            "parity": "g",
            "v": 66
          }
        },
        "count": 1
      }
    ],
    "type_tags": ["Electronic", "Vibrational"],
    "reversible": false
  },
  "threshold": -29.3943,
  "data": [
    [29.3943, 0],
    [6, 0.00000136358],
    [8, 0.00000157672],
    [10, 0.00000182313],
    [11, 0.0000019597],
    [12, 0.00000210565],
    [13, 0.00000467444],
    [14, 0.0000264936],
    [15, 0.000054404],
    [16, 0.0000811783],
    [17, 0.0000908126],
    [18, 0.0000901297],
    [19, 0.0000858617],
    [20, 0.0000814487],
    [22, 0.0000754691],
    [25, 0.0000740225],
    [30, 0.0000797256],
    [40, 0.000073823],
    [50, 0.0000683001],
    [60, 0.0000689711],
    [70, 0.0000711982],
    [80, 0.0000708847],
    [100, 0.0000624001],
    [120, 0.0000586635],
    [140, 0.0000543849],
    [160, 0.0000501689]
  ]
}