{
  "reaction": {
    "lhs": [
      { "state": { "particle": "e", "charge": -1 }, "count": 1 },
      {
        "state": {
          "particle": "H2",
          "charge": 0,
          "descriptor": { "type": 1, "accuracy": 2, "e": "X", "Lambda": 0, "S": 0, "parity": "g", "v": 5 }
        },
        "count": 1
      }
    ],
    "rhs": [
      { "state": { "particle": "e", "charge": -1 }, "count": 1 },
      {
        "state": {
          "particle": "H2",
          "charge": 0,
          "descriptor": {
            "type": 1,
            "accuracy": 2,
            "e": "d",
            "Lambda": 1,
            "S": 1,
            "parity": "u",
            "v": 11
          }
        },
        "count": 1
      }
    ],
    "type_tags": ["Electronic", "Vibrational"],
    "reversible": false
  },
  "threshold": 13.8185,
  "data": [
    [13.8185, 0],
    [14, 0.0026502],
    [15, 0.00253418],
    [16, 0.00244558],
    [17, 0.0023702],
    [18, 0.00230835],
    [19, 0.00225279],
    [20, 0.00218086],
    [22, 0.00197927],
    [25, 0.00161697],
    [30, 0.00105854],
    [40, 0.000471108],
    [50, 0.000280856],
    [60, 0.000230986],
    [70, 0.000182944],
    [80, 0.000154457],
    [100, 0.0000858939],
    [120, 0.0000434086],
    [140, 0.0000311312],
    [160, 0.0000217572]
  ]
}