{
  "reaction": {
    "lhs": [
      { "state": { "particle": "e", "charge": -1 }, "count": 1 },
      {
        "state": {
          "particle": "H2",
          "charge": 0,
          "descriptor": { "type": 1, "accuracy": 2, "e": "X", "Lambda": 0, "S": 0, "parity": "g", "v": 5 }
        },
        "count": 1
      }
    ],
    "rhs": [
      { "state": { "particle": "e", "charge": -1 }, "count": 1 },
      {
        "state": {
          "particle": "H2",
          "charge": 0,
          "descriptor": { "type": 1, "accuracy": 2, "e": "J", "Lambda": 2, "S": 0, "parity": "g", "v": 8 }
        },
        "count": 1
      }
    ],
    "type_tags": ["Electronic", "Vibrational"],
    "reversible": false
  },
  "threshold": 13.4235,
  "data": [
    [13.4235, 0],
    [14, 1.56339e-7],
    [15, 6.40449e-9],
    [16, 0.0000347986],
    [17, 0.000030891],
    [18, 0.0000252736],
    [19, 0.0000182302],
    [20, 0.000017933],
    [22, 0.0000187055],
    [25, 0.0000151378],
    [30, 0.000021378],
    [40, 0.0000184763],
    [50, 0.0000187384],
    [60, 0.000015763],
    [70, 0.0000117211],
    [80, 0.000010964],
    [100, 0.0000102885],
    [120, 0.00000706264],
    [140, 0.00000617137],
    [160, 0.00000552977]
  ]
}