{
  "reaction": {
    "lhs": [
      { "state": { "particle": "e", "charge": -1 }, "count": 1 },
      {
        "state": {
          "particle": "H2",
          "charge": 0,
          "descriptor": { "type": 1, "accuracy": 2, "e": "X", "Lambda": 0, "S": 0, "parity": "g", "v": 5 }
        },
        "count": 1
      }
    ],
    "rhs": [
      { "state": { "particle": "e", "charge": -1 }, "count": 1 },
      {
        "state": {
          "particle": "H2",
          "charge": 0,
          "descriptor": {
            "type": 1,
            "accuracy": 2,
            "e": "H",
            "Lambda": 0,
            "S": 0,
            "parity": "g",
            "v": 36
          }
        },
        "count": 1
      }
    ],
    "type_tags": ["Electronic", "Vibrational"],
    "reversible": false
  },
  "threshold": 13.7713,
  "data": [
    [13.7713, 0],
    [14, 0.000041583],
    [15, 0.0000833434],
    [16, 0.000123683],
    [17, 0.000142255],
    [18, 0.000143009],
    [19, 0.000135767],
    [20, 0.000128793],
    [22, 0.000124245],
    [25, 0.000122497],
    [30, 0.00011938],
    [40, 0.000107592],
    [50, 0.000104609],
    [60, 0.000107997],
    [70, 0.000108363],
    [80, 0.00010071],
    [100, 0.000089589],
    [120, 0.0000791352],
    [140, 0.0000720357],
    [160, 0.0000666747]
  ]
}