{
  "reaction": {
    "lhs": [
      { "state": { "particle": "e", "charge": -1 }, "count": 1 },
      {
        "state": {
          "particle": "H2",
          "charge": 0,
          "descriptor": { "type": 1, "accuracy": 2, "e": "X", "Lambda": 0, "S": 0, "parity": "g", "v": 5 }
        },
        "count": 1
      }
    ],
    "rhs": [
      { "state": { "particle": "e", "charge": -1 }, "count": 1 },
      {
        "state": {
          "particle": "H2",
          "charge": 0,
          "descriptor": {
            "type": 1,
            "accuracy": 2,
            "e": "H",
            "Lambda": 0,
            "S": 0,
            "parity": "g",
            "v": 22
          }
        },
        "count": 1
      }
    ],
    "type_tags": ["Electronic", "Vibrational"],
    "reversible": false
  },
  "threshold": 13.4344,
  "data": [
    [13.4344, 0],
    [14, 8.91822e-10],
    [15, 7.81054e-10],
    [16, 4.97586e-10],
    [17, 2.455e-10],
    [18, 1.00323e-10],
    [19, 3.32936e-11],
    [20, 1.69518e-11],
    [22, 1.71805e-11],
    [25, 2.64213e-11],
    [30, 3.87168e-11],
    [40, 2.5476e-11],
    [50, 1.78108e-11],
    [60, 5.0751e-11],
    [70, 1.46465e-10],
    [80, 2.79874e-10],
    [100, 2.56902e-10],
    [120, 2.40679e-10],
    [140, 2.04141e-10],
    [160, 1.6033e-10]
  ]
}