{
  "reaction": {
    "lhs": [
      { "state": { "particle": "e", "charge": -1 }, "count": 1 },
      {
        "state": {
          "particle": "H2",
          "charge": 0,
          "descriptor": { "type": 1, "accuracy": 2, "e": "X", "Lambda": 0, "S": 0, "parity": "g", "v": 5 }
        },
        "count": 1
      }
    ],
    "rhs": [
      { "state": { "particle": "e", "charge": -1 }, "count": 1 },
      {
        "state": {
          "particle": "H2",
          "charge": 0,
          "descriptor": { "type": 1, "accuracy": 2, "e": "a", "Lambda": 0, "S": 1, "parity": "g", "v": 1 }
        },
        "count": 1
      }
    ],
    "type_tags": ["Electronic", "Vibrational"],
    "reversible": false
  },
  "threshold": 9.81225,
  "data": [
    [9.81225, 0],
    [10, 0.00327771],
    [11, 0.0191736],
    [12, 0.0212784],
    [13, 0.019416],
    [14, 0.0171131],
    [15, 0.0151125],
    [16, 0.0117782],
    [17, 0.00864087],
    [18, 0.00687725],
    [19, 0.00578803],
    [20, 0.00500307],
    [22, 0.00378592],
    [25, 0.00280332],
    [30, 0.00200469],
    [40, 0.00108769],
    [50, 0.000760047],
    [60, 0.00062324],
    [70, 0.000447611],
    [80, 0.000315935],
    [100, 0.000157657],
    [120, 0.0000902837],
    [140, 0.0000652747],
    [160, 0.0000461807]
  ]
}