{
  "reaction": {
    "lhs": [
      { "state": { "particle": "e", "charge": -1 }, "count": 1 },
      {
        "state": {
          "particle": "H2",
          "charge": 0,
          "descriptor": { "type": 1, "accuracy": 2, "e": "X", "Lambda": 0, "S": 0, "parity": "g", "v": 5 }
        },
        "count": 1
      }
    ],
    "rhs": [
      { "state": { "particle": "e", "charge": -1 }, "count": 1 },
      {
        "state": {
          "particle": "H2",
          "charge": 0,
          "descriptor": { "type": 1, "accuracy": 2, "e": "c", "Lambda": 1, "S": 1, "parity": "u", "v": 7 }
        },
        "count": 1
      }
    ],
    "type_tags": ["Electronic", "Vibrational"],
    "reversible": false
  },
  "threshold": 11.2026,
  "data": [
    [11.2026, 0],
    [12, 0.0010723],
    [13, 0.000593813],
    [14, 0.000502018],
    [15, 0.000724291],
    [16, 0.000584617],
    [17, 0.00039468],
    [18, 0.000327624],
    [19, 0.000303423],
    [20, 0.000285951],
    [22, 0.000239818],
    [25, 0.00018875],
    [30, 0.000125421],
    [40, 0.0000339716],
    [50, 0.0000176185],
    [60, 0.000014336],
    [70, 0.0000108217],
    [80, 0.00000769409],
    [100, 0.00000382799],
    [120, 0.00000201268],
    [140, 0.00000144597],
    [160, 0.00000101244]
  ]
}