{
  "reaction": {
    "lhs": [
      { "state": { "particle": "e", "charge": -1 }, "count": 1 },
      {
        "state": {
          "particle": "H2",
          "charge": 0,
          "descriptor": { "type": 1, "accuracy": 2, "e": "X", "Lambda": 0, "S": 0, "parity": "g", "v": 5 }
        },
        "count": 1
      }
    ],
    "rhs": [
      { "state": { "particle": "e", "charge": -1 }, "count": 1 },
      {
        "state": {
          "particle": "H2",
          "charge": 0,
          "descriptor": {
            "type": 1,
            "accuracy": 2,
            "e": "H",
            "Lambda": 0,
            "S": 0,
            "parity": "g",
            "v": 69
          }
        },
        "count": 1
      }
    ],
    "type_tags": ["Electronic", "Vibrational"],
    "reversible": false
  },
  "threshold": -29.3943,
  "data": [
    [29.3943, 0],
    [6, 0.00000115424],
    [8, 0.00000133466],
    [10, 0.00000154325],
    [11, 0.00000165885],
    [12, 0.0000017824],
    [13, 0.0000039344],
    [14, 0.0000218223],
    [15, 0.0000466949],
    [16, 0.0000694033],
    [17, 0.0000773191],
    [18, 0.0000762772],
    [19, 0.0000722137],
    [20, 0.0000682023],
    [22, 0.0000629967],
    [25, 0.0000619334],
    [30, 0.0000672371],
    [40, 0.0000623687],
    [50, 0.0000574116],
    [60, 0.0000577133],
    [70, 0.000059536],
    [80, 0.0000594555],
    [100, 0.0000523155],
    [120, 0.0000494367],
    [140, 0.0000459558],
    [160, 0.0000424431]
  ]
}