{
  "reaction": {
    "lhs": [
      { "state": { "particle": "e", "charge": -1 }, "count": 1 },
      {
        "state": {
          "particle": "H2",
          "charge": 0,
          "descriptor": { "type": 1, "accuracy": 2, "e": "X", "Lambda": 0, "S": 0, "parity": "g", "v": 5 }
        },
        "count": 1
      }
    ],
    "rhs": [
      { "state": { "particle": "e", "charge": -1 }, "count": 1 },
      {
        "state": {
          "particle": "H2",
          "charge": 0,
          "descriptor": {
            "type": 1,
            "accuracy": 2,
            "e": "EF",
            "Lambda": 0,
            "S": 0,
            "parity": "g",
            "v": 15
          }
        },
        "count": 1
      }
    ],
    "type_tags": ["Electronic", "Vibrational"],
    "reversible": false
  },
  "threshold": 11.2904,
  "data": [
    [11.2904, 0],
    [12, 0.00163586],
    [13, 0.00360192],
    [14, 0.00317159],
    [15, 0.00362058],
    [16, 0.00378473],
    [17, 0.00381937],
    [18, 0.00414522],
    [19, 0.00433073],
    [20, 0.00434379],
    [22, 0.00454042],
    [25, 0.00477537],
    [30, 0.00493833],
    [40, 0.00488029],
    [50, 0.00474325],
    [60, 0.00464238],
    [70, 0.00459765],
    [80, 0.00457308],
    [100, 0.00412752],
    [120, 0.00340197],
    [140, 0.00284401],
    [160, 0.002431]
  ]
}