{
  "reaction": {
    "lhs": [
      { "state": { "particle": "e", "charge": -1 }, "count": 1 },
      {
        "state": {
          "particle": "H2",
          "charge": 0,
          "descriptor": { "type": 1, "accuracy": 2, "e": "X", "Lambda": 0, "S": 0, "parity": "g", "v": 5 }
        },
        "count": 1
      }
    ],
    "rhs": [
      { "state": { "particle": "e", "charge": -1 }, "count": 1 },
      {
        "state": {
          "particle": "H2",
          "charge": 0,
          "descriptor": {
            "type": 1,
            "accuracy": 2,
            "e": "j",
            "Lambda": 2,
            "S": 1,
            "parity": "g",
            "v": 13
          }
        },
        "count": 1
      }
    ],
    "type_tags": ["Electronic", "Vibrational"],
    "reversible": false
  },
  "threshold": 14.0663,
  "data": [
    [14.0663, 0],
    [15, 0.00029197],
    [16, 0.000291891],
    [17, 0.000291358],
    [18, 0.00028993],
    [19, 0.000287166],
    [20, 0.000282622],
    [22, 0.000259957],
    [25, 0.000197689],
    [30, 0.0000978422],
    [40, 0.0000584936],
    [50, 0.0000444036],
    [60, 0.0000373596],
    [70, 0.0000259553],
    [80, 0.0000165156],
    [100, 0.0000082841],
    [120, 0.00000568164],
    [140, 0.00000402972],
    [160, 0.00000277766]
  ]
}