{
  "reaction": {
    "lhs": [
      { "state": { "particle": "e", "charge": -1 }, "count": 1 },
      {
        "state": {
          "particle": "H2",
          "charge": 0,
          "descriptor": { "type": 1, "accuracy": 2, "e": "X", "Lambda": 0, "S": 0, "parity": "g", "v": 5 }
        },
        "count": 1
      }
    ],
    "rhs": [
      { "state": { "particle": "e", "charge": -1 }, "count": 1 },
      {
        "state": {
          "particle": "H2",
          "charge": 0,
          "descriptor": {
            "type": 1,
            "accuracy": 2,
            "e": "H",
            "Lambda": 0,
            "S": 0,
            "parity": "g",
            "v": 65
          }
        },
        "count": 1
      }
    ],
    "type_tags": ["Electronic", "Vibrational"],
    "reversible": false
  },
  "threshold": 14.2768,
  "data": [
    [14.2768, 0],
    [15, 0.0000499947],
    [16, 0.0000816268],
    [17, 0.0000945522],
    [18, 0.0000951949],
    [19, 0.0000910135],
    [20, 0.0000863352],
    [22, 0.0000798558],
    [25, 0.0000781531],
    [30, 0.0000840619],
    [40, 0.0000777903],
    [50, 0.0000720509],
    [60, 0.0000728771],
    [70, 0.0000752774],
    [80, 0.0000748581],
    [100, 0.0000659169],
    [120, 0.0000618602],
    [140, 0.0000572977],
    [160, 0.0000528365]
  ]
}