{
  "reaction": {
    "lhs": [
      { "state": { "particle": "e", "charge": -1 }, "count": 1 },
      {
        "state": {
          "particle": "H2",
          "charge": 0,
          "descriptor": { "type": 1, "accuracy": 2, "e": "X", "Lambda": 0, "S": 0, "parity": "g", "v": 5 }
        },
        "count": 1
      }
    ],
    "rhs": [
      { "state": { "particle": "e", "charge": -1 }, "count": 1 },
      {
        "state": {
          "particle": "H2",
          "charge": 0,
          "descriptor": { "type": 1, "accuracy": 2, "e": "j", "Lambda": 2, "S": 1, "parity": "g", "v": 0 }
        },
        "count": 1
      }
    ],
    "type_tags": ["Electronic", "Vibrational"],
    "reversible": false
  },
  "threshold": 11.6555,
  "data": [
    [11.6555, 0],
    [12, 0.00054611],
    [13, 0.000610916],
    [14, 0.000821708],
    [15, 0.000771256],
    [16, 0.000607557],
    [17, 0.000456664],
    [18, 0.000404231],
    [19, 0.000386337],
    [20, 0.000377304],
    [22, 0.000340114],
    [25, 0.000258357],
    [30, 0.000131671],
    [40, 0.0000521536],
    [50, 0.000021253],
    [60, 0.0000127475],
    [70, 0.0000100291],
    [80, 0.00000952348],
    [100, 0.00000567784],
    [120, 0.0000019116],
    [140, 0.00000135246],
    [160, 9.22721e-7]
  ]
}