{
  "reaction": {
    "lhs": [
      { "state": { "particle": "e", "charge": -1 }, "count": 1 },
      {
        "state": {
          "particle": "H2",
          "charge": 0,
          "descriptor": { "type": 1, "accuracy": 2, "e": "X", "Lambda": 0, "S": 0, "parity": "g", "v": 5 }
        },
        "count": 1
      }
    ],
    "rhs": [
      { "state": { "particle": "e", "charge": -1 }, "count": 1 },
      {
        "state": {
          "particle": "H2",
          "charge": 0,
          "descriptor": { "type": 1, "accuracy": 2, "e": "a", "Lambda": 0, "S": 1, "parity": "g", "v": 9 }
        },
        "count": 1
      }
    ],
    "type_tags": ["Electronic", "Vibrational"],
    "reversible": false
  },
  "threshold": 11.7324,
  "data": [
    [11.7324, 0],
    [12, 0.00992483],
    [13, 0.0187615],
    [14, 0.0161467],
    [15, 0.0128841],
    [16, 0.0108955],
    [17, 0.00948605],
    [18, 0.0083185],
    [19, 0.00740196],
    [20, 0.00664813],
    [22, 0.00536607],
    [25, 0.00384302],
    [30, 0.00206948],
    [40, 0.000862267],
    [50, 0.000500399],
    [60, 0.000409639],
    [70, 0.000321991],
    [80, 0.000269569],
    [100, 0.000172485],
    [120, 0.000112507],
    [140, 0.0000816535],
    [160, 0.0000584458]
  ]
}