{
  "reaction": {
    "lhs": [
      { "state": { "particle": "e", "charge": -1 }, "count": 1 },
      {
        "state": {
          "particle": "H2",
          "charge": 0,
          "descriptor": { "type": 1, "accuracy": 2, "e": "X", "Lambda": 0, "S": 0, "parity": "g", "v": 5 }
        },
        "count": 1
      }
    ],
    "rhs": [
      { "state": { "particle": "e", "charge": -1 }, "count": 1 },
      {
        "state": {
          "particle": "H2",
          "charge": 0,
          "descriptor": {
            "type": 1,
            "accuracy": 2,
            "e": "H",
            "Lambda": 0,
            "S": 0,
            "parity": "g",
            "v": 64
          }
        },
        "count": 1
      }
    ],
    "type_tags": ["Electronic", "Vibrational"],
    "reversible": false
  },
  "threshold": 14.2764,
  "data": [
    [14.2764, 0],
    [15, 0.0000526085],
    [16, 0.0000857673],
    [17, 0.0000994736],
    [18, 0.000100345],
    [19, 0.0000961124],
    [20, 0.0000912944],
    [22, 0.0000845497],
    [25, 0.0000827054],
    [30, 0.0000886989],
    [40, 0.0000820214],
    [50, 0.0000761028],
    [60, 0.0000770961],
    [70, 0.0000796368],
    [80, 0.000079105],
    [100, 0.0000696719],
    [120, 0.000065267],
    [140, 0.0000604007],
    [160, 0.0000556786]
  ]
}