{
  "reaction": {
    "lhs": [
      { "state": { "particle": "e", "charge": -1 }, "count": 1 },
      {
        "state": {
          "particle": "H2",
          "charge": 0,
          "descriptor": { "type": 1, "accuracy": 2, "e": "X", "Lambda": 0, "S": 0, "parity": "g", "v": 5 }
        },
        "count": 1
      }
    ],
    "rhs": [
      { "state": { "particle": "e", "charge": -1 }, "count": 1 },
      {
        "state": {
          "particle": "H2",
          "charge": 0,
          "descriptor": {
            "type": 1,
            "accuracy": 2,
            "e": "B",
            "Lambda": 0,
            "S": 0,
            "parity": "u",
            "v": 19
          }
        },
        "count": 1
      }
    ],
    "type_tags": ["Electronic", "Vibrational"],
    "reversible": false
  },
  "threshold": 11.3189,
  "data": [
    [11.3189, 0],
    [12, 0.00120566],
    [13, 0.00228266],
    [14, 0.0031733],
    [15, 0.00390794],
    [16, 0.00450339],
    [17, 0.00497593],
    [18, 0.0053419],
    [19, 0.00561765],
    [20, 0.0058196],
    [22, 0.00606749],
    [25, 0.00629481],
    [30, 0.00687083],
    [40, 0.00739386],
    [50, 0.00744896],
    [60, 0.00736586],
    [70, 0.00721825],
    [80, 0.00703106],
    [100, 0.00657068],
    [120, 0.00606829],
    [140, 0.00559956],
    [160, 0.00517717]
  ]
}