{
  "reaction": {
    "lhs": [
      { "state": { "particle": "e", "charge": -1 }, "count": 1 },
      {
        "state": {
          "particle": "H2",
          "charge": 0,
          "descriptor": { "type": 1, "accuracy": 2, "e": "X", "Lambda": 0, "S": 0, "parity": "g", "v": 5 }
        },
        "count": 1
      }
    ],
    "rhs": [
      { "state": { "particle": "e", "charge": -1 }, "count": 1 },
      {
        "state": {
          "particle": "H2",
          "charge": 0,
          "descriptor": {
            "type": 1,
            "accuracy": 2,
            "e": "B",
            "Lambda": 0,
            "S": 0,
            "parity": "u",
            "v": 18
          }
        },
        "count": 1
      }
    ],
    "type_tags": ["Electronic", "Vibrational"],
    "reversible": false
  },
  "threshold": 11.2233,
  "data": [
    [11.2233, 0],
    [12, 0.000477024],
    [13, 0.00082165],
    [14, 0.00109828],
    [15, 0.00132171],
    [16, 0.00149806],
    [17, 0.00163312],
    [18, 0.00173268],
    [19, 0.00180251],
    [20, 0.00184842],
    [22, 0.00189165],
    [25, 0.00192185],
    [30, 0.00207649],
    [40, 0.00218902],
    [50, 0.00218918],
    [60, 0.00215171],
    [70, 0.00209688],
    [80, 0.00203267],
    [100, 0.0018868],
    [120, 0.00173563],
    [140, 0.00159676],
    [160, 0.00147282]
  ]
}