{
  "reaction": {
    "lhs": [
      { "state": { "particle": "e", "charge": -1 }, "count": 1 },
      {
        "state": {
          "particle": "H2",
          "charge": 0,
          "descriptor": { "type": 1, "accuracy": 2, "e": "X", "Lambda": 0, "S": 0, "parity": "g", "v": 5 }
        },
        "count": 1
      }
    ],
    "rhs": [
      { "state": { "particle": "e", "charge": -1 }, "count": 1 },
      {
        "state": {
          "particle": "H2",
          "charge": 0,
          "descriptor": { "type": 1, "accuracy": 2, "e": "e", "Lambda": 0, "S": 1, "parity": "u", "v": 2 }
        },
        "count": 1
      }
    ],
    "type_tags": ["Electronic", "Vibrational"],
    "reversible": false
  },
  "threshold": 11.4273,
  "data": [
    [11.4273, 0],
    [12, 0.00564558],
    [13, 0.00655713],
    [14, 0.00656835],
    [15, 0.00601908],
    [16, 0.00553256],
    [17, 0.00511086],
    [18, 0.00477599],
    [19, 0.00449584],
    [20, 0.00424097],
    [22, 0.00374862],
    [25, 0.00306212],
    [30, 0.00209994],
    [40, 0.000933598],
    [50, 0.000631542],
    [60, 0.000561241],
    [70, 0.000401935],
    [80, 0.000235885],
    [100, 0.000110158],
    [120, 0.0000743514],
    [140, 0.0000538237],
    [160, 0.0000381958]
  ]
}