{
  "reaction": {
    "lhs": [
      { "state": { "particle": "e", "charge": -1 }, "count": 1 },
      {
        "state": {
          "particle": "H2",
          "charge": 0,
          "descriptor": { "type": 1, "accuracy": 2, "e": "X", "Lambda": 0, "S": 0, "parity": "g", "v": 5 }
        },
        "count": 1
      }
    ],
    "rhs": [
      { "state": { "particle": "e", "charge": -1 }, "count": 1 },
      {
        "state": {
          "particle": "H2",
          "charge": 0,
          "descriptor": {
            "type": 1,
            "accuracy": 2,
            "e": "H",
            "Lambda": 0,
            "S": 0,
            "parity": "g",
            "v": 56
          }
        },
        "count": 1
      }
    ],
    "type_tags": ["Electronic", "Vibrational"],
    "reversible": false
  },
  "threshold": 14.2375,
  "data": [
    [14.2375, 0],
    [15, 0.000075999],
    [16, 0.000121619],
    [17, 0.000141745],
    [18, 0.000144552],
    [19, 0.000139986],
    [20, 0.000134096],
    [22, 0.000125744],
    [25, 0.000122736],
    [30, 0.000128265],
    [40, 0.000117809],
    [50, 0.000110901],
    [60, 0.00011355],
    [70, 0.000117221],
    [80, 0.000115267],
    [100, 0.000101766],
    [120, 0.0000939103],
    [140, 0.0000863545],
    [160, 0.000079435]
  ]
}