{
  "reaction": {
    "lhs": [
      { "state": { "particle": "e", "charge": -1 }, "count": 1 },
      {
        "state": {
          "particle": "H2",
          "charge": 0,
          "descriptor": { "type": 1, "accuracy": 2, "e": "X", "Lambda": 0, "S": 0, "parity": "g", "v": 5 }
        },
        "count": 1
      }
    ],
    "rhs": [
      { "state": { "particle": "e", "charge": -1 }, "count": 1 },
      {
        "state": {
          "particle": "H2",
          "charge": 0,
          "descriptor": {
            "type": 1,
            "accuracy": 2,
            "e": "j",
            "Lambda": 2,
            "S": 1,
            "parity": "g",
            "v": 12
          }
        },
        "count": 1
      }
    ],
    "type_tags": ["Electronic", "Vibrational"],
    "reversible": false
  },
  "threshold": 13.9681,
  "data": [
    [13.9681, 0],
    [14, 0.000192316],
    [15, 0.00040842],
    [16, 0.000390018],
    [17, 0.000361194],
    [18, 0.000340281],
    [19, 0.000319322],
    [20, 0.000298459],
    [22, 0.000257586],
    [25, 0.000200534],
    [30, 0.000126235],
    [40, 0.0000806102],
    [50, 0.0000605897],
    [60, 0.0000484478],
    [70, 0.0000327261],
    [80, 0.0000202278],
    [100, 0.0000101427],
    [120, 0.0000074765],
    [140, 0.00000530893],
    [160, 0.00000367104]
  ]
}