{
  "reaction": {
    "lhs": [
      { "state": { "particle": "e", "charge": -1 }, "count": 1 },
      {
        "state": {
          "particle": "H2",
          "charge": 0,
          "descriptor": { "type": 1, "accuracy": 2, "e": "X", "Lambda": 0, "S": 0, "parity": "g", "v": 5 }
        },
        "count": 1
      }
    ],
    "rhs": [
      { "state": { "particle": "e", "charge": -1 }, "count": 1 },
      {
        "state": {
          "particle": "H2",
          "charge": 0,
          "descriptor": {
            "type": 1,
            "accuracy": 2,
            "e": "j",
            "Lambda": 2,
            "S": 1,
            "parity": "g",
            "v": 16
          }
        },
        "count": 1
      }
    ],
    "type_tags": ["Electronic", "Vibrational"],
    "reversible": false
  },
  "threshold": 14.2534,
  "data": [
    [14.2534, 0],
    [15, 0.0000309205],
    [16, 0.0000299571],
    [17, 0.0000284862],
    [18, 0.0000276549],
    [19, 0.0000269583],
    [20, 0.0000260469],
    [22, 0.0000234061],
    [25, 0.0000186223],
    [30, 0.0000114725],
    [40, 0.00000553939],
    [50, 0.00000422791],
    [60, 0.00000394326],
    [70, 0.00000310194],
    [80, 0.00000209464],
    [100, 0.00000106124],
    [120, 5.82721e-7],
    [140, 4.12342e-7],
    [160, 2.82303e-7]
  ]
}