{
  "reaction": {
    "lhs": [
      { "state": { "particle": "e", "charge": -1 }, "count": 1 },
      {
        "state": {
          "particle": "H2",
          "charge": 0,
          "descriptor": { "type": 1, "accuracy": 2, "e": "X", "Lambda": 0, "S": 0, "parity": "g", "v": 5 }
        },
        "count": 1
      }
    ],
    "rhs": [
      { "state": { "particle": "e", "charge": -1 }, "count": 1 },
      {
        "state": {
          "particle": "H2",
          "charge": 0,
          "descriptor": { "type": 1, "accuracy": 2, "e": "j", "Lambda": 2, "S": 1, "parity": "g", "v": 5 }
        },
        "count": 1
      }
    ],
    "type_tags": ["Electronic", "Vibrational"],
    "reversible": false
  },
  "threshold": 12.8657,
  "data": [
    [12.8657, 0],
    [13, 0.00057347],
    [14, 0.00215878],
    [15, 0.00232264],
    [16, 0.00222286],
    [17, 0.00203416],
    [18, 0.00182331],
    [19, 0.00159004],
    [20, 0.00139976],
    [22, 0.00114279],
    [25, 0.000869823],
    [30, 0.000574502],
    [40, 0.00033676],
    [50, 0.00023199],
    [60, 0.000172272],
    [70, 0.000102765],
    [80, 0.0000572018],
    [100, 0.0000328253],
    [120, 0.0000276236],
    [140, 0.0000225135],
    [160, 0.0000183663]
  ]
}