{
  "reaction": {
    "lhs": [
      { "state": { "particle": "e", "charge": -1 }, "count": 1 },
      {
        "state": {
          "particle": "H2",
          "charge": 0,
          "descriptor": { "type": 1, "accuracy": 2, "e": "X", "Lambda": 0, "S": 0, "parity": "g", "v": 5 }
        },
        "count": 1
      }
    ],
    "rhs": [
      { "state": { "particle": "e", "charge": -1 }, "count": 1 },
      {
        "state": {
          "particle": "H2",
          "charge": 0,
          "descriptor": { "type": 1, "accuracy": 2, "e": "e", "Lambda": 0, "S": 1, "parity": "u", "v": 3 }
        },
        "count": 1
      }
    ],
    "type_tags": ["Electronic", "Vibrational"],
    "reversible": false
  },
  "threshold": 11.6495,
  "data": [
    [11.6495, 0],
    [12, 0.00571636],
    [13, 0.00917862],
    [14, 0.00927965],
    [15, 0.00929321],
    [16, 0.00871543],
    [17, 0.00786636],
    [18, 0.00741428],
    [19, 0.0070761],
    [20, 0.00675126],
    [22, 0.00603467],
    [25, 0.00495997],
    [30, 0.00343426],
    [40, 0.00184186],
    [50, 0.00121611],
    [60, 0.00092219],
    [70, 0.000607646],
    [80, 0.000391969],
    [100, 0.000191376],
    [120, 0.000134505],
    [140, 0.0000974],
    [160, 0.0000692357]
  ]
}