{
  "reaction": {
    "lhs": [
      { "state": { "particle": "e", "charge": -1 }, "count": 1 },
      {
        "state": {
          "particle": "H2",
          "charge": 0,
          "descriptor": { "type": 1, "accuracy": 2, "e": "X", "Lambda": 0, "S": 0, "parity": "g", "v": 5 }
        },
        "count": 1
      }
    ],
    "rhs": [
      { "state": { "particle": "e", "charge": -1 }, "count": 1 },
      {
        "state": {
          "particle": "H2",
          "charge": 0,
          "descriptor": {
            "type": 1,
            "accuracy": 2,
            "e": "J",
            "Lambda": 2,
            "S": 0,
            "parity": "g",
            "v": 11
          }
        },
        "count": 1
      }
    ],
    "type_tags": ["Electronic", "Vibrational"],
    "reversible": false
  },
  "threshold": 13.8543,
  "data": [
    [13.8543, 0],
    [14, 0.000145131],
    [15, 0.000194535],
    [16, 0.000395746],
    [17, 0.000336777],
    [18, 0.000349459],
    [19, 0.000353935],
    [20, 0.000391137],
    [22, 0.000401111],
    [25, 0.000415304],
    [30, 0.000447057],
    [40, 0.000372675],
    [50, 0.000322365],
    [60, 0.000278429],
    [70, 0.000239672],
    [80, 0.000210077],
    [100, 0.000176954],
    [120, 0.000149626],
    [140, 0.000128864],
    [160, 0.00011314]
  ]
}