{
  "reaction": {
    "lhs": [
      { "state": { "particle": "e", "charge": -1 }, "count": 1 },
      {
        "state": {
          "particle": "H2",
          "charge": 0,
          "descriptor": { "type": 1, "accuracy": 2, "e": "X", "Lambda": 0, "S": 0, "parity": "g", "v": 5 }
        },
        "count": 1
      }
    ],
    "rhs": [
      { "state": { "particle": "e", "charge": -1 }, "count": 1 },
      {
        "state": {
          "particle": "H2",
          "charge": 0,
          "descriptor": {
            "type": 1,
            "accuracy": 2,
            "e": "g",
            "Lambda": 0,
            "S": 1,
            "parity": "g",
            "v": 10
          }
        },
        "count": 1
      }
    ],
    "type_tags": ["Electronic", "Vibrational"],
    "reversible": false
  },
  "threshold": 13.7548,
  "data": [
    [13.7548, 0],
    [14, 0.000880921],
    [15, 0.000850189],
    [16, 0.00083827],
    [17, 0.000808701],
    [18, 0.000719113],
    [19, 0.00060066],
    [20, 0.000495693],
    [22, 0.000365275],
    [25, 0.00027436],
    [30, 0.000204636],
    [40, 0.0001154],
    [50, 0.0000766034],
    [60, 0.0000562936],
    [70, 0.0000378256],
    [80, 0.0000257166],
    [100, 0.0000133746],
    [120, 0.00000924759],
    [140, 0.00000662353],
    [160, 0.00000463702]
  ]
}