{
  "reaction": {
    "lhs": [
      { "state": { "particle": "e", "charge": -1 }, "count": 1 },
      {
        "state": {
          "particle": "H2",
          "charge": 0,
          "descriptor": { "type": 1, "accuracy": 2, "e": "X", "Lambda": 0, "S": 0, "parity": "g", "v": 5 }
        },
        "count": 1
      }
    ],
    "rhs": [
      { "state": { "particle": "e", "charge": -1 }, "count": 1 },
      {
        "state": {
          "particle": "H2",
          "charge": 0,
          "descriptor": {
            "type": 1,
            "accuracy": 2,
            "e": "H",
            "Lambda": 0,
            "S": 0,
            "parity": "g",
            "v": 68
          }
        },
        "count": 1
      }
    ],
    "type_tags": ["Electronic", "Vibrational"],
    "reversible": false
  },
  "threshold": -29.3943,
  "data": [
    [29.3943, 0],
    [6, 0.00000122211],
    [8, 0.00000141315],
    [10, 0.00000163399],
    [11, 0.00000175639],
    [12, 0.0000018872],
    [13, 0.00000417733],
    [14, 0.0000237219],
    [15, 0.0000490721],
    [16, 0.0000734505],
    [17, 0.0000819206],
    [18, 0.0000809494],
    [19, 0.0000768038],
    [20, 0.0000726456],
    [22, 0.000067167],
    [25, 0.0000659694],
    [30, 0.0000714365],
    [40, 0.0000662341],
    [50, 0.0000610716],
    [60, 0.0000614844],
    [70, 0.0000634439],
    [80, 0.0000632878],
    [100, 0.0000557016],
    [120, 0.0000525474],
    [140, 0.0000488027],
    [160, 0.0000450543]
  ]
}