{
  "reaction": {
    "lhs": [
      { "state": { "particle": "e", "charge": -1 }, "count": 1 },
      {
        "state": {
          "particle": "H2",
          "charge": 0,
          "descriptor": { "type": 1, "accuracy": 2, "e": "X", "Lambda": 0, "S": 0, "parity": "g", "v": 5 }
        },
        "count": 1
      }
    ],
    "rhs": [
      { "state": { "particle": "e", "charge": -1 }, "count": 1 },
      {
        "state": {
          "particle": "H2",
          "charge": 0,
          "descriptor": {
            "type": 1,
            "accuracy": 2,
            "e": "J",
            "Lambda": 2,
            "S": 0,
            "parity": "g",
            "v": 14
          }
        },
        "count": 1
      }
    ],
    "type_tags": ["Electronic", "Vibrational"],
    "reversible": false
  },
  "threshold": 14.067,
  "data": [
    [14.067, 0],
    [15, 0.0000901328],
    [16, 0.000179271],
    [17, 0.000132743],
    [18, 0.000146046],
    [19, 0.000165221],
    [20, 0.000171983],
    [22, 0.000173245],
    [25, 0.000193232],
    [30, 0.000203375],
    [40, 0.000166235],
    [50, 0.000148315],
    [60, 0.00012918],
    [70, 0.000110466],
    [80, 0.0000942314],
    [100, 0.0000763145],
    [120, 0.0000669011],
    [140, 0.0000576163],
    [160, 0.0000505374]
  ]
}