{
  "reaction": {
    "lhs": [
      { "state": { "particle": "e", "charge": -1 }, "count": 1 },
      {
        "state": {
          "particle": "H2",
          "charge": 0,
          "descriptor": { "type": 1, "accuracy": 2, "e": "X", "Lambda": 0, "S": 0, "parity": "g", "v": 5 }
        },
        "count": 1
      }
    ],
    "rhs": [
      { "state": { "particle": "e", "charge": -1 }, "count": 1 },
      {
        "state": {
          "particle": "H2",
          "charge": 0,
          "descriptor": {
            "type": 1,
            "accuracy": 2,
            "e": "D",
            "Lambda": 1,
            "S": 0,
            "parity": "u",
            "v": 17
          }
        },
        "count": 1
      }
    ],
    "type_tags": ["Electronic", "Vibrational"],
    "reversible": false
  },
  "threshold": 14.2737,
  "data": [
    [14.2737, 0],
    [15, 0.0000277617],
    [16, 0.0000403132],
    [17, 0.0000471953],
    [18, 0.0000530024],
    [19, 0.0000599873],
    [20, 0.0000679673],
    [22, 0.0000836836],
    [25, 0.000103929],
    [30, 0.000129478],
    [40, 0.00016522],
    [50, 0.000185628],
    [60, 0.000197515],
    [70, 0.000202402],
    [80, 0.000202533],
    [100, 0.000197408],
    [120, 0.000188364],
    [140, 0.000179177],
    [160, 0.000170687]
  ]
}