{
  "reaction": {
    "lhs": [
      { "state": { "particle": "e", "charge": -1 }, "count": 1 },
      {
        "state": {
          "particle": "H2",
          "charge": 0,
          "descriptor": { "type": 1, "accuracy": 2, "e": "X", "Lambda": 0, "S": 0, "parity": "g", "v": 5 }
        },
        "count": 1
      }
    ],
    "rhs": [
      { "state": { "particle": "e", "charge": -1 }, "count": 1 },
      {
        "state": {
          "particle": "H2",
          "charge": 0,
          "descriptor": { "type": 1, "accuracy": 2, "e": "i", "Lambda": 1, "S": 1, "parity": "g", "v": 1 }
        },
        "count": 1
      }
    ],
    "type_tags": ["Electronic", "Vibrational"],
    "reversible": false
  },
  "threshold": 11.8486,
  "data": [
    [11.8486, 0],
    [12, 0.00406302],
    [13, 0.00941214],
    [14, 0.00986314],
    [15, 0.010553],
    [16, 0.00920469],
    [17, 0.00725308],
    [18, 0.00623187],
    [19, 0.00550623],
    [20, 0.0049633],
    [22, 0.00416941],
    [25, 0.00349497],
    [30, 0.00281212],
    [40, 0.00146334],
    [50, 0.000864631],
    [60, 0.0005674],
    [70, 0.000375837],
    [80, 0.000281666],
    [100, 0.000118458],
    [120, 0.0000480572],
    [140, 0.0000341437],
    [160, 0.0000234238]
  ]
}