{
  "reaction": {
    "lhs": [
      { "state": { "particle": "e", "charge": -1 }, "count": 1 },
      {
        "state": {
          "particle": "H2",
          "charge": 0,
          "descriptor": { "type": 1, "accuracy": 2, "e": "X", "Lambda": 0, "S": 0, "parity": "g", "v": 5 }
        },
        "count": 1
      }
    ],
    "rhs": [
      { "state": { "particle": "e", "charge": -1 }, "count": 1 },
      {
        "state": {
          "particle": "H2",
          "charge": 0,
          "descriptor": { "type": 1, "accuracy": 2, "e": "C", "Lambda": 1, "S": 0, "parity": "u", "v": 4 }
        },
        "count": 1
      }
    ],
    "type_tags": ["Electronic", "Vibrational"],
    "reversible": false
  },
  "threshold": 11.0434,
  "data": [
    [11.0434, 0],
    [12, 0.0165777],
    [13, 0.0282624],
    [14, 0.0369708],
    [15, 0.0441826],
    [16, 0.0511036],
    [17, 0.0581685],
    [18, 0.0652595],
    [19, 0.0721089],
    [20, 0.0785395],
    [22, 0.0897697],
    [25, 0.101947],
    [30, 0.114018],
    [40, 0.130118],
    [50, 0.139178],
    [60, 0.143618],
    [70, 0.143732],
    [80, 0.140996],
    [100, 0.133466],
    [120, 0.124686],
    [140, 0.116519],
    [160, 0.109351]
  ]
}