{
  "reaction": {
    "lhs": [
      { "state": { "particle": "e", "charge": -1 }, "count": 1 },
      {
        "state": {
          "particle": "H2",
          "charge": 0,
          "descriptor": { "type": 1, "accuracy": 2, "e": "X", "Lambda": 0, "S": 0, "parity": "g", "v": 5 }
        },
        "count": 1
      }
    ],
    "rhs": [
      { "state": { "particle": "e", "charge": -1 }, "count": 1 },
      {
        "state": {
          "particle": "H2",
          "charge": 0,
          "descriptor": { "type": 1, "accuracy": 2, "e": "i", "Lambda": 1, "S": 1, "parity": "g", "v": 3 }
        },
        "count": 1
      }
    ],
    "type_tags": ["Electronic", "Vibrational"],
    "reversible": false
  },
  "threshold": 12.3198,
  "data": [
    [12.3198, 0],
    [13, 0.00255936],
    [14, 0.00279188],
    [15, 0.00309962],
    [16, 0.00291773],
    [17, 0.00258544],
    [18, 0.0022307],
    [19, 0.00184683],
    [20, 0.00155199],
    [22, 0.0012205],
    [25, 0.000975563],
    [30, 0.000778052],
    [40, 0.00036454],
    [50, 0.000216562],
    [60, 0.000164108],
    [70, 0.000122905],
    [80, 0.000101278],
    [100, 0.0000452374],
    [120, 0.0000136362],
    [140, 0.00000967983],
    [160, 0.00000662368]
  ]
}