{
  "reaction": {
    "lhs": [
      { "state": { "particle": "e", "charge": -1 }, "count": 1 },
      {
        "state": {
          "particle": "H2",
          "charge": 0,
          "descriptor": { "type": 1, "accuracy": 2, "e": "X", "Lambda": 0, "S": 0, "parity": "g", "v": 5 }
        },
        "count": 1
      }
    ],
    "rhs": [
      { "state": { "particle": "e", "charge": -1 }, "count": 1 },
      {
        "state": {
          "particle": "H2",
          "charge": 0,
          "descriptor": {
            "type": 1,
            "accuracy": 2,
            "e": "H",
            "Lambda": 0,
            "S": 0,
            "parity": "g",
            "v": 52
          }
        },
        "count": 1
      }
    ],
    "type_tags": ["Electronic", "Vibrational"],
    "reversible": false
  },
  "threshold": 14.1779,
  "data": [
    [14.1779, 0],
    [15, 0.0000887121],
    [16, 0.000139811],
    [17, 0.000162685],
    [18, 0.000166178],
    [19, 0.000161278],
    [20, 0.000154953],
    [22, 0.000146365],
    [25, 0.000142977],
    [30, 0.000147258],
    [40, 0.000134726],
    [50, 0.000127783],
    [60, 0.000131416],
    [70, 0.00013544],
    [80, 0.000132337],
    [100, 0.000117032],
    [120, 0.000107132],
    [140, 0.0000982318],
    [160, 0.0000903138]
  ]
}