{
  "reaction": {
    "lhs": [
      { "state": { "particle": "e", "charge": -1 }, "count": 1 },
      {
        "state": {
          "particle": "H2",
          "charge": 0,
          "descriptor": { "type": 1, "accuracy": 2, "e": "X", "Lambda": 0, "S": 0, "parity": "g", "v": 5 }
        },
        "count": 1
      }
    ],
    "rhs": [
      { "state": { "particle": "e", "charge": -1 }, "count": 1 },
      {
        "state": {
          "particle": "H2",
          "charge": 0,
          "descriptor": { "type": 1, "accuracy": 2, "e": "d", "Lambda": 1, "S": 1, "parity": "u", "v": 7 }
        },
        "count": 1
      }
    ],
    "type_tags": ["Electronic", "Vibrational"],
    "reversible": false
  },
  "threshold": 13.1964,
  "data": [
    [13.1964, 0],
    [14, 0.000216881],
    [15, 0.000176112],
    [16, 0.00012279],
    [17, 0.0000903777],
    [18, 0.0000973503],
    [19, 0.000110299],
    [20, 0.000117272],
    [22, 0.000112839],
    [25, 0.0000945076],
    [30, 0.0000591661],
    [40, 0.0000166544],
    [50, 0.0000134929],
    [60, 0.0000129715],
    [70, 0.0000112085],
    [80, 0.000008638],
    [100, 0.00000482691],
    [120, 0.00000247402],
    [140, 0.00000177375],
    [160, 0.00000123936]
  ]
}