{
  "reaction": {
    "lhs": [
      { "state": { "particle": "e", "charge": -1 }, "count": 1 },
      {
        "state": {
          "particle": "H2",
          "charge": 0,
          "descriptor": { "type": 1, "accuracy": 2, "e": "X", "Lambda": 0, "S": 0, "parity": "g", "v": 5 }
        },
        "count": 1
      }
    ],
    "rhs": [
      { "state": { "particle": "e", "charge": -1 }, "count": 1 },
      {
        "state": {
          "particle": "H2",
          "charge": 0,
          "descriptor": { "type": 1, "accuracy": 2, "e": "a", "Lambda": 0, "S": 1, "parity": "g", "v": 2 }
        },
        "count": 1
      }
    ],
    "type_tags": ["Electronic", "Vibrational"],
    "reversible": false
  },
  "threshold": 10.1085,
  "data": [
    [10.1085, 0],
    [11, 0.133803],
    [12, 0.141758],
    [13, 0.131519],
    [14, 0.112483],
    [15, 0.098183],
    [16, 0.0804067],
    [17, 0.0645519],
    [18, 0.0552783],
    [19, 0.0494054],
    [20, 0.0447104],
    [22, 0.0358986],
    [25, 0.0255773],
    [30, 0.0139131],
    [40, 0.0075252],
    [50, 0.00522282],
    [60, 0.0042439],
    [70, 0.00298972],
    [80, 0.00205585],
    [100, 0.00102193],
    [120, 0.000618137],
    [140, 0.000447254],
    [160, 0.000316971]
  ]
}