{
  "reaction": {
    "lhs": [
      { "state": { "particle": "e", "charge": -1 }, "count": 1 },
      {
        "state": {
          "particle": "H2",
          "charge": 0,
          "descriptor": { "type": 1, "accuracy": 2, "e": "X", "Lambda": 0, "S": 0, "parity": "g", "v": 5 }
        },
        "count": 1
      }
    ],
    "rhs": [
      { "state": { "particle": "e", "charge": -1 }, "count": 1 },
      {
        "state": {
          "particle": "H2",
          "charge": 0,
          "descriptor": { "type": 1, "accuracy": 2, "e": "c", "Lambda": 1, "S": 1, "parity": "u", "v": 6 }
        },
        "count": 1
      }
    ],
    "type_tags": ["Electronic", "Vibrational"],
    "reversible": false
  },
  "threshold": 10.9986,
  "data": [
    [10.9986, 0],
    [11, 0.000015816],
    [12, 0.0095685],
    [13, 0.00985192],
    [14, 0.00917082],
    [15, 0.0077788],
    [16, 0.00720165],
    [17, 0.0068775],
    [18, 0.00647275],
    [19, 0.00609154],
    [20, 0.00573742],
    [22, 0.00506378],
    [25, 0.00409863],
    [30, 0.00274984],
    [40, 0.00126955],
    [50, 0.000758899],
    [60, 0.000580242],
    [70, 0.000390896],
    [80, 0.00027561],
    [100, 0.00013512],
    [120, 0.0000819594],
    [140, 0.0000589016],
    [160, 0.0000413228]
  ]
}