{
  "reaction": {
    "lhs": [
      { "state": { "particle": "e", "charge": -1 }, "count": 1 },
      {
        "state": {
          "particle": "H2",
          "charge": 0,
          "descriptor": { "type": 1, "accuracy": 2, "e": "X", "Lambda": 0, "S": 0, "parity": "g", "v": 5 }
        },
        "count": 1
      }
    ],
    "rhs": [
      { "state": { "particle": "e", "charge": -1 }, "count": 1 },
      {
        "state": {
          "particle": "H2",
          "charge": 0,
          "descriptor": { "type": 1, "accuracy": 2, "e": "g", "Lambda": 0, "S": 1, "parity": "g", "v": 8 }
        },
        "count": 1
      }
    ],
    "type_tags": ["Electronic", "Vibrational"],
    "reversible": false
  },
  "threshold": 13.4455,
  "data": [
    [13.4455, 0],
    [14, 0.000331179],
    [15, 0.000393383],
    [16, 0.000404218],
    [17, 0.000405792],
    [18, 0.00035527],
    [19, 0.000254411],
    [20, 0.00017927],
    [22, 0.00012078],
    [25, 0.0000775799],
    [30, 0.0000545053],
    [40, 0.000036031],
    [50, 0.0000231455],
    [60, 0.000010906],
    [70, 0.00000720017],
    [80, 0.00000627879],
    [100, 0.00000331612],
    [120, 0.00000139618],
    [140, 0.00000101566],
    [160, 7.2344e-7]
  ]
}