{
  "reaction": {
    "lhs": [
      { "state": { "particle": "e", "charge": -1 }, "count": 1 },
      {
        "state": {
          "particle": "H2",
          "charge": 0,
          "descriptor": { "type": 1, "accuracy": 2, "e": "X", "Lambda": 0, "S": 0, "parity": "g", "v": 5 }
        },
        "count": 1
      }
    ],
    "rhs": [
      { "state": { "particle": "e", "charge": -1 }, "count": 1 },
      {
        "state": {
          "particle": "H2",
          "charge": 0,
          "descriptor": {
            "type": 1,
            "accuracy": 2,
            "e": "B",
            "Lambda": 0,
            "S": 0,
            "parity": "u",
            "v": 14
          }
        },
        "count": 1
      }
    ],
    "type_tags": ["Electronic", "Vibrational"],
    "reversible": false
  },
  "threshold": 10.8082,
  "data": [
    [10.8082, 0],
    [11, 0.00201432],
    [12, 0.00702474],
    [13, 0.0113726],
    [14, 0.0150613],
    [15, 0.0181847],
    [16, 0.0207963],
    [17, 0.0229508],
    [18, 0.0247037],
    [19, 0.02611],
    [20, 0.027225],
    [22, 0.0288015],
    [25, 0.0303621],
    [30, 0.0329691],
    [40, 0.0356448],
    [50, 0.0358035],
    [60, 0.0354031],
    [70, 0.034793],
    [80, 0.0340024],
    [100, 0.0318639],
    [120, 0.0294007],
    [140, 0.0270928],
    [160, 0.0250225]
  ]
}