{
  "reaction": {
    "lhs": [
      { "state": { "particle": "e", "charge": -1 }, "count": 1 },
      {
        "state": {
          "particle": "H2",
          "charge": 0,
          "descriptor": { "type": 1, "accuracy": 2, "e": "X", "Lambda": 0, "S": 0, "parity": "g", "v": 5 }
        },
        "count": 1
      }
    ],
    "rhs": [
      { "state": { "particle": "e", "charge": -1 }, "count": 1 },
      {
        "state": {
          "particle": "H2",
          "charge": 0,
          "descriptor": {
            "type": 1,
            "accuracy": 2,
            "e": "GK",
            "Lambda": 0,
            "S": 0,
            "parity": "g",
            "v": 8
          }
        },
        "count": 1
      }
    ],
    "type_tags": ["Electronic", "Vibrational"],
    "reversible": false
  },
  "threshold": 12.3794,
  "data": [
    [12.3794, 0],
    [13, 0.0000189492],
    [14, 0.0000873293],
    [15, 0.0000666045],
    [16, 0.0000859269],
    [17, 0.000098007],
    [18, 0.000137505],
    [19, 0.000158669],
    [20, 0.000191174],
    [22, 0.000179311],
    [25, 0.000146722],
    [30, 0.000155972],
    [40, 0.000112549],
    [50, 0.000119246],
    [60, 0.00014448],
    [70, 0.000170443],
    [80, 0.000180058],
    [100, 0.00016304],
    [120, 0.000133586],
    [140, 0.000109705],
    [160, 0.0000915626]
  ]
}