{
  "reaction": {
    "lhs": [
      { "state": { "particle": "e", "charge": -1 }, "count": 1 },
      {
        "state": {
          "particle": "H2",
          "charge": 0,
          "descriptor": { "type": 1, "accuracy": 2, "e": "X", "Lambda": 0, "S": 0, "parity": "g", "v": 5 }
        },
        "count": 1
      }
    ],
    "rhs": [
      { "state": { "particle": "e", "charge": -1 }, "count": 1 },
      {
        "state": {
          "particle": "H2",
          "charge": 0,
          "descriptor": {
            "type": 1,
            "accuracy": 2,
            "e": "d",
            "Lambda": 1,
            "S": 1,
            "parity": "u",
            "v": 10
          }
        },
        "count": 1
      }
    ],
    "type_tags": ["Electronic", "Vibrational"],
    "reversible": false
  },
  "threshold": 13.6846,
  "data": [
    [13.6846, 0],
    [14, 0.00267072],
    [15, 0.00273968],
    [16, 0.00262677],
    [17, 0.00244966],
    [18, 0.0023302],
    [19, 0.00222182],
    [20, 0.00211432],
    [22, 0.00188611],
    [25, 0.00153478],
    [30, 0.00102312],
    [40, 0.000448386],
    [50, 0.000272948],
    [60, 0.000228502],
    [70, 0.000181234],
    [80, 0.000148278],
    [100, 0.0000817991],
    [120, 0.0000419604],
    [140, 0.0000300912],
    [160, 0.0000210304]
  ]
}