{
  "reaction": {
    "lhs": [
      { "state": { "particle": "e", "charge": -1 }, "count": 1 },
      {
        "state": {
          "particle": "H2",
          "charge": 0,
          "descriptor": { "type": 1, "accuracy": 2, "e": "X", "Lambda": 0, "S": 0, "parity": "g", "v": 5 }
        },
        "count": 1
      }
    ],
    "rhs": [
      { "state": { "particle": "e", "charge": -1 }, "count": 1 },
      {
        "state": {
          "particle": "H2",
          "charge": 0,
          "descriptor": {
            "type": 1,
            "accuracy": 2,
            "e": "EF",
            "Lambda": 0,
            "S": 0,
            "parity": "g",
            "v": 9
          }
        },
        "count": 1
      }
    ],
    "type_tags": ["Electronic", "Vibrational"],
    "reversible": false
  },
  "threshold": 10.7731,
  "data": [
    [10.7731, 0],
    [11, 0.00000642173],
    [12, 0.000169256],
    [13, 0.000247518],
    [14, 0.00030666],
    [15, 0.000381981],
    [16, 0.000306077],
    [17, 0.0003103],
    [18, 0.000453467],
    [19, 0.000487909],
    [20, 0.000459815],
    [22, 0.00048934],
    [25, 0.000536973],
    [30, 0.000604951],
    [40, 0.000647003],
    [50, 0.000644328],
    [60, 0.00064745],
    [70, 0.000677329],
    [80, 0.000714898],
    [100, 0.000659312],
    [120, 0.000507854],
    [140, 0.000426592],
    [160, 0.000365334]
  ]
}