{
  "reaction": {
    "lhs": [
      { "state": { "particle": "e", "charge": -1 }, "count": 1 },
      {
        "state": {
          "particle": "H2",
          "charge": 0,
          "descriptor": { "type": 1, "accuracy": 2, "e": "X", "Lambda": 0, "S": 0, "parity": "g", "v": 5 }
        },
        "count": 1
      }
    ],
    "rhs": [
      { "state": { "particle": "e", "charge": -1 }, "count": 1 },
      {
        "state": {
          "particle": "H2",
          "charge": 0,
          "descriptor": {
            "type": 1,
            "accuracy": 2,
            "e": "B",
            "Lambda": 0,
            "S": 0,
            "parity": "u",
            "v": 12
          }
        },
        "count": 1
      }
    ],
    "type_tags": ["Electronic", "Vibrational"],
    "reversible": false
  },
  "threshold": 10.5799,
  "data": [
    [10.5799, 0],
    [11, 0.00763612],
    [12, 0.0181634],
    [13, 0.0269324],
    [14, 0.0342377],
    [15, 0.0403809],
    [16, 0.0454665],
    [17, 0.0496103],
    [18, 0.0529285],
    [19, 0.0555374],
    [20, 0.0575533],
    [22, 0.0602717],
    [25, 0.0628133],
    [30, 0.0674243],
    [40, 0.071932],
    [50, 0.0718856],
    [60, 0.0708033],
    [70, 0.0693498],
    [80, 0.0675729],
    [100, 0.063058],
    [120, 0.0580355],
    [140, 0.0533747],
    [160, 0.0492185]
  ]
}