{
  "reaction": {
    "lhs": [
      { "state": { "particle": "e", "charge": -1 }, "count": 1 },
      {
        "state": {
          "particle": "H2",
          "charge": 0,
          "descriptor": { "type": 1, "accuracy": 2, "e": "X", "Lambda": 0, "S": 0, "parity": "g", "v": 5 }
        },
        "count": 1
      }
    ],
    "rhs": [
      { "state": { "particle": "e", "charge": -1 }, "count": 1 },
      {
        "state": {
          "particle": "H2",
          "charge": 0,
          "descriptor": {
            "type": 1,
            "accuracy": 2,
            "e": "D",
            "Lambda": 1,
            "S": 0,
            "parity": "u",
            "v": 10
          }
        },
        "count": 1
      }
    ],
    "type_tags": ["Electronic", "Vibrational"],
    "reversible": false
  },
  "threshold": 13.7795,
  "data": [
    [13.7795, 0],
    [14, 0.000347071],
    [15, 0.000980916],
    [16, 0.00142414],
    [17, 0.00171014],
    [18, 0.00195044],
    [19, 0.0022234],
    [20, 0.0025334],
    [22, 0.00313332],
    [25, 0.00379876],
    [30, 0.00460993],
    [40, 0.00573196],
    [50, 0.00642245],
    [60, 0.00685539],
    [70, 0.00700584],
    [80, 0.00698763],
    [100, 0.00676732],
    [120, 0.00642624],
    [140, 0.00608922],
    [160, 0.00578175]
  ]
}