{
  "reaction": {
    "lhs": [
      { "state": { "particle": "e", "charge": -1 }, "count": 1 },
      {
        "state": {
          "particle": "H2",
          "charge": 0,
          "descriptor": { "type": 1, "accuracy": 2, "e": "X", "Lambda": 0, "S": 0, "parity": "g", "v": 5 }
        },
        "count": 1
      }
    ],
    "rhs": [
      { "state": { "particle": "e", "charge": -1 }, "count": 1 },
      {
        "state": {
          "particle": "H2",
          "charge": 0,
          "descriptor": {
            "type": 1,
            "accuracy": 2,
            "e": "EF",
            "Lambda": 0,
            "S": 0,
            "parity": "g",
            "v": 24
          }
        },
        "count": 1
      }
    ],
    "type_tags": ["Electronic", "Vibrational"],
    "reversible": false
  },
  "threshold": 11.9797,
  "data": [
    [11.9797, 0],
    [12, 0.000184889],
    [13, 0.00210088],
    [14, 0.00221989],
    [15, 0.0021559],
    [16, 0.00244358],
    [17, 0.00246859],
    [18, 0.00243229],
    [19, 0.00252728],
    [20, 0.00255444],
    [22, 0.0026009],
    [25, 0.00267409],
    [30, 0.00275519],
    [40, 0.00273278],
    [50, 0.00265868],
    [60, 0.00257727],
    [70, 0.00250446],
    [80, 0.0024494],
    [100, 0.00222221],
    [120, 0.00190594],
    [140, 0.00170115],
    [160, 0.00152498]
  ]
}