{
  "reaction": {
    "lhs": [
      { "state": { "particle": "e", "charge": -1 }, "count": 1 },
      {
        "state": {
          "particle": "H2",
          "charge": 0,
          "descriptor": { "type": 1, "accuracy": 2, "e": "X", "Lambda": 0, "S": 0, "parity": "g", "v": 5 }
        },
        "count": 1
      }
    ],
    "rhs": [
      { "state": { "particle": "e", "charge": -1 }, "count": 1 },
      {
        "state": {
          "particle": "H2",
          "charge": 0,
          "descriptor": {
            "type": 1,
            "accuracy": 2,
            "e": "g",
            "Lambda": 0,
            "S": 1,
            "parity": "g",
            "v": 13
          }
        },
        "count": 1
      }
    ],
    "type_tags": ["Electronic", "Vibrational"],
    "reversible": false
  },
  "threshold": 14.0789,
  "data": [
    [14.0789, 0],
    [15, 0.000148291],
    [16, 0.000179032],
    [17, 0.000183513],
    [18, 0.000173927],
    [19, 0.000154084],
    [20, 0.000137355],
    [22, 0.00011884],
    [25, 0.0000995455],
    [30, 0.0000769106],
    [40, 0.0000444468],
    [50, 0.0000308784],
    [60, 0.0000238224],
    [70, 0.0000163531],
    [80, 0.0000109943],
    [100, 0.00000547104],
    [120, 0.00000351466],
    [140, 0.00000249861],
    [160, 0.00000172628]
  ]
}