{
  "reaction": {
    "lhs": [
      { "state": { "particle": "e", "charge": -1 }, "count": 1 },
      {
        "state": {
          "particle": "H2",
          "charge": 0,
          "descriptor": { "type": 1, "accuracy": 2, "e": "X", "Lambda": 0, "S": 0, "parity": "g", "v": 5 }
        },
        "count": 1
      }
    ],
    "rhs": [
      { "state": { "particle": "e", "charge": -1 }, "count": 1 },
      {
        "state": {
          "particle": "H2",
          "charge": 0,
          "descriptor": {
            "type": 1,
            "accuracy": 2,
            "e": "d",
            "Lambda": 1,
            "S": 1,
            "parity": "u",
            "v": 15
          }
        },
        "count": 1
      }
    ],
    "type_tags": ["Electronic", "Vibrational"],
    "reversible": false
  },
  "threshold": 14.1862,
  "data": [
    [14.1862, 0],
    [15, 0.000217103],
    [16, 0.000264513],
    [17, 0.000271406],
    [18, 0.00026785],
    [19, 0.000259345],
    [20, 0.000249133],
    [22, 0.000226328],
    [25, 0.00018573],
    [30, 0.000123698],
    [40, 0.0000604286],
    [50, 0.0000345312],
    [60, 0.0000241097],
    [70, 0.0000188058],
    [80, 0.0000174941],
    [100, 0.00001063],
    [120, 0.00000478096],
    [140, 0.00000342935],
    [160, 0.00000239659]
  ]
}