{
  "reaction": {
    "lhs": [
      { "state": { "particle": "e", "charge": -1 }, "count": 1 },
      {
        "state": {
          "particle": "H2",
          "charge": 0,
          "descriptor": { "type": 1, "accuracy": 2, "e": "X", "Lambda": 0, "S": 0, "parity": "g", "v": 5 }
        },
        "count": 1
      }
    ],
    "rhs": [
      { "state": { "particle": "e", "charge": -1 }, "count": 1 },
      {
        "state": {
          "particle": "H2",
          "charge": 0,
          "descriptor": { "type": 1, "accuracy": 2, "e": "B", "Lambda": 0, "S": 0, "parity": "u", "v": 8 }
        },
        "count": 1
      }
    ],
    "type_tags": ["Electronic", "Vibrational"],
    "reversible": false
  },
  "threshold": 10.0796,
  "data": [
    [10.0796, 0],
    [11, 0.00164375],
    [12, 0.00289277],
    [13, 0.00382293],
    [14, 0.00464111],
    [15, 0.00540554],
    [16, 0.00611752],
    [17, 0.00677779],
    [18, 0.00738705],
    [19, 0.00794601],
    [20, 0.00845538],
    [22, 0.00932817],
    [25, 0.0102833],
    [30, 0.0111114],
    [40, 0.0117279],
    [50, 0.0115349],
    [60, 0.0112972],
    [70, 0.0110829],
    [80, 0.0108516],
    [100, 0.0101373],
    [120, 0.00925566],
    [140, 0.00844219],
    [160, 0.00773569]
  ]
}