{
  "reaction": {
    "lhs": [
      { "state": { "particle": "e", "charge": -1 }, "count": 1 },
      {
        "state": {
          "particle": "H2",
          "charge": 0,
          "descriptor": { "type": 1, "accuracy": 2, "e": "X", "Lambda": 0, "S": 0, "parity": "g", "v": 5 }
        },
        "count": 1
      }
    ],
    "rhs": [
      { "state": { "particle": "e", "charge": -1 }, "count": 1 },
      {
        "state": {
          "particle": "H2",
          "charge": 0,
          "descriptor": { "type": 1, "accuracy": 2, "e": "D", "Lambda": 1, "S": 0, "parity": "u", "v": 2 }
        },
        "count": 1
      }
    ],
    "type_tags": ["Electronic", "Vibrational"],
    "reversible": false
  },
  "threshold": 12.2425,
  "data": [
    [12.2425, 0],
    [13, 0.0102541],
    [14, 0.0179152],
    [15, 0.022757],
    [16, 0.0262255],
    [17, 0.0299032],
    [18, 0.0342865],
    [19, 0.039075],
    [20, 0.0437115],
    [22, 0.0509411],
    [25, 0.0578079],
    [30, 0.0660069],
    [40, 0.0794519],
    [50, 0.0885023],
    [60, 0.0947833],
    [70, 0.0963595],
    [80, 0.094508],
    [100, 0.0901483],
    [120, 0.0846759],
    [140, 0.0793856],
    [160, 0.074715]
  ]
}