{
  "reaction": {
    "lhs": [
      { "state": { "particle": "e", "charge": -1 }, "count": 1 },
      {
        "state": {
          "particle": "H2",
          "charge": 0,
          "descriptor": { "type": 1, "accuracy": 2, "e": "X", "Lambda": 0, "S": 0, "parity": "g", "v": 5 }
        },
        "count": 1
      }
    ],
    "rhs": [
      { "state": { "particle": "e", "charge": -1 }, "count": 1 },
      {
        "state": {
          "particle": "H2",
          "charge": 0,
          "descriptor": { "type": 1, "accuracy": 2, "e": "g", "Lambda": 0, "S": 1, "parity": "g", "v": 9 }
        },
        "count": 1
      }
    ],
    "type_tags": ["Electronic", "Vibrational"],
    "reversible": false
  },
  "threshold": 13.6082,
  "data": [
    [13.6082, 0],
    [14, 0.000747987],
    [15, 0.000817139],
    [16, 0.000814262],
    [17, 0.000794435],
    [18, 0.000705493],
    [19, 0.000560469],
    [20, 0.000440368],
    [22, 0.000314479],
    [25, 0.000225124],
    [30, 0.000164323],
    [40, 0.0000968017],
    [50, 0.0000624141],
    [60, 0.0000421488],
    [70, 0.0000281182],
    [80, 0.0000200848],
    [100, 0.0000103534],
    [120, 0.00000673312],
    [140, 0.00000483679],
    [160, 0.00000339687]
  ]
}