{
  "reaction": {
    "lhs": [
      { "state": { "particle": "e", "charge": -1 }, "count": 1 },
      {
        "state": {
          "particle": "H2",
          "charge": 0,
          "descriptor": { "type": 1, "accuracy": 2, "e": "X", "Lambda": 0, "S": 0, "parity": "g", "v": 5 }
        },
        "count": 1
      }
    ],
    "rhs": [
      { "state": { "particle": "e", "charge": -1 }, "count": 1 },
      {
        "state": {
          "particle": "H2",
          "charge": 0,
          "descriptor": {
            "type": 1,
            "accuracy": 2,
            "e": "a",
            "Lambda": 0,
            "S": 1,
            "parity": "g",
            "v": 13
          }
        },
        "count": 1
      }
    ],
    "type_tags": ["Electronic", "Vibrational"],
    "reversible": false
  },
  "threshold": 12.2624,
  "data": [
    [12.2624, 0],
    [13, 0.0000198866],
    [14, 4.94624e-7],
    [15, 0.0000029708],
    [16, 0.00000363746],
    [17, 0.00000379557],
    [18, 0.00000414597],
    [19, 0.00000458379],
    [20, 0.00000479869],
    [22, 0.00000439896],
    [25, 0.00000285231],
    [30, 6.92752e-7],
    [40, 4.07836e-7],
    [50, 6.77847e-7],
    [60, 9.47858e-7],
    [70, 4.98989e-7],
    [80, 3.89056e-8],
    [100, 1.29191e-8],
    [120, 8.9941e-9],
    [140, 8.22864e-9],
    [160, 7.41497e-9]
  ]
}