{
  "reaction": {
    "lhs": [
      { "state": { "particle": "e", "charge": -1 }, "count": 1 },
      {
        "state": {
          "particle": "H2",
          "charge": 0,
          "descriptor": { "type": 1, "accuracy": 2, "e": "X", "Lambda": 0, "S": 0, "parity": "g", "v": 5 }
        },
        "count": 1
      }
    ],
    "rhs": [
      { "state": { "particle": "e", "charge": -1 }, "count": 1 },
      {
        "state": {
          "particle": "H2",
          "charge": 0,
          "descriptor": {
            "type": 1,
            "accuracy": 2,
            "e": "H",
            "Lambda": 0,
            "S": 0,
            "parity": "g",
            "v": 59
          }
        },
        "count": 1
      }
    ],
    "type_tags": ["Electronic", "Vibrational"],
    "reversible": false
  },
  "threshold": 14.2626,
  "data": [
    [14.2626, 0],
    [15, 0.0000666345],
    [16, 0.000107567],
    [17, 0.000125293],
    [18, 0.000127371],
    [19, 0.000122917],
    [20, 0.000117452],
    [22, 0.000109561],
    [25, 0.000106992],
    [30, 0.000112969],
    [40, 0.000104058],
    [50, 0.000097416],
    [60, 0.0000993688],
    [70, 0.000102643],
    [80, 0.000101353],
    [100, 0.0000893844],
    [120, 0.0000829653],
    [140, 0.000076465],
    [160, 0.000070383]
  ]
}