{
  "reaction": {
    "lhs": [
      { "state": { "particle": "e", "charge": -1 }, "count": 1 },
      {
        "state": {
          "particle": "H2",
          "charge": 0,
          "descriptor": { "type": 1, "accuracy": 2, "e": "X", "Lambda": 0, "S": 0, "parity": "g", "v": 5 }
        },
        "count": 1
      }
    ],
    "rhs": [
      { "state": { "particle": "e", "charge": -1 }, "count": 1 },
      {
        "state": {
          "particle": "H2",
          "charge": 0,
          "descriptor": {
            "type": 1,
            "accuracy": 2,
            "e": "Bp",
            "Lambda": 0,
            "S": 0,
            "parity": "u",
            "v": 0
          }
        },
        "count": 1
      }
    ],
    "type_tags": ["Electronic", "Vibrational"],
    "reversible": false
  },
  "threshold": 11.4016,
  "data": [
    [11.4016, 0],
    [12, 0.00471277],
    [13, 0.00943799],
    [14, 0.0116922],
    [15, 0.0120299],
    [16, 0.0122148],
    [17, 0.0128544],
    [18, 0.0138676],
    [19, 0.0151395],
    [20, 0.0163505],
    [22, 0.01766],
    [25, 0.0180295],
    [30, 0.0176896],
    [40, 0.0163718],
    [50, 0.0160746],
    [60, 0.015813],
    [70, 0.0151769],
    [80, 0.0144595],
    [100, 0.0126778],
    [120, 0.0117294],
    [140, 0.0110455],
    [160, 0.0103704]
  ]
}