{
  "reaction": {
    "lhs": [
      { "state": { "particle": "e", "charge": -1 }, "count": 1 },
      {
        "state": {
          "particle": "H2",
          "charge": 0,
          "descriptor": { "type": 1, "accuracy": 2, "e": "X", "Lambda": 0, "S": 0, "parity": "g", "v": 5 }
        },
        "count": 1
      }
    ],
    "rhs": [
      { "state": { "particle": "e", "charge": -1 }, "count": 1 },
      {
        "state": {
          "particle": "H2",
          "charge": 0,
          "descriptor": {
            "type": 1,
            "accuracy": 2,
            "e": "c",
            "Lambda": 1,
            "S": 1,
            "parity": "u",
            "v": 14
          }
        },
        "count": 1
      }
    ],
    "type_tags": ["Electronic", "Vibrational"],
    "reversible": false
  },
  "threshold": 12.2097,
  "data": [
    [12.2097, 0],
    [13, 4.31402e-11],
    [14, 8.78573e-12],
    [15, 1.28653e-11],
    [16, 1.14536e-11],
    [17, 1.00419e-11],
    [18, 1.00657e-11],
    [19, 1.01099e-11],
    [20, 1.01337e-11],
    [22, 9.37942e-12],
    [25, 6.50737e-12],
    [30, 2.88104e-12],
    [40, 0.000190387],
    [50, 0.000140427],
    [60, 0.0000726711],
    [70, 0.0000540949],
    [80, 0.0000480206],
    [100, 0.0000260245],
    [120, 0.0000126184],
    [140, 0.00000907886],
    [160, 0.00000637128]
  ]
}