{
  "reaction": {
    "lhs": [
      { "state": { "particle": "e", "charge": -1 }, "count": 1 },
      {
        "state": {
          "particle": "H2",
          "charge": 0,
          "descriptor": { "type": 1, "accuracy": 2, "e": "X", "Lambda": 0, "S": 0, "parity": "g", "v": 5 }
        },
        "count": 1
      }
    ],
    "rhs": [
      { "state": { "particle": "e", "charge": -1 }, "count": 1 },
      {
        "state": {
          "particle": "H2",
          "charge": 0,
          "descriptor": { "type": 1, "accuracy": 2, "e": "h", "Lambda": 0, "S": 1, "parity": "g", "v": 1 }
        },
        "count": 1
      }
    ],
    "type_tags": ["Electronic", "Vibrational"],
    "reversible": false
  },
  "threshold": 11.7999,
  "data": [
    [11.7999, 0],
    [12, 0.00273174],
    [13, 0.00576273],
    [14, 0.00573622],
    [15, 0.00555758],
    [16, 0.0050112],
    [17, 0.00420328],
    [18, 0.0036827],
    [19, 0.00351238],
    [20, 0.00329741],
    [22, 0.00272345],
    [25, 0.00231227],
    [30, 0.00194702],
    [40, 0.000877996],
    [50, 0.000570463],
    [60, 0.000495019],
    [70, 0.000396199],
    [80, 0.000310347],
    [100, 0.000162251],
    [120, 0.0000768698],
    [140, 0.000054471],
    [160, 0.0000373248]
  ]
}