{
  "reaction": {
    "lhs": [
      { "state": { "particle": "e", "charge": -1 }, "count": 1 },
      {
        "state": {
          "particle": "H2",
          "charge": 0,
          "descriptor": { "type": 1, "accuracy": 2, "e": "X", "Lambda": 0, "S": 0, "parity": "g", "v": 5 }
        },
        "count": 1
      }
    ],
    "rhs": [
      { "state": { "particle": "e", "charge": -1 }, "count": 1 },
      {
        "state": {
          "particle": "H2",
          "charge": 0,
          "descriptor": {
            "type": 1,
            "accuracy": 2,
            "e": "H",
            "Lambda": 0,
            "S": 0,
            "parity": "g",
            "v": 35
          }
        },
        "count": 1
      }
    ],
    "type_tags": ["Electronic", "Vibrational"],
    "reversible": false
  },
  "threshold": 13.7452,
  "data": [
    [13.7452, 0],
    [14, 0.0000389629],
    [15, 0.0000767664],
    [16, 0.000113916],
    [17, 0.000131176],
    [18, 0.000131627],
    [19, 0.000124413],
    [20, 0.000117558],
    [22, 0.000113321],
    [25, 0.000111783],
    [30, 0.000108689],
    [40, 0.0000979079],
    [50, 0.0000952503],
    [60, 0.0000981953],
    [70, 0.0000981162],
    [80, 0.000090591],
    [100, 0.0000805874],
    [120, 0.000071004],
    [140, 0.0000646345],
    [160, 0.0000599152]
  ]
}