{
  "reaction": {
    "lhs": [
      { "state": { "particle": "e", "charge": -1 }, "count": 1 },
      {
        "state": {
          "particle": "H2",
          "charge": 0,
          "descriptor": { "type": 1, "accuracy": 2, "e": "X", "Lambda": 0, "S": 0, "parity": "g", "v": 5 }
        },
        "count": 1
      }
    ],
    "rhs": [
      { "state": { "particle": "e", "charge": -1 }, "count": 1 },
      {
        "state": {
          "particle": "H2",
          "charge": 0,
          "descriptor": { "type": 1, "accuracy": 2, "e": "a", "Lambda": 0, "S": 1, "parity": "g", "v": 0 }
        },
        "count": 1
      }
    ],
    "type_tags": ["Electronic", "Vibrational"],
    "reversible": false
  },
  "threshold": 9.49905,
  "data": [
    [9.49905, 0],
    [10, 0.000100864],
    [11, 0.000301543],
    [12, 0.000498454],
    [13, 0.000138484],
    [14, 0.000126402],
    [15, 0.000215422],
    [16, 0.000163638],
    [17, 0.0000934496],
    [18, 0.0000680156],
    [19, 0.0000587005],
    [20, 0.0000555607],
    [22, 0.0000501757],
    [25, 0.0000460943],
    [30, 0.0000442938],
    [40, 0.0000144452],
    [50, 0.0000101464],
    [60, 0.00000933775],
    [70, 0.00000738858],
    [80, 0.00000500074],
    [100, 0.00000256352],
    [120, 0.00000143161],
    [140, 0.00000103318],
    [160, 7.2903e-7]
  ]
}