{
  "reaction": {
    "lhs": [
      { "state": { "particle": "e", "charge": -1 }, "count": 1 },
      {
        "state": {
          "particle": "H2",
          "charge": 0,
          "descriptor": { "type": 1, "accuracy": 2, "e": "X", "Lambda": 0, "S": 0, "parity": "g", "v": 5 }
        },
        "count": 1
      }
    ],
    "rhs": [
      { "state": { "particle": "e", "charge": -1 }, "count": 1 },
      {
        "state": {
          "particle": "H2",
          "charge": 0,
          "descriptor": {
            "type": 1,
            "accuracy": 2,
            "e": "j",
            "Lambda": 2,
            "S": 1,
            "parity": "g",
            "v": 17
          }
        },
        "count": 1
      }
    ],
    "type_tags": ["Electronic", "Vibrational"],
    "reversible": false
  },
  "threshold": 14.2738,
  "data": [
    [14.2738, 0],
    [15, 0.00000871401],
    [16, 0.00000834621],
    [17, 0.00000778496],
    [18, 0.00000744763],
    [19, 0.00000716206],
    [20, 0.00000685724],
    [22, 0.00000612837],
    [25, 0.00000493397],
    [30, 0.00000318724],
    [40, 0.00000150709],
    [50, 0.00000115862],
    [60, 0.00000108487],
    [70, 8.63231e-7],
    [80, 5.92472e-7],
    [100, 3.00669e-7],
    [120, 1.59681e-7],
    [140, 1.12965e-7],
    [160, 7.72806e-8]
  ]
}