{
  "reaction": {
    "lhs": [
      { "state": { "particle": "e", "charge": -1 }, "count": 1 },
      {
        "state": {
          "particle": "H2",
          "charge": 0,
          "descriptor": { "type": 1, "accuracy": 2, "e": "X", "Lambda": 0, "S": 0, "parity": "g", "v": 5 }
        },
        "count": 1
      }
    ],
    "rhs": [
      { "state": { "particle": "e", "charge": -1 }, "count": 1 },
      {
        "state": {
          "particle": "H2",
          "charge": 0,
          "descriptor": {
            "type": 1,
            "accuracy": 2,
            "e": "B",
            "Lambda": 0,
            "S": 0,
            "parity": "u",
            "v": 33
          }
        },
        "count": 1
      }
    ],
    "type_tags": ["Electronic", "Vibrational"],
    "reversible": false
  },
  "threshold": 12.3133,
  "data": [
    [12.3133, 0],
    [13, 0.000245092],
    [14, 0.000492076],
    [15, 0.00070304],
    [16, 0.000881696],
    [17, 0.00103161],
    [18, 0.00115627],
    [19, 0.00125916],
    [20, 0.00134378],
    [22, 0.00147213],
    [25, 0.00161474],
    [30, 0.00185369],
    [40, 0.0021528],
    [50, 0.00226713],
    [60, 0.0023005],
    [70, 0.00228368],
    [80, 0.00224062],
    [100, 0.00213144],
    [120, 0.00201042],
    [140, 0.00188944],
    [160, 0.00177157]
  ]
}