{
  "reaction": {
    "lhs": [
      { "state": { "particle": "e", "charge": -1 }, "count": 1 },
      {
        "state": {
          "particle": "H2",
          "charge": 0,
          "descriptor": { "type": 1, "accuracy": 2, "e": "X", "Lambda": 0, "S": 0, "parity": "g", "v": 5 }
        },
        "count": 1
      }
    ],
    "rhs": [
      { "state": { "particle": "e", "charge": -1 }, "count": 1 },
      {
        "state": {
          "particle": "H2",
          "charge": 0,
          "descriptor": {
            "type": 1,
            "accuracy": 2,
            "e": "g",
            "Lambda": 0,
            "S": 1,
            "parity": "g",
            "v": 18
          }
        },
        "count": 1
      }
    ],
    "type_tags": ["Electronic", "Vibrational"],
    "reversible": false
  },
  "threshold": 14.274,
  "data": [
    [14.274, 0],
    [15, 0.00000288582],
    [16, 0.00000425848],
    [17, 0.00000446761],
    [18, 0.0000042092],
    [19, 0.00000370534],
    [20, 0.0000033631],
    [22, 0.00000316287],
    [25, 0.00000301297],
    [30, 0.00000294119],
    [40, 0.00000186211],
    [50, 0.00000131516],
    [60, 9.76316e-7],
    [70, 6.85958e-7],
    [80, 4.83024e-7],
    [100, 2.20779e-7],
    [120, 1.10216e-7],
    [140, 7.78625e-8],
    [160, 5.30558e-8]
  ]
}