{
  "reaction": {
    "lhs": [
      { "state": { "particle": "e", "charge": -1 }, "count": 1 },
      {
        "state": {
          "particle": "H2",
          "charge": 0,
          "descriptor": { "type": 1, "accuracy": 2, "e": "X", "Lambda": 0, "S": 0, "parity": "g", "v": 5 }
        },
        "count": 1
      }
    ],
    "rhs": [
      { "state": { "particle": "e", "charge": -1 }, "count": 1 },
      {
        "state": {
          "particle": "H2",
          "charge": 0,
          "descriptor": {
            "type": 1,
            "accuracy": 2,
            "e": "EF",
            "Lambda": 0,
            "S": 0,
            "parity": "g",
            "v": 3
          }
        },
        "count": 1
      }
    ],
    "type_tags": ["Electronic", "Vibrational"],
    "reversible": false
  },
  "threshold": 10.2943,
  "data": [
    [10.2943, 0],
    [11, 0.0148753],
    [12, 0.0275016],
    [13, 0.0197231],
    [14, 0.0248473],
    [15, 0.0292378],
    [16, 0.0296121],
    [17, 0.0291478],
    [18, 0.0310311],
    [19, 0.0327607],
    [20, 0.0318243],
    [22, 0.0307055],
    [25, 0.0293753],
    [30, 0.0279628],
    [40, 0.0258381],
    [50, 0.0252113],
    [60, 0.0252037],
    [70, 0.0243867],
    [80, 0.0235262],
    [100, 0.0208255],
    [120, 0.0173551],
    [140, 0.0153065],
    [160, 0.0136489]
  ]
}