{
  "reaction": {
    "lhs": [
      { "state": { "particle": "e", "charge": -1 }, "count": 1 },
      {
        "state": {
          "particle": "H2",
          "charge": 0,
          "descriptor": { "type": 1, "accuracy": 2, "e": "X", "Lambda": 0, "S": 0, "parity": "g", "v": 5 }
        },
        "count": 1
      }
    ],
    "rhs": [
      { "state": { "particle": "e", "charge": -1 }, "count": 1 },
      {
        "state": {
          "particle": "H2",
          "charge": 0,
          "descriptor": {
            "type": 1,
            "accuracy": 2,
            "e": "J",
            "Lambda": 2,
            "S": 0,
            "parity": "g",
            "v": 15
          }
        },
        "count": 1
      }
    ],
    "type_tags": ["Electronic", "Vibrational"],
    "reversible": false
  },
  "threshold": 14.1485,
  "data": [
    [14.1485, 0],
    [15, 0.0000561497],
    [16, 0.000113107],
    [17, 0.0000795678],
    [18, 0.0000877553],
    [19, 0.000101562],
    [20, 0.000104886],
    [22, 0.000105435],
    [25, 0.000119192],
    [30, 0.000125571],
    [40, 0.000102083],
    [50, 0.0000921555],
    [60, 0.0000803639],
    [70, 0.0000684349],
    [80, 0.0000579576],
    [100, 0.0000465914],
    [120, 0.0000410545],
    [140, 0.0000353683],
    [160, 0.0000310298]
  ]
}