{
  "reaction": {
    "lhs": [
      { "state": { "particle": "e", "charge": -1 }, "count": 1 },
      {
        "state": {
          "particle": "H2",
          "charge": 0,
          "descriptor": { "type": 1, "accuracy": 2, "e": "X", "Lambda": 0, "S": 0, "parity": "g", "v": 5 }
        },
        "count": 1
      }
    ],
    "rhs": [
      { "state": { "particle": "e", "charge": -1 }, "count": 1 },
      {
        "state": {
          "particle": "H2",
          "charge": 0,
          "descriptor": { "type": 1, "accuracy": 2, "e": "B", "Lambda": 0, "S": 0, "parity": "u", "v": 7 }
        },
        "count": 1
      }
    ],
    "type_tags": ["Electronic", "Vibrational"],
    "reversible": false
  },
  "threshold": 9.94495,
  "data": [
    [9.94495, 0],
    [10, 0.0034231],
    [11, 0.0172788],
    [12, 0.0285727],
    [13, 0.0370684],
    [14, 0.0441789],
    [15, 0.0503791],
    [16, 0.0557273],
    [17, 0.0602999],
    [18, 0.0641741],
    [19, 0.0674256],
    [20, 0.0701318],
    [22, 0.0742148],
    [25, 0.0781657],
    [30, 0.0825365],
    [40, 0.0861985],
    [50, 0.0849655],
    [60, 0.0830394],
    [70, 0.0810707],
    [80, 0.0788875],
    [100, 0.0732678],
    [120, 0.0669569],
    [140, 0.0611811],
    [160, 0.0561311]
  ]
}