{
  "reaction": {
    "lhs": [
      { "state": { "particle": "e", "charge": -1 }, "count": 1 },
      {
        "state": {
          "particle": "H2",
          "charge": 0,
          "descriptor": { "type": 1, "accuracy": 2, "e": "X", "Lambda": 0, "S": 0, "parity": "g", "v": 5 }
        },
        "count": 1
      }
    ],
    "rhs": [
      { "state": { "particle": "e", "charge": -1 }, "count": 1 },
      {
        "state": {
          "particle": "H2",
          "charge": 0,
          "descriptor": { "type": 1, "accuracy": 2, "e": "j", "Lambda": 2, "S": 1, "parity": "g", "v": 9 }
        },
        "count": 1
      }
    ],
    "type_tags": ["Electronic", "Vibrational"],
    "reversible": false
  },
  "threshold": 13.5807,
  "data": [
    [13.5807, 0],
    [14, 0.000172657],
    [15, 0.000284952],
    [16, 0.000333925],
    [17, 0.00034706],
    [18, 0.000318604],
    [19, 0.000260195],
    [20, 0.00021227],
    [22, 0.00016352],
    [25, 0.000118719],
    [30, 0.0000774856],
    [40, 0.000046725],
    [50, 0.00003019],
    [60, 0.0000199876],
    [70, 0.0000130633],
    [80, 0.00000912784],
    [100, 0.00000487537],
    [120, 0.00000347372],
    [140, 0.00000246837],
    [160, 0.00000170972]
  ]
}