{
  "reaction": {
    "lhs": [
      { "state": { "particle": "e", "charge": -1 }, "count": 1 },
      {
        "state": {
          "particle": "H2",
          "charge": 0,
          "descriptor": { "type": 1, "accuracy": 2, "e": "X", "Lambda": 0, "S": 0, "parity": "g", "v": 5 }
        },
        "count": 1
      }
    ],
    "rhs": [
      { "state": { "particle": "e", "charge": -1 }, "count": 1 },
      {
        "state": {
          "particle": "H2",
          "charge": 0,
          "descriptor": { "type": 1, "accuracy": 2, "e": "g", "Lambda": 0, "S": 1, "parity": "g", "v": 6 }
        },
        "count": 1
      }
    ],
    "type_tags": ["Electronic", "Vibrational"],
    "reversible": false
  },
  "threshold": 13.0746,
  "data": [
    [13.0746, 0],
    [14, 0.00142071],
    [15, 0.00143107],
    [16, 0.00131028],
    [17, 0.00111991],
    [18, 0.000981286],
    [19, 0.000853604],
    [20, 0.000751656],
    [22, 0.000606001],
    [25, 0.000455557],
    [30, 0.000296127],
    [40, 0.000161971],
    [50, 0.000119829],
    [60, 0.000103173],
    [70, 0.0000664915],
    [80, 0.0000387435],
    [100, 0.0000244426],
    [120, 0.0000213334],
    [140, 0.0000180844],
    [160, 0.0000152724]
  ]
}