{
  "reaction": {
    "lhs": [
      { "state": { "particle": "e", "charge": -1 }, "count": 1 },
      {
        "state": {
          "particle": "H2",
          "charge": 0,
          "descriptor": { "type": 1, "accuracy": 2, "e": "X", "Lambda": 0, "S": 0, "parity": "g", "v": 5 }
        },
        "count": 1
      }
    ],
    "rhs": [
      { "state": { "particle": "e", "charge": -1 }, "count": 1 },
      {
        "state": {
          "particle": "H2",
          "charge": 0,
          "descriptor": { "type": 1, "accuracy": 2, "e": "J", "Lambda": 2, "S": 0, "parity": "g", "v": 1 }
        },
        "count": 1
      }
    ],
    "type_tags": ["Electronic", "Vibrational"],
    "reversible": false
  },
  "threshold": 11.9199,
  "data": [
    [11.9199, 0],
    [12, 0.000307148],
    [13, 0.00486904],
    [14, 0.00347195],
    [15, 0.00487592],
    [16, 0.00518045],
    [17, 0.00557585],
    [18, 0.0054171],
    [19, 0.0053192],
    [20, 0.00489033],
    [22, 0.00527872],
    [25, 0.00517026],
    [30, 0.00519778],
    [40, 0.00420118],
    [50, 0.00350446],
    [60, 0.00302307],
    [70, 0.00265487],
    [80, 0.00241092],
    [100, 0.00208847],
    [120, 0.00167181],
    [140, 0.00144168],
    [160, 0.00126693]
  ]
}