{
  "reaction": {
    "lhs": [
      { "state": { "particle": "e", "charge": -1 }, "count": 1 },
      {
        "state": {
          "particle": "H2",
          "charge": 0,
          "descriptor": { "type": 1, "accuracy": 2, "e": "X", "Lambda": 0, "S": 0, "parity": "g", "v": 5 }
        },
        "count": 1
      }
    ],
    "rhs": [
      { "state": { "particle": "e", "charge": -1 }, "count": 1 },
      {
        "state": {
          "particle": "H2",
          "charge": 0,
          "descriptor": { "type": 1, "accuracy": 2, "e": "j", "Lambda": 2, "S": 1, "parity": "g", "v": 3 }
        },
        "count": 1
      }
    ],
    "type_tags": ["Electronic", "Vibrational"],
    "reversible": false
  },
  "threshold": 12.4216,
  "data": [
    [12.4216, 0],
    [13, 0.000655926],
    [14, 0.0010944],
    [15, 0.00155426],
    [16, 0.00132388],
    [17, 0.000994534],
    [18, 0.000833542],
    [19, 0.000727167],
    [20, 0.00064649],
    [22, 0.000514392],
    [25, 0.000384498],
    [30, 0.000257302],
    [40, 0.000175524],
    [50, 0.000133326],
    [60, 0.000101047],
    [70, 0.0000490304],
    [80, 0.0000168482],
    [100, 0.0000170993],
    [120, 0.0000173504],
    [140, 0.0000169471],
    [160, 0.000015832]
  ]
}