{
  "reaction": {
    "lhs": [
      { "state": { "particle": "e", "charge": -1 }, "count": 1 },
      {
        "state": {
          "particle": "H2",
          "charge": 0,
          "descriptor": { "type": 1, "accuracy": 2, "e": "X", "Lambda": 0, "S": 0, "parity": "g", "v": 5 }
        },
        "count": 1
      }
    ],
    "rhs": [
      { "state": { "particle": "e", "charge": -1 }, "count": 1 },
      {
        "state": {
          "particle": "H2",
          "charge": 0,
          "descriptor": {
            "type": 1,
            "accuracy": 2,
            "e": "d",
            "Lambda": 1,
            "S": 1,
            "parity": "u",
            "v": 17
          }
        },
        "count": 1
      }
    ],
    "type_tags": ["Electronic", "Vibrational"],
    "reversible": false
  },
  "threshold": 14.2486,
  "data": [
    [14.2486, 0],
    [15, 0.0000615269],
    [16, 0.0000785204],
    [17, 0.0000810065],
    [18, 0.0000801768],
    [19, 0.0000780951],
    [20, 0.0000753724],
    [22, 0.00006869],
    [25, 0.0000563543],
    [30, 0.0000373612],
    [40, 0.0000187807],
    [50, 0.0000106008],
    [60, 0.0000071386],
    [70, 0.00000562451],
    [80, 0.00000527139],
    [100, 0.0000032428],
    [120, 0.00000142956],
    [140, 0.00000102545],
    [160, 7.16614e-7]
  ]
}