{
  "reaction": {
    "lhs": [
      { "state": { "particle": "e", "charge": -1 }, "count": 1 },
      {
        "state": {
          "particle": "H2",
          "charge": 0,
          "descriptor": { "type": 1, "accuracy": 2, "e": "X", "Lambda": 0, "S": 0, "parity": "g", "v": 5 }
        },
        "count": 1
      }
    ],
    "rhs": [
      { "state": { "particle": "e", "charge": -1 }, "count": 1 },
      {
        "state": {
          "particle": "H2",
          "charge": 0,
          "descriptor": { "type": 1, "accuracy": 2, "e": "H", "Lambda": 0, "S": 0, "parity": "g", "v": 0 }
        },
        "count": 1
      }
    ],
    "type_tags": ["Electronic", "Vibrational"],
    "reversible": false
  },
  "threshold": 11.7172,
  "data": [
    [11.7172, 0],
    [12, 0.000280413],
    [13, 0.000824492],
    [14, 0.00107066],
    [15, 0.00113906],
    [16, 0.00107159],
    [17, 0.000909158],
    [18, 0.000738765],
    [19, 0.000612751],
    [20, 0.000536324],
    [22, 0.000481714],
    [25, 0.000476675],
    [30, 0.000508995],
    [40, 0.000432554],
    [50, 0.000371795],
    [60, 0.000357535],
    [70, 0.000335087],
    [80, 0.000278805],
    [100, 0.000241375],
    [120, 0.000178402],
    [140, 0.000154517],
    [160, 0.000145867]
  ]
}