{
  "reaction": {
    "lhs": [
      { "state": { "particle": "e", "charge": -1 }, "count": 1 },
      {
        "state": {
          "particle": "H2",
          "charge": 0,
          "descriptor": { "type": 1, "accuracy": 2, "e": "X", "Lambda": 0, "S": 0, "parity": "g", "v": 5 }
        },
        "count": 1
      }
    ],
    "rhs": [
      { "state": { "particle": "e", "charge": -1 }, "count": 1 },
      {
        "state": {
          "particle": "H2",
          "charge": 0,
          "descriptor": {
            "type": 1,
            "accuracy": 2,
            "e": "c",
            "Lambda": 1,
            "S": 1,
            "parity": "u",
            "v": 15
          }
        },
        "count": 1
      }
    ],
    "type_tags": ["Electronic", "Vibrational"],
    "reversible": false
  },
  "threshold": 12.2834,
  "data": [
    [12.2834, 0],
    [13, 0.00141337],
    [14, 0.00302088],
    [15, 0.00251371],
    [16, 0.00235506],
    [17, 0.0023143],
    [18, 0.00220564],
    [19, 0.00204125],
    [20, 0.00189043],
    [22, 0.00165985],
    [25, 0.00134896],
    [30, 0.000884555],
    [40, 0.0000881294],
    [50, 0.0000401735],
    [60, 0.0000324752],
    [70, 0.0000279343],
    [80, 0.0000225616],
    [100, 0.0000123258],
    [120, 0.00000575819],
    [140, 0.00000414434],
    [160, 0.00000290896]
  ]
}