{
  "reaction": {
    "lhs": [
      { "state": { "particle": "e", "charge": -1 }, "count": 1 },
      {
        "state": {
          "particle": "H2",
          "charge": 0,
          "descriptor": { "type": 1, "accuracy": 2, "e": "X", "Lambda": 0, "S": 0, "parity": "g", "v": 5 }
        },
        "count": 1
      }
    ],
    "rhs": [
      { "state": { "particle": "e", "charge": -1 }, "count": 1 },
      {
        "state": {
          "particle": "H2",
          "charge": 0,
          "descriptor": {
            "type": 1,
            "accuracy": 2,
            "e": "H",
            "Lambda": 0,
            "S": 0,
            "parity": "g",
            "v": 70
          }
        },
        "count": 1
      }
    ],
    "type_tags": ["Electronic", "Vibrational"],
    "reversible": false
  },
  "threshold": -29.3943,
  "data": [
    [29.3943, 0],
    [6, 0.00000107857],
    [8, 0.00000124717],
    [10, 0.00000144207],
    [11, 0.0000015501],
    [12, 0.00000166555],
    [13, 0.00000366393],
    [14, 0.0000203032],
    [15, 0.0000435788],
    [16, 0.0000648464],
    [17, 0.0000721261],
    [18, 0.0000709828],
    [19, 0.000067051],
    [20, 0.0000632303],
    [22, 0.0000583508],
    [25, 0.0000574146],
    [30, 0.0000624868],
    [40, 0.0000579952],
    [50, 0.0000532982],
    [60, 0.0000534965],
    [70, 0.0000551705],
    [80, 0.0000551489],
    [100, 0.0000485207],
    [120, 0.0000459269],
    [140, 0.0000427325],
    [160, 0.0000394825]
  ]
}