{
  "reaction": {
    "lhs": [
      { "state": { "particle": "e", "charge": -1 }, "count": 1 },
      {
        "state": {
          "particle": "H2",
          "charge": 0,
          "descriptor": { "type": 1, "accuracy": 2, "e": "X", "Lambda": 0, "S": 0, "parity": "g", "v": 5 }
        },
        "count": 1
      }
    ],
    "rhs": [
      { "state": { "particle": "e", "charge": -1 }, "count": 1 },
      {
        "state": {
          "particle": "H2",
          "charge": 0,
          "descriptor": {
            "type": 1,
            "accuracy": 2,
            "e": "B",
            "Lambda": 0,
            "S": 0,
            "parity": "u",
            "v": 21
          }
        },
        "count": 1
      }
    ],
    "type_tags": ["Electronic", "Vibrational"],
    "reversible": false
  },
  "threshold": 11.5004,
  "data": [
    [11.5004, 0],
    [12, 0.00201583],
    [13, 0.00447373],
    [14, 0.00656139],
    [15, 0.00831061],
    [16, 0.00975713],
    [17, 0.0109351],
    [18, 0.0118784],
    [19, 0.012621],
    [20, 0.013197],
    [22, 0.0139847],
    [25, 0.0147666],
    [30, 0.0162667],
    [40, 0.0177864],
    [50, 0.0180459],
    [60, 0.0179351],
    [70, 0.0176417],
    [80, 0.017235],
    [100, 0.0161822],
    [120, 0.0149984],
    [140, 0.01388],
    [160, 0.0128621]
  ]
}