{
  "reaction": {
    "lhs": [
      { "state": { "particle": "e", "charge": -1 }, "count": 1 },
      {
        "state": {
          "particle": "H2",
          "charge": 0,
          "descriptor": { "type": 1, "accuracy": 2, "e": "X", "Lambda": 0, "S": 0, "parity": "g", "v": 5 }
        },
        "count": 1
      }
    ],
    "rhs": [
      { "state": { "particle": "e", "charge": -1 }, "count": 1 },
      {
        "state": {
          "particle": "H2",
          "charge": 0,
          "descriptor": { "type": 1, "accuracy": 2, "e": "a", "Lambda": 0, "S": 1, "parity": "g", "v": 3 }
        },
        "count": 1
      }
    ],
    "type_tags": ["Electronic", "Vibrational"],
    "reversible": false
  },
  "threshold": 10.3884,
  "data": [
    [10.3884, 0],
    [11, 0.0361238],
    [12, 0.0372651],
    [13, 0.0329057],
    [14, 0.0274166],
    [15, 0.0239428],
    [16, 0.0205619],
    [17, 0.0174621],
    [18, 0.0147312],
    [19, 0.0122973],
    [20, 0.0104149],
    [22, 0.00787853],
    [25, 0.00556298],
    [30, 0.00346804],
    [40, 0.00203323],
    [50, 0.00136197],
    [60, 0.000992519],
    [70, 0.000711172],
    [80, 0.000537437],
    [100, 0.000292176],
    [120, 0.000177798],
    [140, 0.000128613],
    [160, 0.0000912314]
  ]
}