{
  "reaction": {
    "lhs": [
      { "state": { "particle": "e", "charge": -1 }, "count": 1 },
      {
        "state": {
          "particle": "H2",
          "charge": 0,
          "descriptor": { "type": 1, "accuracy": 2, "e": "X", "Lambda": 0, "S": 0, "parity": "g", "v": 5 }
        },
        "count": 1
      }
    ],
    "rhs": [
      { "state": { "particle": "e", "charge": -1 }, "count": 1 },
      {
        "state": {
          "particle": "H2",
          "charge": 0,
          "descriptor": {
            "type": 1,
            "accuracy": 2,
            "e": "a",
            "Lambda": 0,
            "S": 1,
            "parity": "g",
            "v": 15
          }
        },
        "count": 1
      }
    ],
    "type_tags": ["Electronic", "Vibrational"],
    "reversible": false
  },
  "threshold": 12.361,
  "data": [
    [12.361, 0],
    [13, 0.0000291334],
    [14, 0.0000615718],
    [15, 0.0000583857],
    [16, 0.0000524816],
    [17, 0.0000465884],
    [18, 0.0000427827],
    [19, 0.0000398957],
    [20, 0.0000371619],
    [22, 0.0000311634],
    [25, 0.0000221371],
    [30, 0.0000103323],
    [40, 0.00000467078],
    [50, 0.00000318808],
    [60, 0.00000284114],
    [70, 0.00000202398],
    [80, 0.00000118213],
    [100, 6.47711e-7],
    [120, 5.19771e-7],
    [140, 3.78078e-7],
    [160, 2.71818e-7]
  ]
}