{
  "reaction": {
    "lhs": [
      { "state": { "particle": "e", "charge": -1 }, "count": 1 },
      {
        "state": {
          "particle": "H2",
          "charge": 0,
          "descriptor": { "type": 1, "accuracy": 2, "e": "X", "Lambda": 0, "S": 0, "parity": "g", "v": 5 }
        },
        "count": 1
      }
    ],
    "rhs": [
      { "state": { "particle": "e", "charge": -1 }, "count": 1 },
      {
        "state": {
          "particle": "H2",
          "charge": 0,
          "descriptor": { "type": 1, "accuracy": 2, "e": "h", "Lambda": 0, "S": 1, "parity": "g", "v": 3 }
        },
        "count": 1
      }
    ],
    "type_tags": ["Electronic", "Vibrational"],
    "reversible": false
  },
  "threshold": 12.2501,
  "data": [
    [12.2501, 0],
    [13, 0.00207318],
    [14, 0.00261803],
    [15, 0.00275732],
    [16, 0.00264355],
    [17, 0.00245824],
    [18, 0.00231772],
    [19, 0.00218151],
    [20, 0.00204836],
    [22, 0.00177338],
    [25, 0.00134984],
    [30, 0.000774149],
    [40, 0.000390591],
    [50, 0.000225136],
    [60, 0.000149035],
    [70, 0.000109773],
    [80, 0.0000967555],
    [100, 0.0000574064],
    [120, 0.0000335531],
    [140, 0.0000238939],
    [160, 0.0000165732]
  ]
}