{
  "reaction": {
    "lhs": [
      { "state": { "particle": "e", "charge": -1 }, "count": 1 },
      {
        "state": {
          "particle": "H2",
          "charge": 0,
          "descriptor": { "type": 1, "accuracy": 2, "e": "X", "Lambda": 0, "S": 0, "parity": "g", "v": 5 }
        },
        "count": 1
      }
    ],
    "rhs": [
      { "state": { "particle": "e", "charge": -1 }, "count": 1 },
      {
        "state": {
          "particle": "H2",
          "charge": 0,
          "descriptor": { "type": 1, "accuracy": 2, "e": "D", "Lambda": 1, "S": 0, "parity": "u", "v": 5 }
        },
        "count": 1
      }
    ],
    "type_tags": ["Electronic", "Vibrational"],
    "reversible": false
  },
  "threshold": 12.9304,
  "data": [
    [12.9304, 0],
    [13, 0.000893152],
    [14, 0.00395868],
    [15, 0.00618266],
    [16, 0.00747372],
    [17, 0.00847519],
    [18, 0.00964048],
    [19, 0.0110184],
    [20, 0.0124516],
    [22, 0.0149294],
    [25, 0.0174278],
    [30, 0.0203624],
    [40, 0.0245915],
    [50, 0.0273076],
    [60, 0.0291781],
    [70, 0.0297827],
    [80, 0.0294403],
    [100, 0.0282904],
    [120, 0.0267037],
    [140, 0.0251495],
    [160, 0.0237609]
  ]
}