{
  "reaction": {
    "lhs": [
      { "state": { "particle": "e", "charge": -1 }, "count": 1 },
      {
        "state": {
          "particle": "H2",
          "charge": 0,
          "descriptor": { "type": 1, "accuracy": 2, "e": "X", "Lambda": 0, "S": 0, "parity": "g", "v": 5 }
        },
        "count": 1
      }
    ],
    "rhs": [
      { "state": { "particle": "e", "charge": -1 }, "count": 1 },
      {
        "state": {
          "particle": "H2",
          "charge": 0,
          "descriptor": {
            "type": 1,
            "accuracy": 2,
            "e": "H",
            "Lambda": 0,
            "S": 0,
            "parity": "g",
            "v": 17
          }
        },
        "count": 1
      }
    ],
    "type_tags": ["Electronic", "Vibrational"],
    "reversible": false
  },
  "threshold": 13.3087,
  "data": [
    [13.3087, 0],
    [14, 9.17509e-11],
    [15, 1.42588e-10],
    [16, 1.59401e-10],
    [17, 1.54805e-10],
    [18, 1.48216e-10],
    [19, 1.46632e-10],
    [20, 1.47352e-10],
    [22, 1.46901e-10],
    [25, 1.46644e-10],
    [30, 1.45899e-10],
    [40, 1.2653e-10],
    [50, 1.20214e-10],
    [60, 1.27131e-10],
    [70, 1.32876e-10],
    [80, 1.27951e-10],
    [100, 1.12045e-10],
    [120, 9.72583e-11],
    [140, 8.68265e-11],
    [160, 7.94499e-11]
  ]
}