{
  "reaction": {
    "lhs": [
      { "state": { "particle": "e", "charge": -1 }, "count": 1 },
      {
        "state": {
          "particle": "H2",
          "charge": 0,
          "descriptor": { "type": 1, "accuracy": 2, "e": "X", "Lambda": 0, "S": 0, "parity": "g", "v": 5 }
        },
        "count": 1
      }
    ],
    "rhs": [
      { "state": { "particle": "e", "charge": -1 }, "count": 1 },
      {
        "state": {
          "particle": "H2",
          "charge": 0,
          "descriptor": {
            "type": 1,
            "accuracy": 2,
            "e": "H",
            "Lambda": 0,
            "S": 0,
            "parity": "g",
            "v": 58
          }
        },
        "count": 1
      }
    ],
    "type_tags": ["Electronic", "Vibrational"],
    "reversible": false
  },
  "threshold": 14.2561,
  "data": [
    [14.2561, 0],
    [15, 0.0000697407],
    [16, 0.000112284],
    [17, 0.000130837],
    [18, 0.000133153],
    [19, 0.000128645],
    [20, 0.000123053],
    [22, 0.000114973],
    [25, 0.000112285],
    [30, 0.000118156],
    [40, 0.000108702],
    [50, 0.000101971],
    [60, 0.00010415],
    [70, 0.000107566],
    [80, 0.000106072],
    [100, 0.000093578],
    [120, 0.0000866913],
    [140, 0.0000798368],
    [160, 0.0000734693]
  ]
}