{
  "reaction": {
    "lhs": [
      { "state": { "particle": "e", "charge": -1 }, "count": 1 },
      {
        "state": {
          "particle": "H2",
          "charge": 0,
          "descriptor": { "type": 1, "accuracy": 2, "e": "X", "Lambda": 0, "S": 0, "parity": "g", "v": 5 }
        },
        "count": 1
      }
    ],
    "rhs": [
      { "state": { "particle": "e", "charge": -1 }, "count": 1 },
      {
        "state": {
          "particle": "H2",
          "charge": 0,
          "descriptor": {
            "type": 1,
            "accuracy": 2,
            "e": "d",
            "Lambda": 1,
            "S": 1,
            "parity": "u",
            "v": 19
          }
        },
        "count": 1
      }
    ],
    "type_tags": ["Electronic", "Vibrational"],
    "reversible": false
  },
  "threshold": 14.2732,
  "data": [
    [14.2732, 0],
    [15, 0.0000164978],
    [16, 0.0000219089],
    [17, 0.0000227064],
    [18, 0.0000225269],
    [19, 0.0000220467],
    [20, 0.000021353],
    [22, 0.0000194874],
    [25, 0.0000159344],
    [30, 0.0000104394],
    [40, 0.00000531697],
    [50, 0.00000298717],
    [60, 0.00000197964],
    [70, 0.00000156717],
    [80, 0.00000147323],
    [100, 9.10463e-7],
    [120, 3.98115e-7],
    [140, 2.8558e-7],
    [160, 1.99568e-7]
  ]
}