{
  "reaction": {
    "lhs": [
      { "state": { "particle": "e", "charge": -1 }, "count": 1 },
      {
        "state": {
          "particle": "H2",
          "charge": 0,
          "descriptor": { "type": 1, "accuracy": 2, "e": "X", "Lambda": 0, "S": 0, "parity": "g", "v": 5 }
        },
        "count": 1
      }
    ],
    "rhs": [
      { "state": { "particle": "e", "charge": -1 }, "count": 1 },
      {
        "state": {
          "particle": "H2",
          "charge": 0,
          "descriptor": { "type": 1, "accuracy": 2, "e": "i", "Lambda": 1, "S": 1, "parity": "g", "v": 0 }
        },
        "count": 1
      }
    ],
    "type_tags": ["Electronic", "Vibrational"],
    "reversible": false
  },
  "threshold": 11.5854,
  "data": [
    [11.5854, 0],
    [12, 0.00117294],
    [13, 0.0011276],
    [14, 0.00104876],
    [15, 0.000976812],
    [16, 0.00079688],
    [17, 0.000622444],
    [18, 0.000541297],
    [19, 0.000502558],
    [20, 0.00047256],
    [22, 0.000405503],
    [25, 0.000326552],
    [30, 0.000235166],
    [40, 0.000172528],
    [50, 0.000106995],
    [60, 0.0000533172],
    [70, 0.0000312272],
    [80, 0.0000228858],
    [100, 0.0000090686],
    [120, 0.0000044414],
    [140, 0.00000315667],
    [160, 0.00000216862]
  ]
}