{
  "reaction": {
    "lhs": [
      { "state": { "particle": "e", "charge": -1 }, "count": 1 },
      {
        "state": {
          "particle": "H2",
          "charge": 0,
          "descriptor": { "type": 1, "accuracy": 2, "e": "X", "Lambda": 0, "S": 0, "parity": "g", "v": 5 }
        },
        "count": 1
      }
    ],
    "rhs": [
      { "state": { "particle": "e", "charge": -1 }, "count": 1 },
      {
        "state": {
          "particle": "H2",
          "charge": 0,
          "descriptor": {
            "type": 1,
            "accuracy": 2,
            "e": "B",
            "Lambda": 0,
            "S": 0,
            "parity": "u",
            "v": 36
          }
        },
        "count": 1
      }
    ],
    "type_tags": ["Electronic", "Vibrational"],
    "reversible": false
  },
  "threshold": 12.383,
  "data": [
    [12.383, 0],
    [13, 0.0000162193],
    [14, 0.0000338923],
    [15, 0.000049103],
    [16, 0.0000621221],
    [17, 0.0000731872],
    [18, 0.0000825264],
    [19, 0.0000903698],
    [20, 0.0000969474],
    [22, 0.000107224],
    [25, 0.00011889],
    [30, 0.000137415],
    [40, 0.000161489],
    [50, 0.000171475],
    [60, 0.000174721],
    [70, 0.000173666],
    [80, 0.000170426],
    [100, 0.000162471],
    [120, 0.000153823],
    [140, 0.00014505],
    [160, 0.000136338]
  ]
}