{
  "reaction": {
    "lhs": [
      { "state": { "particle": "e", "charge": -1 }, "count": 1 },
      {
        "state": {
          "particle": "H2",
          "charge": 0,
          "descriptor": { "type": 1, "accuracy": 2, "e": "X", "Lambda": 0, "S": 0, "parity": "g", "v": 5 }
        },
        "count": 1
      }
    ],
    "rhs": [
      { "state": { "particle": "e", "charge": -1 }, "count": 1 },
      {
        "state": {
          "particle": "H2",
          "charge": 0,
          "descriptor": { "type": 1, "accuracy": 2, "e": "C", "Lambda": 1, "S": 0, "parity": "u", "v": 0 }
        },
        "count": 1
      }
    ],
    "type_tags": ["Electronic", "Vibrational"],
    "reversible": false
  },
  "threshold": 9.99665,
  "data": [
    [9.99665, 0],
    [10, 0.000139455],
    [11, 0.00189071],
    [12, 0.00337995],
    [13, 0.00436182],
    [14, 0.0050582],
    [15, 0.00569616],
    [16, 0.00636293],
    [17, 0.00704632],
    [18, 0.00771025],
    [19, 0.00832958],
    [20, 0.00888586],
    [22, 0.00977417],
    [25, 0.0106391],
    [30, 0.0115976],
    [40, 0.0132241],
    [50, 0.0140707],
    [60, 0.0143849],
    [70, 0.014339],
    [80, 0.0140306],
    [100, 0.0131952],
    [120, 0.0122544],
    [140, 0.0113923],
    [160, 0.0106425]
  ]
}