{
  "reaction": {
    "lhs": [
      { "state": { "particle": "e", "charge": -1 }, "count": 1 },
      {
        "state": {
          "particle": "H2",
          "charge": 0,
          "descriptor": { "type": 1, "accuracy": 2, "e": "X", "Lambda": 0, "S": 0, "parity": "g", "v": 5 }
        },
        "count": 1
      }
    ],
    "rhs": [
      { "state": { "particle": "e", "charge": -1 }, "count": 1 },
      {
        "state": {
          "particle": "H2",
          "charge": 0,
          "descriptor": { "type": 1, "accuracy": 2, "e": "j", "Lambda": 2, "S": 1, "parity": "g", "v": 1 }
        },
        "count": 1
      }
    ],
    "type_tags": ["Electronic", "Vibrational"],
    "reversible": false
  },
  "threshold": 11.9191,
  "data": [
    [11.9191, 0],
    [12, 0.00134031],
    [13, 0.00728556],
    [14, 0.00743264],
    [15, 0.00904422],
    [16, 0.00732367],
    [17, 0.00494598],
    [18, 0.00399501],
    [19, 0.00353392],
    [20, 0.00320762],
    [22, 0.00258042],
    [25, 0.00200824],
    [30, 0.00145665],
    [40, 0.000844394],
    [50, 0.000495506],
    [60, 0.000277812],
    [70, 0.000155892],
    [80, 0.000102846],
    [100, 0.0000498713],
    [120, 0.0000382554],
    [140, 0.0000271916],
    [160, 0.0000188333]
  ]
}