{
  "reaction": {
    "lhs": [
      { "state": { "particle": "e", "charge": -1 }, "count": 1 },
      {
        "state": {
          "particle": "H2",
          "charge": 0,
          "descriptor": { "type": 1, "accuracy": 2, "e": "X", "Lambda": 0, "S": 0, "parity": "g", "v": 5 }
        },
        "count": 1
      }
    ],
    "rhs": [
      { "state": { "particle": "e", "charge": -1 }, "count": 1 },
      {
        "state": {
          "particle": "H2",
          "charge": 0,
          "descriptor": {
            "type": 1,
            "accuracy": 2,
            "e": "C",
            "Lambda": 1,
            "S": 0,
            "parity": "u",
            "v": 11
          }
        },
        "count": 1
      }
    ],
    "type_tags": ["Electronic", "Vibrational"],
    "reversible": false
  },
  "threshold": 12.2327,
  "data": [
    [12.2327, 0],
    [13, 0.00301723],
    [14, 0.00529421],
    [15, 0.00718637],
    [16, 0.00891209],
    [17, 0.0105953],
    [18, 0.0122585],
    [19, 0.0138805],
    [20, 0.0154266],
    [22, 0.0181813],
    [25, 0.0214226],
    [30, 0.025229],
    [40, 0.0295544],
    [50, 0.0318211],
    [60, 0.0330465],
    [70, 0.0332635],
    [80, 0.0327994],
    [100, 0.0313343],
    [120, 0.0295329],
    [140, 0.0278206],
    [160, 0.026286]
  ]
}