{
  "reaction": {
    "lhs": [
      { "state": { "particle": "e", "charge": -1 }, "count": 1 },
      {
        "state": {
          "particle": "H2",
          "charge": 0,
          "descriptor": { "type": 1, "accuracy": 2, "e": "X", "Lambda": 0, "S": 0, "parity": "g", "v": 5 }
        },
        "count": 1
      }
    ],
    "rhs": [
      { "state": { "particle": "e", "charge": -1 }, "count": 1 },
      {
        "state": {
          "particle": "H2",
          "charge": 0,
          "descriptor": {
            "type": 1,
            "accuracy": 2,
            "e": "g",
            "Lambda": 0,
            "S": 1,
            "parity": "g",
            "v": 11
          }
        },
        "count": 1
      }
    ],
    "type_tags": ["Electronic", "Vibrational"],
    "reversible": false
  },
  "threshold": 13.8837,
  "data": [
    [13.8837, 0],
    [14, 0.00050381],
    [15, 0.000591089],
    [16, 0.000588537],
    [17, 0.000571433],
    [18, 0.000524871],
    [19, 0.000457345],
    [20, 0.000389788],
    [22, 0.000296805],
    [25, 0.000233718],
    [30, 0.00017553],
    [40, 0.0000989913],
    [50, 0.0000672094],
    [60, 0.0000510677],
    [70, 0.0000345587],
    [80, 0.0000231121],
    [100, 0.0000119348],
    [120, 0.00000826412],
    [140, 0.00000590393],
    [160, 0.00000411707]
  ]
}