{
  "reaction": {
    "lhs": [
      { "state": { "particle": "e", "charge": -1 }, "count": 1 },
      {
        "state": {
          "particle": "H2",
          "charge": 0,
          "descriptor": { "type": 1, "accuracy": 2, "e": "X", "Lambda": 0, "S": 0, "parity": "g", "v": 5 }
        },
        "count": 1
      }
    ],
    "rhs": [
      { "state": { "particle": "e", "charge": -1 }, "count": 1 },
      {
        "state": {
          "particle": "H2",
          "charge": 0,
          "descriptor": {
            "type": 1,
            "accuracy": 2,
            "e": "GK",
            "Lambda": 0,
            "S": 0,
            "parity": "g",
            "v": 2
          }
        },
        "count": 1
      }
    ],
    "type_tags": ["Electronic", "Vibrational"],
    "reversible": false
  },
  "threshold": 11.7234,
  "data": [
    [11.7234, 0],
    [12, 0.00359585],
    [13, 0.00985983],
    [14, 0.0117727],
    [15, 0.0160214],
    [16, 0.0178249],
    [17, 0.0177795],
    [18, 0.0189178],
    [19, 0.0192927],
    [20, 0.0198063],
    [22, 0.0200332],
    [25, 0.0173524],
    [30, 0.0165371],
    [40, 0.0140901],
    [50, 0.0124942],
    [60, 0.0135101],
    [70, 0.0155282],
    [80, 0.0180202],
    [100, 0.0159385],
    [120, 0.0134913],
    [140, 0.0113319],
    [160, 0.00958487]
  ]
}