{
  "reaction": {
    "lhs": [
      { "state": { "particle": "e", "charge": -1 }, "count": 1 },
      {
        "state": {
          "particle": "H2",
          "charge": 0,
          "descriptor": { "type": 1, "accuracy": 2, "e": "X", "Lambda": 0, "S": 0, "parity": "g", "v": 5 }
        },
        "count": 1
      }
    ],
    "rhs": [
      { "state": { "particle": "e", "charge": -1 }, "count": 1 },
      {
        "state": {
          "particle": "H2",
          "charge": 0,
          "descriptor": {
            "type": 1,
            "accuracy": 2,
            "e": "H",
            "Lambda": 0,
            "S": 0,
            "parity": "g",
            "v": 31
          }
        },
        "count": 1
      }
    ],
    "type_tags": ["Electronic", "Vibrational"],
    "reversible": false
  },
  "threshold": 13.6421,
  "data": [
    [13.6421, 0],
    [14, 0.0000234154],
    [15, 0.0000423872],
    [16, 0.0000636745],
    [17, 0.0000742341],
    [18, 0.0000737725],
    [19, 0.0000680536],
    [20, 0.0000625671],
    [22, 0.0000596243],
    [25, 0.0000588783],
    [30, 0.0000568986],
    [40, 0.0000512315],
    [50, 0.0000498092],
    [60, 0.0000507714],
    [70, 0.00004943],
    [80, 0.000043846],
    [100, 0.0000389505],
    [120, 0.0000339179],
    [140, 0.0000309269],
    [160, 0.0000289633]
  ]
}