{
  "reaction": {
    "lhs": [
      { "state": { "particle": "e", "charge": -1 }, "count": 1 },
      {
        "state": {
          "particle": "H2",
          "charge": 0,
          "descriptor": { "type": 1, "accuracy": 2, "e": "X", "Lambda": 0, "S": 0, "parity": "g", "v": 5 }
        },
        "count": 1
      }
    ],
    "rhs": [
      { "state": { "particle": "e", "charge": -1 }, "count": 1 },
      {
        "state": {
          "particle": "H2",
          "charge": 0,
          "descriptor": { "type": 1, "accuracy": 2, "e": "a", "Lambda": 0, "S": 1, "parity": "g", "v": 6 }
        },
        "count": 1
      }
    ],
    "type_tags": ["Electronic", "Vibrational"],
    "reversible": false
  },
  "threshold": 11.1325,
  "data": [
    [11.1325, 0],
    [12, 0.00598536],
    [13, 0.00691358],
    [14, 0.00621044],
    [15, 0.00550939],
    [16, 0.00471632],
    [17, 0.00395263],
    [18, 0.00327592],
    [19, 0.00266416],
    [20, 0.00220199],
    [22, 0.00163099],
    [25, 0.00119203],
    [30, 0.000854366],
    [40, 0.000397339],
    [50, 0.000238309],
    [60, 0.000184898],
    [70, 0.000139327],
    [80, 0.0001158],
    [100, 0.0000699672],
    [120, 0.0000436148],
    [140, 0.0000315987],
    [160, 0.0000225133]
  ]
}