{
  "reaction": {
    "lhs": [
      { "state": { "particle": "e", "charge": -1 }, "count": 1 },
      {
        "state": {
          "particle": "H2",
          "charge": 0,
          "descriptor": { "type": 1, "accuracy": 2, "e": "X", "Lambda": 0, "S": 0, "parity": "g", "v": 5 }
        },
        "count": 1
      }
    ],
    "rhs": [
      { "state": { "particle": "e", "charge": -1 }, "count": 1 },
      {
        "state": {
          "particle": "H2",
          "charge": 0,
          "descriptor": {
            "type": 1,
            "accuracy": 2,
            "e": "H",
            "Lambda": 0,
            "S": 0,
            "parity": "g",
            "v": 12
          }
        },
        "count": 1
      }
    ],
    "type_tags": ["Electronic", "Vibrational"],
    "reversible": false
  },
  "threshold": 13.1558,
  "data": [
    [13.1558, 0],
    [14, 1.2171e-11],
    [15, 1.76332e-11],
    [16, 1.90468e-11],
    [17, 1.82839e-11],
    [18, 1.73953e-11],
    [19, 1.72321e-11],
    [20, 1.73013e-11],
    [22, 1.72471e-11],
    [25, 1.7216e-11],
    [30, 1.71133e-11],
    [40, 1.51136e-11],
    [50, 1.50816e-11],
    [60, 1.66594e-11],
    [70, 1.76761e-11],
    [80, 1.68508e-11],
    [100, 1.49932e-11],
    [120, 1.29465e-11],
    [140, 1.15797e-11],
    [160, 1.06638e-11]
  ]
}