{
  "reaction": {
    "lhs": [
      { "state": { "particle": "e", "charge": -1 }, "count": 1 },
      {
        "state": {
          "particle": "H2",
          "charge": 0,
          "descriptor": { "type": 1, "accuracy": 2, "e": "X", "Lambda": 0, "S": 0, "parity": "g", "v": 5 }
        },
        "count": 1
      }
    ],
    "rhs": [
      { "state": { "particle": "e", "charge": -1 }, "count": 1 },
      {
        "state": {
          "particle": "H2",
          "charge": 0,
          "descriptor": {
            "type": 1,
            "accuracy": 2,
            "e": "H",
            "Lambda": 0,
            "S": 0,
            "parity": "g",
            "v": 62
          }
        },
        "count": 1
      }
    ],
    "type_tags": ["Electronic", "Vibrational"],
    "reversible": false
  },
  "threshold": 14.274,
  "data": [
    [14.274, 0],
    [15, 0.0000579969],
    [16, 0.0000942367],
    [17, 0.000109533],
    [18, 0.000110881],
    [19, 0.000106556],
    [20, 0.00010147],
    [22, 0.0000942268],
    [25, 0.0000920974],
    [30, 0.0000981773],
    [40, 0.0000906282],
    [50, 0.0000844001],
    [60, 0.0000857473],
    [70, 0.0000885834],
    [80, 0.0000877975],
    [100, 0.0000773597],
    [120, 0.0000722065],
    [140, 0.0000667104],
    [160, 0.0000614554]
  ]
}