{
  "reaction": {
    "lhs": [
      { "state": { "particle": "e", "charge": -1 }, "count": 1 },
      {
        "state": {
          "particle": "H2",
          "charge": 0,
          "descriptor": { "type": 1, "accuracy": 2, "e": "X", "Lambda": 0, "S": 0, "parity": "g", "v": 5 }
        },
        "count": 1
      }
    ],
    "rhs": [
      { "state": { "particle": "e", "charge": -1 }, "count": 1 },
      {
        "state": {
          "particle": "H2",
          "charge": 0,
          "descriptor": {
            "type": 1,
            "accuracy": 2,
            "e": "D",
            "Lambda": 1,
            "S": 0,
            "parity": "u",
            "v": 15
          }
        },
        "count": 1
      }
    ],
    "type_tags": ["Electronic", "Vibrational"],
    "reversible": false
  },
  "threshold": 14.2273,
  "data": [
    [14.2273, 0],
    [15, 0.000250208],
    [16, 0.000364484],
    [17, 0.000428118],
    [18, 0.000481555],
    [19, 0.000545566],
    [20, 0.000619031],
    [22, 0.000763657],
    [25, 0.000945746],
    [30, 0.00117465],
    [40, 0.00149372],
    [50, 0.00167819],
    [60, 0.00178613],
    [70, 0.00182924],
    [80, 0.00183037],
    [100, 0.00178297],
    [120, 0.00170032],
    [140, 0.00161671],
    [160, 0.00153955]
  ]
}