{
  "reaction": {
    "lhs": [
      { "state": { "particle": "e", "charge": -1 }, "count": 1 },
      {
        "state": {
          "particle": "H2",
          "charge": 0,
          "descriptor": {
            "type": 1,
            "accuracy": 2,
            "e": "X",
            "Lambda": 0,
            "S": 0,
            "parity": "g",
            "v": 12
          }
        },
        "count": 1
      }
    ],
    "rhs": [
      { "state": { "particle": "e", "charge": -1 }, "count": 1 },
      {
        "state": {
          "particle": "H2",
          "charge": 0,
          "descriptor": {
            "type": 1,
            "accuracy": 2,
            "e": "J",
            "Lambda": 2,
            "S": 0,
            "parity": "g",
            "v": 15
          }
        },
        "count": 1
      }
    ],
    "type_tags": ["Electronic", "Vibrational"],
    "reversible": false
  },
  "threshold": 12.1893,
  "data": [
    [12.1893, 0],
    [13, 0.0000538043],
    [14, 0.0000924964],
    [15, 0.0000894382],
    [16, 0.0000672996],
    [17, 0.0000944776],
    [18, 0.0000946997],
    [19, 0.0000884753],
    [20, 0.0000891073],
    [22, 0.0000999183],
    [25, 0.0000962339],
    [30, 0.0000976885],
    [40, 0.0000752116],
    [50, 0.0000601043],
    [60, 0.0000530588],
    [70, 0.0000487895],
    [80, 0.0000447871],
    [100, 0.0000382238],
    [120, 0.0000320603],
    [140, 0.0000274161],
    [160, 0.0000238685]
  ]
}