{
  "reaction": {
    "lhs": [
      { "state": { "particle": "e", "charge": -1 }, "count": 1 },
      {
        "state": {
          "particle": "H2",
          "charge": 0,
          "descriptor": {
            "type": 1,
            "accuracy": 2,
            "e": "X",
            "Lambda": 0,
            "S": 0,
            "parity": "g",
            "v": 12
          }
        },
        "count": 1
      }
    ],
    "rhs": [
      { "state": { "particle": "e", "charge": -1 }, "count": 1 },
      {
        "state": {
          "particle": "H2",
          "charge": 0,
          "descriptor": { "type": 1, "accuracy": 2, "e": "j", "Lambda": 2, "S": 1, "parity": "g", "v": 0 }
        },
        "count": 1
      }
    ],
    "type_tags": ["Electronic", "Vibrational"],
    "reversible": false
  },
  "threshold": 9.69628,
  "data": [
    [9.69628, 0],
    [10, 5.32153e-8],
    [11, 1.93797e-7],
    [12, 2.68393e-8],
    [13, 6.99777e-7],
    [14, 6.40279e-7],
    [15, 5.95574e-8],
    [16, 4.43478e-8],
    [17, 4.21742e-8],
    [18, 4.94088e-8],
    [19, 6.28443e-8],
    [20, 7.00789e-8],
    [22, 6.29229e-8],
    [25, 3.56749e-8],
    [30, 1.27088e-9],
    [40, 3.30322e-9],
    [50, 2.0935e-9],
    [60, 6.15198e-10],
    [70, 3.18289e-10],
    [80, 2.53862e-10],
    [100, 9.77207e-11],
    [120, 1.18539e-11],
    [140, 8.40284e-12],
    [160, 5.72211e-12]
  ]
}