{
  "reaction": {
    "lhs": [
      { "state": { "particle": "e", "charge": -1 }, "count": 1 },
      {
        "state": {
          "particle": "H2",
          "charge": 0,
          "descriptor": {
            "type": 1,
            "accuracy": 2,
            "e": "X",
            "Lambda": 0,
            "S": 0,
            "parity": "g",
            "v": 12
          }
        },
        "count": 1
      }
    ],
    "rhs": [
      { "state": { "particle": "e", "charge": -1 }, "count": 1 },
      {
        "state": {
          "particle": "H2",
          "charge": 0,
          "descriptor": {
            "type": 1,
            "accuracy": 2,
            "e": "H",
            "Lambda": 0,
            "S": 0,
            "parity": "g",
            "v": 67
          }
        },
        "count": 1
      }
    ],
    "type_tags": ["Electronic", "Vibrational"],
    "reversible": false
  },
  "threshold": -27.4351,
  "data": [
    [27.4351, 0],
    [6, 0.00000542323],
    [8, 0.00000633393],
    [10, 0.00000739501],
    [11, 0.00000798615],
    [12, 0.00000861994],
    [13, 0.0000375792],
    [14, 0.0000626079],
    [15, 0.0000714466],
    [16, 0.0000704929],
    [17, 0.0000680927],
    [18, 0.0000672092],
    [19, 0.0000664152],
    [20, 0.0000651274],
    [22, 0.0000624856],
    [25, 0.0000615804],
    [30, 0.0000629592],
    [40, 0.0000520403],
    [50, 0.000045444],
    [60, 0.0000456267],
    [70, 0.0000456728],
    [80, 0.0000413261],
    [100, 0.0000340252],
    [120, 0.000028051],
    [140, 0.0000244133],
    [160, 0.0000217111]
  ]
}