{
  "reaction": {
    "lhs": [
      { "state": { "particle": "e", "charge": -1 }, "count": 1 },
      {
        "state": {
          "particle": "H2",
          "charge": 0,
          "descriptor": {
            "type": 1,
            "accuracy": 2,
            "e": "X",
            "Lambda": 0,
            "S": 0,
            "parity": "g",
            "v": 12
          }
        },
        "count": 1
      }
    ],
    "rhs": [
      { "state": { "particle": "e", "charge": -1 }, "count": 1 },
      {
        "state": {
          "particle": "H2",
          "charge": 0,
          "descriptor": {
            "type": 1,
            "accuracy": 2,
            "e": "H",
            "Lambda": 0,
            "S": 0,
            "parity": "g",
            "v": 63
          }
        },
        "count": 1
      }
    ],
    "type_tags": ["Electronic", "Vibrational"],
    "reversible": false
  },
  "threshold": 12.3163,
  "data": [
    [12.3163, 0],
    [13, 0.0000518156],
    [14, 0.0000894257],
    [15, 0.000105436],
    [16, 0.000106072],
    [17, 0.000104638],
    [18, 0.000105682],
    [19, 0.00010683],
    [20, 0.000106985],
    [22, 0.000107324],
    [25, 0.000106336],
    [30, 0.000100206],
    [40, 0.0000816955],
    [50, 0.0000719629],
    [60, 0.0000697109],
    [70, 0.0000677692],
    [80, 0.0000615613],
    [100, 0.0000501465],
    [120, 0.0000413385],
    [140, 0.0000358015],
    [160, 0.0000318388]
  ]
}