{
  "reaction": {
    "lhs": [
      { "state": { "particle": "e", "charge": -1 }, "count": 1 },
      {
        "state": {
          "particle": "H2",
          "charge": 0,
          "descriptor": {
            "type": 1,
            "accuracy": 2,
            "e": "X",
            "Lambda": 0,
            "S": 0,
            "parity": "g",
            "v": 12
          }
        },
        "count": 1
      }
    ],
    "rhs": [
      { "state": { "particle": "e", "charge": -1 }, "count": 1 },
      {
        "state": {
          "particle": "H2",
          "charge": 0,
          "descriptor": {
            "type": 1,
            "accuracy": 2,
            "e": "B",
            "Lambda": 0,
            "S": 0,
            "parity": "u",
            "v": 24
          }
        },
        "count": 1
      }
    ],
    "type_tags": ["Electronic", "Vibrational"],
    "reversible": false
  },
  "threshold": 9.79024,
  "data": [
    [9.79024, 0],
    [10, 0.00163862],
    [11, 0.00478105],
    [12, 0.00732707],
    [13, 0.0093098],
    [14, 0.0109646],
    [15, 0.0123823],
    [16, 0.0135783],
    [17, 0.014574],
    [18, 0.0153912],
    [19, 0.0160515],
    [20, 0.0165762],
    [22, 0.017306],
    [25, 0.0179256],
    [30, 0.01866],
    [40, 0.0193623],
    [50, 0.0190661],
    [60, 0.018577],
    [70, 0.0181058],
    [80, 0.0175884],
    [100, 0.0162994],
    [120, 0.0148836],
    [140, 0.013593],
    [160, 0.0124658]
  ]
}