{
  "reaction": {
    "lhs": [
      { "state": { "particle": "e", "charge": -1 }, "count": 1 },
      {
        "state": {
          "particle": "H2",
          "charge": 0,
          "descriptor": {
            "type": 1,
            "accuracy": 2,
            "e": "X",
            "Lambda": 0,
            "S": 0,
            "parity": "g",
            "v": 12
          }
        },
        "count": 1
      }
    ],
    "rhs": [
      { "state": { "particle": "e", "charge": -1 }, "count": 1 },
      {
        "state": {
          "particle": "H2",
          "charge": 0,
          "descriptor": { "type": 1, "accuracy": 2, "e": "D", "Lambda": 1, "S": 0, "parity": "u", "v": 2 }
        },
        "count": 1
      }
    ],
    "type_tags": ["Electronic", "Vibrational"],
    "reversible": false
  },
  "threshold": 10.2833,
  "data": [
    [10.2833, 0],
    [11, 0.00000552502],
    [12, 0.00000491082],
    [13, 0.00000258833],
    [14, 8.05309e-7],
    [15, 5.50975e-8],
    [16, 1.93807e-8],
    [17, 6.11903e-9],
    [18, 4.17295e-9],
    [19, 1.27576e-7],
    [20, 1.96168e-7],
    [22, 1.95087e-7],
    [25, 6.88027e-8],
    [30, 5.17742e-10],
    [40, 3.49337e-9],
    [50, 7.92195e-9],
    [60, 1.40491e-10],
    [70, 1.82955e-10],
    [80, 1.32848e-9],
    [100, 1.39126e-9],
    [120, 1.39126e-9],
    [140, 1.39126e-9],
    [160, 1.39126e-9]
  ]
}