{
  "reaction": {
    "lhs": [
      { "state": { "particle": "e", "charge": -1 }, "count": 1 },
      {
        "state": {
          "particle": "H2",
          "charge": 0,
          "descriptor": {
            "type": 1,
            "accuracy": 2,
            "e": "X",
            "Lambda": 0,
            "S": 0,
            "parity": "g",
            "v": 12
          }
        },
        "count": 1
      }
    ],
    "rhs": [
      { "state": { "particle": "e", "charge": -1 }, "count": 1 },
      {
        "state": {
          "particle": "H2",
          "charge": 0,
          "descriptor": {
            "type": 1,
            "accuracy": 2,
            "e": "c",
            "Lambda": 1,
            "S": 1,
            "parity": "u",
            "v": 11
          }
        },
        "count": 1
      }
    ],
    "type_tags": ["Electronic", "Vibrational"],
    "reversible": false
  },
  "threshold": 9.91496,
  "data": [
    [9.91496, 0],
    [10, 0.00317178],
    [11, 0.037743],
    [12, 0.0355962],
    [13, 0.0309202],
    [14, 0.0249232],
    [15, 0.0225992],
    [16, 0.0197064],
    [17, 0.017104],
    [18, 0.0155558],
    [19, 0.0145358],
    [20, 0.0136161],
    [22, 0.0116019],
    [25, 0.00873625],
    [30, 0.00499526],
    [40, 0.00247982],
    [50, 0.00161903],
    [60, 0.00129234],
    [70, 0.00085097],
    [80, 0.000534336],
    [100, 0.000238721],
    [120, 0.00015515],
    [140, 0.000111171],
    [160, 0.0000776236]
  ]
}