{
  "reaction": {
    "lhs": [
      { "state": { "particle": "e", "charge": -1 }, "count": 1 },
      {
        "state": {
          "particle": "H2",
          "charge": 0,
          "descriptor": {
            "type": 1,
            "accuracy": 2,
            "e": "X",
            "Lambda": 0,
            "S": 0,
            "parity": "g",
            "v": 12
          }
        },
        "count": 1
      }
    ],
    "rhs": [
      { "state": { "particle": "e", "charge": -1 }, "count": 1 },
      {
        "state": {
          "particle": "H2",
          "charge": 0,
          "descriptor": { "type": 1, "accuracy": 2, "e": "a", "Lambda": 0, "S": 1, "parity": "g", "v": 8 }
        },
        "count": 1
      }
    ],
    "type_tags": ["Electronic", "Vibrational"],
    "reversible": false
  },
  "threshold": 9.58989,
  "data": [
    [9.58989, 0],
    [10, 0.0273471],
    [11, 0.0779518],
    [12, 0.0621249],
    [13, 0.0512429],
    [14, 0.0421266],
    [15, 0.0366426],
    [16, 0.0307185],
    [17, 0.0253292],
    [18, 0.0212003],
    [19, 0.0178421],
    [20, 0.0152953],
    [22, 0.0117946],
    [25, 0.00874504],
    [30, 0.00619316],
    [40, 0.00439905],
    [50, 0.00324254],
    [60, 0.00218435],
    [70, 0.00148694],
    [80, 0.00102217],
    [100, 0.000499054],
    [120, 0.000314915],
    [140, 0.000244091],
    [160, 0.000189916]
  ]
}