{
  "reaction": {
    "lhs": [
      { "state": { "particle": "e", "charge": -1 }, "count": 1 },
      {
        "state": {
          "particle": "H2",
          "charge": 0,
          "descriptor": {
            "type": 1,
            "accuracy": 2,
            "e": "X",
            "Lambda": 0,
            "S": 0,
            "parity": "g",
            "v": 12
          }
        },
        "count": 1
      }
    ],
    "rhs": [
      { "state": { "particle": "e", "charge": -1 }, "count": 1 },
      {
        "state": {
          "particle": "H2",
          "charge": 0,
          "descriptor": {
            "type": 1,
            "accuracy": 2,
            "e": "H",
            "Lambda": 0,
            "S": 0,
            "parity": "g",
            "v": 59
          }
        },
        "count": 1
      }
    ],
    "type_tags": ["Electronic", "Vibrational"],
    "reversible": false
  },
  "threshold": 12.3034,
  "data": [
    [12.3034, 0],
    [13, 0.0000702949],
    [14, 0.000117808],
    [15, 0.000138444],
    [16, 0.000140648],
    [17, 0.000141447],
    [18, 0.00014622],
    [19, 0.00015151],
    [20, 0.000155226],
    [22, 0.0001621],
    [25, 0.000161463],
    [30, 0.000141993],
    [40, 0.000114636],
    [50, 0.000102589],
    [60, 0.0000967461],
    [70, 0.0000913581],
    [80, 0.0000827219],
    [100, 0.0000667959],
    [120, 0.0000550511],
    [140, 0.0000473971],
    [160, 0.0000422273]
  ]
}