{
  "reaction": {
    "lhs": [
      { "state": { "particle": "e", "charge": -1 }, "count": 1 },
      {
        "state": {
          "particle": "H2",
          "charge": 0,
          "descriptor": {
            "type": 1,
            "accuracy": 2,
            "e": "X",
            "Lambda": 0,
            "S": 0,
            "parity": "g",
            "v": 12
          }
        },
        "count": 1
      }
    ],
    "rhs": [
      { "state": { "particle": "e", "charge": -1 }, "count": 1 },
      {
        "state": {
          "particle": "H2",
          "charge": 0,
          "descriptor": { "type": 1, "accuracy": 2, "e": "g", "Lambda": 0, "S": 1, "parity": "g", "v": 2 }
        },
        "count": 1
      }
    ],
    "type_tags": ["Electronic", "Vibrational"],
    "reversible": false
  },
  "threshold": 10.1943,
  "data": [
    [10.1943, 0],
    [11, 0.0000066352],
    [12, 0.00000175218],
    [13, 4.50725e-7],
    [14, 0.00000152567],
    [15, 0.00000317825],
    [16, 0.00000332978],
    [17, 0.00000335153],
    [18, 0.00000284361],
    [19, 0.0000018396],
    [20, 0.00000111912],
    [22, 5.99323e-7],
    [25, 1.83655e-7],
    [30, 4.52985e-8],
    [40, 2.80784e-7],
    [50, 1.48929e-7],
    [60, 1.00779e-8],
    [70, 2.03355e-9],
    [80, 7.44145e-10],
    [100, 1.51169e-10],
    [120, 4.02549e-11],
    [140, 3.95689e-11],
    [160, 3.90347e-11]
  ]
}