{
  "reaction": {
    "lhs": [
      { "state": { "particle": "e", "charge": -1 }, "count": 1 },
      {
        "state": {
          "particle": "H2",
          "charge": 0,
          "descriptor": {
            "type": 1,
            "accuracy": 2,
            "e": "X",
            "Lambda": 0,
            "S": 0,
            "parity": "g",
            "v": 12
          }
        },
        "count": 1
      }
    ],
    "rhs": [
      { "state": { "particle": "e", "charge": -1 }, "count": 1 },
      {
        "state": {
          "particle": "H2",
          "charge": 0,
          "descriptor": {
            "type": 1,
            "accuracy": 2,
            "e": "J",
            "Lambda": 2,
            "S": 0,
            "parity": "g",
            "v": 17
          }
        },
        "count": 1
      }
    ],
    "type_tags": ["Electronic", "Vibrational"],
    "reversible": false
  },
  "threshold": 12.2947,
  "data": [
    [12.2947, 0],
    [13, 0.00000346454],
    [14, 0.00000761846],
    [15, 0.00000697831],
    [16, 0.00000414244],
    [17, 0.00000702173],
    [18, 0.00000784806],
    [19, 0.00000691472],
    [20, 0.00000622606],
    [22, 0.00000721192],
    [25, 0.00000659453],
    [30, 0.00000698211],
    [40, 0.0000053084],
    [50, 0.00000408796],
    [60, 0.00000365236],
    [70, 0.00000345922],
    [80, 0.00000320863],
    [100, 0.00000280733],
    [120, 0.00000235176],
    [140, 0.00000201287],
    [160, 0.00000175268]
  ]
}