{
  "reaction": {
    "lhs": [
      { "state": { "particle": "e", "charge": -1 }, "count": 1 },
      {
        "state": {
          "particle": "H2",
          "charge": 0,
          "descriptor": {
            "type": 1,
            "accuracy": 2,
            "e": "X",
            "Lambda": 0,
            "S": 0,
            "parity": "g",
            "v": 12
          }
        },
        "count": 1
      }
    ],
    "rhs": [
      { "state": { "particle": "e", "charge": -1 }, "count": 1 },
      {
        "state": {
          "particle": "H2",
          "charge": 0,
          "descriptor": { "type": 1, "accuracy": 2, "e": "B", "Lambda": 0, "S": 0, "parity": "u", "v": 7 }
        },
        "count": 1
      }
    ],
    "type_tags": ["Electronic", "Vibrational"],
    "reversible": false
  },
  "threshold": 7.98573,
  "data": [
    [7.98573, 0],
    [8, 0.0126757],
    [10, 0.11826],
    [11, 0.146537],
    [12, 0.164731],
    [13, 0.177633],
    [14, 0.187905],
    [15, 0.196207],
    [16, 0.202714],
    [17, 0.207626],
    [18, 0.211137],
    [19, 0.213447],
    [20, 0.214758],
    [22, 0.215171],
    [25, 0.212983],
    [30, 0.210807],
    [40, 0.20616],
    [50, 0.199956],
    [60, 0.192325],
    [70, 0.183721],
    [80, 0.174458],
    [100, 0.157506],
    [120, 0.142935],
    [140, 0.130197],
    [160, 0.119065]
  ]
}