{
  "reaction": {
    "lhs": [
      { "state": { "particle": "e", "charge": -1 }, "count": 1 },
      {
        "state": {
          "particle": "H2",
          "charge": 0,
          "descriptor": {
            "type": 1,
            "accuracy": 2,
            "e": "X",
            "Lambda": 0,
            "S": 0,
            "parity": "g",
            "v": 12
          }
        },
        "count": 1
      }
    ],
    "rhs": [
      { "state": { "particle": "e", "charge": -1 }, "count": 1 },
      {
        "state": {
          "particle": "H2",
          "charge": 0,
          "descriptor": { "type": 1, "accuracy": 2, "e": "j", "Lambda": 2, "S": 1, "parity": "g", "v": 5 }
        },
        "count": 1
      }
    ],
    "type_tags": ["Electronic", "Vibrational"],
    "reversible": false
  },
  "threshold": 10.9064,
  "data": [
    [10.9064, 0],
    [11, 0.0000401284],
    [12, 0.0000817024],
    [13, 0.0000758158],
    [14, 0.0000119112],
    [15, 0.00000696872],
    [16, 0.0000245823],
    [17, 0.0000421959],
    [18, 0.0000390373],
    [19, 0.000032457],
    [20, 0.0000267984],
    [22, 0.0000195365],
    [25, 0.0000102743],
    [30, 0.00000312497],
    [40, 0.00000527237],
    [50, 0.00000348121],
    [60, 0.00000147381],
    [70, 0.00000122934],
    [80, 0.00000118465],
    [100, 5.75892e-7],
    [120, 5.68731e-11],
    [140, 8.07124e-11],
    [160, 1.46621e-10]
  ]
}