{
  "reaction": {
    "lhs": [
      { "state": { "particle": "e", "charge": -1 }, "count": 1 },
      {
        "state": {
          "particle": "H2",
          "charge": 0,
          "descriptor": {
            "type": 1,
            "accuracy": 2,
            "e": "X",
            "Lambda": 0,
            "S": 0,
            "parity": "g",
            "v": 12
          }
        },
        "count": 1
      }
    ],
    "rhs": [
      { "state": { "particle": "e", "charge": -1 }, "count": 1 },
      {
        "state": {
          "particle": "H2",
          "charge": 0,
          "descriptor": {
            "type": 1,
            "accuracy": 2,
            "e": "H",
            "Lambda": 0,
            "S": 0,
            "parity": "g",
            "v": 45
          }
        },
        "count": 1
      }
    ],
    "type_tags": ["Electronic", "Vibrational"],
    "reversible": false
  },
  "threshold": 12.0555,
  "data": [
    [12.0555, 0],
    [13, 0.0000477778],
    [14, 0.0000702872],
    [15, 0.0000807024],
    [16, 0.0000813518],
    [17, 0.0000837261],
    [18, 0.000090154],
    [19, 0.000101163],
    [20, 0.000113567],
    [22, 0.000128655],
    [25, 0.000131559],
    [30, 0.000112847],
    [40, 0.0000926183],
    [50, 0.0000842076],
    [60, 0.0000771417],
    [70, 0.000069752],
    [80, 0.0000614024],
    [100, 0.0000494433],
    [120, 0.0000408561],
    [140, 0.0000345401],
    [160, 0.000030833]
  ]
}