{
  "reaction": {
    "lhs": [
      { "state": { "particle": "e", "charge": -1 }, "count": 1 },
      {
        "state": {
          "particle": "H2",
          "charge": 0,
          "descriptor": {
            "type": 1,
            "accuracy": 2,
            "e": "X",
            "Lambda": 0,
            "S": 0,
            "parity": "g",
            "v": 12
          }
        },
        "count": 1
      }
    ],
    "rhs": [
      { "state": { "particle": "e", "charge": -1 }, "count": 1 },
      {
        "state": {
          "particle": "H2",
          "charge": 0,
          "descriptor": { "type": 1, "accuracy": 2, "e": "g", "Lambda": 0, "S": 1, "parity": "g", "v": 5 }
        },
        "count": 1
      }
    ],
    "type_tags": ["Electronic", "Vibrational"],
    "reversible": false
  },
  "threshold": 10.9077,
  "data": [
    [10.9077, 0],
    [11, 0.0000622649],
    [12, 0.000138116],
    [13, 0.000113784],
    [14, 0.0000204546],
    [15, 0.00000831046],
    [16, 0.0000150954],
    [17, 0.0000263199],
    [18, 0.0000370747],
    [19, 0.0000477458],
    [20, 0.0000525811],
    [22, 0.00004879],
    [25, 0.000033787],
    [30, 0.0000100749],
    [40, 0.00000343809],
    [50, 0.00000555435],
    [60, 0.00000767061],
    [70, 0.00000649996],
    [80, 0.0000047191],
    [100, 0.000002249],
    [120, 8.58623e-7],
    [140, 6.0863e-7],
    [160, 4.16197e-7]
  ]
}