{
  "reaction": {
    "lhs": [
      { "state": { "particle": "e", "charge": -1 }, "count": 1 },
      {
        "state": {
          "particle": "H2",
          "charge": 0,
          "descriptor": {
            "type": 1,
            "accuracy": 2,
            "e": "X",
            "Lambda": 0,
            "S": 0,
            "parity": "g",
            "v": 12
          }
        },
        "count": 1
      }
    ],
    "rhs": [
      { "state": { "particle": "e", "charge": -1 }, "count": 1 },
      {
        "state": {
          "particle": "H2",
          "charge": 0,
          "descriptor": {
            "type": 1,
            "accuracy": 2,
            "e": "EF",
            "Lambda": 0,
            "S": 0,
            "parity": "g",
            "v": 25
          }
        },
        "count": 1
      }
    ],
    "type_tags": ["Electronic", "Vibrational"],
    "reversible": false
  },
  "threshold": 10.0852,
  "data": [
    [10.0852, 0],
    [11, 0.0000689082],
    [12, 0.000117988],
    [13, 0.000169908],
    [14, 0.000247161],
    [15, 0.000217856],
    [16, 0.00021894],
    [17, 0.000216913],
    [18, 0.000196669],
    [19, 0.000180091],
    [20, 0.000190306],
    [22, 0.000186426],
    [25, 0.00016832],
    [30, 0.000163713],
    [40, 0.000122482],
    [50, 0.0000933366],
    [60, 0.0000772678],
    [70, 0.0000628634],
    [80, 0.0000535187],
    [100, 0.0000400101],
    [120, 0.0000297843],
    [140, 0.0000239186],
    [160, 0.0000191497]
  ]
}