{
  "reaction": {
    "lhs": [
      { "state": { "particle": "e", "charge": -1 }, "count": 1 },
      {
        "state": {
          "particle": "H2",
          "charge": 0,
          "descriptor": {
            "type": 1,
            "accuracy": 2,
            "e": "X",
            "Lambda": 0,
            "S": 0,
            "parity": "g",
            "v": 12
          }
        },
        "count": 1
      }
    ],
    "rhs": [
      { "state": { "particle": "e", "charge": -1 }, "count": 1 },
      {
        "state": {
          "particle": "H2",
          "charge": 0,
          "descriptor": {
            "type": 1,
            "accuracy": 2,
            "e": "g",
            "Lambda": 0,
            "S": 1,
            "parity": "g",
            "v": 18
          }
        },
        "count": 1
      }
    ],
    "type_tags": ["Electronic", "Vibrational"],
    "reversible": false
  },
  "threshold": 12.3148,
  "data": [
    [12.3148, 0],
    [13, 0.00000814364],
    [14, 0.00000705728],
    [15, 0.0000109578],
    [16, 0.0000100347],
    [17, 0.00000838917],
    [18, 0.00000667137],
    [19, 0.00000484649],
    [20, 0.00000357245],
    [22, 0.00000234167],
    [25, 0.00000144037],
    [30, 9.40042e-7],
    [40, 5.12458e-7],
    [50, 3.88335e-7],
    [60, 3.12415e-7],
    [70, 1.66607e-7],
    [80, 7.54278e-8],
    [100, 8.45968e-8],
    [120, 9.37658e-8],
    [140, 9.168e-8],
    [160, 8.59135e-8]
  ]
}