{
  "reaction": {
    "lhs": [
      { "state": { "particle": "e", "charge": -1 }, "count": 1 },
      {
        "state": {
          "particle": "H2",
          "charge": 0,
          "descriptor": {
            "type": 1,
            "accuracy": 2,
            "e": "X",
            "Lambda": 0,
            "S": 0,
            "parity": "g",
            "v": 12
          }
        },
        "count": 1
      }
    ],
    "rhs": [
      { "state": { "particle": "e", "charge": -1 }, "count": 1 },
      {
        "state": {
          "particle": "H2",
          "charge": 0,
          "descriptor": {
            "type": 1,
            "accuracy": 2,
            "e": "j",
            "Lambda": 2,
            "S": 1,
            "parity": "g",
            "v": 13
          }
        },
        "count": 1
      }
    ],
    "type_tags": ["Electronic", "Vibrational"],
    "reversible": false
  },
  "threshold": 12.107,
  "data": [
    [12.107, 0],
    [13, 0.000540076],
    [14, 0.000571286],
    [15, 0.000553892],
    [16, 0.000466684],
    [17, 0.000353782],
    [18, 0.000288054],
    [19, 0.000266543],
    [20, 0.000244366],
    [22, 0.000182988],
    [25, 0.000131126],
    [30, 0.0000949852],
    [40, 0.0000726314],
    [50, 0.0000524257],
    [60, 0.0000293268],
    [70, 0.0000168101],
    [80, 0.0000097868],
    [100, 0.00000451237],
    [120, 0.00000340424],
    [140, 0.00000241973],
    [160, 0.00000167377]
  ]
}