{
  "reaction": {
    "lhs": [
      { "state": { "particle": "e", "charge": -1 }, "count": 1 },
      {
        "state": {
          "particle": "H2",
          "charge": 0,
          "descriptor": {
            "type": 1,
            "accuracy": 2,
            "e": "X",
            "Lambda": 0,
            "S": 0,
            "parity": "g",
            "v": 12
          }
        },
        "count": 1
      }
    ],
    "rhs": [
      { "state": { "particle": "e", "charge": -1 }, "count": 1 },
      {
        "state": {
          "particle": "H2",
          "charge": 0,
          "descriptor": {
            "type": 1,
            "accuracy": 2,
            "e": "B",
            "Lambda": 0,
            "S": 0,
            "parity": "u",
            "v": 23
          }
        },
        "count": 1
      }
    ],
    "type_tags": ["Electronic", "Vibrational"],
    "reversible": false
  },
  "threshold": 9.7103,
  "data": [
    [9.7103, 0],
    [10, 0.00262041],
    [11, 0.00674989],
    [12, 0.0100359],
    [13, 0.0125794],
    [14, 0.0146887],
    [15, 0.0164825],
    [16, 0.017982],
    [17, 0.0192165],
    [18, 0.0202159],
    [19, 0.0210098],
    [20, 0.0216275],
    [22, 0.0224534],
    [25, 0.0231137],
    [30, 0.0239617],
    [40, 0.0247678],
    [50, 0.024384],
    [60, 0.0237323],
    [70, 0.0230989],
    [80, 0.0224023],
    [100, 0.0207235],
    [120, 0.0189197],
    [140, 0.01728],
    [160, 0.015847]
  ]
}