{
  "reaction": {
    "lhs": [
      { "state": { "particle": "e", "charge": -1 }, "count": 1 },
      {
        "state": {
          "particle": "H2",
          "charge": 0,
          "descriptor": {
            "type": 1,
            "accuracy": 2,
            "e": "X",
            "Lambda": 0,
            "S": 0,
            "parity": "g",
            "v": 12
          }
        },
        "count": 1
      }
    ],
    "rhs": [
      { "state": { "particle": "e", "charge": -1 }, "count": 1 },
      {
        "state": {
          "particle": "H2",
          "charge": 0,
          "descriptor": { "type": 1, "accuracy": 2, "e": "d", "Lambda": 1, "S": 1, "parity": "u", "v": 9 }
        },
        "count": 1
      }
    ],
    "type_tags": ["Electronic", "Vibrational"],
    "reversible": false
  },
  "threshold": 11.5768,
  "data": [
    [11.5768, 0],
    [12, 0.000393659],
    [13, 0.000304609],
    [14, 0.000420009],
    [15, 0.000292017],
    [16, 0.000323972],
    [17, 0.000355927],
    [18, 0.000302616],
    [19, 0.000201774],
    [20, 0.000142037],
    [22, 0.000126354],
    [25, 0.000113907],
    [30, 0.000109874],
    [40, 0.000125962],
    [50, 0.0000801469],
    [60, 0.0000215719],
    [70, 0.00000724319],
    [80, 0.00000432805],
    [100, 0.00000123434],
    [120, 7.18015e-7],
    [140, 5.12796e-7],
    [160, 3.54606e-7]
  ]
}