{
  "reaction": {
    "lhs": [
      { "state": { "particle": "e", "charge": -1 }, "count": 1 },
      {
        "state": {
          "particle": "H2",
          "charge": 0,
          "descriptor": {
            "type": 1,
            "accuracy": 2,
            "e": "X",
            "Lambda": 0,
            "S": 0,
            "parity": "g",
            "v": 12
          }
        },
        "count": 1
      }
    ],
    "rhs": [
      { "state": { "particle": "e", "charge": -1 }, "count": 1 },
      {
        "state": {
          "particle": "H2",
          "charge": 0,
          "descriptor": {
            "type": 1,
            "accuracy": 2,
            "e": "GK",
            "Lambda": 0,
            "S": 0,
            "parity": "g",
            "v": 2
          }
        },
        "count": 1
      }
    ],
    "type_tags": ["Electronic", "Vibrational"],
    "reversible": false
  },
  "threshold": 9.76416,
  "data": [
    [9.76416, 0],
    [10, 7.74668e-7],
    [11, 0.00000586885],
    [12, 0.000106402],
    [13, 0.000123237],
    [14, 0.00000849712],
    [15, 0.0000085122],
    [16, 0.0000111891],
    [17, 0.00000498633],
    [18, 0.00000305666],
    [19, 0.00000139752],
    [20, 0.00000115372],
    [22, 0.0000137555],
    [25, 0.0000430615],
    [30, 0.000124794],
    [40, 0.000278371],
    [50, 0.000435179],
    [60, 0.000525532],
    [70, 0.000585046],
    [80, 0.000618496],
    [100, 0.000551706],
    [120, 0.000486442],
    [140, 0.00046807],
    [160, 0.000372918]
  ]
}