{
  "reaction": {
    "lhs": [
      { "state": { "particle": "e", "charge": -1 }, "count": 1 },
      {
        "state": {
          "particle": "H2",
          "charge": 0,
          "descriptor": {
            "type": 1,
            "accuracy": 2,
            "e": "X",
            "Lambda": 0,
            "S": 0,
            "parity": "g",
            "v": 12
          }
        },
        "count": 1
      }
    ],
    "rhs": [
      { "state": { "particle": "e", "charge": -1 }, "count": 1 },
      {
        "state": {
          "particle": "H2",
          "charge": 0,
          "descriptor": {
            "type": 1,
            "accuracy": 2,
            "e": "H",
            "Lambda": 0,
            "S": 0,
            "parity": "g",
            "v": 44
          }
        },
        "count": 1
      }
    ],
    "type_tags": ["Electronic", "Vibrational"],
    "reversible": false
  },
  "threshold": 12.0283,
  "data": [
    [12.0283, 0],
    [13, 0.0000374534],
    [14, 0.0000547838],
    [15, 0.0000632775],
    [16, 0.0000637906],
    [17, 0.0000655555],
    [18, 0.0000703907],
    [19, 0.0000792406],
    [20, 0.0000893542],
    [22, 0.000100171],
    [25, 0.000102622],
    [30, 0.000091747],
    [40, 0.0000758087],
    [50, 0.0000678211],
    [60, 0.0000624079],
    [70, 0.0000571037],
    [80, 0.000050572],
    [100, 0.0000408965],
    [120, 0.0000338698],
    [140, 0.0000286571],
    [160, 0.0000255125]
  ]
}