{
  "reaction": {
    "lhs": [
      { "state": { "particle": "e", "charge": -1 }, "count": 1 },
      {
        "state": {
          "particle": "H2",
          "charge": 0,
          "descriptor": {
            "type": 1,
            "accuracy": 2,
            "e": "X",
            "Lambda": 0,
            "S": 0,
            "parity": "g",
            "v": 12
          }
        },
        "count": 1
      }
    ],
    "rhs": [
      { "state": { "particle": "e", "charge": -1 }, "count": 1 },
      {
        "state": {
          "particle": "H2",
          "charge": 0,
          "descriptor": {
            "type": 1,
            "accuracy": 2,
            "e": "H",
            "Lambda": 0,
            "S": 0,
            "parity": "g",
            "v": 39
          }
        },
        "count": 1
      }
    ],
    "type_tags": ["Electronic", "Vibrational"],
    "reversible": false
  },
  "threshold": 11.8922,
  "data": [
    [11.8922, 0],
    [12, 0.00000267013],
    [13, 0.00000222851],
    [14, 0.00000163491],
    [15, 0.00000129048],
    [16, 8.98555e-7],
    [17, 6.68431e-7],
    [18, 5.44636e-7],
    [19, 6.28004e-7],
    [20, 7.5772e-7],
    [22, 3.75474e-7],
    [25, 6.9056e-7],
    [30, 0.00000273011],
    [40, 0.00000259122],
    [50, 0.0000016909],
    [60, 0.00000169733],
    [70, 0.00000223236],
    [80, 0.00000283356],
    [100, 0.0000026191],
    [120, 0.00000238276],
    [140, 0.00000213381],
    [160, 0.00000177358]
  ]
}