{
  "reaction": {
    "lhs": [
      { "state": { "particle": "e", "charge": -1 }, "count": 1 },
      {
        "state": {
          "particle": "H2",
          "charge": 0,
          "descriptor": {
            "type": 1,
            "accuracy": 2,
            "e": "X",
            "Lambda": 0,
            "S": 0,
            "parity": "g",
            "v": 12
          }
        },
        "count": 1
      }
    ],
    "rhs": [
      { "state": { "particle": "e", "charge": -1 }, "count": 1 },
      {
        "state": {
          "particle": "H2",
          "charge": 0,
          "descriptor": {
            "type": 1,
            "accuracy": 2,
            "e": "B",
            "Lambda": 0,
            "S": 0,
            "parity": "u",
            "v": 30
          }
        },
        "count": 1
      }
    ],
    "type_tags": ["Electronic", "Vibrational"],
    "reversible": false
  },
  "threshold": 10.2026,
  "data": [
    [10.2026, 0],
    [11, 0.000178032],
    [12, 0.000299554],
    [13, 0.000390846],
    [14, 0.000462458],
    [15, 0.00051808],
    [16, 0.000559549],
    [17, 0.000588639],
    [18, 0.000607142],
    [19, 0.000616849],
    [20, 0.000619546],
    [22, 0.000611073],
    [25, 0.000590508],
    [30, 0.000599414],
    [40, 0.000614291],
    [50, 0.000615218],
    [60, 0.000598031],
    [70, 0.000577488],
    [80, 0.000553407],
    [100, 0.000507251],
    [120, 0.000466395],
    [140, 0.000429629],
    [160, 0.000396515]
  ]
}