{
  "reaction": {
    "lhs": [
      { "state": { "particle": "e", "charge": -1 }, "count": 1 },
      {
        "state": {
          "particle": "H2",
          "charge": 0,
          "descriptor": {
            "type": 1,
            "accuracy": 2,
            "e": "X",
            "Lambda": 0,
            "S": 0,
            "parity": "g",
            "v": 12
          }
        },
        "count": 1
      }
    ],
    "rhs": [
      { "state": { "particle": "e", "charge": -1 }, "count": 1 },
      {
        "state": {
          "particle": "H2",
          "charge": 0,
          "descriptor": {
            "type": 1,
            "accuracy": 2,
            "e": "H",
            "Lambda": 0,
            "S": 0,
            "parity": "g",
            "v": 38
          }
        },
        "count": 1
      }
    ],
    "type_tags": ["Electronic", "Vibrational"],
    "reversible": false
  },
  "threshold": 11.8653,
  "data": [
    [11.8653, 0],
    [12, 0.00000311296],
    [13, 0.00000553282],
    [14, 0.00000471562],
    [15, 0.00000285313],
    [16, 0.00000177698],
    [17, 0.00000134123],
    [18, 0.00000143474],
    [19, 0.00000175533],
    [20, 0.00000251718],
    [22, 0.00000558829],
    [25, 0.00000613767],
    [30, 3.51832e-7],
    [40, 6.41629e-8],
    [50, 0.00000166832],
    [60, 9.90425e-7],
    [70, 1.19236e-8],
    [80, 6.8811e-8],
    [100, 1.35779e-7],
    [120, 1.8257e-7],
    [140, 1.98884e-7],
    [160, 1.34985e-7]
  ]
}