{
  "reaction": {
    "lhs": [
      { "state": { "particle": "e", "charge": -1 }, "count": 1 },
      {
        "state": {
          "particle": "H2",
          "charge": 0,
          "descriptor": {
            "type": 1,
            "accuracy": 2,
            "e": "X",
            "Lambda": 0,
            "S": 0,
            "parity": "g",
            "v": 12
          }
        },
        "count": 1
      }
    ],
    "rhs": [
      { "state": { "particle": "e", "charge": -1 }, "count": 1 },
      {
        "state": {
          "particle": "H2",
          "charge": 0,
          "descriptor": {
            "type": 1,
            "accuracy": 2,
            "e": "H",
            "Lambda": 0,
            "S": 0,
            "parity": "g",
            "v": 56
          }
        },
        "count": 1
      }
    ],
    "type_tags": ["Electronic", "Vibrational"],
    "reversible": false
  },
  "threshold": 12.2783,
  "data": [
    [12.2783, 0],
    [13, 0.0000819311],
    [14, 0.000133697],
    [15, 0.000156157],
    [16, 0.000159095],
    [17, 0.00016186],
    [18, 0.000169956],
    [19, 0.000179491],
    [20, 0.000187364],
    [22, 0.000201313],
    [25, 0.000201464],
    [30, 0.00016968],
    [40, 0.000136409],
    [50, 0.000123866],
    [60, 0.00011506],
    [70, 0.000106397],
    [80, 0.0000956897],
    [100, 0.0000768658],
    [120, 0.0000633354],
    [140, 0.0000542609],
    [160, 0.0000484444]
  ]
}