{
  "reaction": {
    "lhs": [
      { "state": { "particle": "e", "charge": -1 }, "count": 1 },
      {
        "state": {
          "particle": "H2",
          "charge": 0,
          "descriptor": {
            "type": 1,
            "accuracy": 2,
            "e": "X",
            "Lambda": 0,
            "S": 0,
            "parity": "g",
            "v": 12
          }
        },
        "count": 1
      }
    ],
    "rhs": [
      { "state": { "particle": "e", "charge": -1 }, "count": 1 },
      {
        "state": {
          "particle": "H2",
          "charge": 0,
          "descriptor": {
            "type": 1,
            "accuracy": 2,
            "e": "EF",
            "Lambda": 0,
            "S": 0,
            "parity": "g",
            "v": 4
          }
        },
        "count": 1
      }
    ],
    "type_tags": ["Electronic", "Vibrational"],
    "reversible": false
  },
  "threshold": 8.35754,
  "data": [
    [8.35754, 0],
    [10, 0.00669494],
    [11, 0.00758597],
    [12, 0.00731727],
    [13, 0.00701407],
    [14, 0.00721837],
    [15, 0.00718256],
    [16, 0.00704539],
    [17, 0.00625527],
    [18, 0.00551896],
    [19, 0.00518916],
    [20, 0.00497574],
    [22, 0.00471075],
    [25, 0.00431938],
    [30, 0.00367379],
    [40, 0.0025695],
    [50, 0.00205249],
    [60, 0.00169775],
    [70, 0.00141753],
    [80, 0.00120768],
    [100, 0.000931484],
    [120, 0.00076636],
    [140, 0.000668272],
    [160, 0.00058841]
  ]
}