{
  "reaction": {
    "lhs": [
      { "state": { "particle": "e", "charge": -1 }, "count": 1 },
      {
        "state": {
          "particle": "H2",
          "charge": 0,
          "descriptor": {
            "type": 1,
            "accuracy": 2,
            "e": "X",
            "Lambda": 0,
            "S": 0,
            "parity": "g",
            "v": 12
          }
        },
        "count": 1
      }
    ],
    "rhs": [
      { "state": { "particle": "e", "charge": -1 }, "count": 1 },
      {
        "state": {
          "particle": "H2",
          "charge": 0,
          "descriptor": { "type": 1, "accuracy": 2, "e": "c", "Lambda": 1, "S": 1, "parity": "u", "v": 3 }
        },
        "count": 1
      }
    ],
    "type_tags": ["Electronic", "Vibrational"],
    "reversible": false
  },
  "threshold": 8.34346,
  "data": [
    [8.34346, 0],
    [10, 0.00000117149],
    [11, 0.00000554664],
    [12, 4.19043e-7],
    [13, 0.0000123704],
    [14, 1.25761e-7],
    [15, 0.00000142789],
    [16, 7.44811e-7],
    [17, 6.17313e-8],
    [18, 1.85959e-7],
    [19, 4.16668e-7],
    [20, 5.40896e-7],
    [22, 5.19197e-7],
    [25, 4.29329e-7],
    [30, 2.5498e-7],
    [40, 3.86442e-8],
    [50, 7.05556e-9],
    [60, 2.48908e-9],
    [70, 4.25963e-9],
    [80, 6.03018e-9],
    [100, 3.86904e-9],
    [120, 1.47036e-9],
    [140, 1.04927e-9],
    [160, 7.26721e-10]
  ]
}