{
  "reaction": {
    "lhs": [
      { "state": { "particle": "e", "charge": -1 }, "count": 1 },
      {
        "state": {
          "particle": "H2",
          "charge": 0,
          "descriptor": {
            "type": 1,
            "accuracy": 2,
            "e": "X",
            "Lambda": 0,
            "S": 0,
            "parity": "g",
            "v": 12
          }
        },
        "count": 1
      }
    ],
    "rhs": [
      { "state": { "particle": "e", "charge": -1 }, "count": 1 },
      {
        "state": {
          "particle": "H2",
          "charge": 0,
          "descriptor": {
            "type": 1,
            "accuracy": 2,
            "e": "H",
            "Lambda": 0,
            "S": 0,
            "parity": "g",
            "v": 21
          }
        },
        "count": 1
      }
    ],
    "type_tags": ["Electronic", "Vibrational"],
    "reversible": false
  },
  "threshold": 11.456,
  "data": [
    [11.456, 0],
    [12, 5.59728e-10],
    [13, 9.68501e-10],
    [14, 1.18198e-9],
    [15, 1.15898e-9],
    [16, 1.18955e-9],
    [17, 1.3228e-9],
    [18, 1.44915e-9],
    [19, 1.41561e-9],
    [20, 1.24006e-9],
    [22, 8.70868e-10],
    [25, 7.24143e-10],
    [30, 1.00685e-9],
    [40, 5.71526e-10],
    [50, 1.4186e-10],
    [60, 8.00857e-11],
    [70, 1.29835e-10],
    [80, 1.05411e-10],
    [100, 4.38385e-11],
    [120, 2.26184e-11],
    [140, 1.72028e-11],
    [160, 1.71012e-11]
  ]
}