{
  "reaction": {
    "lhs": [
      { "state": { "particle": "e", "charge": -1 }, "count": 1 },
      {
        "state": {
          "particle": "H2",
          "charge": 0,
          "descriptor": {
            "type": 1,
            "accuracy": 2,
            "e": "X",
            "Lambda": 0,
            "S": 0,
            "parity": "g",
            "v": 12
          }
        },
        "count": 1
      }
    ],
    "rhs": [
      { "state": { "particle": "e", "charge": -1 }, "count": 1 },
      {
        "state": {
          "particle": "H2",
          "charge": 0,
          "descriptor": {
            "type": 1,
            "accuracy": 2,
            "e": "a",
            "Lambda": 0,
            "S": 1,
            "parity": "g",
            "v": 14
          }
        },
        "count": 1
      }
    ],
    "type_tags": ["Electronic", "Vibrational"],
    "reversible": false
  },
  "threshold": 10.3684,
  "data": [
    [10.3684, 0],
    [11, 0.00299955],
    [12, 0.00332658],
    [13, 0.00275732],
    [14, 0.00220239],
    [15, 0.00187146],
    [16, 0.00159513],
    [17, 0.00136202],
    [18, 0.00117147],
    [19, 0.00101313],
    [20, 0.000887795],
    [22, 0.000698908],
    [25, 0.000501718],
    [30, 0.00029715],
    [40, 0.000168466],
    [50, 0.000109577],
    [60, 0.0000785149],
    [70, 0.0000564282],
    [80, 0.0000437579],
    [100, 0.0000240784],
    [120, 0.0000145189],
    [140, 0.0000105888],
    [160, 0.0000076007]
  ]
}