{
  "reaction": {
    "lhs": [
      { "state": { "particle": "e", "charge": -1 }, "count": 1 },
      {
        "state": {
          "particle": "H2",
          "charge": 0,
          "descriptor": {
            "type": 1,
            "accuracy": 2,
            "e": "X",
            "Lambda": 0,
            "S": 0,
            "parity": "g",
            "v": 12
          }
        },
        "count": 1
      }
    ],
    "rhs": [
      { "state": { "particle": "e", "charge": -1 }, "count": 1 },
      {
        "state": {
          "particle": "H2",
          "charge": 0,
          "descriptor": { "type": 1, "accuracy": 2, "e": "c", "Lambda": 1, "S": 1, "parity": "u", "v": 6 }
        },
        "count": 1
      }
    ],
    "type_tags": ["Electronic", "Vibrational"],
    "reversible": false
  },
  "threshold": 9.03942,
  "data": [
    [9.03942, 0],
    [10, 0.00791494],
    [11, 0.0129248],
    [12, 0.00971074],
    [13, 0.00576112],
    [14, 0.0055582],
    [15, 0.00521413],
    [16, 0.00450622],
    [17, 0.00382716],
    [18, 0.00328074],
    [19, 0.00276318],
    [20, 0.00235586],
    [22, 0.00180492],
    [25, 0.00127304],
    [30, 0.00075886],
    [40, 0.000403598],
    [50, 0.000280918],
    [60, 0.000230744],
    [70, 0.000156891],
    [80, 0.000100265],
    [100, 0.0000469477],
    [120, 0.000030191],
    [140, 0.0000216686],
    [160, 0.0000151743]
  ]
}