{
  "reaction": {
    "lhs": [
      { "state": { "particle": "e", "charge": -1 }, "count": 1 },
      {
        "state": {
          "particle": "H2",
          "charge": 0,
          "descriptor": {
            "type": 1,
            "accuracy": 2,
            "e": "X",
            "Lambda": 0,
            "S": 0,
            "parity": "g",
            "v": 12
          }
        },
        "count": 1
      }
    ],
    "rhs": [
      { "state": { "particle": "e", "charge": -1 }, "count": 1 },
      {
        "state": {
          "particle": "H2",
          "charge": 0,
          "descriptor": {
            "type": 1,
            "accuracy": 2,
            "e": "D",
            "Lambda": 1,
            "S": 0,
            "parity": "u",
            "v": 15
          }
        },
        "count": 1
      }
    ],
    "type_tags": ["Electronic", "Vibrational"],
    "reversible": false
  },
  "threshold": 12.2681,
  "data": [
    [12.2681, 0],
    [13, 0.000147217],
    [14, 0.000273842],
    [15, 0.000358662],
    [16, 0.000421584],
    [17, 0.000485423],
    [18, 0.000558932],
    [19, 0.000640724],
    [20, 0.000722125],
    [22, 0.000849983],
    [25, 0.00095737],
    [30, 0.00107352],
    [40, 0.00128547],
    [50, 0.00143802],
    [60, 0.00153185],
    [70, 0.00154937],
    [80, 0.00152984],
    [100, 0.00146152],
    [120, 0.0013734],
    [140, 0.00128963],
    [160, 0.00121521]
  ]
}