{
  "reaction": {
    "lhs": [
      { "state": { "particle": "e", "charge": -1 }, "count": 1 },
      {
        "state": {
          "particle": "H2",
          "charge": 0,
          "descriptor": {
            "type": 1,
            "accuracy": 2,
            "e": "X",
            "Lambda": 0,
            "S": 0,
            "parity": "g",
            "v": 12
          }
        },
        "count": 1
      }
    ],
    "rhs": [
      { "state": { "particle": "e", "charge": -1 }, "count": 1 },
      {
        "state": {
          "particle": "H2",
          "charge": 0,
          "descriptor": {
            "type": 1,
            "accuracy": 2,
            "e": "Bp",
            "Lambda": 0,
            "S": 0,
            "parity": "u",
            "v": 4
          }
        },
        "count": 1
      }
    ],
    "type_tags": ["Electronic", "Vibrational"],
    "reversible": false
  },
  "threshold": 10.2423,
  "data": [
    [10.2423, 0],
    [11, 0.00212686],
    [12, 0.00293354],
    [13, 0.00293133],
    [14, 0.00277291],
    [15, 0.00266446],
    [16, 0.00256052],
    [17, 0.00244355],
    [18, 0.00231304],
    [19, 0.00216149],
    [20, 0.00200561],
    [22, 0.00179701],
    [25, 0.00168373],
    [30, 0.00157555],
    [40, 0.00138362],
    [50, 0.00131839],
    [60, 0.00122729],
    [70, 0.00111608],
    [80, 0.00102957],
    [100, 0.000925777],
    [120, 0.000790611],
    [140, 0.000668842],
    [160, 0.000578194]
  ]
}