{
  "reaction": {
    "lhs": [
      { "state": { "particle": "e", "charge": -1 }, "count": 1 },
      {
        "state": {
          "particle": "H2",
          "charge": 0,
          "descriptor": {
            "type": 1,
            "accuracy": 2,
            "e": "X",
            "Lambda": 0,
            "S": 0,
            "parity": "g",
            "v": 12
          }
        },
        "count": 1
      }
    ],
    "rhs": [
      { "state": { "particle": "e", "charge": -1 }, "count": 1 },
      {
        "state": {
          "particle": "H2",
          "charge": 0,
          "descriptor": {
            "type": 1,
            "accuracy": 2,
            "e": "H",
            "Lambda": 0,
            "S": 0,
            "parity": "g",
            "v": 35
          }
        },
        "count": 1
      }
    ],
    "type_tags": ["Electronic", "Vibrational"],
    "reversible": false
  },
  "threshold": 11.7859,
  "data": [
    [11.7859, 0],
    [12, 0.0000215831],
    [13, 0.0000539905],
    [14, 0.0000628788],
    [15, 0.0000574418],
    [16, 0.0000524951],
    [17, 0.0000513108],
    [18, 0.000054534],
    [19, 0.000062262],
    [20, 0.0000742658],
    [22, 0.000100226],
    [25, 0.000103325],
    [30, 0.0000568927],
    [40, 0.0000443381],
    [50, 0.0000505893],
    [60, 0.0000424321],
    [70, 0.0000296604],
    [80, 0.0000205366],
    [100, 0.0000149827],
    [120, 0.0000113122],
    [140, 0.00000906359],
    [160, 0.0000084004]
  ]
}