{
  "reaction": {
    "lhs": [
      { "state": { "particle": "e", "charge": -1 }, "count": 1 },
      {
        "state": {
          "particle": "H2",
          "charge": 0,
          "descriptor": {
            "type": 1,
            "accuracy": 2,
            "e": "X",
            "Lambda": 0,
            "S": 0,
            "parity": "g",
            "v": 12
          }
        },
        "count": 1
      }
    ],
    "rhs": [
      { "state": { "particle": "e", "charge": -1 }, "count": 1 },
      {
        "state": {
          "particle": "H2",
          "charge": 0,
          "descriptor": { "type": 1, "accuracy": 2, "e": "I", "Lambda": 1, "S": 0, "parity": "g", "v": 2 }
        },
        "count": 1
      }
    ],
    "type_tags": ["Electronic", "Vibrational"],
    "reversible": false
  },
  "threshold": 10.1308,
  "data": [
    [10.1308, 0],
    [11, 1.58424e-7],
    [12, 0.0000137696],
    [13, 0.00000148847],
    [14, 0.00000355637],
    [15, 5.87661e-7],
    [16, 8.75205e-7],
    [17, 1.23867e-8],
    [18, 0.00000124778],
    [19, 0.00000491562],
    [20, 8.35599e-9],
    [22, 0.00000102917],
    [25, 0.00000595868],
    [30, 1.01709e-7],
    [40, 1.40262e-8],
    [50, 7.81191e-7],
    [60, 4.31508e-7],
    [70, 7.86224e-8],
    [80, 7.64872e-8],
    [100, 7.97528e-8],
    [120, 6.61692e-8],
    [140, 5.31118e-8],
    [160, 3.81569e-8]
  ]
}