{
  "reaction": {
    "lhs": [
      { "state": { "particle": "e", "charge": -1 }, "count": 1 },
      {
        "state": {
          "particle": "H2",
          "charge": 0,
          "descriptor": {
            "type": 1,
            "accuracy": 2,
            "e": "X",
            "Lambda": 0,
            "S": 0,
            "parity": "g",
            "v": 12
          }
        },
        "count": 1
      }
    ],
    "rhs": [
      { "state": { "particle": "e", "charge": -1 }, "count": 1 },
      {
        "state": {
          "particle": "H2",
          "charge": 0,
          "descriptor": {
            "type": 1,
            "accuracy": 2,
            "e": "c",
            "Lambda": 1,
            "S": 1,
            "parity": "u",
            "v": 10
          }
        },
        "count": 1
      }
    ],
    "type_tags": ["Electronic", "Vibrational"],
    "reversible": false
  },
  "threshold": 9.76944,
  "data": [
    [9.76944, 0],
    [10, 0.00161813],
    [11, 0.00830954],
    [12, 0.0115733],
    [13, 0.0070232],
    [14, 0.0052672],
    [15, 0.00575898],
    [16, 0.00535091],
    [17, 0.0045773],
    [18, 0.00363727],
    [19, 0.00260374],
    [20, 0.00196327],
    [22, 0.00151415],
    [25, 0.00117692],
    [30, 0.00101859],
    [40, 0.000386024],
    [50, 0.000289494],
    [60, 0.000271042],
    [70, 0.000209429],
    [80, 0.000132996],
    [100, 0.000071123],
    [120, 0.000047077],
    [140, 0.000033977],
    [160, 0.0000240479]
  ]
}