{
  "reaction": {
    "lhs": [
      { "state": { "particle": "e", "charge": -1 }, "count": 1 },
      {
        "state": {
          "particle": "H2",
          "charge": 0,
          "descriptor": {
            "type": 1,
            "accuracy": 2,
            "e": "X",
            "Lambda": 0,
            "S": 0,
            "parity": "g",
            "v": 12
          }
        },
        "count": 1
      }
    ],
    "rhs": [
      { "state": { "particle": "e", "charge": -1 }, "count": 1 },
      {
        "state": {
          "particle": "H2",
          "charge": 0,
          "descriptor": {
            "type": 1,
            "accuracy": 2,
            "e": "H",
            "Lambda": 0,
            "S": 0,
            "parity": "g",
            "v": 53
          }
        },
        "count": 1
      }
    ],
    "type_tags": ["Electronic", "Vibrational"],
    "reversible": false
  },
  "threshold": 12.2356,
  "data": [
    [12.2356, 0],
    [13, 0.0000878598],
    [14, 0.000139145],
    [15, 0.000161177],
    [16, 0.0001641],
    [17, 0.000168415],
    [18, 0.000179171],
    [19, 0.000192847],
    [20, 0.000205399],
    [22, 0.000226597],
    [25, 0.000228007],
    [30, 0.000185944],
    [40, 0.000149345],
    [50, 0.000137523],
    [60, 0.000126353],
    [70, 0.00011468],
    [80, 0.000102169],
    [100, 0.0000817723],
    [120, 0.0000673609],
    [140, 0.000057417],
    [160, 0.0000513751]
  ]
}