{
  "reaction": {
    "lhs": [
      { "state": { "particle": "e", "charge": -1 }, "count": 1 },
      {
        "state": {
          "particle": "H2",
          "charge": 0,
          "descriptor": {
            "type": 1,
            "accuracy": 2,
            "e": "X",
            "Lambda": 0,
            "S": 0,
            "parity": "g",
            "v": 12
          }
        },
        "count": 1
      }
    ],
    "rhs": [
      { "state": { "particle": "e", "charge": -1 }, "count": 1 },
      {
        "state": {
          "particle": "H2",
          "charge": 0,
          "descriptor": { "type": 1, "accuracy": 2, "e": "B", "Lambda": 0, "S": 0, "parity": "u", "v": 8 }
        },
        "count": 1
      }
    ],
    "type_tags": ["Electronic", "Vibrational"],
    "reversible": false
  },
  "threshold": 8.12034,
  "data": [
    [8.12034, 0],
    [10, 0.0247881],
    [11, 0.0315513],
    [12, 0.0360243],
    [13, 0.0391878],
    [14, 0.0416639],
    [15, 0.0436117],
    [16, 0.0450899],
    [17, 0.046155],
    [18, 0.0468634],
    [19, 0.0472718],
    [20, 0.0474328],
    [22, 0.0472516],
    [25, 0.0465747],
    [30, 0.0465112],
    [40, 0.0464267],
    [50, 0.0455809],
    [60, 0.0440824],
    [70, 0.0423362],
    [80, 0.0403799],
    [100, 0.0366507],
    [120, 0.0333402],
    [140, 0.0304242],
    [160, 0.0278714]
  ]
}