{
  "reaction": {
    "lhs": [
      { "state": { "particle": "e", "charge": -1 }, "count": 1 },
      {
        "state": {
          "particle": "H2",
          "charge": 0,
          "descriptor": {
            "type": 1,
            "accuracy": 2,
            "e": "X",
            "Lambda": 0,
            "S": 0,
            "parity": "g",
            "v": 12
          }
        },
        "count": 1
      }
    ],
    "rhs": [
      { "state": { "particle": "e", "charge": -1 }, "count": 1 },
      {
        "state": {
          "particle": "H2",
          "charge": 0,
          "descriptor": {
            "type": 1,
            "accuracy": 2,
            "e": "H",
            "Lambda": 0,
            "S": 0,
            "parity": "g",
            "v": 31
          }
        },
        "count": 1
      }
    ],
    "type_tags": ["Electronic", "Vibrational"],
    "reversible": false
  },
  "threshold": 11.6829,
  "data": [
    [11.6829, 0],
    [12, 0.0000856875],
    [13, 0.000191642],
    [14, 0.000234474],
    [15, 0.000232062],
    [16, 0.000225238],
    [17, 0.00022592],
    [18, 0.000236511],
    [19, 0.000261484],
    [20, 0.000294256],
    [22, 0.000337656],
    [25, 0.00034279],
    [30, 0.000277591],
    [40, 0.000222643],
    [50, 0.000203472],
    [60, 0.000179926],
    [70, 0.000150375],
    [80, 0.000118111],
    [100, 0.0000900505],
    [120, 0.0000711972],
    [140, 0.0000591787],
    [160, 0.0000529719]
  ]
}