{
  "reaction": {
    "lhs": [
      { "state": { "particle": "e", "charge": -1 }, "count": 1 },
      {
        "state": {
          "particle": "H2",
          "charge": 0,
          "descriptor": {
            "type": 1,
            "accuracy": 2,
            "e": "X",
            "Lambda": 0,
            "S": 0,
            "parity": "g",
            "v": 12
          }
        },
        "count": 1
      }
    ],
    "rhs": [
      { "state": { "particle": "e", "charge": -1 }, "count": 1 },
      {
        "state": {
          "particle": "H2",
          "charge": 0,
          "descriptor": { "type": 1, "accuracy": 2, "e": "J", "Lambda": 2, "S": 0, "parity": "g", "v": 1 }
        },
        "count": 1
      }
    ],
    "type_tags": ["Electronic", "Vibrational"],
    "reversible": false
  },
  "threshold": 9.96072,
  "data": [
    [9.96072, 0],
    [10, 0.00000108979],
    [11, 0.0000353716],
    [12, 0.0000555292],
    [13, 0.00000510216],
    [14, 0.00000412956],
    [15, 0.00000169573],
    [16, 1.1555e-8],
    [17, 4.15678e-7],
    [18, 6.17336e-7],
    [19, 5.81068e-7],
    [20, 2.39712e-8],
    [22, 4.03312e-7],
    [25, 3.91972e-8],
    [30, 2.66655e-8],
    [40, 4.95264e-9],
    [50, 5.44619e-8],
    [60, 3.50295e-8],
    [70, 8.2657e-9],
    [80, 2.03822e-9],
    [100, 3.79794e-8],
    [120, 1.72657e-9],
    [140, 1.45908e-9],
    [160, 1.83086e-9]
  ]
}