{
  "reaction": {
    "lhs": [
      { "state": { "particle": "e", "charge": -1 }, "count": 1 },
      {
        "state": {
          "particle": "H2",
          "charge": 0,
          "descriptor": {
            "type": 1,
            "accuracy": 2,
            "e": "X",
            "Lambda": 0,
            "S": 0,
            "parity": "g",
            "v": 12
          }
        },
        "count": 1
      }
    ],
    "rhs": [
      { "state": { "particle": "e", "charge": -1 }, "count": 1 },
      {
        "state": {
          "particle": "H2",
          "charge": 0,
          "descriptor": {
            "type": 1,
            "accuracy": 2,
            "e": "H",
            "Lambda": 0,
            "S": 0,
            "parity": "g",
            "v": 33
          }
        },
        "count": 1
      }
    ],
    "type_tags": ["Electronic", "Vibrational"],
    "reversible": false
  },
  "threshold": 11.7341,
  "data": [
    [11.7341, 0],
    [12, 0.0000522947],
    [13, 0.000122935],
    [14, 0.000147971],
    [15, 0.000141961],
    [16, 0.000134153],
    [17, 0.000132799],
    [18, 0.000139734],
    [19, 0.00015725],
    [20, 0.000182543],
    [22, 0.00022568],
    [25, 0.000230839],
    [30, 0.000159765],
    [40, 0.00012743],
    [50, 0.000127106],
    [60, 0.000110158],
    [70, 0.0000860273],
    [80, 0.0000645072],
    [100, 0.000048544],
    [120, 0.0000377748],
    [140, 0.0000309775],
    [160, 0.0000280599]
  ]
}