{
  "reaction": {
    "lhs": [
      { "state": { "particle": "e", "charge": -1 }, "count": 1 },
      {
        "state": {
          "particle": "H2",
          "charge": 0,
          "descriptor": {
            "type": 1,
            "accuracy": 2,
            "e": "X",
            "Lambda": 0,
            "S": 0,
            "parity": "g",
            "v": 12
          }
        },
        "count": 1
      }
    ],
    "rhs": [
      { "state": { "particle": "e", "charge": -1 }, "count": 1 },
      {
        "state": {
          "particle": "H2",
          "charge": 0,
          "descriptor": { "type": 1, "accuracy": 2, "e": "a", "Lambda": 0, "S": 1, "parity": "g", "v": 7 }
        },
        "count": 1
      }
    ],
    "type_tags": ["Electronic", "Vibrational"],
    "reversible": false
  },
  "threshold": 9.38971,
  "data": [
    [9.38971, 0],
    [10, 0.00108453],
    [11, 0.00231642],
    [12, 0.00211927],
    [13, 0.00159207],
    [14, 0.00118487],
    [15, 0.000964886],
    [16, 0.000780458],
    [17, 0.00064042],
    [18, 0.000570295],
    [19, 0.000540106],
    [20, 0.00051315],
    [22, 0.000436759],
    [25, 0.000324974],
    [30, 0.000185884],
    [40, 0.000125057],
    [50, 0.0000756687],
    [60, 0.0000348758],
    [70, 0.0000258991],
    [80, 0.0000240282],
    [100, 0.0000140762],
    [120, 0.00000537866],
    [140, 0.00000415494],
    [160, 0.00000321313]
  ]
}