{
  "reaction": {
    "lhs": [
      { "state": { "particle": "e", "charge": -1 }, "count": 1 },
      {
        "state": {
          "particle": "H2",
          "charge": 0,
          "descriptor": {
            "type": 1,
            "accuracy": 2,
            "e": "X",
            "Lambda": 0,
            "S": 0,
            "parity": "g",
            "v": 12
          }
        },
        "count": 1
      }
    ],
    "rhs": [
      { "state": { "particle": "e", "charge": -1 }, "count": 1 },
      {
        "state": {
          "particle": "H2",
          "charge": 0,
          "descriptor": {
            "type": 1,
            "accuracy": 2,
            "e": "c",
            "Lambda": 1,
            "S": 1,
            "parity": "u",
            "v": 18
          }
        },
        "count": 1
      }
    ],
    "type_tags": ["Electronic", "Vibrational"],
    "reversible": false
  },
  "threshold": 10.4205,
  "data": [
    [10.4205, 0],
    [11, 0.000568848],
    [12, 0.000928878],
    [13, 0.000846222],
    [14, 0.000708833],
    [15, 0.00058879],
    [16, 0.000521619],
    [17, 0.000474014],
    [18, 0.000426475],
    [19, 0.000384139],
    [20, 0.000348674],
    [22, 0.000291724],
    [25, 0.000224394],
    [30, 0.000137009],
    [40, 0.0000143738],
    [50, 0.00000782822],
    [60, 0.00000679117],
    [70, 0.00000523423],
    [80, 0.00000326552],
    [100, 0.00000157641],
    [120, 9.16711e-7],
    [140, 6.58935e-7],
    [160, 4.62089e-7]
  ]
}