{
  "reaction": {
    "lhs": [
      { "state": { "particle": "e", "charge": -1 }, "count": 1 },
      {
        "state": {
          "particle": "H2",
          "charge": 0,
          "descriptor": {
            "type": 1,
            "accuracy": 2,
            "e": "X",
            "Lambda": 0,
            "S": 0,
            "parity": "g",
            "v": 12
          }
        },
        "count": 1
      }
    ],
    "rhs": [
      { "state": { "particle": "e", "charge": -1 }, "count": 1 },
      {
        "state": {
          "particle": "H2",
          "charge": 0,
          "descriptor": { "type": 1, "accuracy": 2, "e": "J", "Lambda": 2, "S": 0, "parity": "g", "v": 6 }
        },
        "count": 1
      }
    ],
    "type_tags": ["Electronic", "Vibrational"],
    "reversible": false
  },
  "threshold": 11.1058,
  "data": [
    [11.1058, 0],
    [12, 3.73517e-7],
    [13, 1.63749e-9],
    [14, 0.000038183],
    [15, 0.00000233761],
    [16, 0.00000914278],
    [17, 0.0000115528],
    [18, 0.000031083],
    [19, 0.00001558],
    [20, 0.0000210579],
    [22, 0.0000186418],
    [25, 0.00000942591],
    [30, 0.00000841941],
    [40, 0.00000491031],
    [50, 0.00000187253],
    [60, 7.36208e-7],
    [70, 3.0453e-7],
    [80, 8.53231e-8],
    [100, 4.11884e-8],
    [120, 6.68255e-8],
    [140, 7.49096e-8],
    [160, 5.96128e-8]
  ]
}