{
  "reaction": {
    "lhs": [
      { "state": { "particle": "e", "charge": -1 }, "count": 1 },
      {
        "state": {
          "particle": "H2",
          "charge": 0,
          "descriptor": {
            "type": 1,
            "accuracy": 2,
            "e": "X",
            "Lambda": 0,
            "S": 0,
            "parity": "g",
            "v": 12
          }
        },
        "count": 1
      }
    ],
    "rhs": [
      { "state": { "particle": "e", "charge": -1 }, "count": 1 },
      {
        "state": {
          "particle": "H2",
          "charge": 0,
          "descriptor": { "type": 1, "accuracy": 2, "e": "h", "Lambda": 0, "S": 1, "parity": "g", "v": 2 }
        },
        "count": 1
      }
    ],
    "type_tags": ["Electronic", "Vibrational"],
    "reversible": false
  },
  "threshold": 10.0756,
  "data": [
    [10.0756, 0],
    [11, 1.87576e-8],
    [12, 0.00000118878],
    [13, 0.00000212061],
    [14, 5.07804e-7],
    [15, 0.000002505],
    [16, 0.0000013845],
    [17, 1.78128e-7],
    [18, 5.72062e-8],
    [19, 1.25757e-8],
    [20, 6.1602e-9],
    [22, 3.34153e-8],
    [25, 1.37194e-7],
    [30, 2.68228e-7],
    [40, 2.29424e-7],
    [50, 1.06232e-7],
    [60, 1.15179e-8],
    [70, 1.81929e-9],
    [80, 2.2056e-10],
    [100, 3.26126e-10],
    [120, 1.18612e-9],
    [140, 1.25095e-9],
    [160, 1.32105e-9]
  ]
}