{
  "reaction": {
    "lhs": [
      { "state": { "particle": "e", "charge": -1 }, "count": 1 },
      {
        "state": {
          "particle": "H2",
          "charge": 0,
          "descriptor": {
            "type": 1,
            "accuracy": 2,
            "e": "X",
            "Lambda": 0,
            "S": 0,
            "parity": "g",
            "v": 12
          }
        },
        "count": 1
      }
    ],
    "rhs": [
      { "state": { "particle": "e", "charge": -1 }, "count": 1 },
      {
        "state": {
          "particle": "H2",
          "charge": 0,
          "descriptor": { "type": 1, "accuracy": 2, "e": "J", "Lambda": 2, "S": 0, "parity": "g", "v": 2 }
        },
        "count": 1
      }
    ],
    "type_tags": ["Electronic", "Vibrational"],
    "reversible": false
  },
  "threshold": 10.2208,
  "data": [
    [10.2208, 0],
    [11, 0.0000440212],
    [12, 0.0000806618],
    [13, 0.0000169013],
    [14, 0.00000380396],
    [15, 9.22126e-7],
    [16, 3.5218e-7],
    [17, 3.10247e-7],
    [18, 2.15862e-7],
    [19, 0.00000156848],
    [20, 1.40219e-8],
    [22, 2.98851e-8],
    [25, 3.27044e-7],
    [30, 7.54315e-10],
    [40, 4.77493e-8],
    [50, 1.57039e-8],
    [60, 7.35687e-9],
    [70, 5.40882e-9],
    [80, 1.76687e-9],
    [100, 1.67659e-8],
    [120, 3.99569e-10],
    [140, 3.50597e-11],
    [160, 8.26347e-11]
  ]
}