{
  "reaction": {
    "lhs": [
      { "state": { "particle": "e", "charge": -1 }, "count": 1 },
      {
        "state": {
          "particle": "H2",
          "charge": 0,
          "descriptor": {
            "type": 1,
            "accuracy": 2,
            "e": "X",
            "Lambda": 0,
            "S": 0,
            "parity": "g",
            "v": 12
          }
        },
        "count": 1
      }
    ],
    "rhs": [
      { "state": { "particle": "e", "charge": -1 }, "count": 1 },
      {
        "state": {
          "particle": "H2",
          "charge": 0,
          "descriptor": {
            "type": 1,
            "accuracy": 2,
            "e": "j",
            "Lambda": 2,
            "S": 1,
            "parity": "g",
            "v": 15
          }
        },
        "count": 1
      }
    ],
    "type_tags": ["Electronic", "Vibrational"],
    "reversible": false
  },
  "threshold": 12.2515,
  "data": [
    [12.2515, 0],
    [13, 0.0000580015],
    [14, 0.0000575851],
    [15, 0.0000725999],
    [16, 0.0000625228],
    [17, 0.0000476561],
    [18, 0.0000391038],
    [19, 0.00003248],
    [20, 0.0000275968],
    [22, 0.0000211598],
    [25, 0.0000163625],
    [30, 0.0000129501],
    [40, 0.0000086614],
    [50, 0.00000606091],
    [60, 0.00000412641],
    [70, 0.00000206131],
    [80, 8.76854e-7],
    [100, 6.64632e-7],
    [120, 6.3023e-7],
    [140, 6.04556e-7],
    [160, 5.58329e-7]
  ]
}