{
  "reaction": {
    "lhs": [
      { "state": { "particle": "e", "charge": -1 }, "count": 1 },
      {
        "state": {
          "particle": "H2",
          "charge": 0,
          "descriptor": {
            "type": 1,
            "accuracy": 2,
            "e": "X",
            "Lambda": 0,
            "S": 0,
            "parity": "g",
            "v": 12
          }
        },
        "count": 1
      }
    ],
    "rhs": [
      { "state": { "particle": "e", "charge": -1 }, "count": 1 },
      {
        "state": {
          "particle": "H2",
          "charge": 0,
          "descriptor": {
            "type": 1,
            "accuracy": 2,
            "e": "d",
            "Lambda": 1,
            "S": 1,
            "parity": "u",
            "v": 10
          }
        },
        "count": 1
      }
    ],
    "type_tags": ["Electronic", "Vibrational"],
    "reversible": false
  },
  "threshold": 11.7254,
  "data": [
    [11.7254, 0],
    [12, 0.0000710444],
    [13, 0.0000516989],
    [14, 0.0000905267],
    [15, 0.0000424442],
    [16, 0.0000323632],
    [17, 0.0000308877],
    [18, 0.0000380623],
    [19, 0.0000513865],
    [20, 0.0000585611],
    [22, 0.0000549922],
    [25, 0.0000405652],
    [30, 0.0000153103],
    [40, 4.89062e-7],
    [50, 0.0000016928],
    [60, 0.00000289654],
    [70, 0.00000248268],
    [80, 0.00000185976],
    [100, 0.00000106051],
    [120, 5.88511e-7],
    [140, 4.27893e-7],
    [160, 3.05597e-7]
  ]
}