{
  "reaction": {
    "lhs": [
      { "state": { "particle": "e", "charge": -1 }, "count": 1 },
      {
        "state": {
          "particle": "H2",
          "charge": 0,
          "descriptor": {
            "type": 1,
            "accuracy": 2,
            "e": "X",
            "Lambda": 0,
            "S": 0,
            "parity": "g",
            "v": 12
          }
        },
        "count": 1
      }
    ],
    "rhs": [
      { "state": { "particle": "e", "charge": -1 }, "count": 1 },
      {
        "state": {
          "particle": "H2",
          "charge": 0,
          "descriptor": {
            "type": 1,
            "accuracy": 2,
            "e": "H",
            "Lambda": 0,
            "S": 0,
            "parity": "g",
            "v": 61
          }
        },
        "count": 1
      }
    ],
    "type_tags": ["Electronic", "Vibrational"],
    "reversible": false
  },
  "threshold": 12.3122,
  "data": [
    [12.3122, 0],
    [13, 0.000061032],
    [14, 0.000103904],
    [15, 0.0001224],
    [16, 0.000123854],
    [17, 0.000123412],
    [18, 0.00012613],
    [19, 0.000129062],
    [20, 0.000130688],
    [22, 0.000133794],
    [25, 0.000132947],
    [30, 0.000120903],
    [40, 0.0000979767],
    [50, 0.0000869222],
    [60, 0.0000830016],
    [70, 0.0000795286],
    [80, 0.0000721928],
    [100, 0.0000585374],
    [120, 0.000048251],
    [140, 0.0000416707],
    [160, 0.0000370848]
  ]
}