{
  "reaction": {
    "lhs": [
      { "state": { "particle": "e", "charge": -1 }, "count": 1 },
      {
        "state": {
          "particle": "H2",
          "charge": 0,
          "descriptor": {
            "type": 1,
            "accuracy": 2,
            "e": "X",
            "Lambda": 0,
            "S": 0,
            "parity": "g",
            "v": 12
          }
        },
        "count": 1
      }
    ],
    "rhs": [
      { "state": { "particle": "e", "charge": -1 }, "count": 1 },
      {
        "state": {
          "particle": "H2",
          "charge": 0,
          "descriptor": {
            "type": 1,
            "accuracy": 2,
            "e": "H",
            "Lambda": 0,
            "S": 0,
            "parity": "g",
            "v": 68
          }
        },
        "count": 1
      }
    ],
    "type_tags": ["Electronic", "Vibrational"],
    "reversible": false
  },
  "threshold": -27.4351,
  "data": [
    [27.4351, 0],
    [6, 0.00000464194],
    [8, 0.00000542145],
    [10, 0.00000632966],
    [11, 0.00000683564],
    [12, 0.00000737813],
    [13, 0.0000334448],
    [14, 0.0000560417],
    [15, 0.0000638476],
    [16, 0.0000626246],
    [17, 0.0000600948],
    [18, 0.0000589244],
    [19, 0.0000578915],
    [20, 0.0000564706],
    [22, 0.000053526],
    [25, 0.0000526779],
    [30, 0.0000550888],
    [40, 0.0000457156],
    [50, 0.0000398911],
    [60, 0.0000404694],
    [70, 0.0000408176],
    [80, 0.000036856],
    [100, 0.000030431],
    [120, 0.0000250872],
    [140, 0.0000218566],
    [160, 0.0000194442]
  ]
}