{
  "reaction": {
    "lhs": [
      { "state": { "particle": "e", "charge": -1 }, "count": 1 },
      {
        "state": {
          "particle": "H2",
          "charge": 0,
          "descriptor": {
            "type": 1,
            "accuracy": 2,
            "e": "X",
            "Lambda": 0,
            "S": 0,
            "parity": "g",
            "v": 12
          }
        },
        "count": 1
      }
    ],
    "rhs": [
      { "state": { "particle": "e", "charge": -1 }, "count": 1 },
      {
        "state": {
          "particle": "H2",
          "charge": 0,
          "descriptor": {
            "type": 1,
            "accuracy": 2,
            "e": "H",
            "Lambda": 0,
            "S": 0,
            "parity": "g",
            "v": 28
          }
        },
        "count": 1
      }
    ],
    "type_tags": ["Electronic", "Vibrational"],
    "reversible": false
  },
  "threshold": 11.6099,
  "data": [
    [11.6099, 0],
    [12, 0.000241722],
    [13, 0.000514446],
    [14, 0.000642253],
    [15, 0.000658778],
    [16, 0.000665315],
    [17, 0.00068621],
    [18, 0.000718079],
    [19, 0.000768692],
    [20, 0.000816893],
    [22, 0.000839121],
    [25, 0.000835704],
    [30, 0.000809996],
    [40, 0.000645203],
    [50, 0.000530419],
    [60, 0.000479314],
    [70, 0.000432721],
    [80, 0.00035768],
    [100, 0.000274895],
    [120, 0.000220376],
    [140, 0.000185405],
    [160, 0.000163497]
  ]
}