{
  "reaction": {
    "lhs": [
      { "state": { "particle": "e", "charge": -1 }, "count": 1 },
      {
        "state": {
          "particle": "H2",
          "charge": 0,
          "descriptor": {
            "type": 1,
            "accuracy": 2,
            "e": "X",
            "Lambda": 0,
            "S": 0,
            "parity": "g",
            "v": 12
          }
        },
        "count": 1
      }
    ],
    "rhs": [
      { "state": { "particle": "e", "charge": -1 }, "count": 1 },
      {
        "state": {
          "particle": "H2",
          "charge": 0,
          "descriptor": { "type": 1, "accuracy": 2, "e": "e", "Lambda": 0, "S": 1, "parity": "u", "v": 5 }
        },
        "count": 1
      }
    ],
    "type_tags": ["Electronic", "Vibrational"],
    "reversible": false
  },
  "threshold": 10.0792,
  "data": [
    [10.0792, 0],
    [11, 0.000927799],
    [12, 0.000699778],
    [13, 0.00119636],
    [14, 0.00105383],
    [15, 0.000711675],
    [16, 0.0006587],
    [17, 0.000648531],
    [18, 0.000598746],
    [19, 0.000507674],
    [20, 0.000436635],
    [22, 0.000372752],
    [25, 0.000326357],
    [30, 0.000298805],
    [40, 0.000273406],
    [50, 0.000155215],
    [60, 0.0000324538],
    [70, 0.0000194166],
    [80, 0.0000171237],
    [100, 0.0000131657],
    [120, 0.0000095035],
    [140, 0.00000748591],
    [160, 0.00000601706]
  ]
}