{
  "reaction": {
    "lhs": [
      { "state": { "particle": "e", "charge": -1 }, "count": 1 },
      {
        "state": {
          "particle": "H2",
          "charge": 0,
          "descriptor": {
            "type": 1,
            "accuracy": 2,
            "e": "X",
            "Lambda": 0,
            "S": 0,
            "parity": "g",
            "v": 12
          }
        },
        "count": 1
      }
    ],
    "rhs": [
      { "state": { "particle": "e", "charge": -1 }, "count": 1 },
      {
        "state": {
          "particle": "H2",
          "charge": 0,
          "descriptor": {
            "type": 1,
            "accuracy": 2,
            "e": "B",
            "Lambda": 0,
            "S": 0,
            "parity": "u",
            "v": 34
          }
        },
        "count": 1
      }
    ],
    "type_tags": ["Electronic", "Vibrational"],
    "reversible": false
  },
  "threshold": 10.39,
  "data": [
    [10.39, 0],
    [11, 0.000491633],
    [12, 0.000960653],
    [13, 0.00133421],
    [14, 0.00164096],
    [15, 0.00189559],
    [16, 0.00210313],
    [17, 0.00226875],
    [18, 0.00239768],
    [19, 0.00249516],
    [20, 0.00256641],
    [22, 0.00265122],
    [25, 0.00271274],
    [30, 0.00284666],
    [40, 0.00299417],
    [50, 0.00298585],
    [60, 0.002927],
    [70, 0.00285493],
    [80, 0.00277002],
    [100, 0.00257181],
    [120, 0.00236319],
    [140, 0.0021715],
    [160, 0.00200086]
  ]
}