{
  "reaction": {
    "lhs": [
      { "state": { "particle": "e", "charge": -1 }, "count": 1 },
      {
        "state": {
          "particle": "H2",
          "charge": 0,
          "descriptor": {
            "type": 1,
            "accuracy": 2,
            "e": "X",
            "Lambda": 0,
            "S": 0,
            "parity": "g",
            "v": 12
          }
        },
        "count": 1
      }
    ],
    "rhs": [
      { "state": { "particle": "e", "charge": -1 }, "count": 1 },
      {
        "state": {
          "particle": "H2",
          "charge": 0,
          "descriptor": {
            "type": 1,
            "accuracy": 2,
            "e": "EF",
            "Lambda": 0,
            "S": 0,
            "parity": "g",
            "v": 29
          }
        },
        "count": 1
      }
    ],
    "type_tags": ["Electronic", "Vibrational"],
    "reversible": false
  },
  "threshold": 10.3113,
  "data": [
    [10.3113, 0],
    [11, 0.00152293],
    [12, 0.00239667],
    [13, 0.00233127],
    [14, 0.00257225],
    [15, 0.00298934],
    [16, 0.00318335],
    [17, 0.00333649],
    [18, 0.00333543],
    [19, 0.00339452],
    [20, 0.00342041],
    [22, 0.00338944],
    [25, 0.00326191],
    [30, 0.00302949],
    [40, 0.00263373],
    [50, 0.00249895],
    [60, 0.00242809],
    [70, 0.00228198],
    [80, 0.00214956],
    [100, 0.00183551],
    [120, 0.00152545],
    [140, 0.00134028],
    [160, 0.0011891]
  ]
}