{
  "reaction": {
    "lhs": [
      { "state": { "particle": "e", "charge": -1 }, "count": 1 },
      {
        "state": {
          "particle": "H2",
          "charge": 0,
          "descriptor": {
            "type": 1,
            "accuracy": 2,
            "e": "X",
            "Lambda": 0,
            "S": 0,
            "parity": "g",
            "v": 12
          }
        },
        "count": 1
      }
    ],
    "rhs": [
      { "state": { "particle": "e", "charge": -1 }, "count": 1 },
      {
        "state": {
          "particle": "H2",
          "charge": 0,
          "descriptor": { "type": 1, "accuracy": 2, "e": "i", "Lambda": 1, "S": 1, "parity": "g", "v": 3 }
        },
        "count": 1
      }
    ],
    "type_tags": ["Electronic", "Vibrational"],
    "reversible": false
  },
  "threshold": 10.3606,
  "data": [
    [10.3606, 0],
    [11, 0.00000408946],
    [12, 0.00000131547],
    [13, 0.00000187476],
    [14, 0.000042919],
    [15, 0.0000144087],
    [16, 0.00000356624],
    [17, 0.00000172567],
    [18, 0.00000162075],
    [19, 0.00000201981],
    [20, 0.00000229283],
    [22, 0.00000211522],
    [25, 0.00000142518],
    [30, 4.38099e-7],
    [40, 2.78277e-7],
    [50, 1.71988e-7],
    [60, 5.42807e-8],
    [70, 1.80287e-8],
    [80, 1.08193e-8],
    [100, 4.14491e-9],
    [120, 2.90214e-9],
    [140, 2.0491e-9],
    [160, 1.39745e-9]
  ]
}