{
  "reaction": {
    "lhs": [
      { "state": { "particle": "e", "charge": -1 }, "count": 1 },
      {
        "state": {
          "particle": "H2",
          "charge": 0,
          "descriptor": {
            "type": 1,
            "accuracy": 2,
            "e": "X",
            "Lambda": 0,
            "S": 0,
            "parity": "g",
            "v": 12
          }
        },
        "count": 1
      }
    ],
    "rhs": [
      { "state": { "particle": "e", "charge": -1 }, "count": 1 },
      {
        "state": {
          "particle": "H2",
          "charge": 0,
          "descriptor": { "type": 1, "accuracy": 2, "e": "d", "Lambda": 1, "S": 1, "parity": "u", "v": 5 }
        },
        "count": 1
      }
    ],
    "type_tags": ["Electronic", "Vibrational"],
    "reversible": false
  },
  "threshold": 10.842,
  "data": [
    [10.842, 0],
    [11, 0.0000250228],
    [12, 0.000224602],
    [13, 0.000310153],
    [14, 0.000107452],
    [15, 0.0000638773],
    [16, 0.0000829542],
    [17, 0.000102031],
    [18, 0.000101941],
    [19, 0.000101327],
    [20, 0.0000996788],
    [22, 0.000090801],
    [25, 0.0000672431],
    [30, 0.0000301101],
    [40, 0.0000157598],
    [50, 0.0000103657],
    [60, 0.00000768953],
    [70, 0.00000476218],
    [80, 0.00000271484],
    [100, 9.86148e-7],
    [120, 6.5456e-7],
    [140, 4.69971e-7],
    [160, 3.2851e-7]
  ]
}