{
  "reaction": {
    "lhs": [
      { "state": { "particle": "e", "charge": -1 }, "count": 1 },
      {
        "state": {
          "particle": "H2",
          "charge": 0,
          "descriptor": {
            "type": 1,
            "accuracy": 2,
            "e": "X",
            "Lambda": 0,
            "S": 0,
            "parity": "g",
            "v": 12
          }
        },
        "count": 1
      }
    ],
    "rhs": [
      { "state": { "particle": "e", "charge": -1 }, "count": 1 },
      {
        "state": {
          "particle": "H2",
          "charge": 0,
          "descriptor": {
            "type": 1,
            "accuracy": 2,
            "e": "H",
            "Lambda": 0,
            "S": 0,
            "parity": "g",
            "v": 42
          }
        },
        "count": 1
      }
    ],
    "type_tags": ["Electronic", "Vibrational"],
    "reversible": false
  },
  "threshold": 11.9744,
  "data": [
    [11.9744, 0],
    [12, 0.00000994553],
    [13, 0.0000173432],
    [14, 0.0000251274],
    [15, 0.0000298671],
    [16, 0.0000302207],
    [17, 0.0000309624],
    [18, 0.0000328308],
    [19, 0.0000370957],
    [20, 0.0000419904],
    [22, 0.000044573],
    [25, 0.0000458688],
    [30, 0.0000481466],
    [40, 0.0000405798],
    [50, 0.0000341778],
    [60, 0.0000320132],
    [70, 0.0000307394],
    [80, 0.0000280573],
    [100, 0.0000230384],
    [120, 0.0000192612],
    [140, 0.0000163841],
    [160, 0.0000144469]
  ]
}