{
  "reaction": {
    "lhs": [
      { "state": { "particle": "e", "charge": -1 }, "count": 1 },
      {
        "state": {
          "particle": "H2",
          "charge": 0,
          "descriptor": {
            "type": 1,
            "accuracy": 2,
            "e": "X",
            "Lambda": 0,
            "S": 0,
            "parity": "g",
            "v": 12
          }
        },
        "count": 1
      }
    ],
    "rhs": [
      { "state": { "particle": "e", "charge": -1 }, "count": 1 },
      {
        "state": {
          "particle": "H2",
          "charge": 0,
          "descriptor": {
            "type": 1,
            "accuracy": 2,
            "e": "c",
            "Lambda": 1,
            "S": 1,
            "parity": "u",
            "v": 16
          }
        },
        "count": 1
      }
    ],
    "type_tags": ["Electronic", "Vibrational"],
    "reversible": false
  },
  "threshold": 10.3763,
  "data": [
    [10.3763, 0],
    [11, 0.000434311],
    [12, 0.00114736],
    [13, 0.00100012],
    [14, 0.000670673],
    [15, 0.000547234],
    [16, 0.000485995],
    [17, 0.000449754],
    [18, 0.000420907],
    [19, 0.000400491],
    [20, 0.000379414],
    [22, 0.000326966],
    [25, 0.00024234],
    [30, 0.000125119],
    [40, 0.0000494787],
    [50, 0.0000279103],
    [60, 0.0000226436],
    [70, 0.0000160941],
    [80, 0.0000111173],
    [100, 0.00000540598],
    [120, 0.00000308901],
    [140, 0.0000022201],
    [160, 0.0000015564]
  ]
}