{
  "reaction": {
    "lhs": [
      { "state": { "particle": "e", "charge": -1 }, "count": 1 },
      {
        "state": {
          "particle": "H2",
          "charge": 0,
          "descriptor": {
            "type": 1,
            "accuracy": 2,
            "e": "X",
            "Lambda": 0,
            "S": 0,
            "parity": "g",
            "v": 12
          }
        },
        "count": 1
      }
    ],
    "rhs": [
      { "state": { "particle": "e", "charge": -1 }, "count": 1 },
      {
        "state": {
          "particle": "H2",
          "charge": 0,
          "descriptor": { "type": 1, "accuracy": 2, "e": "h", "Lambda": 0, "S": 1, "parity": "g", "v": 3 }
        },
        "count": 1
      }
    ],
    "type_tags": ["Electronic", "Vibrational"],
    "reversible": false
  },
  "threshold": 10.2909,
  "data": [
    [10.2909, 0],
    [11, 0.00000718962],
    [12, 8.69577e-8],
    [13, 0.00000433292],
    [14, 0.0000250793],
    [15, 0.000019485],
    [16, 0.0000156114],
    [17, 0.0000123576],
    [18, 0.000009082],
    [19, 0.0000060956],
    [20, 0.00000426921],
    [22, 0.00000274803],
    [25, 0.00000161159],
    [30, 0.00000105969],
    [40, 7.76153e-8],
    [50, 9.33811e-8],
    [60, 1.09147e-7],
    [70, 7.42309e-8],
    [80, 3.41349e-8],
    [100, 2.2498e-8],
    [120, 2.0263e-8],
    [140, 1.82768e-8],
    [160, 1.61662e-8]
  ]
}