{
  "reaction": {
    "lhs": [
      { "state": { "particle": "e", "charge": -1 }, "count": 1 },
      {
        "state": {
          "particle": "H2",
          "charge": 0,
          "descriptor": {
            "type": 1,
            "accuracy": 2,
            "e": "X",
            "Lambda": 0,
            "S": 0,
            "parity": "g",
            "v": 12
          }
        },
        "count": 1
      }
    ],
    "rhs": [
      { "state": { "particle": "e", "charge": -1 }, "count": 1 },
      {
        "state": {
          "particle": "H2",
          "charge": 0,
          "descriptor": {
            "type": 1,
            "accuracy": 2,
            "e": "H",
            "Lambda": 0,
            "S": 0,
            "parity": "g",
            "v": 14
          }
        },
        "count": 1
      }
    ],
    "type_tags": ["Electronic", "Vibrational"],
    "reversible": false
  },
  "threshold": 11.2359,
  "data": [
    [11.2359, 0],
    [12, 0.0181549],
    [13, 0.0259535],
    [14, 0.0291696],
    [15, 0.0307181],
    [16, 0.0327825],
    [17, 0.0355109],
    [18, 0.0381306],
    [19, 0.0399948],
    [20, 0.041246],
    [22, 0.043562],
    [25, 0.0454998],
    [30, 0.0452872],
    [40, 0.0406975],
    [50, 0.0353514],
    [60, 0.0305607],
    [70, 0.0268645],
    [80, 0.0243785],
    [100, 0.0196369],
    [120, 0.0164711],
    [140, 0.0142709],
    [160, 0.0124801]
  ]
}