{
  "reaction": {
    "lhs": [
      { "state": { "particle": "e", "charge": -1 }, "count": 1 },
      {
        "state": {
          "particle": "H2",
          "charge": 0,
          "descriptor": {
            "type": 1,
            "accuracy": 2,
            "e": "X",
            "Lambda": 0,
            "S": 0,
            "parity": "g",
            "v": 12
          }
        },
        "count": 1
      }
    ],
    "rhs": [
      { "state": { "particle": "e", "charge": -1 }, "count": 1 },
      {
        "state": {
          "particle": "H2",
          "charge": 0,
          "descriptor": {
            "type": 1,
            "accuracy": 2,
            "e": "a",
            "Lambda": 0,
            "S": 1,
            "parity": "g",
            "v": 15
          }
        },
        "count": 1
      }
    ],
    "type_tags": ["Electronic", "Vibrational"],
    "reversible": false
  },
  "threshold": 10.4017,
  "data": [
    [10.4017, 0],
    [11, 0.00128034],
    [12, 0.00146399],
    [13, 0.00123423],
    [14, 0.00101569],
    [15, 0.000862204],
    [16, 0.000734149],
    [17, 0.000625663],
    [18, 0.000535492],
    [19, 0.000459676],
    [20, 0.000400044],
    [22, 0.00031236],
    [25, 0.000223526],
    [30, 0.000133526],
    [40, 0.0000736098],
    [50, 0.00004818],
    [60, 0.0000357211],
    [70, 0.0000257312],
    [80, 0.0000196553],
    [100, 0.0000106731],
    [120, 0.00000650319],
    [140, 0.00000500217],
    [160, 0.00000385683]
  ]
}