{
  "reaction": {
    "lhs": [
      { "state": { "particle": "e", "charge": -1 }, "count": 1 },
      {
        "state": {
          "particle": "H2",
          "charge": 0,
          "descriptor": {
            "type": 1,
            "accuracy": 2,
            "e": "X",
            "Lambda": 0,
            "S": 0,
            "parity": "g",
            "v": 12
          }
        },
        "count": 1
      }
    ],
    "rhs": [
      { "state": { "particle": "e", "charge": -1 }, "count": 1 },
      {
        "state": {
          "particle": "H2",
          "charge": 0,
          "descriptor": {
            "type": 1,
            "accuracy": 2,
            "e": "H",
            "Lambda": 0,
            "S": 0,
            "parity": "g",
            "v": 62
          }
        },
        "count": 1
      }
    ],
    "type_tags": ["Electronic", "Vibrational"],
    "reversible": false
  },
  "threshold": 12.3147,
  "data": [
    [12.3147, 0],
    [13, 0.0000564203],
    [14, 0.0000967333],
    [15, 0.000114023],
    [16, 0.000115068],
    [17, 0.000114111],
    [18, 0.000116003],
    [19, 0.000117894],
    [20, 0.000118716],
    [22, 0.000120319],
    [25, 0.000119361],
    [30, 0.000110447],
    [40, 0.0000897905],
    [50, 0.0000793589],
    [60, 0.0000763069],
    [70, 0.0000736466],
    [80, 0.0000668918],
    [100, 0.0000543609],
    [120, 0.0000448106],
    [140, 0.0000387551],
    [160, 0.000034476]
  ]
}