{
  "reaction": {
    "lhs": [
      { "state": { "particle": "e", "charge": -1 }, "count": 1 },
      {
        "state": {
          "particle": "H2",
          "charge": 0,
          "descriptor": {
            "type": 1,
            "accuracy": 2,
            "e": "X",
            "Lambda": 0,
            "S": 0,
            "parity": "g",
            "v": 12
          }
        },
        "count": 1
      }
    ],
    "rhs": [
      { "state": { "particle": "e", "charge": -1 }, "count": 1 },
      {
        "state": {
          "particle": "H2",
          "charge": 0,
          "descriptor": {
            "type": 1,
            "accuracy": 2,
            "e": "j",
            "Lambda": 2,
            "S": 1,
            "parity": "g",
            "v": 11
          }
        },
        "count": 1
      }
    ],
    "type_tags": ["Electronic", "Vibrational"],
    "reversible": false
  },
  "threshold": 11.8949,
  "data": [
    [11.8949, 0],
    [12, 0.00027769],
    [13, 0.00070528],
    [14, 0.000647874],
    [15, 0.00055917],
    [16, 0.000486739],
    [17, 0.000428214],
    [18, 0.000386799],
    [19, 0.000356184],
    [20, 0.000328974],
    [22, 0.000272756],
    [25, 0.000192834],
    [30, 0.00010032],
    [40, 0.0000648256],
    [50, 0.0000445886],
    [60, 0.0000258382],
    [70, 0.0000164588],
    [80, 0.0000113819],
    [100, 0.0000046223],
    [120, 0.00000224608],
    [140, 0.00000158439],
    [160, 0.00000107576]
  ]
}