{
  "reaction": {
    "lhs": [
      { "state": { "particle": "e", "charge": -1 }, "count": 1 },
      {
        "state": {
          "particle": "H2",
          "charge": 0,
          "descriptor": {
            "type": 1,
            "accuracy": 2,
            "e": "X",
            "Lambda": 0,
            "S": 0,
            "parity": "g",
            "v": 12
          }
        },
        "count": 1
      }
    ],
    "rhs": [
      { "state": { "particle": "e", "charge": -1 }, "count": 1 },
      {
        "state": {
          "particle": "H2",
          "charge": 0,
          "descriptor": {
            "type": 1,
            "accuracy": 2,
            "e": "D",
            "Lambda": 1,
            "S": 0,
            "parity": "u",
            "v": 16
          }
        },
        "count": 1
      }
    ],
    "type_tags": ["Electronic", "Vibrational"],
    "reversible": false
  },
  "threshold": 12.3013,
  "data": [
    [12.3013, 0],
    [13, 0.0000469749],
    [14, 0.0000953192],
    [15, 0.000130212],
    [16, 0.000155782],
    [17, 0.000180312],
    [18, 0.000208154],
    [19, 0.00023947],
    [20, 0.000271014],
    [22, 0.000320754],
    [25, 0.000360955],
    [30, 0.000403098],
    [40, 0.000479952],
    [50, 0.000536001],
    [60, 0.000570367],
    [70, 0.000576543],
    [80, 0.000569981],
    [100, 0.000544877],
    [120, 0.000512161],
    [140, 0.000481103],
    [160, 0.000453473]
  ]
}