{
  "reaction": {
    "lhs": [
      { "state": { "particle": "e", "charge": -1 }, "count": 1 },
      {
        "state": {
          "particle": "H2",
          "charge": 0,
          "descriptor": {
            "type": 1,
            "accuracy": 2,
            "e": "X",
            "Lambda": 0,
            "S": 0,
            "parity": "g",
            "v": 12
          }
        },
        "count": 1
      }
    ],
    "rhs": [
      { "state": { "particle": "e", "charge": -1 }, "count": 1 },
      {
        "state": {
          "particle": "H2",
          "charge": 0,
          "descriptor": { "type": 1, "accuracy": 2, "e": "g", "Lambda": 0, "S": 1, "parity": "g", "v": 9 }
        },
        "count": 1
      }
    ],
    "type_tags": ["Electronic", "Vibrational"],
    "reversible": false
  },
  "threshold": 11.649,
  "data": [
    [11.649, 0],
    [12, 0.00172654],
    [13, 0.00132508],
    [14, 0.000824575],
    [15, 0.000691142],
    [16, 0.000645264],
    [17, 0.000624339],
    [18, 0.000522071],
    [19, 0.000358075],
    [20, 0.000258611],
    [22, 0.000218135],
    [25, 0.000186799],
    [30, 0.000174713],
    [40, 0.000170642],
    [50, 0.000116971],
    [60, 0.0000433175],
    [70, 0.0000157293],
    [80, 0.0000084189],
    [100, 0.00000920381],
    [120, 0.00000998872],
    [140, 0.00000977052],
    [160, 0.00000916727]
  ]
}