{
  "reaction": {
    "lhs": [
      { "state": { "particle": "e", "charge": -1 }, "count": 1 },
      {
        "state": {
          "particle": "H2",
          "charge": 0,
          "descriptor": {
            "type": 1,
            "accuracy": 2,
            "e": "X",
            "Lambda": 0,
            "S": 0,
            "parity": "g",
            "v": 12
          }
        },
        "count": 1
      }
    ],
    "rhs": [
      { "state": { "particle": "e", "charge": -1 }, "count": 1 },
      {
        "state": {
          "particle": "H2",
          "charge": 0,
          "descriptor": {
            "type": 1,
            "accuracy": 2,
            "e": "H",
            "Lambda": 0,
            "S": 0,
            "parity": "g",
            "v": 15
          }
        },
        "count": 1
      }
    ],
    "type_tags": ["Electronic", "Vibrational"],
    "reversible": false
  },
  "threshold": 11.2745,
  "data": [
    [11.2745, 0],
    [12, 1.01371e-9],
    [13, 1.40777e-9],
    [14, 1.57686e-9],
    [15, 1.67307e-9],
    [16, 1.80854e-9],
    [17, 1.98372e-9],
    [18, 2.1485e-9],
    [19, 2.26003e-9],
    [20, 2.32832e-9],
    [22, 2.45523e-9],
    [25, 2.574e-9],
    [30, 2.59944e-9],
    [40, 2.39818e-9],
    [50, 2.1146e-9],
    [60, 1.84115e-9],
    [70, 1.6308e-9],
    [80, 1.50131e-9],
    [100, 1.22482e-9],
    [120, 1.03718e-9],
    [140, 9.02055e-10],
    [160, 7.86211e-10]
  ]
}