{
  "reaction": {
    "lhs": [
      { "state": { "particle": "e", "charge": -1 }, "count": 1 },
      {
        "state": {
          "particle": "H2",
          "charge": 0,
          "descriptor": {
            "type": 1,
            "accuracy": 2,
            "e": "X",
            "Lambda": 0,
            "S": 0,
            "parity": "g",
            "v": 12
          }
        },
        "count": 1
      }
    ],
    "rhs": [
      { "state": { "particle": "e", "charge": -1 }, "count": 1 },
      {
        "state": {
          "particle": "H2",
          "charge": 0,
          "descriptor": {
            "type": 1,
            "accuracy": 2,
            "e": "a",
            "Lambda": 0,
            "S": 1,
            "parity": "g",
            "v": 18
          }
        },
        "count": 1
      }
    ],
    "type_tags": ["Electronic", "Vibrational"],
    "reversible": false
  },
  "threshold": 10.4242,
  "data": [
    [10.4242, 0],
    [11, 0.000205614],
    [12, 0.00023489],
    [13, 0.000201279],
    [14, 0.000165932],
    [15, 0.000140979],
    [16, 0.000119882],
    [17, 0.000101973],
    [18, 0.0000872786],
    [19, 0.0000750177],
    [20, 0.0000653651],
    [22, 0.0000510596],
    [25, 0.0000364685],
    [30, 0.0000215865],
    [40, 0.0000116771],
    [50, 0.00000766738],
    [60, 0.00000580563],
    [70, 0.00000418751],
    [80, 0.00000317059],
    [100, 0.00000170649],
    [120, 0.00000104692],
    [140, 8.34858e-7],
    [160, 6.72638e-7]
  ]
}