{
  "reaction": {
    "lhs": [
      { "state": { "particle": "e", "charge": -1 }, "count": 1 },
      {
        "state": {
          "particle": "H2",
          "charge": 0,
          "descriptor": {
            "type": 1,
            "accuracy": 2,
            "e": "X",
            "Lambda": 0,
            "S": 0,
            "parity": "g",
            "v": 12
          }
        },
        "count": 1
      }
    ],
    "rhs": [
      { "state": { "particle": "e", "charge": -1 }, "count": 1 },
      {
        "state": {
          "particle": "H2",
          "charge": 0,
          "descriptor": { "type": 1, "accuracy": 2, "e": "i", "Lambda": 1, "S": 1, "parity": "g", "v": 0 }
        },
        "count": 1
      }
    ],
    "type_tags": ["Electronic", "Vibrational"],
    "reversible": false
  },
  "threshold": 9.62617,
  "data": [
    [9.62617, 0],
    [10, 4.93034e-7],
    [11, 0.00000151236],
    [12, 1.81497e-7],
    [13, 6.38218e-7],
    [14, 5.72611e-7],
    [15, 1.07176e-7],
    [16, 1.93039e-8],
    [17, 2.20655e-9],
    [18, 7.2e-9],
    [19, 1.35427e-8],
    [20, 1.91759e-8],
    [22, 1.88517e-8],
    [25, 1.76172e-8],
    [30, 1.60585e-8],
    [40, 2.74079e-8],
    [50, 1.39438e-8],
    [60, 3.3043e-10],
    [70, 1.56735e-10],
    [80, 1.31292e-10],
    [100, 9.80817e-11],
    [120, 5.77784e-11],
    [140, 4.14726e-11],
    [160, 2.92609e-11]
  ]
}