{
  "reaction": {
    "lhs": [
      { "state": { "particle": "e", "charge": -1 }, "count": 1 },
      {
        "state": {
          "particle": "H2",
          "charge": 0,
          "descriptor": {
            "type": 1,
            "accuracy": 2,
            "e": "X",
            "Lambda": 0,
            "S": 0,
            "parity": "g",
            "v": 12
          }
        },
        "count": 1
      }
    ],
    "rhs": [
      { "state": { "particle": "e", "charge": -1 }, "count": 1 },
      {
        "state": {
          "particle": "H2",
          "charge": 0,
          "descriptor": {
            "type": 1,
            "accuracy": 2,
            "e": "EF",
            "Lambda": 0,
            "S": 0,
            "parity": "g",
            "v": 18
          }
        },
        "count": 1
      }
    ],
    "type_tags": ["Electronic", "Vibrational"],
    "reversible": false
  },
  "threshold": 9.57953,
  "data": [
    [9.57953, 0],
    [10, 0.000180166],
    [11, 0.00020161],
    [12, 0.000170245],
    [13, 0.000328003],
    [14, 0.000250723],
    [15, 0.000358897],
    [16, 0.000407009],
    [17, 0.00036029],
    [18, 0.000339099],
    [19, 0.00036315],
    [20, 0.000372278],
    [22, 0.000341213],
    [25, 0.000287436],
    [30, 0.000246091],
    [40, 0.000188996],
    [50, 0.000185344],
    [60, 0.000177094],
    [70, 0.000146297],
    [80, 0.000120736],
    [100, 0.0000939162],
    [120, 0.0000842686],
    [140, 0.0000769729],
    [160, 0.0000701598]
  ]
}