{
  "reaction": {
    "lhs": [
      { "state": { "particle": "e", "charge": -1 }, "count": 1 },
      {
        "state": {
          "particle": "H2",
          "charge": 0,
          "descriptor": {
            "type": 1,
            "accuracy": 2,
            "e": "X",
            "Lambda": 0,
            "S": 0,
            "parity": "g",
            "v": 12
          }
        },
        "count": 1
      }
    ],
    "rhs": [
      { "state": { "particle": "e", "charge": -1 }, "count": 1 },
      {
        "state": {
          "particle": "H2",
          "charge": 0,
          "descriptor": {
            "type": 1,
            "accuracy": 2,
            "e": "g",
            "Lambda": 0,
            "S": 1,
            "parity": "g",
            "v": 15
          }
        },
        "count": 1
      }
    ],
    "type_tags": ["Electronic", "Vibrational"],
    "reversible": false
  },
  "threshold": 12.2368,
  "data": [
    [12.2368, 0],
    [13, 0.000227053],
    [14, 0.000214761],
    [15, 0.000241504],
    [16, 0.000214022],
    [17, 0.000171393],
    [18, 0.000141636],
    [19, 0.000115056],
    [20, 0.0000948064],
    [22, 0.0000687575],
    [25, 0.0000470446],
    [30, 0.0000294735],
    [40, 0.0000157099],
    [50, 0.0000108806],
    [60, 0.00000879054],
    [70, 0.00000543842],
    [80, 0.00000317654],
    [100, 0.00000211502],
    [120, 0.00000189784],
    [140, 0.00000168483],
    [160, 0.00000147894]
  ]
}