{
  "reaction": {
    "lhs": [
      { "state": { "particle": "e", "charge": -1 }, "count": 1 },
      {
        "state": {
          "particle": "H2",
          "charge": 0,
          "descriptor": {
            "type": 1,
            "accuracy": 2,
            "e": "X",
            "Lambda": 0,
            "S": 0,
            "parity": "g",
            "v": 12
          }
        },
        "count": 1
      }
    ],
    "rhs": [
      { "state": { "particle": "e", "charge": -1 }, "count": 1 },
      {
        "state": {
          "particle": "H2",
          "charge": 0,
          "descriptor": {
            "type": 1,
            "accuracy": 2,
            "e": "d",
            "Lambda": 1,
            "S": 1,
            "parity": "u",
            "v": 19
          }
        },
        "count": 1
      }
    ],
    "type_tags": ["Electronic", "Vibrational"],
    "reversible": false
  },
  "threshold": 12.314,
  "data": [
    [12.314, 0],
    [13, 9.68171e-7],
    [14, 1.29784e-10],
    [15, 3.36941e-8],
    [16, 1.27667e-7],
    [17, 1.93298e-7],
    [18, 1.73664e-7],
    [19, 1.343e-7],
    [20, 1.04515e-7],
    [22, 8.05169e-8],
    [25, 6.30386e-8],
    [30, 5.30002e-8],
    [40, 2.88828e-8],
    [50, 2.80302e-8],
    [60, 2.78997e-8],
    [70, 2.27332e-8],
    [80, 1.54295e-8],
    [100, 9.01154e-9],
    [120, 5.93429e-9],
    [140, 4.23721e-9],
    [160, 2.95677e-9]
  ]
}