{
  "reaction": {
    "lhs": [
      { "state": { "particle": "e", "charge": -1 }, "count": 1 },
      {
        "state": {
          "particle": "H2",
          "charge": 0,
          "descriptor": {
            "type": 1,
            "accuracy": 2,
            "e": "X",
            "Lambda": 0,
            "S": 0,
            "parity": "g",
            "v": 12
          }
        },
        "count": 1
      }
    ],
    "rhs": [
      { "state": { "particle": "e", "charge": -1 }, "count": 1 },
      {
        "state": {
          "particle": "H2",
          "charge": 0,
          "descriptor": {
            "type": 1,
            "accuracy": 2,
            "e": "H",
            "Lambda": 0,
            "S": 0,
            "parity": "g",
            "v": 12
          }
        },
        "count": 1
      }
    ],
    "type_tags": ["Electronic", "Vibrational"],
    "reversible": false
  },
  "threshold": 11.1966,
  "data": [
    [11.1966, 0],
    [12, 4.38308e-11],
    [13, 6.62158e-11],
    [14, 7.8698e-11],
    [15, 8.67545e-11],
    [16, 9.42434e-11],
    [17, 9.96024e-11],
    [18, 1.02097e-10],
    [19, 1.01318e-10],
    [20, 9.77805e-11],
    [22, 9.02336e-11],
    [25, 9.34398e-11],
    [30, 1.15298e-10],
    [40, 1.05587e-10],
    [50, 8.63924e-11],
    [60, 7.71703e-11],
    [70, 7.17501e-11],
    [80, 6.54337e-11],
    [100, 5.33488e-11],
    [120, 4.49338e-11],
    [140, 3.92733e-11],
    [160, 3.42233e-11]
  ]
}