{
  "reaction": {
    "lhs": [
      { "state": { "particle": "e", "charge": -1 }, "count": 1 },
      {
        "state": {
          "particle": "H2",
          "charge": 0,
          "descriptor": {
            "type": 1,
            "accuracy": 2,
            "e": "X",
            "Lambda": 0,
            "S": 0,
            "parity": "g",
            "v": 12
          }
        },
        "count": 1
      }
    ],
    "rhs": [
      { "state": { "particle": "e", "charge": -1 }, "count": 1 },
      {
        "state": {
          "particle": "H2",
          "charge": 0,
          "descriptor": {
            "type": 1,
            "accuracy": 2,
            "e": "EF",
            "Lambda": 0,
            "S": 0,
            "parity": "g",
            "v": 16
          }
        },
        "count": 1
      }
    ],
    "type_tags": ["Electronic", "Vibrational"],
    "reversible": false
  },
  "threshold": 9.41586,
  "data": [
    [9.41586, 0],
    [10, 0.00671761],
    [11, 0.00963551],
    [12, 0.00920553],
    [13, 0.0128343],
    [14, 0.0135383],
    [15, 0.0141708],
    [16, 0.0139717],
    [17, 0.0131233],
    [18, 0.0131162],
    [19, 0.0129975],
    [20, 0.0126735],
    [22, 0.0120351],
    [25, 0.0110423],
    [30, 0.00969488],
    [40, 0.00749442],
    [50, 0.00664251],
    [60, 0.00624155],
    [70, 0.00545167],
    [80, 0.00478554],
    [100, 0.00387512],
    [120, 0.00324338],
    [140, 0.00285335],
    [160, 0.00252741]
  ]
}