{
  "reaction": {
    "lhs": [
      { "state": { "particle": "e", "charge": -1 }, "count": 1 },
      {
        "state": {
          "particle": "H2",
          "charge": 0,
          "descriptor": {
            "type": 1,
            "accuracy": 2,
            "e": "X",
            "Lambda": 0,
            "S": 0,
            "parity": "g",
            "v": 12
          }
        },
        "count": 1
      }
    ],
    "rhs": [
      { "state": { "particle": "e", "charge": -1 }, "count": 1 },
      {
        "state": {
          "particle": "H2",
          "charge": 0,
          "descriptor": {
            "type": 1,
            "accuracy": 2,
            "e": "a",
            "Lambda": 0,
            "S": 1,
            "parity": "g",
            "v": 12
          }
        },
        "count": 1
      }
    ],
    "type_tags": ["Electronic", "Vibrational"],
    "reversible": false
  },
  "threshold": 10.2067,
  "data": [
    [10.2067, 0],
    [11, 0.0024951],
    [12, 0.00276333],
    [13, 0.00193302],
    [14, 0.00132313],
    [15, 0.00108986],
    [16, 0.000920679],
    [17, 0.000795923],
    [18, 0.000718421],
    [19, 0.000671385],
    [20, 0.00062921],
    [22, 0.000530295],
    [25, 0.000385445],
    [30, 0.000219336],
    [40, 0.000161376],
    [50, 0.000108613],
    [60, 0.0000536913],
    [70, 0.0000381099],
    [80, 0.0000342754],
    [100, 0.0000202658],
    [120, 0.0000113766],
    [140, 0.0000112921],
    [160, 0.0000112263]
  ]
}