{
  "reaction": {
    "lhs": [
      { "state": { "particle": "e", "charge": -1 }, "count": 1 },
      {
        "state": {
          "particle": "H2",
          "charge": 0,
          "descriptor": {
            "type": 1,
            "accuracy": 2,
            "e": "X",
            "Lambda": 0,
            "S": 0,
            "parity": "g",
            "v": 12
          }
        },
        "count": 1
      }
    ],
    "rhs": [
      { "state": { "particle": "e", "charge": -1 }, "count": 1 },
      {
        "state": {
          "particle": "H2",
          "charge": 0,
          "descriptor": {
            "type": 1,
            "accuracy": 2,
            "e": "d",
            "Lambda": 1,
            "S": 1,
            "parity": "u",
            "v": 11
          }
        },
        "count": 1
      }
    ],
    "type_tags": ["Electronic", "Vibrational"],
    "reversible": false
  },
  "threshold": 11.8593,
  "data": [
    [11.8593, 0],
    [12, 0.00250968],
    [13, 0.00432478],
    [14, 0.0041083],
    [15, 0.00325936],
    [16, 0.0027641],
    [17, 0.00244734],
    [18, 0.00224912],
    [19, 0.00214127],
    [20, 0.0020426],
    [22, 0.00180081],
    [25, 0.00145172],
    [30, 0.000968888],
    [40, 0.000484062],
    [50, 0.000307826],
    [60, 0.00023676],
    [70, 0.00015962],
    [80, 0.000108475],
    [100, 0.0000505804],
    [120, 0.0000297954],
    [140, 0.0000213025],
    [160, 0.0000148151]
  ]
}