{
  "reaction": {
    "lhs": [
      { "state": { "particle": "e", "charge": -1 }, "count": 1 },
      {
        "state": {
          "particle": "H2",
          "charge": 0,
          "descriptor": {
            "type": 1,
            "accuracy": 2,
            "e": "X",
            "Lambda": 0,
            "S": 0,
            "parity": "g",
            "v": 12
          }
        },
        "count": 1
      }
    ],
    "rhs": [
      { "state": { "particle": "e", "charge": -1 }, "count": 1 },
      {
        "state": {
          "particle": "H2",
          "charge": 0,
          "descriptor": { "type": 1, "accuracy": 2, "e": "B", "Lambda": 0, "S": 0, "parity": "u", "v": 4 }
        },
        "count": 1
      }
    ],
    "type_tags": ["Electronic", "Vibrational"],
    "reversible": false
  },
  "threshold": 7.55811,
  "data": [
    [7.55811, 0],
    [8, 0.11522],
    [10, 0.320276],
    [11, 0.358737],
    [12, 0.371308],
    [13, 0.375053],
    [14, 0.378433],
    [15, 0.382738],
    [16, 0.387665],
    [17, 0.393047],
    [18, 0.398727],
    [19, 0.404549],
    [20, 0.410356],
    [22, 0.421301],
    [25, 0.433688],
    [30, 0.440935],
    [40, 0.451044],
    [50, 0.45231],
    [60, 0.44475],
    [70, 0.428235],
    [80, 0.407409],
    [100, 0.369253],
    [120, 0.336865],
    [140, 0.308384],
    [160, 0.283215]
  ]
}