{
  "reaction": {
    "lhs": [
      { "state": { "particle": "e", "charge": -1 }, "count": 1 },
      {
        "state": {
          "particle": "H2",
          "charge": 0,
          "descriptor": {
            "type": 1,
            "accuracy": 2,
            "e": "X",
            "Lambda": 0,
            "S": 0,
            "parity": "g",
            "v": 12
          }
        },
        "count": 1
      }
    ],
    "rhs": [
      { "state": { "particle": "e", "charge": -1 }, "count": 1 },
      {
        "state": {
          "particle": "H2",
          "charge": 0,
          "descriptor": {
            "type": 1,
            "accuracy": 2,
            "e": "j",
            "Lambda": 2,
            "S": 1,
            "parity": "g",
            "v": 14
          }
        },
        "count": 1
      }
    ],
    "type_tags": ["Electronic", "Vibrational"],
    "reversible": false
  },
  "threshold": 12.1885,
  "data": [
    [12.1885, 0],
    [13, 0.00014352],
    [14, 0.000147744],
    [15, 0.000161033],
    [16, 0.000138199],
    [17, 0.000105105],
    [18, 0.0000876825],
    [19, 0.0000752215],
    [20, 0.0000658662],
    [22, 0.0000518797],
    [25, 0.0000392828],
    [30, 0.0000282418],
    [40, 0.0000207506],
    [50, 0.0000148005],
    [60, 0.0000087453],
    [70, 0.00000462338],
    [80, 0.00000235625],
    [100, 0.0000013579],
    [120, 0.00000116575],
    [140, 0.00000100794],
    [160, 8.63971e-7]
  ]
}