{
  "reaction": {
    "lhs": [
      { "state": { "particle": "e", "charge": -1 }, "count": 1 },
      {
        "state": {
          "particle": "H2",
          "charge": 0,
          "descriptor": {
            "type": 1,
            "accuracy": 2,
            "e": "X",
            "Lambda": 0,
            "S": 0,
            "parity": "g",
            "v": 12
          }
        },
        "count": 1
      }
    ],
    "rhs": [
      { "state": { "particle": "e", "charge": -1 }, "count": 1 },
      {
        "state": {
          "particle": "H2",
          "charge": 0,
          "descriptor": {
            "type": 1,
            "accuracy": 2,
            "e": "H",
            "Lambda": 0,
            "S": 0,
            "parity": "g",
            "v": 52
          }
        },
        "count": 1
      }
    ],
    "type_tags": ["Electronic", "Vibrational"],
    "reversible": false
  },
  "threshold": 12.2187,
  "data": [
    [12.2187, 0],
    [13, 0.0000877434],
    [14, 0.000137569],
    [15, 0.000158897],
    [16, 0.000161635],
    [17, 0.000166238],
    [18, 0.000177484],
    [19, 0.000192201],
    [20, 0.000206133],
    [22, 0.000229209],
    [25, 0.000231089],
    [30, 0.000187111],
    [40, 0.000150367],
    [50, 0.00013899],
    [60, 0.000127362],
    [70, 0.000115002],
    [80, 0.000102113],
    [100, 0.0000816668],
    [120, 0.0000672698],
    [140, 0.0000572458],
    [160, 0.0000512534]
  ]
}