{
  "reaction": {
    "lhs": [
      { "state": { "particle": "e", "charge": -1 }, "count": 1 },
      {
        "state": {
          "particle": "H2",
          "charge": 0,
          "descriptor": {
            "type": 1,
            "accuracy": 2,
            "e": "X",
            "Lambda": 0,
            "S": 0,
            "parity": "g",
            "v": 12
          }
        },
        "count": 1
      }
    ],
    "rhs": [
      { "state": { "particle": "e", "charge": -1 }, "count": 1 },
      {
        "state": {
          "particle": "H2",
          "charge": 0,
          "descriptor": { "type": 1, "accuracy": 2, "e": "h", "Lambda": 0, "S": 1, "parity": "g", "v": 0 }
        },
        "count": 1
      }
    ],
    "type_tags": ["Electronic", "Vibrational"],
    "reversible": false
  },
  "threshold": 9.58984,
  "data": [
    [9.58984, 0],
    [10, 4.09801e-7],
    [11, 0.00000116801],
    [12, 1.03993e-9],
    [13, 3.51129e-8],
    [14, 6.18659e-8],
    [15, 1.78637e-8],
    [16, 2.0576e-8],
    [17, 2.32883e-8],
    [18, 2.1064e-8],
    [19, 1.64772e-8],
    [20, 1.26572e-8],
    [22, 8.3007e-9],
    [25, 3.44954e-9],
    [30, 2.25464e-10],
    [40, 5.35885e-7],
    [50, 2.68492e-7],
    [60, 7.5916e-10],
    [70, 3.61731e-10],
    [80, 3.0479e-10],
    [100, 1.86036e-10],
    [120, 6.54826e-11],
    [140, 6.12399e-11],
    [160, 5.79464e-11]
  ]
}