{
  "reaction": {
    "lhs": [
      { "state": { "particle": "e", "charge": -1 }, "count": 1 },
      {
        "state": {
          "particle": "H2",
          "charge": 0,
          "descriptor": {
            "type": 1,
            "accuracy": 2,
            "e": "X",
            "Lambda": 0,
            "S": 0,
            "parity": "g",
            "v": 12
          }
        },
        "count": 1
      }
    ],
    "rhs": [
      { "state": { "particle": "e", "charge": -1 }, "count": 1 },
      {
        "state": {
          "particle": "H2",
          "charge": 0,
          "descriptor": { "type": 1, "accuracy": 2, "e": "I", "Lambda": 1, "S": 0, "parity": "g", "v": 3 }
        },
        "count": 1
      }
    ],
    "type_tags": ["Electronic", "Vibrational"],
    "reversible": false
  },
  "threshold": 10.3513,
  "data": [
    [10.3513, 0],
    [11, 0.0000118873],
    [12, 0.0000178835],
    [13, 0.00000136865],
    [14, 0.00000477444],
    [15, 0.00000221565],
    [16, 0.00000238448],
    [17, 1.48972e-8],
    [18, 5.27037e-8],
    [19, 0.00000153447],
    [20, 4.66091e-7],
    [22, 0.00000160849],
    [25, 4.87272e-7],
    [30, 1.41623e-9],
    [40, 9.47133e-7],
    [50, 0.00000119039],
    [60, 6.62658e-7],
    [70, 1.34926e-7],
    [80, 2.2722e-7],
    [100, 2.118e-7],
    [120, 1.47869e-7],
    [140, 1.08807e-7],
    [160, 1.15359e-7]
  ]
}