{
  "reaction": {
    "lhs": [
      { "state": { "particle": "e", "charge": -1 }, "count": 1 },
      {
        "state": {
          "particle": "H2",
          "charge": 0,
          "descriptor": {
            "type": 1,
            "accuracy": 2,
            "e": "X",
            "Lambda": 0,
            "S": 0,
            "parity": "g",
            "v": 12
          }
        },
        "count": 1
      }
    ],
    "rhs": [
      { "state": { "particle": "e", "charge": -1 }, "count": 1 },
      {
        "state": {
          "particle": "H2",
          "charge": 0,
          "descriptor": {
            "type": 1,
            "accuracy": 2,
            "e": "d",
            "Lambda": 1,
            "S": 1,
            "parity": "u",
            "v": 13
          }
        },
        "count": 1
      }
    ],
    "type_tags": ["Electronic", "Vibrational"],
    "reversible": false
  },
  "threshold": 12.08,
  "data": [
    [12.08, 0],
    [13, 0.00183023],
    [14, 0.00144558],
    [15, 0.0013342],
    [16, 0.00122479],
    [17, 0.00112239],
    [18, 0.00102988],
    [19, 0.000944898],
    [20, 0.000872342],
    [22, 0.000752562],
    [25, 0.000603908],
    [30, 0.000411778],
    [40, 0.00018872],
    [50, 0.000122147],
    [60, 0.000105489],
    [70, 0.0000781156],
    [80, 0.000053289],
    [100, 0.0000265845],
    [120, 0.0000152581],
    [140, 0.0000109648],
    [160, 0.0000076881]
  ]
}