{
  "reaction": {
    "lhs": [
      { "state": { "particle": "e", "charge": -1 }, "count": 1 },
      {
        "state": {
          "particle": "H2",
          "charge": 0,
          "descriptor": {
            "type": 1,
            "accuracy": 2,
            "e": "X",
            "Lambda": 0,
            "S": 0,
            "parity": "g",
            "v": 12
          }
        },
        "count": 1
      }
    ],
    "rhs": [
      { "state": { "particle": "e", "charge": -1 }, "count": 1 },
      {
        "state": {
          "particle": "H2",
          "charge": 0,
          "descriptor": { "type": 1, "accuracy": 2, "e": "j", "Lambda": 2, "S": 1, "parity": "g", "v": 8 }
        },
        "count": 1
      }
    ],
    "type_tags": ["Electronic", "Vibrational"],
    "reversible": false
  },
  "threshold": 11.4633,
  "data": [
    [11.4633, 0],
    [12, 0.0213128],
    [13, 0.0170636],
    [14, 0.016633],
    [15, 0.0121147],
    [16, 0.0118662],
    [17, 0.0118267],
    [18, 0.0106828],
    [19, 0.0083686],
    [20, 0.00651902],
    [22, 0.00483357],
    [25, 0.00360441],
    [30, 0.00276552],
    [40, 0.00167897],
    [50, 0.000874544],
    [60, 0.000339262],
    [70, 0.000153906],
    [80, 0.000109339],
    [100, 0.0000420313],
    [120, 0.0000284374],
    [140, 0.0000202476],
    [160, 0.0000139841]
  ]
}