{
  "reaction": {
    "lhs": [
      { "state": { "particle": "e", "charge": -1 }, "count": 1 },
      {
        "state": {
          "particle": "H2",
          "charge": 0,
          "descriptor": {
            "type": 1,
            "accuracy": 2,
            "e": "X",
            "Lambda": 0,
            "S": 0,
            "parity": "g",
            "v": 12
          }
        },
        "count": 1
      }
    ],
    "rhs": [
      { "state": { "particle": "e", "charge": -1 }, "count": 1 },
      {
        "state": {
          "particle": "H2",
          "charge": 0,
          "descriptor": { "type": 1, "accuracy": 2, "e": "H", "Lambda": 0, "S": 0, "parity": "g", "v": 2 }
        },
        "count": 1
      }
    ],
    "type_tags": ["Electronic", "Vibrational"],
    "reversible": false
  },
  "threshold": 10.2821,
  "data": [
    [10.2821, 0],
    [11, 0.0000012562],
    [12, 0.00000310442],
    [13, 0.00000460272],
    [14, 0.00000441152],
    [15, 0.00000352724],
    [16, 0.00000273168],
    [17, 0.00000185212],
    [18, 9.34817e-7],
    [19, 6.53884e-7],
    [20, 0.00000134695],
    [22, 0.00000446426],
    [25, 0.00000527887],
    [30, 1.71106e-7],
    [40, 8.44053e-8],
    [50, 0.00000161639],
    [60, 9.64156e-7],
    [70, 7.96805e-9],
    [80, 3.20584e-8],
    [100, 1.82453e-7],
    [120, 2.02577e-8],
    [140, 5.20905e-9],
    [160, 1.3522e-8]
  ]
}