{
  "reaction": {
    "lhs": [
      { "state": { "particle": "e", "charge": -1 }, "count": 1 },
      {
        "state": {
          "particle": "H2",
          "charge": 0,
          "descriptor": {
            "type": 1,
            "accuracy": 2,
            "e": "X",
            "Lambda": 0,
            "S": 0,
            "parity": "g",
            "v": 12
          }
        },
        "count": 1
      }
    ],
    "rhs": [
      { "state": { "particle": "e", "charge": -1 }, "count": 1 },
      {
        "state": {
          "particle": "H2",
          "charge": 0,
          "descriptor": {
            "type": 1,
            "accuracy": 2,
            "e": "EF",
            "Lambda": 0,
            "S": 0,
            "parity": "g",
            "v": 19
          }
        },
        "count": 1
      }
    ],
    "type_tags": ["Electronic", "Vibrational"],
    "reversible": false
  },
  "threshold": 9.65865,
  "data": [
    [9.65865, 0],
    [10, 0.0005967],
    [11, 0.00128266],
    [12, 0.00139282],
    [13, 0.00164632],
    [14, 0.00202259],
    [15, 0.00194934],
    [16, 0.00186824],
    [17, 0.00184578],
    [18, 0.00186751],
    [19, 0.00183197],
    [20, 0.00177357],
    [22, 0.00172668],
    [25, 0.00162565],
    [30, 0.00148236],
    [40, 0.0011965],
    [50, 0.00104734],
    [60, 0.000987375],
    [70, 0.000899705],
    [80, 0.000827052],
    [100, 0.000686753],
    [120, 0.000557959],
    [140, 0.000482528],
    [160, 0.000421683]
  ]
}