{
  "reaction": {
    "lhs": [
      { "state": { "particle": "e", "charge": -1 }, "count": 1 },
      {
        "state": {
          "particle": "H2",
          "charge": 0,
          "descriptor": {
            "type": 1,
            "accuracy": 2,
            "e": "X",
            "Lambda": 0,
            "S": 0,
            "parity": "g",
            "v": 12
          }
        },
        "count": 1
      }
    ],
    "rhs": [
      { "state": { "particle": "e", "charge": -1 }, "count": 1 },
      {
        "state": {
          "particle": "H2",
          "charge": 0,
          "descriptor": {
            "type": 1,
            "accuracy": 2,
            "e": "j",
            "Lambda": 2,
            "S": 1,
            "parity": "g",
            "v": 17
          }
        },
        "count": 1
      }
    ],
    "type_tags": ["Electronic", "Vibrational"],
    "reversible": false
  },
  "threshold": 12.3146,
  "data": [
    [12.3146, 0],
    [13, 0.00000368461],
    [14, 0.00000363842],
    [15, 0.00000569685],
    [16, 0.0000049056],
    [17, 0.00000372053],
    [18, 0.0000029743],
    [19, 0.00000236175],
    [20, 0.00000195916],
    [22, 0.0000015289],
    [25, 0.00000121301],
    [30, 0.00000104088],
    [40, 5.89908e-7],
    [50, 4.41777e-7],
    [60, 3.66935e-7],
    [70, 1.75459e-7],
    [80, 5.13075e-8],
    [100, 5.94939e-8],
    [120, 6.76802e-8],
    [140, 6.61078e-8],
    [160, 6.17606e-8]
  ]
}