{
  "reaction": {
    "lhs": [
      { "state": { "particle": "e", "charge": -1 }, "count": 1 },
      {
        "state": {
          "particle": "H2",
          "charge": 0,
          "descriptor": {
            "type": 1,
            "accuracy": 2,
            "e": "X",
            "Lambda": 0,
            "S": 0,
            "parity": "g",
            "v": 12
          }
        },
        "count": 1
      }
    ],
    "rhs": [
      { "state": { "particle": "e", "charge": -1 }, "count": 1 },
      {
        "state": {
          "particle": "H2",
          "charge": 0,
          "descriptor": {
            "type": 1,
            "accuracy": 2,
            "e": "GK",
            "Lambda": 0,
            "S": 0,
            "parity": "g",
            "v": 3
          }
        },
        "count": 1
      }
    ],
    "type_tags": ["Electronic", "Vibrational"],
    "reversible": false
  },
  "threshold": 9.86803,
  "data": [
    [9.86803, 0],
    [10, 0.0011762],
    [11, 0.00914675],
    [12, 0.00888282],
    [13, 0.0110932],
    [14, 0.0116534],
    [15, 0.0120696],
    [16, 0.0110205],
    [17, 0.0109087],
    [18, 0.01127],
    [19, 0.0119018],
    [20, 0.0118871],
    [22, 0.0120013],
    [25, 0.0130027],
    [30, 0.0141255],
    [40, 0.0136961],
    [50, 0.0148826],
    [60, 0.0148722],
    [70, 0.0147995],
    [80, 0.0136631],
    [100, 0.0118672],
    [120, 0.010473],
    [140, 0.00955139],
    [160, 0.00872952]
  ]
}