{
  "reaction": {
    "lhs": [
      { "state": { "particle": "e", "charge": -1 }, "count": 1 },
      {
        "state": {
          "particle": "H2",
          "charge": 0,
          "descriptor": {
            "type": 1,
            "accuracy": 2,
            "e": "X",
            "Lambda": 0,
            "S": 0,
            "parity": "g",
            "v": 12
          }
        },
        "count": 1
      }
    ],
    "rhs": [
      { "state": { "particle": "e", "charge": -1 }, "count": 1 },
      {
        "state": {
          "particle": "H2",
          "charge": 0,
          "descriptor": { "type": 1, "accuracy": 2, "e": "J", "Lambda": 2, "S": 0, "parity": "g", "v": 9 }
        },
        "count": 1
      }
    ],
    "type_tags": ["Electronic", "Vibrational"],
    "reversible": false
  },
  "threshold": 11.622,
  "data": [
    [11.622, 0],
    [12, 0.0000185145],
    [13, 0.00002501],
    [14, 5.95913e-7],
    [15, 0.0000385096],
    [16, 0.0000114009],
    [17, 0.00000846205],
    [18, 9.51714e-7],
    [19, 1.19406e-7],
    [20, 0.0000142779],
    [22, 0.00000857679],
    [25, 8.67754e-9],
    [30, 1.93015e-7],
    [40, 0.00000211637],
    [50, 0.00000377037],
    [60, 0.00000376836],
    [70, 0.00000375431],
    [80, 0.00000460234],
    [100, 0.00000456448],
    [120, 0.00000361308],
    [140, 0.00000318019],
    [160, 0.00000285369]
  ]
}