{
  "reaction": {
    "lhs": [
      { "state": { "particle": "e", "charge": -1 }, "count": 1 },
      {
        "state": {
          "particle": "H2",
          "charge": 0,
          "descriptor": {
            "type": 1,
            "accuracy": 2,
            "e": "X",
            "Lambda": 0,
            "S": 0,
            "parity": "g",
            "v": 12
          }
        },
        "count": 1
      }
    ],
    "rhs": [
      { "state": { "particle": "e", "charge": -1 }, "count": 1 },
      {
        "state": {
          "particle": "H2",
          "charge": 0,
          "descriptor": {
            "type": 1,
            "accuracy": 2,
            "e": "a",
            "Lambda": 0,
            "S": 1,
            "parity": "g",
            "v": 11
          }
        },
        "count": 1
      }
    ],
    "type_tags": ["Electronic", "Vibrational"],
    "reversible": false
  },
  "threshold": 10.0839,
  "data": [
    [10.0839, 0],
    [11, 0.00153484],
    [12, 0.00123281],
    [13, 0.00162387],
    [14, 0.00145645],
    [15, 0.00134041],
    [16, 0.000914366],
    [17, 0.000588863],
    [18, 0.000557706],
    [19, 0.000546464],
    [20, 0.000544002],
    [22, 0.000510303],
    [25, 0.000385215],
    [30, 0.000183052],
    [40, 0.000118253],
    [50, 0.0000910989],
    [60, 0.0000700457],
    [70, 0.0000475066],
    [80, 0.0000296609],
    [100, 0.0000131699],
    [120, 0.00000834182],
    [140, 0.00000639503],
    [160, 0.00000490355]
  ]
}