{
  "reaction": {
    "lhs": [
      { "state": { "particle": "e", "charge": -1 }, "count": 1 },
      {
        "state": {
          "particle": "H2",
          "charge": 0,
          "descriptor": {
            "type": 1,
            "accuracy": 2,
            "e": "X",
            "Lambda": 0,
            "S": 0,
            "parity": "g",
            "v": 12
          }
        },
        "count": 1
      }
    ],
    "rhs": [
      { "state": { "particle": "e", "charge": -1 }, "count": 1 },
      {
        "state": {
          "particle": "H2",
          "charge": 0,
          "descriptor": {
            "type": 1,
            "accuracy": 2,
            "e": "B",
            "Lambda": 0,
            "S": 0,
            "parity": "u",
            "v": 26
          }
        },
        "count": 1
      }
    ],
    "type_tags": ["Electronic", "Vibrational"],
    "reversible": false
  },
  "threshold": 9.94087,
  "data": [
    [9.94087, 0],
    [10, 0.0002649],
    [11, 0.00129536],
    [12, 0.00215828],
    [13, 0.00283555],
    [14, 0.00340906],
    [15, 0.0039079],
    [16, 0.00433721],
    [17, 0.00470322],
    [18, 0.00501213],
    [19, 0.00527021],
    [20, 0.00548369],
    [22, 0.00580186],
    [25, 0.00610073],
    [30, 0.00642298],
    [40, 0.0067303],
    [50, 0.00662688],
    [60, 0.00647678],
    [70, 0.00633415],
    [80, 0.00617826],
    [100, 0.00575065],
    [120, 0.00525302],
    [140, 0.0047962],
    [160, 0.00439794]
  ]
}