{
  "reaction": {
    "lhs": [
      { "state": { "particle": "e", "charge": -1 }, "count": 1 },
      {
        "state": {
          "particle": "H2",
          "charge": 0,
          "descriptor": {
            "type": 1,
            "accuracy": 2,
            "e": "X",
            "Lambda": 0,
            "S": 0,
            "parity": "g",
            "v": 12
          }
        },
        "count": 1
      }
    ],
    "rhs": [
      { "state": { "particle": "e", "charge": -1 }, "count": 1 },
      {
        "state": {
          "particle": "H2",
          "charge": 0,
          "descriptor": { "type": 1, "accuracy": 2, "e": "a", "Lambda": 0, "S": 1, "parity": "g", "v": 6 }
        },
        "count": 1
      }
    ],
    "type_tags": ["Electronic", "Vibrational"],
    "reversible": false
  },
  "threshold": 9.17331,
  "data": [
    [9.17331, 0],
    [10, 0.001117],
    [11, 0.0019781],
    [12, 0.00114768],
    [13, 0.000622327],
    [14, 0.000428523],
    [15, 0.000443093],
    [16, 0.000442792],
    [17, 0.000440684],
    [18, 0.000391402],
    [19, 0.000297125],
    [20, 0.000227372],
    [22, 0.000171941],
    [25, 0.000128673],
    [30, 0.000111465],
    [40, 0.000117215],
    [50, 0.0000786337],
    [60, 0.0000309339],
    [70, 0.0000208833],
    [80, 0.0000186534],
    [100, 0.0000113181],
    [120, 0.00000564275],
    [140, 0.00000398834],
    [160, 0.00000272884]
  ]
}