{
  "reaction": {
    "lhs": [
      { "state": { "particle": "e", "charge": -1 }, "count": 1 },
      {
        "state": {
          "particle": "H2",
          "charge": 0,
          "descriptor": { "type": 1, "accuracy": 2, "e": "X", "Lambda": 0, "S": 0, "parity": "g", "v": 4 }
        },
        "count": 1
      }
    ],
    "rhs": [
      { "state": { "particle": "e", "charge": -1 }, "count": 1 },
      {
        "state": {
          "particle": "H2",
          "charge": 0,
          "descriptor": { "type": 1, "accuracy": 2, "e": "j", "Lambda": 2, "S": 1, "parity": "g", "v": 1 }
        },
        "count": 1
      }
    ],
    "type_tags": ["Electronic", "Vibrational"],
    "reversible": false
  },
  "threshold": 12.3215,
  "data": [
    [12.3215, 0],
    [13, 0.0079341],
    [14, 0.00961522],
    [15, 0.0113793],
    [16, 0.00979098],
    [17, 0.00752212],
    [18, 0.00642184],
    [19, 0.00569991],
    [20, 0.00514144],
    [22, 0.00418503],
    [25, 0.0031776],
    [30, 0.0021099],
    [40, 0.0013435],
    [50, 0.00092044],
    [60, 0.000630718],
    [70, 0.000337483],
    [80, 0.000164628],
    [100, 0.000103659],
    [120, 0.0000924704],
    [140, 0.000083724],
    [160, 0.000074284]
  ]
}