{
  "reaction": {
    "lhs": [
      { "state": { "particle": "e", "charge": -1 }, "count": 1 },
      {
        "state": {
          "particle": "H2",
          "charge": 0,
          "descriptor": { "type": 1, "accuracy": 2, "e": "X", "Lambda": 0, "S": 0, "parity": "g", "v": 4 }
        },
        "count": 1
      }
    ],
    "rhs": [
      { "state": { "particle": "e", "charge": -1 }, "count": 1 },
      {
        "state": {
          "particle": "H2",
          "charge": 0,
          "descriptor": { "type": 1, "accuracy": 2, "e": "d", "Lambda": 1, "S": 1, "parity": "u", "v": 0 }
        },
        "count": 1
      }
    ],
    "type_tags": ["Electronic", "Vibrational"],
    "reversible": false
  },
  "threshold": 11.9634,
  "data": [
    [11.9634, 0],
    [12, 0.00546108],
    [13, 0.009148],
    [14, 0.00862631],
    [15, 0.00764534],
    [16, 0.00652567],
    [17, 0.00547378],
    [18, 0.00482779],
    [19, 0.00438366],
    [20, 0.00403312],
    [22, 0.00344198],
    [25, 0.00281139],
    [30, 0.00203872],
    [40, 0.00082908],
    [50, 0.000601193],
    [60, 0.00055463],
    [70, 0.000423239],
    [80, 0.00026732],
    [100, 0.000131325],
    [120, 0.0000782664],
    [140, 0.000056109],
    [160, 0.000039211]
  ]
}