{
  "reaction": {
    "lhs": [
      { "state": { "particle": "e", "charge": -1 }, "count": 1 },
      {
        "state": {
          "particle": "H2",
          "charge": 0,
          "descriptor": { "type": 1, "accuracy": 2, "e": "X", "Lambda": 0, "S": 0, "parity": "g", "v": 4 }
        },
        "count": 1
      }
    ],
    "rhs": [
      { "state": { "particle": "e", "charge": -1 }, "count": 1 },
      {
        "state": {
          "particle": "H2",
          "charge": 0,
          "descriptor": {
            "type": 1,
            "accuracy": 2,
            "e": "B",
            "Lambda": 0,
            "S": 0,
            "parity": "u",
            "v": 13
          }
        },
        "count": 1
      }
    ],
    "type_tags": ["Electronic", "Vibrational"],
    "reversible": false
  },
  "threshold": 11.0983,
  "data": [
    [11.0983, 0],
    [12, 0.000115163],
    [13, 0.000150219],
    [14, 0.000154774],
    [15, 0.000146342],
    [16, 0.000143339],
    [17, 0.000146897],
    [18, 0.000149297],
    [19, 0.000151313],
    [20, 0.00015819],
    [22, 0.000179495],
    [25, 0.000185098],
    [30, 0.000188483],
    [40, 0.000182576],
    [50, 0.000179879],
    [60, 0.000173238],
    [70, 0.000163911],
    [80, 0.000154496],
    [100, 0.0001388],
    [120, 0.000126402],
    [140, 0.000115663],
    [160, 0.000106173]
  ]
}