{
  "reaction": {
    "lhs": [
      { "state": { "particle": "e", "charge": -1 }, "count": 1 },
      {
        "state": {
          "particle": "H2",
          "charge": 0,
          "descriptor": { "type": 1, "accuracy": 2, "e": "X", "Lambda": 0, "S": 0, "parity": "g", "v": 4 }
        },
        "count": 1
      }
    ],
    "rhs": [
      { "state": { "particle": "e", "charge": -1 }, "count": 1 },
      {
        "state": {
          "particle": "H2",
          "charge": 0,
          "descriptor": { "type": 1, "accuracy": 2, "e": "g", "Lambda": 0, "S": 1, "parity": "g", "v": 4 }
        },
        "count": 1
      }
    ],
    "type_tags": ["Electronic", "Vibrational"],
    "reversible": false
  },
  "threshold": 13.0468,
  "data": [
    [13.0468, 0],
    [14, 0.00197888],
    [15, 0.0022679],
    [16, 0.00206066],
    [17, 0.00173849],
    [18, 0.00151414],
    [19, 0.00131301],
    [20, 0.00115347],
    [22, 0.000925525],
    [25, 0.000694578],
    [30, 0.00045074],
    [40, 0.000221111],
    [50, 0.000171645],
    [60, 0.00016102],
    [70, 0.000112129],
    [80, 0.0000599485],
    [100, 0.0000396488],
    [120, 0.0000354043],
    [140, 0.0000310907],
    [160, 0.0000269958]
  ]
}