{
  "reaction": {
    "lhs": [
      { "state": { "particle": "e", "charge": -1 }, "count": 1 },
      {
        "state": {
          "particle": "H2",
          "charge": 0,
          "descriptor": { "type": 1, "accuracy": 2, "e": "X", "Lambda": 0, "S": 0, "parity": "g", "v": 4 }
        },
        "count": 1
      }
    ],
    "rhs": [
      { "state": { "particle": "e", "charge": -1 }, "count": 1 },
      {
        "state": {
          "particle": "H2",
          "charge": 0,
          "descriptor": {
            "type": 1,
            "accuracy": 2,
            "e": "c",
            "Lambda": 1,
            "S": 1,
            "parity": "u",
            "v": 11
          }
        },
        "count": 1
      }
    ],
    "type_tags": ["Electronic", "Vibrational"],
    "reversible": false
  },
  "threshold": 12.2766,
  "data": [
    [12.2766, 0],
    [13, 0.000504465],
    [14, 0.00207229],
    [15, 0.00144209],
    [16, 0.0014278],
    [17, 0.00142567],
    [18, 0.00137843],
    [19, 0.00127717],
    [20, 0.00118167],
    [22, 0.00103901],
    [25, 0.000836985],
    [30, 0.000540819],
    [40, 0.000115643],
    [50, 0.0000531886],
    [60, 0.0000413766],
    [70, 0.0000348243],
    [80, 0.0000303054],
    [100, 0.0000166496],
    [120, 0.00000744395],
    [140, 0.00000536018],
    [160, 0.0000037637]
  ]
}