{
  "reaction": {
    "lhs": [
      { "state": { "particle": "e", "charge": -1 }, "count": 1 },
      {
        "state": {
          "particle": "H2",
          "charge": 0,
          "descriptor": { "type": 1, "accuracy": 2, "e": "X", "Lambda": 0, "S": 0, "parity": "g", "v": 4 }
        },
        "count": 1
      }
    ],
    "rhs": [
      { "state": { "particle": "e", "charge": -1 }, "count": 1 },
      {
        "state": {
          "particle": "H2",
          "charge": 0,
          "descriptor": {
            "type": 1,
            "accuracy": 2,
            "e": "H",
            "Lambda": 0,
            "S": 0,
            "parity": "g",
            "v": 27
          }
        },
        "count": 1
      }
    ],
    "type_tags": ["Electronic", "Vibrational"],
    "reversible": false
  },
  "threshold": 13.9462,
  "data": [
    [13.9462, 0],
    [14, 0.0000317305],
    [15, 0.0000750928],
    [16, 0.000113084],
    [17, 0.000127283],
    [18, 0.000128804],
    [19, 0.000127184],
    [20, 0.000125385],
    [22, 0.000120814],
    [25, 0.000117256],
    [30, 0.000116836],
    [40, 0.00010867],
    [50, 0.000105141],
    [60, 0.00010719],
    [70, 0.000108718],
    [80, 0.000105264],
    [100, 0.0000923344],
    [120, 0.000084747],
    [140, 0.0000773671],
    [160, 0.0000708392]
  ]
}