{
  "reaction": {
    "lhs": [
      { "state": { "particle": "e", "charge": -1 }, "count": 1 },
      {
        "state": {
          "particle": "H2",
          "charge": 0,
          "descriptor": { "type": 1, "accuracy": 2, "e": "X", "Lambda": 0, "S": 0, "parity": "g", "v": 4 }
        },
        "count": 1
      }
    ],
    "rhs": [
      { "state": { "particle": "e", "charge": -1 }, "count": 1 },
      {
        "state": {
          "particle": "H2",
          "charge": 0,
          "descriptor": { "type": 1, "accuracy": 2, "e": "c", "Lambda": 1, "S": 1, "parity": "u", "v": 7 }
        },
        "count": 1
      }
    ],
    "type_tags": ["Electronic", "Vibrational"],
    "reversible": false
  },
  "threshold": 11.605,
  "data": [
    [11.605, 0],
    [12, 0.0228896],
    [13, 0.0259732],
    [14, 0.0275894],
    [15, 0.0263488],
    [16, 0.0242462],
    [17, 0.0221],
    [18, 0.0204744],
    [19, 0.0190852],
    [20, 0.0178539],
    [22, 0.0155888],
    [25, 0.0125426],
    [30, 0.00843618],
    [40, 0.00392142],
    [50, 0.00227909],
    [60, 0.00167101],
    [70, 0.00117318],
    [80, 0.00091556],
    [100, 0.000471727],
    [120, 0.000257984],
    [140, 0.000185457],
    [160, 0.000130079]
  ]
}