{
  "reaction": {
    "lhs": [
      { "state": { "particle": "e", "charge": -1 }, "count": 1 },
      {
        "state": {
          "particle": "H2",
          "charge": 0,
          "descriptor": { "type": 1, "accuracy": 2, "e": "X", "Lambda": 0, "S": 0, "parity": "g", "v": 4 }
        },
        "count": 1
      }
    ],
    "rhs": [
      { "state": { "particle": "e", "charge": -1 }, "count": 1 },
      {
        "state": {
          "particle": "H2",
          "charge": 0,
          "descriptor": { "type": 1, "accuracy": 2, "e": "I", "Lambda": 1, "S": 0, "parity": "g", "v": 1 }
        },
        "count": 1
      }
    ],
    "type_tags": ["Electronic", "Vibrational"],
    "reversible": false
  },
  "threshold": 12.2504,
  "data": [
    [12.2504, 0],
    [13, 0.00394358],
    [14, 0.00944363],
    [15, 0.00940527],
    [16, 0.00969],
    [17, 0.0101191],
    [18, 0.0115575],
    [19, 0.0119903],
    [20, 0.0123619],
    [22, 0.0134617],
    [25, 0.0118188],
    [30, 0.010856],
    [40, 0.00956987],
    [50, 0.00886877],
    [60, 0.00812808],
    [70, 0.00740384],
    [80, 0.00676852],
    [100, 0.00563401],
    [120, 0.00479165],
    [140, 0.00417696],
    [160, 0.00371982]
  ]
}