{
  "reaction": {
    "lhs": [
      { "state": { "particle": "e", "charge": -1 }, "count": 1 },
      {
        "state": {
          "particle": "H2",
          "charge": 0,
          "descriptor": { "type": 1, "accuracy": 2, "e": "X", "Lambda": 0, "S": 0, "parity": "g", "v": 4 }
        },
        "count": 1
      }
    ],
    "rhs": [
      { "state": { "particle": "e", "charge": -1 }, "count": 1 },
      {
        "state": {
          "particle": "H2",
          "charge": 0,
          "descriptor": { "type": 1, "accuracy": 2, "e": "d", "Lambda": 1, "S": 1, "parity": "u", "v": 5 }
        },
        "count": 1
      }
    ],
    "type_tags": ["Electronic", "Vibrational"],
    "reversible": false
  },
  "threshold": 13.2037,
  "data": [
    [13.2037, 0],
    [14, 0.000145996],
    [15, 0.0000815883],
    [16, 0.0000395573],
    [17, 0.0000211794],
    [18, 0.0000276543],
    [19, 0.0000396791],
    [20, 0.000046154],
    [22, 0.0000442786],
    [25, 0.0000365856],
    [30, 0.0000222308],
    [40, 0.00000786262],
    [50, 0.00000559976],
    [60, 0.00000516323],
    [70, 0.00000446447],
    [80, 0.00000359917],
    [100, 0.0000020429],
    [120, 0.00000103316],
    [140, 7.40727e-7],
    [160, 5.17581e-7]
  ]
}