{
  "reaction": {
    "lhs": [
      { "state": { "particle": "e", "charge": -1 }, "count": 1 },
      {
        "state": {
          "particle": "H2",
          "charge": 0,
          "descriptor": { "type": 1, "accuracy": 2, "e": "X", "Lambda": 0, "S": 0, "parity": "g", "v": 4 }
        },
        "count": 1
      }
    ],
    "rhs": [
      { "state": { "particle": "e", "charge": -1 }, "count": 1 },
      {
        "state": {
          "particle": "H2",
          "charge": 0,
          "descriptor": {
            "type": 1,
            "accuracy": 2,
            "e": "EF",
            "Lambda": 0,
            "S": 0,
            "parity": "g",
            "v": 4
          }
        },
        "count": 1
      }
    ],
    "type_tags": ["Electronic", "Vibrational"],
    "reversible": false
  },
  "threshold": 10.7192,
  "data": [
    [10.7192, 0],
    [11, 0.0000370834],
    [12, 0.000128884],
    [13, 0.000119211],
    [14, 0.000138963],
    [15, 0.00016025],
    [16, 0.000161008],
    [17, 0.000163642],
    [18, 0.000179536],
    [19, 0.000189449],
    [20, 0.000190981],
    [22, 0.000192354],
    [25, 0.000190913],
    [30, 0.000190133],
    [40, 0.00018187],
    [50, 0.000177421],
    [60, 0.000175934],
    [70, 0.000173435],
    [80, 0.000171104],
    [100, 0.000152648],
    [120, 0.000125227],
    [140, 0.000109315],
    [160, 0.0000965848]
  ]
}