{
  "reaction": {
    "lhs": [
      { "state": { "particle": "e", "charge": -1 }, "count": 1 },
      {
        "state": {
          "particle": "H2",
          "charge": 0,
          "descriptor": { "type": 1, "accuracy": 2, "e": "X", "Lambda": 0, "S": 0, "parity": "g", "v": 4 }
        },
        "count": 1
      }
    ],
    "rhs": [
      { "state": { "particle": "e", "charge": -1 }, "count": 1 },
      {
        "state": {
          "particle": "H2",
          "charge": 0,
          "descriptor": {
            "type": 1,
            "accuracy": 2,
            "e": "EF",
            "Lambda": 0,
            "S": 0,
            "parity": "g",
            "v": 5
          }
        },
        "count": 1
      }
    ],
    "type_tags": ["Electronic", "Vibrational"],
    "reversible": false
  },
  "threshold": 10.852,
  "data": [
    [10.852, 0],
    [11, 0.00000489589],
    [12, 0.00000157715],
    [13, 0.0000016292],
    [14, 4.76012e-7],
    [15, 6.13096e-7],
    [16, 0.00000121463],
    [17, 0.0000012472],
    [18, 6.73974e-7],
    [19, 6.98082e-7],
    [20, 8.20257e-7],
    [22, 6.17613e-7],
    [25, 5.62763e-7],
    [30, 2.55411e-7],
    [40, 1.3402e-7],
    [50, 1.18461e-7],
    [60, 1.20461e-7],
    [70, 7.2545e-8],
    [80, 3.08441e-8],
    [100, 1.57849e-8],
    [120, 3.92933e-8],
    [140, 3.92249e-8],
    [160, 3.90247e-8]
  ]
}