{
  "reaction": {
    "lhs": [
      { "state": { "particle": "e", "charge": -1 }, "count": 1 },
      {
        "state": {
          "particle": "H2",
          "charge": 0,
          "descriptor": { "type": 1, "accuracy": 2, "e": "X", "Lambda": 0, "S": 0, "parity": "g", "v": 4 }
        },
        "count": 1
      }
    ],
    "rhs": [
      { "state": { "particle": "e", "charge": -1 }, "count": 1 },
      {
        "state": {
          "particle": "H2",
          "charge": 0,
          "descriptor": {
            "type": 1,
            "accuracy": 2,
            "e": "GK",
            "Lambda": 0,
            "S": 0,
            "parity": "g",
            "v": 6
          }
        },
        "count": 1
      }
    ],
    "type_tags": ["Electronic", "Vibrational"],
    "reversible": false
  },
  "threshold": 12.6141,
  "data": [
    [12.6141, 0],
    [13, 0.000198698],
    [14, 0.000401624],
    [15, 0.00109787],
    [16, 0.00106304],
    [17, 0.00112922],
    [18, 0.00123018],
    [19, 0.00118643],
    [20, 0.00123564],
    [22, 0.00133205],
    [25, 0.00112624],
    [30, 0.0011848],
    [40, 0.000936467],
    [50, 0.000750336],
    [60, 0.000865507],
    [70, 0.00107317],
    [80, 0.00128172],
    [100, 0.00113356],
    [120, 0.000944099],
    [140, 0.000793422],
    [160, 0.00067411]
  ]
}