{
  "reaction": {
    "lhs": [
      { "state": { "particle": "e", "charge": -1 }, "count": 1 },
      {
        "state": {
          "particle": "H2",
          "charge": 0,
          "descriptor": { "type": 1, "accuracy": 2, "e": "X", "Lambda": 0, "S": 0, "parity": "g", "v": 4 }
        },
        "count": 1
      }
    ],
    "rhs": [
      { "state": { "particle": "e", "charge": -1 }, "count": 1 },
      {
        "state": {
          "particle": "H2",
          "charge": 0,
          "descriptor": {
            "type": 1,
            "accuracy": 2,
            "e": "Bp",
            "Lambda": 0,
            "S": 0,
            "parity": "u",
            "v": 6
          }
        },
        "count": 1
      }
    ],
    "type_tags": ["Electronic", "Vibrational"],
    "reversible": false
  },
  "threshold": 12.7636,
  "data": [
    [12.7636, 0],
    [13, 0.000168132],
    [14, 0.000391438],
    [15, 0.000520324],
    [16, 0.00058294],
    [17, 0.000638688],
    [18, 0.000710637],
    [19, 0.000793028],
    [20, 0.000873522],
    [22, 0.000999449],
    [25, 0.00110025],
    [30, 0.00118151],
    [40, 0.00124543],
    [50, 0.00127108],
    [60, 0.00127519],
    [70, 0.00126055],
    [80, 0.00123606],
    [100, 0.0011521],
    [120, 0.00106434],
    [140, 0.000987048],
    [160, 0.000919679]
  ]
}