{
  "reaction": {
    "lhs": [
      { "state": { "particle": "e", "charge": -1 }, "count": 1 },
      {
        "state": {
          "particle": "H2",
          "charge": 0,
          "descriptor": { "type": 1, "accuracy": 2, "e": "X", "Lambda": 0, "S": 0, "parity": "g", "v": 4 }
        },
        "count": 1
      }
    ],
    "rhs": [
      { "state": { "particle": "e", "charge": -1 }, "count": 1 },
      {
        "state": {
          "particle": "H2",
          "charge": 0,
          "descriptor": { "type": 1, "accuracy": 2, "e": "B", "Lambda": 0, "S": 0, "parity": "u", "v": 5 }
        },
        "count": 1
      }
    ],
    "type_tags": ["Electronic", "Vibrational"],
    "reversible": false
  },
  "threshold": 10.0664,
  "data": [
    [10.0664, 0],
    [11, 0.00323822],
    [12, 0.00546139],
    [13, 0.00698064],
    [14, 0.00828695],
    [15, 0.00961671],
    [16, 0.010954],
    [17, 0.0122994],
    [18, 0.0136853],
    [19, 0.015008],
    [20, 0.0160859],
    [22, 0.0174448],
    [25, 0.0186429],
    [30, 0.0198602],
    [40, 0.0209334],
    [50, 0.0206344],
    [60, 0.0202093],
    [70, 0.0197968],
    [80, 0.0193468],
    [100, 0.0180477],
    [120, 0.0164928],
    [140, 0.0150599],
    [160, 0.0138108]
  ]
}