{
  "reaction": {
    "lhs": [
      { "state": { "particle": "e", "charge": -1 }, "count": 1 },
      {
        "state": {
          "particle": "H2",
          "charge": 0,
          "descriptor": { "type": 1, "accuracy": 2, "e": "X", "Lambda": 0, "S": 0, "parity": "g", "v": 4 }
        },
        "count": 1
      }
    ],
    "rhs": [
      { "state": { "particle": "e", "charge": -1 }, "count": 1 },
      {
        "state": {
          "particle": "H2",
          "charge": 0,
          "descriptor": {
            "type": 1,
            "accuracy": 2,
            "e": "c",
            "Lambda": 1,
            "S": 1,
            "parity": "u",
            "v": 14
          }
        },
        "count": 1
      }
    ],
    "type_tags": ["Electronic", "Vibrational"],
    "reversible": false
  },
  "threshold": 12.6122,
  "data": [
    [12.6122, 0],
    [13, 1.32578e-12],
    [14, 6.68841e-18],
    [15, 9.102e-12],
    [16, 6.33691e-12],
    [17, 3.57181e-12],
    [18, 3.63106e-12],
    [19, 3.74108e-12],
    [20, 3.80033e-12],
    [22, 3.57868e-12],
    [25, 2.73472e-12],
    [30, 1.66911e-12],
    [40, 0.0000369193],
    [50, 0.0000285969],
    [60, 0.0000166681],
    [70, 0.0000112662],
    [80, 0.00000806833],
    [100, 0.00000427358],
    [120, 0.00000283182],
    [140, 0.0000020351],
    [160, 0.00000143119]
  ]
}