{
  "reaction": {
    "lhs": [
      { "state": { "particle": "e", "charge": -1 }, "count": 1 },
      {
        "state": {
          "particle": "H2",
          "charge": 0,
          "descriptor": { "type": 1, "accuracy": 2, "e": "X", "Lambda": 0, "S": 0, "parity": "g", "v": 4 }
        },
        "count": 1
      }
    ],
    "rhs": [
      { "state": { "particle": "e", "charge": -1 }, "count": 1 },
      {
        "state": {
          "particle": "H2",
          "charge": 0,
          "descriptor": {
            "type": 1,
            "accuracy": 2,
            "e": "B",
            "Lambda": 0,
            "S": 0,
            "parity": "u",
            "v": 17
          }
        },
        "count": 1
      }
    ],
    "type_tags": ["Electronic", "Vibrational"],
    "reversible": false
  },
  "threshold": 11.527,
  "data": [
    [11.527, 0],
    [12, 0.00328817],
    [13, 0.00684938],
    [14, 0.00950068],
    [15, 0.0115423],
    [16, 0.0133614],
    [17, 0.0151048],
    [18, 0.0167995],
    [19, 0.0184548],
    [20, 0.0200229],
    [22, 0.0226362],
    [25, 0.0253031],
    [30, 0.0279933],
    [40, 0.0307284],
    [50, 0.0312627],
    [60, 0.0311228],
    [70, 0.0306458],
    [80, 0.0299609],
    [100, 0.0281703],
    [120, 0.0261433],
    [140, 0.0242203],
    [160, 0.0224627]
  ]
}