{
  "reaction": {
    "lhs": [
      { "state": { "particle": "e", "charge": -1 }, "count": 1 },
      {
        "state": {
          "particle": "H2",
          "charge": 0,
          "descriptor": { "type": 1, "accuracy": 2, "e": "X", "Lambda": 0, "S": 0, "parity": "g", "v": 4 }
        },
        "count": 1
      }
    ],
    "rhs": [
      { "state": { "particle": "e", "charge": -1 }, "count": 1 },
      {
        "state": {
          "particle": "H2",
          "charge": 0,
          "descriptor": {
            "type": 1,
            "accuracy": 2,
            "e": "EF",
            "Lambda": 0,
            "S": 0,
            "parity": "g",
            "v": 19
          }
        },
        "count": 1
      }
    ],
    "type_tags": ["Electronic", "Vibrational"],
    "reversible": false
  },
  "threshold": 12.0203,
  "data": [
    [12.0203, 0],
    [13, 0.00327803],
    [14, 0.00327278],
    [15, 0.00326816],
    [16, 0.00361848],
    [17, 0.00366393],
    [18, 0.00363182],
    [19, 0.00372594],
    [20, 0.00376298],
    [22, 0.00393986],
    [25, 0.00407371],
    [30, 0.00417397],
    [40, 0.00414065],
    [50, 0.00403156],
    [60, 0.00389797],
    [70, 0.00379317],
    [80, 0.00370726],
    [100, 0.00336017],
    [120, 0.00289543],
    [140, 0.0025901],
    [160, 0.00232515]
  ]
}