{
  "reaction": {
    "lhs": [
      { "state": { "particle": "e", "charge": -1 }, "count": 1 },
      {
        "state": {
          "particle": "H2",
          "charge": 0,
          "descriptor": { "type": 1, "accuracy": 2, "e": "X", "Lambda": 0, "S": 0, "parity": "g", "v": 4 }
        },
        "count": 1
      }
    ],
    "rhs": [
      { "state": { "particle": "e", "charge": -1 }, "count": 1 },
      {
        "state": {
          "particle": "H2",
          "charge": 0,
          "descriptor": {
            "type": 1,
            "accuracy": 2,
            "e": "g",
            "Lambda": 0,
            "S": 1,
            "parity": "g",
            "v": 15
          }
        },
        "count": 1
      }
    ],
    "type_tags": ["Electronic", "Vibrational"],
    "reversible": false
  },
  "threshold": 14.5984,
  "data": [
    [14.5984, 0],
    [15, 0.00000203362],
    [16, 0.00000626186],
    [17, 0.0000084252],
    [18, 0.00000793264],
    [19, 0.00000688432],
    [20, 0.00000592431],
    [22, 0.00000445713],
    [25, 0.00000228935],
    [30, 2.37239e-7],
    [40, 1.02829e-8],
    [50, 1.14325e-8],
    [60, 1.94739e-8],
    [70, 1.19368e-8],
    [80, 4.39961e-9],
    [100, 1.15011e-7],
    [120, 2.25622e-7],
    [140, 2.20566e-7],
    [160, 2.06586e-7]
  ]
}