{
  "reaction": {
    "lhs": [
      { "state": { "particle": "e", "charge": -1 }, "count": 1 },
      {
        "state": {
          "particle": "H2",
          "charge": 0,
          "descriptor": { "type": 1, "accuracy": 2, "e": "X", "Lambda": 0, "S": 0, "parity": "g", "v": 4 }
        },
        "count": 1
      }
    ],
    "rhs": [
      { "state": { "particle": "e", "charge": -1 }, "count": 1 },
      {
        "state": {
          "particle": "H2",
          "charge": 0,
          "descriptor": {
            "type": 1,
            "accuracy": 2,
            "e": "H",
            "Lambda": 0,
            "S": 0,
            "parity": "g",
            "v": 50
          }
        },
        "count": 1
      }
    ],
    "type_tags": ["Electronic", "Vibrational"],
    "reversible": false
  },
  "threshold": 14.5394,
  "data": [
    [14.5394, 0],
    [15, 0.0000358207],
    [16, 0.0000603687],
    [17, 0.0000649937],
    [18, 0.0000595332],
    [19, 0.0000535463],
    [20, 0.0000498806],
    [22, 0.0000466395],
    [25, 0.0000459897],
    [30, 0.0000485686],
    [40, 0.0000467402],
    [50, 0.0000433511],
    [60, 0.0000417899],
    [70, 0.0000420763],
    [80, 0.0000431269],
    [100, 0.0000382825],
    [120, 0.0000370005],
    [140, 0.0000348745],
    [160, 0.0000322216]
  ]
}