{
  "reaction": {
    "lhs": [
      { "state": { "particle": "e", "charge": -1 }, "count": 1 },
      {
        "state": {
          "particle": "H2",
          "charge": 0,
          "descriptor": { "type": 1, "accuracy": 2, "e": "X", "Lambda": 0, "S": 0, "parity": "g", "v": 4 }
        },
        "count": 1
      }
    ],
    "rhs": [
      { "state": { "particle": "e", "charge": -1 }, "count": 1 },
      {
        "state": {
          "particle": "H2",
          "charge": 0,
          "descriptor": {
            "type": 1,
            "accuracy": 2,
            "e": "D",
            "Lambda": 1,
            "S": 0,
            "parity": "u",
            "v": 15
          }
        },
        "count": 1
      }
    ],
    "type_tags": ["Electronic", "Vibrational"],
    "reversible": false
  },
  "threshold": 14.6298,
  "data": [
    [14.6298, 0],
    [15, 6.43025e-7],
    [16, 0.0000023682],
    [17, 0.00000408812],
    [18, 0.00000579904],
    [19, 0.00000749705],
    [20, 0.00000917818],
    [22, 0.0000124749],
    [25, 0.0000171984],
    [30, 0.0000242242],
    [40, 0.0000338696],
    [50, 0.0000377194],
    [60, 0.000039243],
    [70, 0.0000402784],
    [80, 0.0000403863],
    [100, 0.0000398302],
    [120, 0.0000385685],
    [140, 0.0000371523],
    [160, 0.0000357524]
  ]
}