{
  "reaction": {
    "lhs": [
      { "state": { "particle": "e", "charge": -1 }, "count": 1 },
      {
        "state": {
          "particle": "H2",
          "charge": 0,
          "descriptor": { "type": 1, "accuracy": 2, "e": "X", "Lambda": 0, "S": 0, "parity": "g", "v": 4 }
        },
        "count": 1
      }
    ],
    "rhs": [
      { "state": { "particle": "e", "charge": -1 }, "count": 1 },
      {
        "state": {
          "particle": "H2",
          "charge": 0,
          "descriptor": {
            "type": 1,
            "accuracy": 2,
            "e": "H",
            "Lambda": 0,
            "S": 0,
            "parity": "g",
            "v": 28
          }
        },
        "count": 1
      }
    ],
    "type_tags": ["Electronic", "Vibrational"],
    "reversible": false
  },
  "threshold": 13.9715,
  "data": [
    [13.9715, 0],
    [14, 0.000100624],
    [15, 0.000241054],
    [16, 0.000364843],
    [17, 0.000411159],
    [18, 0.000416145],
    [19, 0.000410835],
    [20, 0.000404828],
    [22, 0.000389363],
    [25, 0.000377675],
    [30, 0.000377427],
    [40, 0.000351257],
    [50, 0.00033925],
    [60, 0.000345597],
    [70, 0.00035084],
    [80, 0.00034044],
    [100, 0.000298572],
    [120, 0.000274532],
    [140, 0.000250764],
    [160, 0.000229569]
  ]
}