{
  "reaction": {
    "lhs": [
      { "state": { "particle": "e", "charge": -1 }, "count": 1 },
      {
        "state": {
          "particle": "H2",
          "charge": 0,
          "descriptor": { "type": 1, "accuracy": 2, "e": "X", "Lambda": 0, "S": 0, "parity": "g", "v": 4 }
        },
        "count": 1
      }
    ],
    "rhs": [
      { "state": { "particle": "e", "charge": -1 }, "count": 1 },
      {
        "state": {
          "particle": "H2",
          "charge": 0,
          "descriptor": { "type": 1, "accuracy": 2, "e": "H", "Lambda": 0, "S": 0, "parity": "g", "v": 2 }
        },
        "count": 1
      }
    ],
    "type_tags": ["Electronic", "Vibrational"],
    "reversible": false
  },
  "threshold": 12.6438,
  "data": [
    [12.6438, 0],
    [13, 0.000117507],
    [14, 0.000254533],
    [15, 0.000414887],
    [16, 0.000491558],
    [17, 0.000465549],
    [18, 0.000382722],
    [19, 0.000301627],
    [20, 0.000260131],
    [22, 0.000282343],
    [25, 0.00032703],
    [30, 0.000329947],
    [40, 0.000283802],
    [50, 0.000233487],
    [60, 0.000189515],
    [70, 0.000157045],
    [80, 0.000138306],
    [100, 0.000114739],
    [120, 0.0000957681],
    [140, 0.0000856341],
    [160, 0.0000784592]
  ]
}