{
  "reaction": {
    "lhs": [
      { "state": { "particle": "e", "charge": -1 }, "count": 1 },
      {
        "state": {
          "particle": "H2",
          "charge": 0,
          "descriptor": { "type": 1, "accuracy": 2, "e": "X", "Lambda": 0, "S": 0, "parity": "g", "v": 4 }
        },
        "count": 1
      }
    ],
    "rhs": [
      { "state": { "particle": "e", "charge": -1 }, "count": 1 },
      {
        "state": {
          "particle": "H2",
          "charge": 0,
          "descriptor": {
            "type": 1,
            "accuracy": 2,
            "e": "EF",
            "Lambda": 0,
            "S": 0,
            "parity": "g",
            "v": 23
          }
        },
        "count": 1
      }
    ],
    "type_tags": ["Electronic", "Vibrational"],
    "reversible": false
  },
  "threshold": 12.3146,
  "data": [
    [12.3146, 0],
    [13, 0.00190657],
    [14, 0.00179914],
    [15, 0.00168526],
    [16, 0.00177845],
    [17, 0.00181822],
    [18, 0.0018457],
    [19, 0.00184724],
    [20, 0.00182568],
    [22, 0.00194778],
    [25, 0.00209302],
    [30, 0.0021305],
    [40, 0.00211849],
    [50, 0.00206997],
    [60, 0.00198524],
    [70, 0.00192344],
    [80, 0.00186596],
    [100, 0.00168848],
    [120, 0.00149066],
    [140, 0.00134933],
    [160, 0.00122089]
  ]
}