{
  "reaction": {
    "lhs": [
      { "state": { "particle": "e", "charge": -1 }, "count": 1 },
      {
        "state": {
          "particle": "H2",
          "charge": 0,
          "descriptor": { "type": 1, "accuracy": 2, "e": "X", "Lambda": 0, "S": 0, "parity": "g", "v": 4 }
        },
        "count": 1
      }
    ],
    "rhs": [
      { "state": { "particle": "e", "charge": -1 }, "count": 1 },
      {
        "state": {
          "particle": "H2",
          "charge": 0,
          "descriptor": {
            "type": 1,
            "accuracy": 2,
            "e": "EF",
            "Lambda": 0,
            "S": 0,
            "parity": "g",
            "v": 20
          }
        },
        "count": 1
      }
    ],
    "type_tags": ["Electronic", "Vibrational"],
    "reversible": false
  },
  "threshold": 12.0974,
  "data": [
    [12.0974, 0],
    [13, 0.00311367],
    [14, 0.00311836],
    [15, 0.00303601],
    [16, 0.0033277],
    [17, 0.00336892],
    [18, 0.00336499],
    [19, 0.0034424],
    [20, 0.00346011],
    [22, 0.00364828],
    [25, 0.00381287],
    [30, 0.00389833],
    [40, 0.00387304],
    [50, 0.00377354],
    [60, 0.00364082],
    [70, 0.00354139],
    [80, 0.00345745],
    [100, 0.00313314],
    [120, 0.00271252],
    [140, 0.00243199],
    [160, 0.00218643]
  ]
}