{
  "reaction": {
    "lhs": [
      { "state": { "particle": "e", "charge": -1 }, "count": 1 },
      {
        "state": {
          "particle": "H2",
          "charge": 0,
          "descriptor": { "type": 1, "accuracy": 2, "e": "X", "Lambda": 0, "S": 0, "parity": "g", "v": 4 }
        },
        "count": 1
      }
    ],
    "rhs": [
      { "state": { "particle": "e", "charge": -1 }, "count": 1 },
      {
        "state": {
          "particle": "H2",
          "charge": 0,
          "descriptor": {
            "type": 1,
            "accuracy": 2,
            "e": "GK",
            "Lambda": 0,
            "S": 0,
            "parity": "g",
            "v": 4
          }
        },
        "count": 1
      }
    ],
    "type_tags": ["Electronic", "Vibrational"],
    "reversible": false
  },
  "threshold": 12.3715,
  "data": [
    [12.3715, 0],
    [13, 0.000446485],
    [14, 0.0010952],
    [15, 0.00102719],
    [16, 0.00113281],
    [17, 0.00115745],
    [18, 0.00141475],
    [19, 0.00164176],
    [20, 0.00191631],
    [22, 0.0018977],
    [25, 0.0016524],
    [30, 0.00154385],
    [40, 0.00126421],
    [50, 0.00112125],
    [60, 0.00121153],
    [70, 0.00136597],
    [80, 0.00150024],
    [100, 0.00133761],
    [120, 0.00111348],
    [140, 0.000923553],
    [160, 0.00077158]
  ]
}