{
  "reaction": {
    "lhs": [
      { "state": { "particle": "e", "charge": -1 }, "count": 1 },
      {
        "state": {
          "particle": "H2",
          "charge": 0,
          "descriptor": { "type": 1, "accuracy": 2, "e": "X", "Lambda": 0, "S": 0, "parity": "g", "v": 4 }
        },
        "count": 1
      }
    ],
    "rhs": [
      { "state": { "particle": "e", "charge": -1 }, "count": 1 },
      {
        "state": {
          "particle": "H2",
          "charge": 0,
          "descriptor": { "type": 1, "accuracy": 2, "e": "g", "Lambda": 0, "S": 1, "parity": "g", "v": 3 }
        },
        "count": 1
      }
    ],
    "type_tags": ["Electronic", "Vibrational"],
    "reversible": false
  },
  "threshold": 12.8091,
  "data": [
    [12.8091, 0],
    [13, 0.00348383],
    [14, 0.00762934],
    [15, 0.00735271],
    [16, 0.0066862],
    [17, 0.00588089],
    [18, 0.00500193],
    [19, 0.004091],
    [20, 0.00338538],
    [22, 0.00253348],
    [25, 0.00181976],
    [30, 0.00122623],
    [40, 0.000684516],
    [50, 0.000484079],
    [60, 0.00039081],
    [70, 0.000261922],
    [80, 0.000164729],
    [100, 0.0000921051],
    [120, 0.0000742261],
    [140, 0.0000535042],
    [160, 0.000038004]
  ]
}