{
  "reaction": {
    "lhs": [
      { "state": { "particle": "e", "charge": -1 }, "count": 1 },
      {
        "state": {
          "particle": "H2",
          "charge": 0,
          "descriptor": { "type": 1, "accuracy": 2, "e": "X", "Lambda": 0, "S": 0, "parity": "g", "v": 4 }
        },
        "count": 1
      }
    ],
    "rhs": [
      { "state": { "particle": "e", "charge": -1 }, "count": 1 },
      {
        "state": {
          "particle": "H2",
          "charge": 0,
          "descriptor": {
            "type": 1,
            "accuracy": 2,
            "e": "g",
            "Lambda": 0,
            "S": 1,
            "parity": "g",
            "v": 14
          }
        },
        "count": 1
      }
    ],
    "type_tags": ["Electronic", "Vibrational"],
    "reversible": false
  },
  "threshold": 14.5471,
  "data": [
    [14.5471, 0],
    [15, 0.00000157989],
    [16, 0.00000417421],
    [17, 0.00000541681],
    [18, 0.00000487333],
    [19, 0.00000375517],
    [20, 0.00000283072],
    [22, 0.00000180712],
    [25, 7.11941e-7],
    [30, 2.18137e-8],
    [40, 3.75945e-7],
    [50, 2.16705e-7],
    [60, 5.74644e-8],
    [70, 8.45716e-8],
    [80, 1.14862e-7],
    [100, 1.22301e-7],
    [120, 1.23374e-7],
    [140, 1.20702e-7],
    [160, 1.13315e-7]
  ]
}