{
  "reaction": {
    "lhs": [
      { "state": { "particle": "e", "charge": -1 }, "count": 1 },
      {
        "state": {
          "particle": "H2",
          "charge": 0,
          "descriptor": { "type": 1, "accuracy": 2, "e": "X", "Lambda": 0, "S": 0, "parity": "g", "v": 4 }
        },
        "count": 1
      }
    ],
    "rhs": [
      { "state": { "particle": "e", "charge": -1 }, "count": 1 },
      {
        "state": {
          "particle": "H2",
          "charge": 0,
          "descriptor": {
            "type": 1,
            "accuracy": 2,
            "e": "B",
            "Lambda": 0,
            "S": 0,
            "parity": "u",
            "v": 23
          }
        },
        "count": 1
      }
    ],
    "type_tags": ["Electronic", "Vibrational"],
    "reversible": false
  },
  "threshold": 12.072,
  "data": [
    [12.072, 0],
    [13, 0.00163743],
    [14, 0.00280301],
    [15, 0.00371624],
    [16, 0.00444339],
    [17, 0.00507295],
    [18, 0.00567711],
    [19, 0.00627443],
    [20, 0.00683142],
    [22, 0.00774504],
    [25, 0.00881388],
    [30, 0.0100714],
    [40, 0.0114458],
    [50, 0.0118905],
    [60, 0.0119785],
    [70, 0.0118597],
    [80, 0.0116253],
    [100, 0.0110133],
    [120, 0.0103232],
    [140, 0.00964856],
    [160, 0.00900918]
  ]
}