{
  "reaction": {
    "lhs": [
      { "state": { "particle": "e", "charge": -1 }, "count": 1 },
      {
        "state": {
          "particle": "H2",
          "charge": 0,
          "descriptor": { "type": 1, "accuracy": 2, "e": "X", "Lambda": 0, "S": 0, "parity": "g", "v": 4 }
        },
        "count": 1
      }
    ],
    "rhs": [
      { "state": { "particle": "e", "charge": -1 }, "count": 1 },
      {
        "state": {
          "particle": "H2",
          "charge": 0,
          "descriptor": {
            "type": 1,
            "accuracy": 2,
            "e": "H",
            "Lambda": 0,
            "S": 0,
            "parity": "g",
            "v": 22
          }
        },
        "count": 1
      }
    ],
    "type_tags": ["Electronic", "Vibrational"],
    "reversible": false
  },
  "threshold": 13.8368,
  "data": [
    [13.8368, 0],
    [14, 1.07151e-8],
    [15, 2.35261e-8],
    [16, 3.44191e-8],
    [17, 3.83473e-8],
    [18, 3.85729e-8],
    [19, 3.79655e-8],
    [20, 3.74673e-8],
    [22, 3.65686e-8],
    [25, 3.5668e-8],
    [30, 3.47693e-8],
    [40, 3.2193e-8],
    [50, 3.15121e-8],
    [60, 3.22254e-8],
    [70, 3.23997e-8],
    [80, 3.08279e-8],
    [100, 2.70752e-8],
    [120, 2.45274e-8],
    [140, 2.23268e-8],
    [160, 2.05069e-8]
  ]
}