{
  "reaction": {
    "lhs": [
      { "state": { "particle": "e", "charge": -1 }, "count": 1 },
      {
        "state": {
          "particle": "H2",
          "charge": 0,
          "descriptor": { "type": 1, "accuracy": 2, "e": "X", "Lambda": 0, "S": 0, "parity": "g", "v": 4 }
        },
        "count": 1
      }
    ],
    "rhs": [
      { "state": { "particle": "e", "charge": -1 }, "count": 1 },
      {
        "state": {
          "particle": "H2",
          "charge": 0,
          "descriptor": {
            "type": 1,
            "accuracy": 2,
            "e": "j",
            "Lambda": 2,
            "S": 1,
            "parity": "g",
            "v": 14
          }
        },
        "count": 1
      }
    ],
    "type_tags": ["Electronic", "Vibrational"],
    "reversible": false
  },
  "threshold": 14.5501,
  "data": [
    [14.5501, 0],
    [15, 0.00000372019],
    [16, 0.00000550193],
    [17, 0.00000577247],
    [18, 0.00000577858],
    [19, 0.00000575573],
    [20, 0.0000057399],
    [22, 0.0000055611],
    [25, 0.00000480867],
    [30, 0.00000324288],
    [40, 6.56512e-7],
    [50, 3.86694e-7],
    [60, 3.47914e-7],
    [70, 5.51964e-7],
    [80, 7.56013e-7],
    [100, 3.967e-7],
    [120, 3.21312e-8],
    [140, 2.27528e-8],
    [160, 1.5466e-8]
  ]
}