{
  "reaction": {
    "lhs": [
      { "state": { "particle": "e", "charge": -1 }, "count": 1 },
      {
        "state": {
          "particle": "H2",
          "charge": 0,
          "descriptor": { "type": 1, "accuracy": 2, "e": "X", "Lambda": 0, "S": 0, "parity": "g", "v": 4 }
        },
        "count": 1
      }
    ],
    "rhs": [
      { "state": { "particle": "e", "charge": -1 }, "count": 1 },
      {
        "state": {
          "particle": "H2",
          "charge": 0,
          "descriptor": { "type": 1, "accuracy": 2, "e": "C", "Lambda": 1, "S": 0, "parity": "u", "v": 3 }
        },
        "count": 1
      }
    ],
    "type_tags": ["Electronic", "Vibrational"],
    "reversible": false
  },
  "threshold": 11.2086,
  "data": [
    [11.2086, 0],
    [12, 0.023777],
    [13, 0.0424903],
    [14, 0.0570553],
    [15, 0.0696617],
    [16, 0.0819468],
    [17, 0.0943767],
    [18, 0.106736],
    [19, 0.118649],
    [20, 0.129833],
    [22, 0.149365],
    [25, 0.17098],
    [30, 0.192759],
    [40, 0.219171],
    [50, 0.234188],
    [60, 0.242224],
    [70, 0.242513],
    [80, 0.237795],
    [100, 0.225253],
    [120, 0.210748],
    [140, 0.197208],
    [160, 0.185275]
  ]
}