{
  "reaction": {
    "lhs": [
      { "state": { "particle": "e", "charge": -1 }, "count": 1 },
      {
        "state": {
          "particle": "H2",
          "charge": 0,
          "descriptor": { "type": 1, "accuracy": 2, "e": "X", "Lambda": 0, "S": 0, "parity": "g", "v": 4 }
        },
        "count": 1
      }
    ],
    "rhs": [
      { "state": { "particle": "e", "charge": -1 }, "count": 1 },
      {
        "state": {
          "particle": "H2",
          "charge": 0,
          "descriptor": {
            "type": 1,
            "accuracy": 2,
            "e": "B",
            "Lambda": 0,
            "S": 0,
            "parity": "u",
            "v": 28
          }
        },
        "count": 1
      }
    ],
    "type_tags": ["Electronic", "Vibrational"],
    "reversible": false
  },
  "threshold": 12.4404,
  "data": [
    [12.4404, 0],
    [13, 0.0000346796],
    [14, 0.0000740914],
    [15, 0.000103188],
    [16, 0.000121036],
    [17, 0.000134777],
    [18, 0.00015087],
    [19, 0.000168287],
    [20, 0.000182498],
    [22, 0.000201368],
    [25, 0.000236527],
    [30, 0.000287747],
    [40, 0.000357809],
    [50, 0.00039541],
    [60, 0.000410866],
    [70, 0.000410459],
    [80, 0.000402612],
    [100, 0.000387351],
    [120, 0.000373473],
    [140, 0.000357847],
    [160, 0.000340285]
  ]
}