{
  "reaction": {
    "lhs": [
      { "state": { "particle": "e", "charge": -1 }, "count": 1 },
      {
        "state": {
          "particle": "H2",
          "charge": 0,
          "descriptor": { "type": 1, "accuracy": 2, "e": "X", "Lambda": 0, "S": 0, "parity": "g", "v": 4 }
        },
        "count": 1
      }
    ],
    "rhs": [
      { "state": { "particle": "e", "charge": -1 }, "count": 1 },
      {
        "state": {
          "particle": "H2",
          "charge": 0,
          "descriptor": {
            "type": 1,
            "accuracy": 2,
            "e": "EF",
            "Lambda": 0,
            "S": 0,
            "parity": "g",
            "v": 28
          }
        },
        "count": 1
      }
    ],
    "type_tags": ["Electronic", "Vibrational"],
    "reversible": false
  },
  "threshold": 12.6223,
  "data": [
    [12.6223, 0],
    [13, 0.000295207],
    [14, 0.000243979],
    [15, 0.000202684],
    [16, 0.00017413],
    [17, 0.000185274],
    [18, 0.000197323],
    [19, 0.000186242],
    [20, 0.000165521],
    [22, 0.000171324],
    [25, 0.000193899],
    [30, 0.00020145],
    [40, 0.000198094],
    [50, 0.000193211],
    [60, 0.000183418],
    [70, 0.000173652],
    [80, 0.00016418],
    [100, 0.000147882],
    [120, 0.000139298],
    [140, 0.000129951],
    [160, 0.000119954]
  ]
}