{
  "reaction": {
    "lhs": [
      { "state": { "particle": "e", "charge": -1 }, "count": 1 },
      {
        "state": {
          "particle": "H2",
          "charge": 0,
          "descriptor": { "type": 1, "accuracy": 2, "e": "X", "Lambda": 0, "S": 0, "parity": "g", "v": 4 }
        },
        "count": 1
      }
    ],
    "rhs": [
      { "state": { "particle": "e", "charge": -1 }, "count": 1 },
      {
        "state": {
          "particle": "H2",
          "charge": 0,
          "descriptor": {
            "type": 1,
            "accuracy": 2,
            "e": "B",
            "Lambda": 0,
            "S": 0,
            "parity": "u",
            "v": 30
          }
        },
        "count": 1
      }
    ],
    "type_tags": ["Electronic", "Vibrational"],
    "reversible": false
  },
  "threshold": 12.5643,
  "data": [
    [12.5643, 0],
    [13, 0.00000108852],
    [14, 0.00000310783],
    [15, 0.00000561302],
    [16, 0.00000888198],
    [17, 0.0000118558],
    [18, 0.0000136588],
    [19, 0.000014987],
    [20, 0.000016986],
    [22, 0.0000223042],
    [25, 0.0000250056],
    [30, 0.0000238767],
    [40, 0.0000195831],
    [50, 0.0000154722],
    [60, 0.0000133572],
    [70, 0.0000126857],
    [80, 0.0000124747],
    [100, 0.0000109486],
    [120, 0.00000860621],
    [140, 0.0000066415],
    [160, 0.00000522895]
  ]
}