{
  "reaction": {
    "lhs": [
      { "state": { "particle": "e", "charge": -1 }, "count": 1 },
      {
        "state": {
          "particle": "H2",
          "charge": 0,
          "descriptor": { "type": 1, "accuracy": 2, "e": "X", "Lambda": 0, "S": 0, "parity": "g", "v": 4 }
        },
        "count": 1
      }
    ],
    "rhs": [
      { "state": { "particle": "e", "charge": -1 }, "count": 1 },
      {
        "state": {
          "particle": "H2",
          "charge": 0,
          "descriptor": { "type": 1, "accuracy": 2, "e": "a", "Lambda": 0, "S": 1, "parity": "g", "v": 9 }
        },
        "count": 1
      }
    ],
    "type_tags": ["Electronic", "Vibrational"],
    "reversible": false
  },
  "threshold": 12.1349,
  "data": [
    [12.1349, 0],
    [13, 0.000397697],
    [14, 0.00024668],
    [15, 0.000128303],
    [16, 0.0000892739],
    [17, 0.0000773481],
    [18, 0.0000631451],
    [19, 0.0000541134],
    [20, 0.0000474575],
    [22, 0.000036956],
    [25, 0.0000277765],
    [30, 0.0000190961],
    [40, 0.00000746479],
    [50, 0.00000242515],
    [60, 0.00000109016],
    [70, 0.00000199792],
    [80, 0.00000290568],
    [100, 0.00000229195],
    [120, 0.00000145869],
    [140, 0.00000107934],
    [160, 8.0533e-7]
  ]
}