{
  "reaction": {
    "lhs": [
      { "state": { "particle": "e", "charge": -1 }, "count": 1 },
      {
        "state": {
          "particle": "H2",
          "charge": 0,
          "descriptor": { "type": 1, "accuracy": 2, "e": "X", "Lambda": 0, "S": 0, "parity": "g", "v": 4 }
        },
        "count": 1
      }
    ],
    "rhs": [
      { "state": { "particle": "e", "charge": -1 }, "count": 1 },
      {
        "state": {
          "particle": "H2",
          "charge": 0,
          "descriptor": {
            "type": 1,
            "accuracy": 2,
            "e": "D",
            "Lambda": 1,
            "S": 0,
            "parity": "u",
            "v": 11
          }
        },
        "count": 1
      }
    ],
    "type_tags": ["Electronic", "Vibrational"],
    "reversible": false
  },
  "threshold": 14.306,
  "data": [
    [14.306, 0],
    [15, 0.00050631],
    [16, 0.000697012],
    [17, 0.000793983],
    [18, 0.000886148],
    [19, 0.00100328],
    [20, 0.0011351],
    [22, 0.00138926],
    [25, 0.00172289],
    [30, 0.0021536],
    [40, 0.00276802],
    [50, 0.00310383],
    [60, 0.00330118],
    [70, 0.00338971],
    [80, 0.00338861],
    [100, 0.00330479],
    [120, 0.00315589],
    [140, 0.00300318],
    [160, 0.00286189]
  ]
}