{
  "reaction": {
    "lhs": [
      { "state": { "particle": "e", "charge": -1 }, "count": 1 },
      {
        "state": {
          "particle": "H2",
          "charge": 0,
          "descriptor": { "type": 1, "accuracy": 2, "e": "X", "Lambda": 0, "S": 0, "parity": "g", "v": 4 }
        },
        "count": 1
      }
    ],
    "rhs": [
      { "state": { "particle": "e", "charge": -1 }, "count": 1 },
      {
        "state": {
          "particle": "H2",
          "charge": 0,
          "descriptor": {
            "type": 1,
            "accuracy": 2,
            "e": "H",
            "Lambda": 0,
            "S": 0,
            "parity": "g",
            "v": 58
          }
        },
        "count": 1
      }
    ],
    "type_tags": ["Electronic", "Vibrational"],
    "reversible": false
  },
  "threshold": 14.6585,
  "data": [
    [14.6585, 0],
    [15, 0.000016059],
    [16, 0.0000266351],
    [17, 0.0000263315],
    [18, 0.0000211559],
    [19, 0.0000167534],
    [20, 0.0000145197],
    [22, 0.0000137375],
    [25, 0.0000142105],
    [30, 0.0000151013],
    [40, 0.0000148408],
    [50, 0.0000136411],
    [60, 0.0000126277],
    [70, 0.0000124042],
    [80, 0.0000129549],
    [100, 0.000011706],
    [120, 0.000011594],
    [140, 0.000011254],
    [160, 0.0000105669]
  ]
}