{
  "reaction": {
    "lhs": [
      { "state": { "particle": "e", "charge": -1 }, "count": 1 },
      {
        "state": {
          "particle": "H2",
          "charge": 0,
          "descriptor": { "type": 1, "accuracy": 2, "e": "X", "Lambda": 0, "S": 0, "parity": "g", "v": 4 }
        },
        "count": 1
      }
    ],
    "rhs": [
      { "state": { "particle": "e", "charge": -1 }, "count": 1 },
      {
        "state": {
          "particle": "H2",
          "charge": 0,
          "descriptor": { "type": 1, "accuracy": 2, "e": "d", "Lambda": 1, "S": 1, "parity": "u", "v": 4 }
        },
        "count": 1
      }
    ],
    "type_tags": ["Electronic", "Vibrational"],
    "reversible": false
  },
  "threshold": 12.9852,
  "data": [
    [12.9852, 0],
    [13, 0.00182772],
    [14, 0.0070975],
    [15, 0.0067469],
    [16, 0.00581889],
    [17, 0.00493136],
    [18, 0.00458709],
    [19, 0.00448252],
    [20, 0.00436536],
    [22, 0.00392039],
    [25, 0.0031932],
    [30, 0.00210116],
    [40, 0.000855488],
    [50, 0.000562551],
    [60, 0.000497294],
    [70, 0.00039715],
    [80, 0.00029698],
    [100, 0.000159817],
    [120, 0.0000854958],
    [140, 0.0000613007],
    [160, 0.0000428396]
  ]
}