{
  "reaction": {
    "lhs": [
      { "state": { "particle": "e", "charge": -1 }, "count": 1 },
      {
        "state": {
          "particle": "H2",
          "charge": 0,
          "descriptor": { "type": 1, "accuracy": 2, "e": "X", "Lambda": 0, "S": 0, "parity": "g", "v": 4 }
        },
        "count": 1
      }
    ],
    "rhs": [
      { "state": { "particle": "e", "charge": -1 }, "count": 1 },
      {
        "state": {
          "particle": "H2",
          "charge": 0,
          "descriptor": { "type": 1, "accuracy": 2, "e": "H", "Lambda": 0, "S": 0, "parity": "g", "v": 3 }
        },
        "count": 1
      }
    ],
    "type_tags": ["Electronic", "Vibrational"],
    "reversible": false
  },
  "threshold": 12.8607,
  "data": [
    [12.8607, 0],
    [13, 0.00150086],
    [14, 0.00367971],
    [15, 0.00535213],
    [16, 0.00589872],
    [17, 0.00571888],
    [18, 0.00537612],
    [19, 0.00514276],
    [20, 0.0050409],
    [22, 0.00506258],
    [25, 0.00517249],
    [30, 0.005201],
    [40, 0.00453978],
    [50, 0.00427539],
    [60, 0.0044161],
    [70, 0.00447511],
    [80, 0.00416497],
    [100, 0.00361602],
    [120, 0.00309478],
    [140, 0.00275135],
    [160, 0.00251684]
  ]
}