{
  "reaction": {
    "lhs": [
      { "state": { "particle": "e", "charge": -1 }, "count": 1 },
      {
        "state": {
          "particle": "H2",
          "charge": 0,
          "descriptor": { "type": 1, "accuracy": 2, "e": "X", "Lambda": 0, "S": 0, "parity": "g", "v": 4 }
        },
        "count": 1
      }
    ],
    "rhs": [
      { "state": { "particle": "e", "charge": -1 }, "count": 1 },
      {
        "state": {
          "particle": "H2",
          "charge": 0,
          "descriptor": {
            "type": 1,
            "accuracy": 2,
            "e": "H",
            "Lambda": 0,
            "S": 0,
            "parity": "g",
            "v": 67
          }
        },
        "count": 1
      }
    ],
    "type_tags": ["Electronic", "Vibrational"],
    "reversible": false
  },
  "threshold": -29.7967,
  "data": [
    [29.7967, 0],
    [6, 1.8978e-7],
    [8, 2.19396e-7],
    [10, 2.53576e-7],
    [11, 2.72498e-7],
    [12, 2.92705e-7],
    [13, 0.00000159362],
    [14, 0.00000449566],
    [15, 0.00000804095],
    [16, 0.0000103713],
    [17, 0.0000080944],
    [18, 0.00000461795],
    [19, 0.00000210038],
    [20, 0.00000122844],
    [22, 0.00000134604],
    [25, 0.00000186974],
    [30, 0.00000197294],
    [40, 0.00000203727],
    [50, 0.00000186835],
    [60, 0.00000154141],
    [70, 0.00000136545],
    [80, 0.00000147716],
    [100, 0.00000141295],
    [120, 0.00000151186],
    [140, 0.00000162261],
    [160, 0.00000161314]
  ]
}