{
  "reaction": {
    "lhs": [
      { "state": { "particle": "e", "charge": -1 }, "count": 1 },
      {
        "state": {
          "particle": "H2",
          "charge": 0,
          "descriptor": { "type": 1, "accuracy": 2, "e": "X", "Lambda": 0, "S": 0, "parity": "g", "v": 4 }
        },
        "count": 1
      }
    ],
    "rhs": [
      { "state": { "particle": "e", "charge": -1 }, "count": 1 },
      {
        "state": {
          "particle": "H2",
          "charge": 0,
          "descriptor": {
            "type": 1,
            "accuracy": 2,
            "e": "a",
            "Lambda": 0,
            "S": 1,
            "parity": "g",
            "v": 16
          }
        },
        "count": 1
      }
    ],
    "type_tags": ["Electronic", "Vibrational"],
    "reversible": false
  },
  "threshold": 12.7755,
  "data": [
    [12.7755, 0],
    [13, 0.000442964],
    [14, 0.000527685],
    [15, 0.000426581],
    [16, 0.00035414],
    [17, 0.00030002],
    [18, 0.000262877],
    [19, 0.000237553],
    [20, 0.000216556],
    [22, 0.000176771],
    [25, 0.000127228],
    [30, 0.0000681201],
    [40, 0.0000316727],
    [50, 0.0000181774],
    [60, 0.0000132422],
    [70, 0.0000100234],
    [80, 0.00000882791],
    [100, 0.00000608704],
    [120, 0.00000433879],
    [140, 0.00000316264],
    [160, 0.0000022878]
  ]
}