{
  "reaction": {
    "lhs": [
      { "state": { "particle": "e", "charge": -1 }, "count": 1 },
      {
        "state": {
          "particle": "H2",
          "charge": 0,
          "descriptor": { "type": 1, "accuracy": 2, "e": "X", "Lambda": 0, "S": 0, "parity": "g", "v": 4 }
        },
        "count": 1
      }
    ],
    "rhs": [
      { "state": { "particle": "e", "charge": -1 }, "count": 1 },
      {
        "state": {
          "particle": "H2",
          "charge": 0,
          "descriptor": {
            "type": 1,
            "accuracy": 2,
            "e": "EF",
            "Lambda": 0,
            "S": 0,
            "parity": "g",
            "v": 8
          }
        },
        "count": 1
      }
    ],
    "type_tags": ["Electronic", "Vibrational"],
    "reversible": false
  },
  "threshold": 11.0919,
  "data": [
    [11.0919, 0],
    [12, 0.002814],
    [13, 0.00415038],
    [14, 0.00359095],
    [15, 0.00418983],
    [16, 0.00447407],
    [17, 0.00458705],
    [18, 0.00479858],
    [19, 0.00501525],
    [20, 0.00511399],
    [22, 0.00517753],
    [25, 0.00525171],
    [30, 0.005236],
    [40, 0.00505014],
    [50, 0.00492216],
    [60, 0.00485735],
    [70, 0.00477129],
    [80, 0.00468725],
    [100, 0.00420104],
    [120, 0.0034991],
    [140, 0.00307856],
    [160, 0.00273446]
  ]
}