{
  "reaction": {
    "lhs": [
      { "state": { "particle": "e", "charge": -1 }, "count": 1 },
      {
        "state": {
          "particle": "H2",
          "charge": 0,
          "descriptor": { "type": 1, "accuracy": 2, "e": "X", "Lambda": 0, "S": 0, "parity": "g", "v": 4 }
        },
        "count": 1
      }
    ],
    "rhs": [
      { "state": { "particle": "e", "charge": -1 }, "count": 1 },
      {
        "state": {
          "particle": "H2",
          "charge": 0,
          "descriptor": {
            "type": 1,
            "accuracy": 2,
            "e": "j",
            "Lambda": 2,
            "S": 1,
            "parity": "g",
            "v": 13
          }
        },
        "count": 1
      }
    ],
    "type_tags": ["Electronic", "Vibrational"],
    "reversible": false
  },
  "threshold": 14.4687,
  "data": [
    [14.4687, 0],
    [15, 0.0000142421],
    [16, 0.000019429],
    [17, 0.0000201855],
    [18, 0.0000199292],
    [19, 0.0000193172],
    [20, 0.0000185851],
    [22, 0.0000169958],
    [25, 0.0000142151],
    [30, 0.00000964592],
    [40, 0.00000271794],
    [50, 0.00000191276],
    [60, 0.00000179687],
    [70, 0.00000187206],
    [80, 0.00000194725],
    [100, 0.00000110832],
    [120, 2.31199e-7],
    [140, 1.63227e-7],
    [160, 1.10668e-7]
  ]
}