{
  "reaction": {
    "lhs": [
      { "state": { "particle": "e", "charge": -1 }, "count": 1 },
      {
        "state": {
          "particle": "H2",
          "charge": 0,
          "descriptor": { "type": 1, "accuracy": 2, "e": "X", "Lambda": 0, "S": 0, "parity": "g", "v": 4 }
        },
        "count": 1
      }
    ],
    "rhs": [
      { "state": { "particle": "e", "charge": -1 }, "count": 1 },
      {
        "state": {
          "particle": "H2",
          "charge": 0,
          "descriptor": { "type": 1, "accuracy": 2, "e": "d", "Lambda": 1, "S": 1, "parity": "u", "v": 6 }
        },
        "count": 1
      }
    ],
    "type_tags": ["Electronic", "Vibrational"],
    "reversible": false
  },
  "threshold": 13.4081,
  "data": [
    [13.4081, 0],
    [14, 0.00110847],
    [15, 0.00140881],
    [16, 0.00150939],
    [17, 0.00153864],
    [18, 0.00146051],
    [19, 0.00129749],
    [20, 0.00115662],
    [22, 0.000987567],
    [25, 0.000792091],
    [30, 0.00054784],
    [40, 0.00023666],
    [50, 0.000148316],
    [60, 0.000126793],
    [70, 0.0000997613],
    [80, 0.0000774246],
    [100, 0.0000418899],
    [120, 0.0000220846],
    [140, 0.0000158365],
    [160, 0.000011068]
  ]
}