{
  "reaction": {
    "lhs": [
      { "state": { "particle": "e", "charge": -1 }, "count": 1 },
      {
        "state": {
          "particle": "H2",
          "charge": 0,
          "descriptor": { "type": 1, "accuracy": 2, "e": "X", "Lambda": 0, "S": 0, "parity": "g", "v": 4 }
        },
        "count": 1
      }
    ],
    "rhs": [
      { "state": { "particle": "e", "charge": -1 }, "count": 1 },
      {
        "state": {
          "particle": "H2",
          "charge": 0,
          "descriptor": {
            "type": 1,
            "accuracy": 2,
            "e": "B",
            "Lambda": 0,
            "S": 0,
            "parity": "u",
            "v": 21
          }
        },
        "count": 1
      }
    ],
    "type_tags": ["Electronic", "Vibrational"],
    "reversible": false
  },
  "threshold": 11.9029,
  "data": [
    [11.9029, 0],
    [12, 0.000953688],
    [13, 0.00351985],
    [14, 0.00558817],
    [15, 0.00719577],
    [16, 0.00852303],
    [17, 0.0097107],
    [18, 0.0108533],
    [19, 0.0119816],
    [20, 0.0130472],
    [22, 0.0148068],
    [25, 0.0167529],
    [30, 0.018935],
    [40, 0.0212546],
    [50, 0.0219044],
    [60, 0.0219712],
    [70, 0.0217165],
    [80, 0.0212745],
    [100, 0.0201044],
    [120, 0.0187737],
    [140, 0.0174877],
    [160, 0.016287]
  ]
}