{
  "reaction": {
    "lhs": [
      { "state": { "particle": "e", "charge": -1 }, "count": 1 },
      {
        "state": {
          "particle": "H2",
          "charge": 0,
          "descriptor": { "type": 1, "accuracy": 2, "e": "X", "Lambda": 0, "S": 0, "parity": "g", "v": 4 }
        },
        "count": 1
      }
    ],
    "rhs": [
      { "state": { "particle": "e", "charge": -1 }, "count": 1 },
      {
        "state": {
          "particle": "H2",
          "charge": 0,
          "descriptor": { "type": 1, "accuracy": 2, "e": "j", "Lambda": 2, "S": 1, "parity": "g", "v": 8 }
        },
        "count": 1
      }
    ],
    "type_tags": ["Electronic", "Vibrational"],
    "reversible": false
  },
  "threshold": 13.825,
  "data": [
    [13.825, 0],
    [14, 0.00065228],
    [15, 0.00074164],
    [16, 0.000744566],
    [17, 0.000744984],
    [18, 0.000719111],
    [19, 0.000663241],
    [20, 0.000609996],
    [22, 0.000526093],
    [25, 0.000401418],
    [30, 0.000238794],
    [40, 0.000156474],
    [50, 0.000116064],
    [60, 0.0000894864],
    [70, 0.0000589373],
    [80, 0.0000354994],
    [100, 0.0000177186],
    [120, 0.0000137068],
    [140, 0.00000974148],
    [160, 0.00000675133]
  ]
}