{
  "reaction": {
    "lhs": [
      { "state": { "particle": "e", "charge": -1 }, "count": 1 },
      {
        "state": {
          "particle": "H2",
          "charge": 0,
          "descriptor": { "type": 1, "accuracy": 2, "e": "X", "Lambda": 0, "S": 0, "parity": "g", "v": 4 }
        },
        "count": 1
      }
    ],
    "rhs": [
      { "state": { "particle": "e", "charge": -1 }, "count": 1 },
      {
        "state": {
          "particle": "H2",
          "charge": 0,
          "descriptor": {
            "type": 1,
            "accuracy": 2,
            "e": "H",
            "Lambda": 0,
            "S": 0,
            "parity": "g",
            "v": 35
          }
        },
        "count": 1
      }
    ],
    "type_tags": ["Electronic", "Vibrational"],
    "reversible": false
  },
  "threshold": 14.1476,
  "data": [
    [14.1476, 0],
    [15, 0.000117942],
    [16, 0.000186043],
    [17, 0.000210433],
    [18, 0.000211414],
    [19, 0.000206844],
    [20, 0.000202202],
    [22, 0.000191628],
    [25, 0.000185298],
    [30, 0.000189725],
    [40, 0.0001779],
    [50, 0.000169219],
    [60, 0.000170518],
    [70, 0.000173868],
    [80, 0.000171935],
    [100, 0.00015076],
    [120, 0.000140884],
    [140, 0.000129492],
    [160, 0.000118506]
  ]
}