{
  "reaction": {
    "lhs": [
      { "state": { "particle": "e", "charge": -1 }, "count": 1 },
      {
        "state": {
          "particle": "H2",
          "charge": 0,
          "descriptor": { "type": 1, "accuracy": 2, "e": "X", "Lambda": 0, "S": 0, "parity": "g", "v": 4 }
        },
        "count": 1
      }
    ],
    "rhs": [
      { "state": { "particle": "e", "charge": -1 }, "count": 1 },
      {
        "state": {
          "particle": "H2",
          "charge": 0,
          "descriptor": { "type": 1, "accuracy": 2, "e": "j", "Lambda": 2, "S": 1, "parity": "g", "v": 6 }
        },
        "count": 1
      }
    ],
    "type_tags": ["Electronic", "Vibrational"],
    "reversible": false
  },
  "threshold": 13.4683,
  "data": [
    [13.4683, 0],
    [14, 0.000144828],
    [15, 0.00022007],
    [16, 0.000284392],
    [17, 0.0003177],
    [18, 0.000289956],
    [19, 0.000233094],
    [20, 0.000186669],
    [22, 0.000140145],
    [25, 0.0000984247],
    [30, 0.0000629988],
    [40, 0.0000396092],
    [50, 0.0000244732],
    [60, 0.0000119397],
    [70, 0.00000769802],
    [80, 0.00000662076],
    [100, 0.0000037741],
    [120, 0.00000208918],
    [140, 0.00000148065],
    [160, 0.00000101796]
  ]
}