{
  "reaction": {
    "lhs": [
      { "state": { "particle": "e", "charge": -1 }, "count": 1 },
      {
        "state": {
          "particle": "H2",
          "charge": 0,
          "descriptor": { "type": 1, "accuracy": 2, "e": "X", "Lambda": 0, "S": 0, "parity": "g", "v": 4 }
        },
        "count": 1
      }
    ],
    "rhs": [
      { "state": { "particle": "e", "charge": -1 }, "count": 1 },
      {
        "state": {
          "particle": "H2",
          "charge": 0,
          "descriptor": {
            "type": 1,
            "accuracy": 2,
            "e": "B",
            "Lambda": 0,
            "S": 0,
            "parity": "u",
            "v": 12
          }
        },
        "count": 1
      }
    ],
    "type_tags": ["Electronic", "Vibrational"],
    "reversible": false
  },
  "threshold": 10.9824,
  "data": [
    [10.9824, 0],
    [11, 0.0000952789],
    [12, 0.000537961],
    [13, 0.000938916],
    [14, 0.00128334],
    [15, 0.00161275],
    [16, 0.00192288],
    [17, 0.00221635],
    [18, 0.00251511],
    [19, 0.00280629],
    [20, 0.00304944],
    [22, 0.00337808],
    [25, 0.00375227],
    [30, 0.00413595],
    [40, 0.00457105],
    [50, 0.00461704],
    [60, 0.00459225],
    [70, 0.00454515],
    [80, 0.00447042],
    [100, 0.00422133],
    [120, 0.00390658],
    [140, 0.00360679],
    [160, 0.00333653]
  ]
}