{
  "reaction": {
    "lhs": [
      { "state": { "particle": "e", "charge": -1 }, "count": 1 },
      {
        "state": {
          "particle": "H2",
          "charge": 0,
          "descriptor": { "type": 1, "accuracy": 2, "e": "X", "Lambda": 0, "S": 0, "parity": "g", "v": 4 }
        },
        "count": 1
      }
    ],
    "rhs": [
      { "state": { "particle": "e", "charge": -1 }, "count": 1 },
      {
        "state": {
          "particle": "H2",
          "charge": 0,
          "descriptor": { "type": 1, "accuracy": 2, "e": "c", "Lambda": 1, "S": 1, "parity": "u", "v": 5 }
        },
        "count": 1
      }
    ],
    "type_tags": ["Electronic", "Vibrational"],
    "reversible": false
  },
  "threshold": 11.1832,
  "data": [
    [11.1832, 0],
    [12, 0.00247907],
    [13, 0.00120237],
    [14, 0.00126069],
    [15, 0.00161834],
    [16, 0.00153761],
    [17, 0.00097761],
    [18, 0.000818822],
    [19, 0.000766072],
    [20, 0.00072684],
    [22, 0.000611732],
    [25, 0.000474554],
    [30, 0.000299479],
    [40, 0.000078292],
    [50, 0.0000412761],
    [60, 0.0000340028],
    [70, 0.0000258464],
    [80, 0.0000181857],
    [100, 0.00000906481],
    [120, 0.00000480696],
    [140, 0.00000345427],
    [160, 0.00000241973]
  ]
}