{
  "reaction": {
    "lhs": [
      { "state": { "particle": "e", "charge": -1 }, "count": 1 },
      {
        "state": {
          "particle": "H2",
          "charge": 0,
          "descriptor": { "type": 1, "accuracy": 2, "e": "X", "Lambda": 0, "S": 0, "parity": "g", "v": 4 }
        },
        "count": 1
      }
    ],
    "rhs": [
      { "state": { "particle": "e", "charge": -1 }, "count": 1 },
      {
        "state": {
          "particle": "H2",
          "charge": 0,
          "descriptor": {
            "type": 1,
            "accuracy": 2,
            "e": "GK",
            "Lambda": 0,
            "S": 0,
            "parity": "g",
            "v": 5
          }
        },
        "count": 1
      }
    ],
    "type_tags": ["Electronic", "Vibrational"],
    "reversible": false
  },
  "threshold": 12.4987,
  "data": [
    [12.4987, 0],
    [13, 0.0000107573],
    [14, 0.00000318464],
    [15, 0.000117832],
    [16, 0.000114244],
    [17, 0.000127849],
    [18, 0.000110117],
    [19, 0.0000694586],
    [20, 0.0000474893],
    [22, 0.0000581559],
    [25, 0.0000490242],
    [30, 0.0000667245],
    [40, 0.0000518084],
    [50, 0.0000370393],
    [60, 0.0000510436],
    [70, 0.0000788158],
    [80, 0.000112999],
    [100, 0.0000989318],
    [120, 0.0000833481],
    [140, 0.0000713605],
    [160, 0.0000620576]
  ]
}