{
  "reaction": {
    "lhs": [
      { "state": { "particle": "e", "charge": -1 }, "count": 1 },
      {
        "state": {
          "particle": "H2",
          "charge": 0,
          "descriptor": { "type": 1, "accuracy": 2, "e": "X", "Lambda": 0, "S": 0, "parity": "g", "v": 4 }
        },
        "count": 1
      }
    ],
    "rhs": [
      { "state": { "particle": "e", "charge": -1 }, "count": 1 },
      {
        "state": {
          "particle": "H2",
          "charge": 0,
          "descriptor": { "type": 1, "accuracy": 2, "e": "g", "Lambda": 0, "S": 1, "parity": "g", "v": 7 }
        },
        "count": 1
      }
    ],
    "type_tags": ["Electronic", "Vibrational"],
    "reversible": false
  },
  "threshold": 13.67,
  "data": [
    [13.67, 0],
    [14, 0.00125239],
    [15, 0.00152591],
    [16, 0.00146224],
    [17, 0.0013372],
    [18, 0.00118814],
    [19, 0.00102017],
    [20, 0.00088386],
    [22, 0.000704037],
    [25, 0.000517364],
    [30, 0.000322803],
    [40, 0.000187151],
    [50, 0.000124221],
    [60, 0.0000891324],
    [70, 0.0000595585],
    [80, 0.0000405625],
    [100, 0.0000205242],
    [120, 0.0000137703],
    [140, 0.00000987392],
    [160, 0.00000691707]
  ]
}