{
  "reaction": {
    "lhs": [
      { "state": { "particle": "e", "charge": -1 }, "count": 1 },
      {
        "state": {
          "particle": "H2",
          "charge": 0,
          "descriptor": { "type": 1, "accuracy": 2, "e": "X", "Lambda": 0, "S": 0, "parity": "g", "v": 4 }
        },
        "count": 1
      }
    ],
    "rhs": [
      { "state": { "particle": "e", "charge": -1 }, "count": 1 },
      {
        "state": {
          "particle": "H2",
          "charge": 0,
          "descriptor": {
            "type": 1,
            "accuracy": 2,
            "e": "GK",
            "Lambda": 0,
            "S": 0,
            "parity": "g",
            "v": 3
          }
        },
        "count": 1
      }
    ],
    "type_tags": ["Electronic", "Vibrational"],
    "reversible": false
  },
  "threshold": 12.2297,
  "data": [
    [12.2297, 0],
    [13, 0.00353313],
    [14, 0.00735291],
    [15, 0.00854986],
    [16, 0.00965986],
    [17, 0.00997806],
    [18, 0.0111839],
    [19, 0.0117653],
    [20, 0.0126631],
    [22, 0.0127135],
    [25, 0.0112633],
    [30, 0.0107947],
    [40, 0.00892068],
    [50, 0.00792382],
    [60, 0.00864958],
    [70, 0.00995623],
    [80, 0.0112636],
    [100, 0.00998873],
    [120, 0.0083723],
    [140, 0.00699626],
    [160, 0.00589517]
  ]
}