{
  "reaction": {
    "lhs": [
      { "state": { "particle": "e", "charge": -1 }, "count": 1 },
      {
        "state": {
          "particle": "H2",
          "charge": 0,
          "descriptor": { "type": 1, "accuracy": 2, "e": "X", "Lambda": 0, "S": 0, "parity": "g", "v": 4 }
        },
        "count": 1
      }
    ],
    "rhs": [
      { "state": { "particle": "e", "charge": -1 }, "count": 1 },
      {
        "state": {
          "particle": "H2",
          "charge": 0,
          "descriptor": {
            "type": 1,
            "accuracy": 2,
            "e": "H",
            "Lambda": 0,
            "S": 0,
            "parity": "g",
            "v": 46
          }
        },
        "count": 1
      }
    ],
    "type_tags": ["Electronic", "Vibrational"],
    "reversible": false
  },
  "threshold": 14.4427,
  "data": [
    [14.4427, 0],
    [15, 0.0000520349],
    [16, 0.0000868137],
    [17, 0.0000956633],
    [18, 0.0000910871],
    [19, 0.0000848022],
    [20, 0.0000805005],
    [22, 0.0000752896],
    [25, 0.0000734641],
    [30, 0.0000771746],
    [40, 0.0000736799],
    [50, 0.0000686991],
    [60, 0.0000671995],
    [70, 0.0000681034],
    [80, 0.0000691723],
    [100, 0.0000610741],
    [120, 0.0000584863],
    [140, 0.0000546331],
    [160, 0.00005026]
  ]
}