{
  "reaction": {
    "lhs": [
      { "state": { "particle": "e", "charge": -1 }, "count": 1 },
      {
        "state": {
          "particle": "H2",
          "charge": 0,
          "descriptor": { "type": 1, "accuracy": 2, "e": "X", "Lambda": 0, "S": 0, "parity": "g", "v": 4 }
        },
        "count": 1
      }
    ],
    "rhs": [
      { "state": { "particle": "e", "charge": -1 }, "count": 1 },
      {
        "state": {
          "particle": "H2",
          "charge": 0,
          "descriptor": {
            "type": 1,
            "accuracy": 2,
            "e": "a",
            "Lambda": 0,
            "S": 1,
            "parity": "g",
            "v": 18
          }
        },
        "count": 1
      }
    ],
    "type_tags": ["Electronic", "Vibrational"],
    "reversible": false
  },
  "threshold": 12.7859,
  "data": [
    [12.7859, 0],
    [13, 0.000211629],
    [14, 0.000222753],
    [15, 0.000186507],
    [16, 0.000153633],
    [17, 0.000126941],
    [18, 0.000110785],
    [19, 0.000100718],
    [20, 0.0000923799],
    [22, 0.0000756369],
    [25, 0.0000545119],
    [30, 0.0000290871],
    [40, 0.0000134284],
    [50, 0.00000767336],
    [60, 0.00000560121],
    [70, 0.00000424435],
    [80, 0.000003747],
    [100, 0.00000258814],
    [120, 0.00000184486],
    [140, 0.00000134484],
    [160, 9.72972e-7]
  ]
}