{
  "reaction": {
    "lhs": [
      { "state": { "particle": "e", "charge": -1 }, "count": 1 },
      {
        "state": {
          "particle": "H2",
          "charge": 0,
          "descriptor": { "type": 1, "accuracy": 2, "e": "X", "Lambda": 0, "S": 0, "parity": "g", "v": 4 }
        },
        "count": 1
      }
    ],
    "rhs": [
      { "state": { "particle": "e", "charge": -1 }, "count": 1 },
      {
        "state": {
          "particle": "H2",
          "charge": 0,
          "descriptor": {
            "type": 1,
            "accuracy": 2,
            "e": "g",
            "Lambda": 0,
            "S": 1,
            "parity": "g",
            "v": 11
          }
        },
        "count": 1
      }
    ],
    "type_tags": ["Electronic", "Vibrational"],
    "reversible": false
  },
  "threshold": 14.2862,
  "data": [
    [14.2862, 0],
    [15, 0.0000230199],
    [16, 0.0000372476],
    [17, 0.0000411469],
    [18, 0.0000397821],
    [19, 0.0000372474],
    [20, 0.0000358826],
    [22, 0.0000360012],
    [25, 0.0000364527],
    [30, 0.0000370227],
    [40, 0.0000250451],
    [50, 0.0000180124],
    [60, 0.0000131728],
    [70, 0.00000940228],
    [80, 0.00000676163],
    [100, 0.00000286376],
    [120, 0.00000109489],
    [140, 7.71117e-7],
    [160, 5.21552e-7]
  ]
}