{
  "reaction": {
    "lhs": [
      { "state": { "particle": "e", "charge": -1 }, "count": 1 },
      {
        "state": {
          "particle": "H2",
          "charge": 0,
          "descriptor": { "type": 1, "accuracy": 2, "e": "X", "Lambda": 0, "S": 0, "parity": "g", "v": 4 }
        },
        "count": 1
      }
    ],
    "rhs": [
      { "state": { "particle": "e", "charge": -1 }, "count": 1 },
      {
        "state": {
          "particle": "H2",
          "charge": 0,
          "descriptor": {
            "type": 1,
            "accuracy": 2,
            "e": "B",
            "Lambda": 0,
            "S": 0,
            "parity": "u",
            "v": 16
          }
        },
        "count": 1
      }
    ],
    "type_tags": ["Electronic", "Vibrational"],
    "reversible": false
  },
  "threshold": 11.4249,
  "data": [
    [11.4249, 0],
    [12, 0.00321653],
    [13, 0.00615881],
    [14, 0.00827453],
    [15, 0.00988626],
    [16, 0.0113534],
    [17, 0.0127879],
    [18, 0.0141822],
    [19, 0.0155358],
    [20, 0.0168156],
    [22, 0.0189414],
    [25, 0.0210624],
    [30, 0.0231783],
    [40, 0.0252855],
    [50, 0.0256464],
    [60, 0.0254808],
    [70, 0.0250577],
    [80, 0.0244757],
    [100, 0.0229757],
    [120, 0.0212904],
    [140, 0.0196992],
    [160, 0.0182514]
  ]
}