{
  "reaction": {
    "lhs": [
      { "state": { "particle": "e", "charge": -1 }, "count": 1 },
      {
        "state": {
          "particle": "H2",
          "charge": 0,
          "descriptor": { "type": 1, "accuracy": 2, "e": "X", "Lambda": 0, "S": 0, "parity": "g", "v": 4 }
        },
        "count": 1
      }
    ],
    "rhs": [
      { "state": { "particle": "e", "charge": -1 }, "count": 1 },
      {
        "state": {
          "particle": "H2",
          "charge": 0,
          "descriptor": {
            "type": 1,
            "accuracy": 2,
            "e": "B",
            "Lambda": 0,
            "S": 0,
            "parity": "u",
            "v": 26
          }
        },
        "count": 1
      }
    ],
    "type_tags": ["Electronic", "Vibrational"],
    "reversible": false
  },
  "threshold": 12.3025,
  "data": [
    [12.3025, 0],
    [13, 0.00028763],
    [14, 0.000552523],
    [15, 0.000758803],
    [16, 0.00091143],
    [17, 0.00103783],
    [18, 0.00116302],
    [19, 0.00128919],
    [20, 0.00140217],
    [22, 0.00157936],
    [25, 0.00182291],
    [30, 0.00212474],
    [40, 0.00248465],
    [50, 0.00263268],
    [60, 0.00267926],
    [70, 0.00266124],
    [80, 0.00260968],
    [100, 0.002486],
    [120, 0.00235183],
    [140, 0.00221631],
    [160, 0.00208222]
  ]
}