{
  "reaction": {
    "lhs": [
      { "state": { "particle": "e", "charge": -1 }, "count": 1 },
      {
        "state": {
          "particle": "H2",
          "charge": 0,
          "descriptor": { "type": 1, "accuracy": 2, "e": "X", "Lambda": 0, "S": 0, "parity": "g", "v": 4 }
        },
        "count": 1
      }
    ],
    "rhs": [
      { "state": { "particle": "e", "charge": -1 }, "count": 1 },
      {
        "state": {
          "particle": "H2",
          "charge": 0,
          "descriptor": {
            "type": 1,
            "accuracy": 2,
            "e": "j",
            "Lambda": 2,
            "S": 1,
            "parity": "g",
            "v": 11
          }
        },
        "count": 1
      }
    ],
    "type_tags": ["Electronic", "Vibrational"],
    "reversible": false
  },
  "threshold": 14.2566,
  "data": [
    [14.2566, 0],
    [15, 0.000195964],
    [16, 0.000212556],
    [17, 0.000214932],
    [18, 0.000213639],
    [19, 0.00020974],
    [20, 0.000203204],
    [22, 0.000183501],
    [25, 0.000144648],
    [30, 0.0000850208],
    [40, 0.0000373612],
    [50, 0.00002837],
    [60, 0.000026532],
    [70, 0.000021568],
    [80, 0.0000154118],
    [100, 0.00000787363],
    [120, 0.00000390764],
    [140, 0.00000276327],
    [160, 0.00000188781]
  ]
}