{
  "reaction": {
    "lhs": [
      { "state": { "particle": "e", "charge": -1 }, "count": 1 },
      {
        "state": {
          "particle": "H2",
          "charge": 0,
          "descriptor": { "type": 1, "accuracy": 2, "e": "X", "Lambda": 0, "S": 0, "parity": "g", "v": 4 }
        },
        "count": 1
      }
    ],
    "rhs": [
      { "state": { "particle": "e", "charge": -1 }, "count": 1 },
      {
        "state": {
          "particle": "H2",
          "charge": 0,
          "descriptor": {
            "type": 1,
            "accuracy": 2,
            "e": "H",
            "Lambda": 0,
            "S": 0,
            "parity": "g",
            "v": 64
          }
        },
        "count": 1
      }
    ],
    "type_tags": ["Electronic", "Vibrational"],
    "reversible": false
  },
  "threshold": 14.6789,
  "data": [
    [14.6789, 0],
    [15, 0.00000862094],
    [16, 0.0000135634],
    [17, 0.0000120048],
    [18, 0.00000802368],
    [19, 0.00000505846],
    [20, 0.0000037286],
    [22, 0.00000366587],
    [25, 0.00000423252],
    [30, 0.00000451458],
    [40, 0.00000455494],
    [50, 0.00000416222],
    [60, 0.00000363976],
    [70, 0.00000341746],
    [80, 0.00000363726],
    [100, 0.0000033789],
    [120, 0.00000347264],
    [140, 0.00000353878],
    [160, 0.00000341686]
  ]
}