{
  "reaction": {
    "lhs": [
      { "state": { "particle": "e", "charge": -1 }, "count": 1 },
      {
        "state": {
          "particle": "H2",
          "charge": 0,
          "descriptor": { "type": 1, "accuracy": 2, "e": "X", "Lambda": 0, "S": 0, "parity": "g", "v": 4 }
        },
        "count": 1
      }
    ],
    "rhs": [
      { "state": { "particle": "e", "charge": -1 }, "count": 1 },
      {
        "state": {
          "particle": "H2",
          "charge": 0,
          "descriptor": { "type": 1, "accuracy": 2, "e": "e", "Lambda": 0, "S": 1, "parity": "u", "v": 0 }
        },
        "count": 1
      }
    ],
    "type_tags": ["Electronic", "Vibrational"],
    "reversible": false
  },
  "threshold": 11.3341,
  "data": [
    [11.3341, 0],
    [12, 0.00806748],
    [13, 0.0105651],
    [14, 0.00963107],
    [15, 0.010015],
    [16, 0.00948007],
    [17, 0.00863859],
    [18, 0.00804491],
    [19, 0.00750131],
    [20, 0.00702469],
    [22, 0.00619099],
    [25, 0.00509271],
    [30, 0.00365426],
    [40, 0.00222277],
    [50, 0.00151007],
    [60, 0.00107524],
    [70, 0.000692753],
    [80, 0.000435242],
    [100, 0.000199996],
    [120, 0.000139809],
    [140, 0.000101157],
    [160, 0.0000717503]
  ]
}