{
  "reaction": {
    "lhs": [
      { "state": { "particle": "e", "charge": -1 }, "count": 1 },
      {
        "state": {
          "particle": "H2",
          "charge": 0,
          "descriptor": { "type": 1, "accuracy": 2, "e": "X", "Lambda": 0, "S": 0, "parity": "g", "v": 4 }
        },
        "count": 1
      }
    ],
    "rhs": [
      { "state": { "particle": "e", "charge": -1 }, "count": 1 },
      {
        "state": {
          "particle": "H2",
          "charge": 0,
          "descriptor": { "type": 1, "accuracy": 2, "e": "g", "Lambda": 0, "S": 1, "parity": "g", "v": 6 }
        },
        "count": 1
      }
    ],
    "type_tags": ["Electronic", "Vibrational"],
    "reversible": false
  },
  "threshold": 13.4771,
  "data": [
    [13.4771, 0],
    [14, 0.000859136],
    [15, 0.000963839],
    [16, 0.00095245],
    [17, 0.000901052],
    [18, 0.00078368],
    [19, 0.000633893],
    [20, 0.000515136],
    [22, 0.000378539],
    [25, 0.000256079],
    [30, 0.000159664],
    [40, 0.000102139],
    [50, 0.0000680141],
    [60, 0.000037247],
    [70, 0.0000243618],
    [80, 0.0000187262],
    [100, 0.00000904084],
    [120, 0.00000493643],
    [140, 0.0000035669],
    [160, 0.00000251915]
  ]
}