{
  "reaction": {
    "lhs": [
      { "state": { "particle": "e", "charge": -1 }, "count": 1 },
      {
        "state": {
          "particle": "H2",
          "charge": 0,
          "descriptor": { "type": 1, "accuracy": 2, "e": "X", "Lambda": 0, "S": 0, "parity": "g", "v": 4 }
        },
        "count": 1
      }
    ],
    "rhs": [
      { "state": { "particle": "e", "charge": -1 }, "count": 1 },
      {
        "state": {
          "particle": "H2",
          "charge": 0,
          "descriptor": { "type": 1, "accuracy": 2, "e": "J", "Lambda": 2, "S": 0, "parity": "g", "v": 1 }
        },
        "count": 1
      }
    ],
    "type_tags": ["Electronic", "Vibrational"],
    "reversible": false
  },
  "threshold": 12.3224,
  "data": [
    [12.3224, 0],
    [13, 0.00515145],
    [14, 0.00771561],
    [15, 0.00626193],
    [16, 0.00689744],
    [17, 0.00698336],
    [18, 0.00723202],
    [19, 0.00761282],
    [20, 0.00766757],
    [22, 0.00818411],
    [25, 0.00820566],
    [30, 0.00797983],
    [40, 0.00649645],
    [50, 0.00535875],
    [60, 0.00461448],
    [70, 0.00405789],
    [80, 0.00367095],
    [100, 0.00317246],
    [120, 0.00261164],
    [140, 0.0022477],
    [160, 0.00197067]
  ]
}