{
  "reaction": {
    "lhs": [
      { "state": { "particle": "e", "charge": -1 }, "count": 1 },
      {
        "state": {
          "particle": "H2",
          "charge": 0,
          "descriptor": { "type": 1, "accuracy": 2, "e": "X", "Lambda": 0, "S": 0, "parity": "g", "v": 4 }
        },
        "count": 1
      }
    ],
    "rhs": [
      { "state": { "particle": "e", "charge": -1 }, "count": 1 },
      {
        "state": {
          "particle": "H2",
          "charge": 0,
          "descriptor": { "type": 1, "accuracy": 2, "e": "c", "Lambda": 1, "S": 1, "parity": "u", "v": 4 }
        },
        "count": 1
      }
    ],
    "type_tags": ["Electronic", "Vibrational"],
    "reversible": false
  },
  "threshold": 10.9512,
  "data": [
    [10.9512, 0],
    [11, 0.0238832],
    [12, 0.0194417],
    [13, 0.0193316],
    [14, 0.0178975],
    [15, 0.015265],
    [16, 0.0140539],
    [17, 0.0133081],
    [18, 0.0124685],
    [19, 0.0116979],
    [20, 0.0109937],
    [22, 0.00967602],
    [25, 0.0078296],
    [30, 0.00527014],
    [40, 0.00239252],
    [50, 0.00143514],
    [60, 0.00112301],
    [70, 0.000758661],
    [80, 0.000529762],
    [100, 0.000259015],
    [120, 0.000157936],
    [140, 0.000113495],
    [160, 0.0000796164]
  ]
}