{
  "reaction": {
    "lhs": [
      { "state": { "particle": "e", "charge": -1 }, "count": 1 },
      {
        "state": {
          "particle": "H2",
          "charge": 0,
          "descriptor": { "type": 1, "accuracy": 2, "e": "X", "Lambda": 0, "S": 0, "parity": "g", "v": 4 }
        },
        "count": 1
      }
    ],
    "rhs": [
      { "state": { "particle": "e", "charge": -1 }, "count": 1 },
      {
        "state": {
          "particle": "H2",
          "charge": 0,
          "descriptor": { "type": 1, "accuracy": 2, "e": "a", "Lambda": 0, "S": 1, "parity": "g", "v": 1 }
        },
        "count": 1
      }
    ],
    "type_tags": ["Electronic", "Vibrational"],
    "reversible": false
  },
  "threshold": 10.2147,
  "data": [
    [10.2147, 0],
    [11, 0.086212],
    [12, 0.107891],
    [13, 0.0987032],
    [14, 0.0824307],
    [15, 0.0747884],
    [16, 0.0610654],
    [17, 0.0481617],
    [18, 0.0415988],
    [19, 0.0380185],
    [20, 0.0350657],
    [22, 0.0285692],
    [25, 0.0202014],
    [30, 0.0102363],
    [40, 0.00525761],
    [50, 0.00368849],
    [60, 0.00311793],
    [70, 0.00220796],
    [80, 0.00150023],
    [100, 0.000746749],
    [120, 0.000456802],
    [140, 0.000330651],
    [160, 0.000234507]
  ]
}