{
  "reaction": {
    "lhs": [
      { "state": { "particle": "e", "charge": -1 }, "count": 1 },
      {
        "state": {
          "particle": "H2",
          "charge": 0,
          "descriptor": { "type": 1, "accuracy": 2, "e": "X", "Lambda": 0, "S": 0, "parity": "g", "v": 4 }
        },
        "count": 1
      }
    ],
    "rhs": [
      { "state": { "particle": "e", "charge": -1 }, "count": 1 },
      {
        "state": {
          "particle": "H2",
          "charge": 0,
          "descriptor": {
            "type": 1,
            "accuracy": 2,
            "e": "B",
            "Lambda": 0,
            "S": 0,
            "parity": "u",
            "v": 11
          }
        },
        "count": 1
      }
    ],
    "type_tags": ["Electronic", "Vibrational"],
    "reversible": false
  },
  "threshold": 10.8629,
  "data": [
    [10.8629, 0],
    [11, 0.00102917],
    [12, 0.0040764],
    [13, 0.00653845],
    [14, 0.00838377],
    [15, 0.00998452],
    [16, 0.0115222],
    [17, 0.0130281],
    [18, 0.0145339],
    [19, 0.0159881],
    [20, 0.0172566],
    [22, 0.0190825],
    [25, 0.020906],
    [30, 0.0227978],
    [40, 0.0247343],
    [50, 0.0248563],
    [60, 0.0246034],
    [70, 0.0242206],
    [80, 0.0237087],
    [100, 0.0222549],
    [120, 0.0205392],
    [140, 0.018927],
    [160, 0.0174815]
  ]
}