{
  "reaction": {
    "lhs": [
      { "state": { "particle": "e", "charge": -1 }, "count": 1 },
      {
        "state": {
          "particle": "H2",
          "charge": 0,
          "descriptor": { "type": 1, "accuracy": 2, "e": "X", "Lambda": 0, "S": 0, "parity": "g", "v": 4 }
        },
        "count": 1
      }
    ],
    "rhs": [
      { "state": { "particle": "e", "charge": -1 }, "count": 1 },
      {
        "state": {
          "particle": "H2",
          "charge": 0,
          "descriptor": { "type": 1, "accuracy": 2, "e": "c", "Lambda": 1, "S": 1, "parity": "u", "v": 8 }
        },
        "count": 1
      }
    ],
    "type_tags": ["Electronic", "Vibrational"],
    "reversible": false
  },
  "threshold": 11.7948,
  "data": [
    [11.7948, 0],
    [12, 0.0155259],
    [13, 0.0195437],
    [14, 0.022939],
    [15, 0.022033],
    [16, 0.0204661],
    [17, 0.0188553],
    [18, 0.0176351],
    [19, 0.0165839],
    [20, 0.0156105],
    [22, 0.01369],
    [25, 0.0109322],
    [30, 0.00712514],
    [40, 0.00327888],
    [50, 0.00188146],
    [60, 0.0013724],
    [70, 0.000978165],
    [80, 0.000786772],
    [100, 0.000411759],
    [120, 0.000219286],
    [140, 0.000157667],
    [160, 0.000110603]
  ]
}