{
  "reaction": {
    "lhs": [
      { "state": { "particle": "e", "charge": -1 }, "count": 1 },
      {
        "state": {
          "particle": "H2",
          "charge": 0,
          "descriptor": { "type": 1, "accuracy": 2, "e": "X", "Lambda": 0, "S": 0, "parity": "g", "v": 4 }
        },
        "count": 1
      }
    ],
    "rhs": [
      { "state": { "particle": "e", "charge": -1 }, "count": 1 },
      {
        "state": {
          "particle": "H2",
          "charge": 0,
          "descriptor": { "type": 1, "accuracy": 2, "e": "h", "Lambda": 0, "S": 1, "parity": "g", "v": 0 }
        },
        "count": 1
      }
    ],
    "type_tags": ["Electronic", "Vibrational"],
    "reversible": false
  },
  "threshold": 11.9515,
  "data": [
    [11.9515, 0],
    [12, 0.00260248],
    [13, 0.00237112],
    [14, 0.00222735],
    [15, 0.00198938],
    [16, 0.00172026],
    [17, 0.0015157],
    [18, 0.00142246],
    [19, 0.00139099],
    [20, 0.00137251],
    [22, 0.00128407],
    [25, 0.00106978],
    [30, 0.000698744],
    [40, 0.000261111],
    [50, 0.000199298],
    [60, 0.00018773],
    [70, 0.000159446],
    [80, 0.000121984],
    [100, 0.0000664849],
    [120, 0.0000330629],
    [140, 0.0000233705],
    [160, 0.0000159682]
  ]
}