{
  "reaction": {
    "lhs": [
      { "state": { "particle": "e", "charge": -1 }, "count": 1 },
      {
        "state": {
          "particle": "H2",
          "charge": 0,
          "descriptor": { "type": 1, "accuracy": 2, "e": "X", "Lambda": 0, "S": 0, "parity": "g", "v": 4 }
        },
        "count": 1
      }
    ],
    "rhs": [
      { "state": { "particle": "e", "charge": -1 }, "count": 1 },
      {
        "state": {
          "particle": "H2",
          "charge": 0,
          "descriptor": {
            "type": 1,
            "accuracy": 2,
            "e": "B",
            "Lambda": 0,
            "S": 0,
            "parity": "u",
            "v": 32
          }
        },
        "count": 1
      }
    ],
    "type_tags": ["Electronic", "Vibrational"],
    "reversible": false
  },
  "threshold": 12.6713,
  "data": [
    [12.6713, 0],
    [13, 0.0000247595],
    [14, 0.0000669623],
    [15, 0.000105051],
    [16, 0.000140073],
    [17, 0.000169127],
    [18, 0.000191184],
    [19, 0.000210782],
    [20, 0.000232275],
    [22, 0.00027705],
    [25, 0.00031915],
    [30, 0.000355256],
    [40, 0.000379327],
    [50, 0.000375525],
    [60, 0.000369209],
    [70, 0.000363646],
    [80, 0.000357091],
    [100, 0.00033456],
    [120, 0.000305797],
    [140, 0.000279175],
    [160, 0.00025609]
  ]
}