{
  "reaction": {
    "lhs": [
      { "state": { "particle": "e", "charge": -1 }, "count": 1 },
      {
        "state": {
          "particle": "H2",
          "charge": 0,
          "descriptor": { "type": 1, "accuracy": 2, "e": "X", "Lambda": 0, "S": 0, "parity": "g", "v": 4 }
        },
        "count": 1
      }
    ],
    "rhs": [
      { "state": { "particle": "e", "charge": -1 }, "count": 1 },
      {
        "state": {
          "particle": "H2",
          "charge": 0,
          "descriptor": { "type": 1, "accuracy": 2, "e": "d", "Lambda": 1, "S": 1, "parity": "u", "v": 3 }
        },
        "count": 1
      }
    ],
    "type_tags": ["Electronic", "Vibrational"],
    "reversible": false
  },
  "threshold": 12.7525,
  "data": [
    [12.7525, 0],
    [13, 0.00767764],
    [14, 0.0144001],
    [15, 0.0143267],
    [16, 0.0136972],
    [17, 0.0120934],
    [18, 0.0106723],
    [19, 0.0100645],
    [20, 0.00924924],
    [22, 0.00734936],
    [25, 0.00611151],
    [30, 0.00456738],
    [40, 0.00198685],
    [50, 0.00125789],
    [60, 0.00108076],
    [70, 0.000828968],
    [80, 0.000608532],
    [100, 0.000319324],
    [120, 0.00017452],
    [140, 0.000125136],
    [160, 0.000087452]
  ]
}