{
  "reaction": {
    "lhs": [
      { "state": { "particle": "e", "charge": -1 }, "count": 1 },
      {
        "state": {
          "particle": "H2",
          "charge": 0,
          "descriptor": { "type": 1, "accuracy": 2, "e": "X", "Lambda": 0, "S": 0, "parity": "g", "v": 4 }
        },
        "count": 1
      }
    ],
    "rhs": [
      { "state": { "particle": "e", "charge": -1 }, "count": 1 },
      {
        "state": {
          "particle": "H2",
          "charge": 0,
          "descriptor": { "type": 1, "accuracy": 2, "e": "a", "Lambda": 0, "S": 1, "parity": "g", "v": 7 }
        },
        "count": 1
      }
    ],
    "type_tags": ["Electronic", "Vibrational"],
    "reversible": false
  },
  "threshold": 11.7514,
  "data": [
    [11.7514, 0],
    [12, 0.010731],
    [13, 0.0213884],
    [14, 0.018158],
    [15, 0.0149436],
    [16, 0.0126526],
    [17, 0.0108962],
    [18, 0.00954861],
    [19, 0.00851703],
    [20, 0.00766918],
    [22, 0.00620631],
    [25, 0.00446343],
    [30, 0.00242435],
    [40, 0.00100096],
    [50, 0.000572173],
    [60, 0.000464335],
    [70, 0.000364536],
    [80, 0.000308623],
    [100, 0.000198414],
    [120, 0.000129365],
    [140, 0.0000938896],
    [160, 0.0000672121]
  ]
}