{
  "reaction": {
    "lhs": [
      { "state": { "particle": "e", "charge": -1 }, "count": 1 },
      {
        "state": {
          "particle": "H2",
          "charge": 0,
          "descriptor": { "type": 1, "accuracy": 2, "e": "X", "Lambda": 0, "S": 0, "parity": "g", "v": 4 }
        },
        "count": 1
      }
    ],
    "rhs": [
      { "state": { "particle": "e", "charge": -1 }, "count": 1 },
      {
        "state": {
          "particle": "H2",
          "charge": 0,
          "descriptor": { "type": 1, "accuracy": 2, "e": "B", "Lambda": 0, "S": 0, "parity": "u", "v": 0 }
        },
        "count": 1
      }
    ],
    "type_tags": ["Electronic", "Vibrational"],
    "reversible": false
  },
  "threshold": 9.29106,
  "data": [
    [9.29106, 0],
    [10, 0.19336],
    [11, 0.344195],
    [12, 0.444844],
    [13, 0.507738],
    [14, 0.554971],
    [15, 0.59854],
    [16, 0.641955],
    [17, 0.686548],
    [18, 0.73154],
    [19, 0.773001],
    [20, 0.806414],
    [22, 0.848653],
    [25, 0.880406],
    [30, 0.904663],
    [40, 0.924233],
    [50, 0.906645],
    [60, 0.880517],
    [70, 0.853939],
    [80, 0.825122],
    [100, 0.759799],
    [120, 0.692284],
    [140, 0.631411],
    [160, 0.578363]
  ]
}