{
  "reaction": {
    "lhs": [
      { "state": { "particle": "e", "charge": -1 }, "count": 1 },
      {
        "state": {
          "particle": "H2",
          "charge": 0,
          "descriptor": { "type": 1, "accuracy": 2, "e": "X", "Lambda": 0, "S": 0, "parity": "g", "v": 4 }
        },
        "count": 1
      }
    ],
    "rhs": [
      { "state": { "particle": "e", "charge": -1 }, "count": 1 },
      {
        "state": {
          "particle": "H2",
          "charge": 0,
          "descriptor": {
            "type": 1,
            "accuracy": 2,
            "e": "g",
            "Lambda": 0,
            "S": 1,
            "parity": "g",
            "v": 18
          }
        },
        "count": 1
      }
    ],
    "type_tags": ["Electronic", "Vibrational"],
    "reversible": false
  },
  "threshold": 14.6765,
  "data": [
    [14.6765, 0],
    [15, 0.00000101589],
    [16, 0.0000022056],
    [17, 0.00000243309],
    [18, 0.00000234625],
    [19, 0.00000215365],
    [20, 0.00000195717],
    [22, 0.00000159014],
    [25, 9.80538e-7],
    [30, 2.54479e-7],
    [40, 3.86831e-8],
    [50, 4.09565e-8],
    [60, 5.68224e-8],
    [70, 3.3472e-8],
    [80, 1.01217e-8],
    [100, 4.03191e-8],
    [120, 7.05164e-8],
    [140, 6.89084e-8],
    [160, 6.44626e-8]
  ]
}