{
  "reaction": {
    "lhs": [
      { "state": { "particle": "e", "charge": -1 }, "count": 1 },
      {
        "state": {
          "particle": "H2",
          "charge": 0,
          "descriptor": { "type": 1, "accuracy": 2, "e": "X", "Lambda": 0, "S": 0, "parity": "g", "v": 4 }
        },
        "count": 1
      }
    ],
    "rhs": [
      { "state": { "particle": "e", "charge": -1 }, "count": 1 },
      {
        "state": {
          "particle": "H2",
          "charge": 0,
          "descriptor": {
            "type": 1,
            "accuracy": 2,
            "e": "H",
            "Lambda": 0,
            "S": 0,
            "parity": "g",
            "v": 23
          }
        },
        "count": 1
      }
    ],
    "type_tags": ["Electronic", "Vibrational"],
    "reversible": false
  },
  "threshold": 13.8512,
  "data": [
    [13.8512, 0],
    [14, 6.10905e-7],
    [15, 0.00000136691],
    [16, 0.00000201406],
    [17, 0.00000225186],
    [18, 0.00000227177],
    [19, 0.0000022405],
    [20, 0.00000221178],
    [22, 0.00000215104],
    [25, 0.00000209485],
    [30, 0.00000205509],
    [40, 0.000001906],
    [50, 0.00000186051],
    [60, 0.00000190202],
    [70, 0.00000191812],
    [80, 0.00000183509],
    [100, 0.00000161138],
    [120, 0.00000146539],
    [140, 0.00000133466],
    [160, 0.00000122398]
  ]
}