{
  "reaction": {
    "lhs": [
      { "state": { "particle": "e", "charge": -1 }, "count": 1 },
      {
        "state": {
          "particle": "H2",
          "charge": 0,
          "descriptor": { "type": 1, "accuracy": 2, "e": "X", "Lambda": 0, "S": 0, "parity": "g", "v": 4 }
        },
        "count": 1
      }
    ],
    "rhs": [
      { "state": { "particle": "e", "charge": -1 }, "count": 1 },
      {
        "state": {
          "particle": "H2",
          "charge": 0,
          "descriptor": { "type": 1, "accuracy": 2, "e": "B", "Lambda": 0, "S": 0, "parity": "u", "v": 8 }
        },
        "count": 1
      }
    ],
    "type_tags": ["Electronic", "Vibrational"],
    "reversible": false
  },
  "threshold": 10.482,
  "data": [
    [10.482, 0],
    [11, 0.0126217],
    [12, 0.0263634],
    [13, 0.0362103],
    [14, 0.0428577],
    [15, 0.0483392],
    [16, 0.0538185],
    [17, 0.059412],
    [18, 0.0649856],
    [19, 0.0703221],
    [20, 0.0750702],
    [22, 0.0821088],
    [25, 0.088455],
    [30, 0.0946686],
    [40, 0.100429],
    [50, 0.100134],
    [60, 0.0984658],
    [70, 0.0963628],
    [80, 0.0938308],
    [100, 0.0874488],
    [120, 0.0803822],
    [140, 0.0738465],
    [160, 0.0680383]
  ]
}