{
  "reaction": {
    "lhs": [
      { "state": { "particle": "e", "charge": -1 }, "count": 1 },
      {
        "state": {
          "particle": "H2",
          "charge": 0,
          "descriptor": { "type": 1, "accuracy": 2, "e": "X", "Lambda": 0, "S": 0, "parity": "g", "v": 4 }
        },
        "count": 1
      }
    ],
    "rhs": [
      { "state": { "particle": "e", "charge": -1 }, "count": 1 },
      {
        "state": {
          "particle": "H2",
          "charge": 0,
          "descriptor": {
            "type": 1,
            "accuracy": 2,
            "e": "Bp",
            "Lambda": 0,
            "S": 0,
            "parity": "u",
            "v": 3
          }
        },
        "count": 1
      }
    ],
    "type_tags": ["Electronic", "Vibrational"],
    "reversible": false
  },
  "threshold": 12.4422,
  "data": [
    [12.4422, 0],
    [13, 0.000375638],
    [14, 0.000874407],
    [15, 0.00113395],
    [16, 0.00119314],
    [17, 0.00121092],
    [18, 0.00124894],
    [19, 0.00130796],
    [20, 0.0013998],
    [22, 0.00163755],
    [25, 0.00179441],
    [30, 0.00184583],
    [40, 0.00180012],
    [50, 0.00179896],
    [60, 0.00178917],
    [70, 0.00174098],
    [80, 0.0016789],
    [100, 0.00150805],
    [120, 0.00140101],
    [140, 0.00131842],
    [160, 0.00123952]
  ]
}