{
  "reaction": {
    "lhs": [
      { "state": { "particle": "e", "charge": -1 }, "count": 1 },
      {
        "state": {
          "particle": "H2",
          "charge": 0,
          "descriptor": { "type": 1, "accuracy": 2, "e": "X", "Lambda": 0, "S": 0, "parity": "g", "v": 4 }
        },
        "count": 1
      }
    ],
    "rhs": [
      { "state": { "particle": "e", "charge": -1 }, "count": 1 },
      {
        "state": {
          "particle": "H2",
          "charge": 0,
          "descriptor": { "type": 1, "accuracy": 2, "e": "d", "Lambda": 1, "S": 1, "parity": "u", "v": 1 }
        },
        "count": 1
      }
    ],
    "type_tags": ["Electronic", "Vibrational"],
    "reversible": false
  },
  "threshold": 12.242,
  "data": [
    [12.242, 0],
    [13, 0.0382954],
    [14, 0.0370623],
    [15, 0.0346186],
    [16, 0.0316403],
    [17, 0.0286106],
    [18, 0.0262615],
    [19, 0.0242324],
    [20, 0.0224792],
    [22, 0.0194124],
    [25, 0.0154717],
    [30, 0.0103171],
    [40, 0.0047028],
    [50, 0.0030646],
    [60, 0.00265968],
    [70, 0.00198442],
    [80, 0.00136059],
    [100, 0.000685164],
    [120, 0.000392688],
    [140, 0.000281538],
    [160, 0.000196736]
  ]
}