{
  "reaction": {
    "lhs": [
      { "state": { "particle": "e", "charge": -1 }, "count": 1 },
      {
        "state": {
          "particle": "H2",
          "charge": 0,
          "descriptor": { "type": 1, "accuracy": 2, "e": "X", "Lambda": 0, "S": 0, "parity": "g", "v": 4 }
        },
        "count": 1
      }
    ],
    "rhs": [
      { "state": { "particle": "e", "charge": -1 }, "count": 1 },
      {
        "state": {
          "particle": "H2",
          "charge": 0,
          "descriptor": {
            "type": 1,
            "accuracy": 2,
            "e": "a",
            "Lambda": 0,
            "S": 1,
            "parity": "g",
            "v": 17
          }
        },
        "count": 1
      }
    ],
    "type_tags": ["Electronic", "Vibrational"],
    "reversible": false
  },
  "threshold": 12.7818,
  "data": [
    [12.7818, 0],
    [13, 0.000318418],
    [14, 0.000381905],
    [15, 0.000308555],
    [16, 0.000256161],
    [17, 0.000217078],
    [18, 0.000190235],
    [19, 0.000171936],
    [20, 0.000156758],
    [22, 0.00012798],
    [25, 0.000092116],
    [30, 0.0000493082],
    [40, 0.0000229154],
    [50, 0.0000131407],
    [60, 0.00000956724],
    [70, 0.0000072465],
    [80, 0.00000639135],
    [100, 0.00000441161],
    [120, 0.00000314461],
    [140, 0.00000229226],
    [160, 0.00000165832]
  ]
}