{
  "reaction": {
    "lhs": [
      { "state": { "particle": "e", "charge": -1 }, "count": 1 },
      {
        "state": {
          "particle": "H2",
          "charge": 0,
          "descriptor": { "type": 1, "accuracy": 2, "e": "X", "Lambda": 0, "S": 0, "parity": "g", "v": 4 }
        },
        "count": 1
      }
    ],
    "rhs": [
      { "state": { "particle": "e", "charge": -1 }, "count": 1 },
      {
        "state": {
          "particle": "H2",
          "charge": 0,
          "descriptor": {
            "type": 1,
            "accuracy": 2,
            "e": "j",
            "Lambda": 2,
            "S": 1,
            "parity": "g",
            "v": 10
          }
        },
        "count": 1
      }
    ],
    "type_tags": ["Electronic", "Vibrational"],
    "reversible": false
  },
  "threshold": 14.1274,
  "data": [
    [14.1274, 0],
    [15, 0.00034127],
    [16, 0.00037291],
    [17, 0.000377446],
    [18, 0.000375123],
    [19, 0.00036809],
    [20, 0.00035625],
    [22, 0.000320162],
    [25, 0.000248672],
    [30, 0.000141404],
    [40, 0.0000732346],
    [50, 0.0000545113],
    [60, 0.0000500264],
    [70, 0.0000378576],
    [80, 0.0000243456],
    [100, 0.0000122669],
    [120, 0.00000748158],
    [140, 0.00000529891],
    [160, 0.0000036379]
  ]
}