{
  "reaction": {
    "lhs": [
      { "state": { "particle": "e", "charge": -1 }, "count": 1 },
      {
        "state": {
          "particle": "H2",
          "charge": 0,
          "descriptor": { "type": 1, "accuracy": 2, "e": "X", "Lambda": 0, "S": 0, "parity": "g", "v": 8 }
        },
        "count": 1
      }
    ],
    "rhs": [
      { "state": { "particle": "e", "charge": -1 }, "count": 1 },
      {
        "state": {
          "particle": "H2",
          "charge": 0,
          "descriptor": { "type": 1, "accuracy": 2, "e": "B", "Lambda": 0, "S": 0, "parity": "u", "v": 3 }
        },
        "count": 1
      }
    ],
    "type_tags": ["Electronic", "Vibrational"],
    "reversible": false
  },
  "threshold": 8.33288,
  "data": [
    [8.33288, 0],
    [10, 0.0461911],
    [11, 0.0617971],
    [12, 0.0730469],
    [13, 0.0811282],
    [14, 0.0873627],
    [15, 0.0922585],
    [16, 0.0959605],
    [17, 0.0986107],
    [18, 0.100355],
    [19, 0.101337],
    [20, 0.101708],
    [22, 0.101163],
    [25, 0.0993583],
    [30, 0.0990755],
    [40, 0.0981045],
    [50, 0.0954288],
    [60, 0.091557],
    [70, 0.0879924],
    [80, 0.0842231],
    [100, 0.0766007],
    [120, 0.0694664],
    [140, 0.0631685],
    [160, 0.0577106]
  ]
}