{
  "reaction": {
    "lhs": [
      { "state": { "particle": "e", "charge": -1 }, "count": 1 },
      {
        "state": {
          "particle": "H2",
          "charge": 0,
          "descriptor": { "type": 1, "accuracy": 2, "e": "X", "Lambda": 0, "S": 0, "parity": "g", "v": 8 }
        },
        "count": 1
      }
    ],
    "rhs": [
      { "state": { "particle": "e", "charge": -1 }, "count": 1 },
      {
        "state": {
          "particle": "H2",
          "charge": 0,
          "descriptor": { "type": 1, "accuracy": 2, "e": "J", "Lambda": 2, "S": 0, "parity": "g", "v": 9 }
        },
        "count": 1
      }
    ],
    "type_tags": ["Electronic", "Vibrational"],
    "reversible": false
  },
  "threshold": 12.5475,
  "data": [
    [12.5475, 0],
    [13, 0.0000398112],
    [14, 0.0000128966],
    [15, 0.0000534147],
    [16, 0.000124733],
    [17, 0.000065917],
    [18, 0.0000712603],
    [19, 0.0000874388],
    [20, 0.0000841366],
    [22, 0.0000945953],
    [25, 0.0000878473],
    [30, 0.0000875076],
    [40, 0.0000697096],
    [50, 0.0000647267],
    [60, 0.0000569286],
    [70, 0.0000487287],
    [80, 0.0000421385],
    [100, 0.0000320325],
    [120, 0.0000271696],
    [140, 0.0000229898],
    [160, 0.0000201007]
  ]
}