{
  "reaction": {
    "lhs": [
      { "state": { "particle": "e", "charge": -1 }, "count": 1 },
      {
        "state": {
          "particle": "H2",
          "charge": 0,
          "descriptor": { "type": 1, "accuracy": 2, "e": "X", "Lambda": 0, "S": 0, "parity": "g", "v": 8 }
        },
        "count": 1
      }
    ],
    "rhs": [
      { "state": { "particle": "e", "charge": -1 }, "count": 1 },
      {
        "state": {
          "particle": "H2",
          "charge": 0,
          "descriptor": {
            "type": 1,
            "accuracy": 2,
            "e": "EF",
            "Lambda": 0,
            "S": 0,
            "parity": "g",
            "v": 19
          }
        },
        "count": 1
      }
    ],
    "type_tags": ["Electronic", "Vibrational"],
    "reversible": false
  },
  "threshold": 10.5841,
  "data": [
    [10.5841, 0],
    [11, 0.00136096],
    [12, 0.00300706],
    [13, 0.00203138],
    [14, 0.00221271],
    [15, 0.00263395],
    [16, 0.00276619],
    [17, 0.00273837],
    [18, 0.00305986],
    [19, 0.0035331],
    [20, 0.0037218],
    [22, 0.00364217],
    [25, 0.00362155],
    [30, 0.00352089],
    [40, 0.00358573],
    [50, 0.00365144],
    [60, 0.00375917],
    [70, 0.00380735],
    [80, 0.00379692],
    [100, 0.00343332],
    [120, 0.00286869],
    [140, 0.00244854],
    [160, 0.00214175]
  ]
}