{
  "reaction": {
    "lhs": [
      { "state": { "particle": "e", "charge": -1 }, "count": 1 },
      {
        "state": {
          "particle": "H2",
          "charge": 0,
          "descriptor": { "type": 1, "accuracy": 2, "e": "X", "Lambda": 0, "S": 0, "parity": "g", "v": 8 }
        },
        "count": 1
      }
    ],
    "rhs": [
      { "state": { "particle": "e", "charge": -1 }, "count": 1 },
      {
        "state": {
          "particle": "H2",
          "charge": 0,
          "descriptor": { "type": 1, "accuracy": 2, "e": "a", "Lambda": 0, "S": 1, "parity": "g", "v": 3 }
        },
        "count": 1
      }
    ],
    "type_tags": ["Electronic", "Vibrational"],
    "reversible": false
  },
  "threshold": 9.35467,
  "data": [
    [9.35467, 0],
    [10, 0.00309235],
    [11, 0.00636656],
    [12, 0.00473214],
    [13, 0.00267968],
    [14, 0.00187152],
    [15, 0.00172872],
    [16, 0.00169575],
    [17, 0.00162044],
    [18, 0.00136756],
    [19, 0.00104142],
    [20, 0.000813066],
    [22, 0.000613899],
    [25, 0.00045552],
    [30, 0.000400146],
    [40, 0.000394897],
    [50, 0.000279404],
    [60, 0.000123831],
    [70, 0.0000804659],
    [80, 0.0000691798],
    [100, 0.0000381919],
    [120, 0.0000202129],
    [140, 0.0000145629],
    [160, 0.0000102527]
  ]
}