{
  "reaction": {
    "lhs": [
      { "state": { "particle": "e", "charge": -1 }, "count": 1 },
      {
        "state": {
          "particle": "H2",
          "charge": 0,
          "descriptor": { "type": 1, "accuracy": 2, "e": "X", "Lambda": 0, "S": 0, "parity": "g", "v": 8 }
        },
        "count": 1
      }
    ],
    "rhs": [
      { "state": { "particle": "e", "charge": -1 }, "count": 1 },
      {
        "state": {
          "particle": "H2",
          "charge": 0,
          "descriptor": {
            "type": 1,
            "accuracy": 2,
            "e": "H",
            "Lambda": 0,
            "S": 0,
            "parity": "g",
            "v": 17
          }
        },
        "count": 1
      }
    ],
    "type_tags": ["Electronic", "Vibrational"],
    "reversible": false
  },
  "threshold": 12.2749,
  "data": [
    [12.2749, 0],
    [13, 3.8191e-11],
    [14, 5.77482e-11],
    [15, 6.99404e-11],
    [16, 7.69438e-11],
    [17, 8.21237e-11],
    [18, 8.83868e-11],
    [19, 9.65889e-11],
    [20, 1.05216e-10],
    [22, 1.19172e-10],
    [25, 1.21823e-10],
    [30, 9.94388e-11],
    [40, 7.41917e-11],
    [50, 6.20792e-11],
    [60, 5.28261e-11],
    [70, 4.67157e-11],
    [80, 4.30174e-11],
    [100, 3.32245e-11],
    [120, 2.68808e-11],
    [140, 2.27023e-11],
    [160, 1.95098e-11]
  ]
}