{
  "reaction": {
    "lhs": [
      { "state": { "particle": "e", "charge": -1 }, "count": 1 },
      {
        "state": {
          "particle": "H2",
          "charge": 0,
          "descriptor": { "type": 1, "accuracy": 2, "e": "X", "Lambda": 0, "S": 0, "parity": "g", "v": 8 }
        },
        "count": 1
      }
    ],
    "rhs": [
      { "state": { "particle": "e", "charge": -1 }, "count": 1 },
      {
        "state": {
          "particle": "H2",
          "charge": 0,
          "descriptor": {
            "type": 1,
            "accuracy": 2,
            "e": "H",
            "Lambda": 0,
            "S": 0,
            "parity": "g",
            "v": 10
          }
        },
        "count": 1
      }
    ],
    "type_tags": ["Electronic", "Vibrational"],
    "reversible": false
  },
  "threshold": 12.0409,
  "data": [
    [12.0409, 0],
    [13, 3.30619e-9],
    [14, 4.73224e-9],
    [15, 5.51667e-9],
    [16, 6.01919e-9],
    [17, 6.63897e-9],
    [18, 7.36186e-9],
    [19, 8.10543e-9],
    [20, 8.77573e-9],
    [22, 9.82403e-9],
    [25, 9.99816e-9],
    [30, 8.2637e-9],
    [40, 6.4372e-9],
    [50, 5.60795e-9],
    [60, 4.95097e-9],
    [70, 4.51781e-9],
    [80, 4.26065e-9],
    [100, 3.40574e-9],
    [120, 2.80753e-9],
    [140, 2.38331e-9],
    [160, 2.05937e-9]
  ]
}