{
  "reaction": {
    "lhs": [
      { "state": { "particle": "e", "charge": -1 }, "count": 1 },
      {
        "state": {
          "particle": "H2",
          "charge": 0,
          "descriptor": { "type": 1, "accuracy": 2, "e": "X", "Lambda": 0, "S": 0, "parity": "g", "v": 8 }
        },
        "count": 1
      }
    ],
    "rhs": [
      { "state": { "particle": "e", "charge": -1 }, "count": 1 },
      {
        "state": {
          "particle": "H2",
          "charge": 0,
          "descriptor": {
            "type": 1,
            "accuracy": 2,
            "e": "c",
            "Lambda": 1,
            "S": 1,
            "parity": "u",
            "v": 11
          }
        },
        "count": 1
      }
    ],
    "type_tags": ["Electronic", "Vibrational"],
    "reversible": false
  },
  "threshold": 10.8404,
  "data": [
    [10.8404, 0],
    [11, 0.0162523],
    [12, 0.0158192],
    [13, 0.014978],
    [14, 0.0156504],
    [15, 0.0150999],
    [16, 0.0130206],
    [17, 0.0108673],
    [18, 0.00969448],
    [19, 0.008945],
    [20, 0.00832846],
    [22, 0.00714212],
    [25, 0.00570059],
    [30, 0.00385366],
    [40, 0.00163839],
    [50, 0.00099274],
    [60, 0.000833248],
    [70, 0.000595014],
    [80, 0.000392248],
    [100, 0.000189841],
    [120, 0.000114262],
    [140, 0.0000821092],
    [160, 0.0000575818]
  ]
}