{
  "reaction": {
    "lhs": [
      { "state": { "particle": "e", "charge": -1 }, "count": 1 },
      {
        "state": {
          "particle": "H2",
          "charge": 0,
          "descriptor": { "type": 1, "accuracy": 2, "e": "X", "Lambda": 0, "S": 0, "parity": "g", "v": 8 }
        },
        "count": 1
      }
    ],
    "rhs": [
      { "state": { "particle": "e", "charge": -1 }, "count": 1 },
      {
        "state": {
          "particle": "H2",
          "charge": 0,
          "descriptor": {
            "type": 1,
            "accuracy": 2,
            "e": "a",
            "Lambda": 0,
            "S": 1,
            "parity": "g",
            "v": 11
          }
        },
        "count": 1
      }
    ],
    "type_tags": ["Electronic", "Vibrational"],
    "reversible": false
  },
  "threshold": 11.0093,
  "data": [
    [11.0093, 0],
    [12, 1.89401e-7],
    [13, 9.65432e-7],
    [14, 4.76129e-7],
    [15, 6.90388e-8],
    [16, 2.07131e-8],
    [17, 1.3755e-8],
    [18, 0.00000167926],
    [19, 0.00000477234],
    [20, 0.00000643785],
    [22, 0.00000583635],
    [25, 0.00000354601],
    [30, 6.54179e-7],
    [40, 0.00000237615],
    [50, 0.00000119837],
    [60, 2.05968e-8],
    [70, 5.6663e-8],
    [80, 9.27292e-8],
    [100, 7.29394e-8],
    [120, 4.60655e-8],
    [140, 3.38205e-8],
    [160, 2.49694e-8]
  ]
}