{
  "reaction": {
    "lhs": [
      { "state": { "particle": "e", "charge": -1 }, "count": 1 },
      {
        "state": {
          "particle": "H2",
          "charge": 0,
          "descriptor": { "type": 1, "accuracy": 2, "e": "X", "Lambda": 0, "S": 0, "parity": "g", "v": 8 }
        },
        "count": 1
      }
    ],
    "rhs": [
      { "state": { "particle": "e", "charge": -1 }, "count": 1 },
      {
        "state": {
          "particle": "H2",
          "charge": 0,
          "descriptor": {
            "type": 1,
            "accuracy": 2,
            "e": "B",
            "Lambda": 0,
            "S": 0,
            "parity": "u",
            "v": 33
          }
        },
        "count": 1
      }
    ],
    "type_tags": ["Electronic", "Vibrational"],
    "reversible": false
  },
  "threshold": 11.2796,
  "data": [
    [11.2796, 0],
    [12, 0.0000493788],
    [13, 0.0000833376],
    [14, 0.000109815],
    [15, 0.000130777],
    [16, 0.000146859],
    [17, 0.000158656],
    [18, 0.000166768],
    [19, 0.000171798],
    [20, 0.000174349],
    [22, 0.000174418],
    [25, 0.000170974],
    [30, 0.000177075],
    [40, 0.000178654],
    [50, 0.000174996],
    [60, 0.000170478],
    [70, 0.000164367],
    [80, 0.000157911],
    [100, 0.000144637],
    [120, 0.000131732],
    [140, 0.000120215],
    [160, 0.000110181]
  ]
}