{
  "reaction": {
    "lhs": [
      { "state": { "particle": "e", "charge": -1 }, "count": 1 },
      {
        "state": {
          "particle": "H2",
          "charge": 0,
          "descriptor": { "type": 1, "accuracy": 2, "e": "X", "Lambda": 0, "S": 0, "parity": "g", "v": 8 }
        },
        "count": 1
      }
    ],
    "rhs": [
      { "state": { "particle": "e", "charge": -1 }, "count": 1 },
      {
        "state": {
          "particle": "H2",
          "charge": 0,
          "descriptor": { "type": 1, "accuracy": 2, "e": "d", "Lambda": 1, "S": 1, "parity": "u", "v": 6 }
        },
        "count": 1
      }
    ],
    "type_tags": ["Electronic", "Vibrational"],
    "reversible": false
  },
  "threshold": 11.9719,
  "data": [
    [11.9719, 0],
    [12, 0.00581064],
    [13, 0.0142033],
    [14, 0.0128114],
    [15, 0.0104548],
    [16, 0.00921866],
    [17, 0.0084346],
    [18, 0.00776349],
    [19, 0.00724633],
    [20, 0.00678988],
    [22, 0.00590871],
    [25, 0.00471898],
    [30, 0.00312878],
    [40, 0.001492],
    [50, 0.000956154],
    [60, 0.000779332],
    [70, 0.000542624],
    [80, 0.00037797],
    [100, 0.000182964],
    [120, 0.000105502],
    [140, 0.0000756639],
    [160, 0.0000528776]
  ]
}