{
  "reaction": {
    "lhs": [
      { "state": { "particle": "e", "charge": -1 }, "count": 1 },
      {
        "state": {
          "particle": "H2",
          "charge": 0,
          "descriptor": { "type": 1, "accuracy": 2, "e": "X", "Lambda": 0, "S": 0, "parity": "g", "v": 8 }
        },
        "count": 1
      }
    ],
    "rhs": [
      { "state": { "particle": "e", "charge": -1 }, "count": 1 },
      {
        "state": {
          "particle": "H2",
          "charge": 0,
          "descriptor": {
            "type": 1,
            "accuracy": 2,
            "e": "a",
            "Lambda": 0,
            "S": 1,
            "parity": "g",
            "v": 12
          }
        },
        "count": 1
      }
    ],
    "type_tags": ["Electronic", "Vibrational"],
    "reversible": false
  },
  "threshold": 11.1322,
  "data": [
    [11.1322, 0],
    [12, 0.00126001],
    [13, 0.00135731],
    [14, 0.00127539],
    [15, 0.001151],
    [16, 0.000993456],
    [17, 0.000834149],
    [18, 0.000684339],
    [19, 0.000543523],
    [20, 0.000439822],
    [22, 0.000320817],
    [25, 0.000234971],
    [30, 0.000182457],
    [40, 0.0000916439],
    [50, 0.0000549148],
    [60, 0.0000391076],
    [70, 0.0000291838],
    [80, 0.0000248573],
    [100, 0.0000150788],
    [120, 0.00000934111],
    [140, 0.0000067653],
    [160, 0.00000481758]
  ]
}