{
  "reaction": {
    "lhs": [
      { "state": { "particle": "e", "charge": -1 }, "count": 1 },
      {
        "state": {
          "particle": "H2",
          "charge": 0,
          "descriptor": { "type": 1, "accuracy": 2, "e": "X", "Lambda": 0, "S": 0, "parity": "g", "v": 8 }
        },
        "count": 1
      }
    ],
    "rhs": [
      { "state": { "particle": "e", "charge": -1 }, "count": 1 },
      {
        "state": {
          "particle": "H2",
          "charge": 0,
          "descriptor": {
            "type": 1,
            "accuracy": 2,
            "e": "a",
            "Lambda": 0,
            "S": 1,
            "parity": "g",
            "v": 18
          }
        },
        "count": 1
      }
    ],
    "type_tags": ["Electronic", "Vibrational"],
    "reversible": false
  },
  "threshold": 11.3497,
  "data": [
    [11.3497, 0],
    [12, 0.000166936],
    [13, 0.000189307],
    [14, 0.000167859],
    [15, 0.000147361],
    [16, 0.000128678],
    [17, 0.000111532],
    [18, 0.0000953024],
    [19, 0.0000802613],
    [20, 0.0000684854],
    [22, 0.0000525871],
    [25, 0.0000375556],
    [30, 0.0000229522],
    [40, 0.000010074],
    [50, 0.00000612914],
    [60, 0.00000512777],
    [70, 0.00000394627],
    [80, 0.00000309165],
    [100, 0.00000186691],
    [120, 0.00000120022],
    [140, 8.70106e-7],
    [160, 6.20857e-7]
  ]
}