{
  "reaction": {
    "lhs": [
      { "state": { "particle": "e", "charge": -1 }, "count": 1 },
      {
        "state": {
          "particle": "H2",
          "charge": 0,
          "descriptor": { "type": 1, "accuracy": 2, "e": "X", "Lambda": 0, "S": 0, "parity": "g", "v": 8 }
        },
        "count": 1
      }
    ],
    "rhs": [
      { "state": { "particle": "e", "charge": -1 }, "count": 1 },
      {
        "state": {
          "particle": "H2",
          "charge": 0,
          "descriptor": { "type": 1, "accuracy": 2, "e": "C", "Lambda": 1, "S": 0, "parity": "u", "v": 3 }
        },
        "count": 1
      }
    ],
    "type_tags": ["Electronic", "Vibrational"],
    "reversible": false
  },
  "threshold": 9.77234,
  "data": [
    [9.77234, 0],
    [10, 0.0176489],
    [11, 0.0458696],
    [12, 0.0681051],
    [13, 0.0842145],
    [14, 0.0964214],
    [15, 0.106895],
    [16, 0.11712],
    [17, 0.127731],
    [18, 0.138495],
    [19, 0.148509],
    [20, 0.156861],
    [22, 0.168923],
    [25, 0.182887],
    [30, 0.202601],
    [40, 0.232168],
    [50, 0.248095],
    [60, 0.252806],
    [70, 0.251517],
    [80, 0.245741],
    [100, 0.230491],
    [120, 0.213539],
    [140, 0.198101],
    [160, 0.184771]
  ]
}