{
  "reaction": {
    "lhs": [
      { "state": { "particle": "e", "charge": -1 }, "count": 1 },
      {
        "state": {
          "particle": "H2",
          "charge": 0,
          "descriptor": { "type": 1, "accuracy": 2, "e": "X", "Lambda": 0, "S": 0, "parity": "g", "v": 8 }
        },
        "count": 1
      }
    ],
    "rhs": [
      { "state": { "particle": "e", "charge": -1 }, "count": 1 },
      {
        "state": {
          "particle": "H2",
          "charge": 0,
          "descriptor": {
            "type": 1,
            "accuracy": 2,
            "e": "c",
            "Lambda": 1,
            "S": 1,
            "parity": "u",
            "v": 18
          }
        },
        "count": 1
      }
    ],
    "type_tags": ["Electronic", "Vibrational"],
    "reversible": false
  },
  "threshold": 11.346,
  "data": [
    [11.346, 0],
    [12, 0.000299457],
    [13, 0.000227374],
    [14, 0.000190098],
    [15, 0.00022067],
    [16, 0.000198669],
    [17, 0.000165363],
    [18, 0.000144274],
    [19, 0.000126547],
    [20, 0.000112668],
    [22, 0.0000930193],
    [25, 0.0000744953],
    [30, 0.0000524456],
    [40, 0.00000577907],
    [50, 0.00000303917],
    [60, 0.0000026006],
    [70, 0.00000203523],
    [80, 0.00000133282],
    [100, 6.67088e-7],
    [120, 3.77646e-7],
    [140, 2.71346e-7],
    [160, 1.90194e-7]
  ]
}