{
  "reaction": {
    "lhs": [
      { "state": { "particle": "e", "charge": -1 }, "count": 1 },
      {
        "state": {
          "particle": "H2",
          "charge": 0,
          "descriptor": { "type": 1, "accuracy": 2, "e": "X", "Lambda": 0, "S": 0, "parity": "g", "v": 8 }
        },
        "count": 1
      }
    ],
    "rhs": [
      { "state": { "particle": "e", "charge": -1 }, "count": 1 },
      {
        "state": {
          "particle": "H2",
          "charge": 0,
          "descriptor": { "type": 1, "accuracy": 2, "e": "j", "Lambda": 2, "S": 1, "parity": "g", "v": 8 }
        },
        "count": 1
      }
    ],
    "type_tags": ["Electronic", "Vibrational"],
    "reversible": false
  },
  "threshold": 12.3887,
  "data": [
    [12.3887, 0],
    [13, 0.000147005],
    [14, 0.000200676],
    [15, 0.00034431],
    [16, 0.000295704],
    [17, 0.000223502],
    [18, 0.000179662],
    [19, 0.000144629],
    [20, 0.000121551],
    [22, 0.0000961902],
    [25, 0.0000775969],
    [30, 0.0000673726],
    [40, 0.0000287156],
    [50, 0.0000243782],
    [60, 0.0000236096],
    [70, 0.0000131798],
    [80, 0.00000300238],
    [100, 0.00000397389],
    [120, 0.0000049454],
    [140, 0.00000483037],
    [160, 0.00000451234]
  ]
}