{
  "reaction": {
    "lhs": [
      { "state": { "particle": "e", "charge": -1 }, "count": 1 },
      {
        "state": {
          "particle": "H2",
          "charge": 0,
          "descriptor": { "type": 1, "accuracy": 2, "e": "X", "Lambda": 0, "S": 0, "parity": "g", "v": 8 }
        },
        "count": 1
      }
    ],
    "rhs": [
      { "state": { "particle": "e", "charge": -1 }, "count": 1 },
      {
        "state": {
          "particle": "H2",
          "charge": 0,
          "descriptor": {
            "type": 1,
            "accuracy": 2,
            "e": "j",
            "Lambda": 2,
            "S": 1,
            "parity": "g",
            "v": 12
          }
        },
        "count": 1
      }
    ],
    "type_tags": ["Electronic", "Vibrational"],
    "reversible": false
  },
  "threshold": 12.9344,
  "data": [
    [12.9344, 0],
    [13, 0.000127971],
    [14, 0.00056032],
    [15, 0.000651442],
    [16, 0.000688412],
    [17, 0.000696918],
    [18, 0.000632587],
    [19, 0.000501516],
    [20, 0.000396592],
    [22, 0.000300932],
    [25, 0.000230938],
    [30, 0.000179903],
    [40, 0.000095762],
    [50, 0.0000651035],
    [60, 0.0000511916],
    [70, 0.0000306862],
    [80, 0.0000168828],
    [100, 0.00000987285],
    [120, 0.00000839766],
    [140, 0.0000069685],
    [160, 0.00000577375]
  ]
}