{
  "reaction": {
    "lhs": [
      { "state": { "particle": "e", "charge": -1 }, "count": 1 },
      {
        "state": {
          "particle": "H2",
          "charge": 0,
          "descriptor": { "type": 1, "accuracy": 2, "e": "X", "Lambda": 0, "S": 0, "parity": "g", "v": 8 }
        },
        "count": 1
      }
    ],
    "rhs": [
      { "state": { "particle": "e", "charge": -1 }, "count": 1 },
      {
        "state": {
          "particle": "H2",
          "charge": 0,
          "descriptor": { "type": 1, "accuracy": 2, "e": "C", "Lambda": 1, "S": 0, "parity": "u", "v": 4 }
        },
        "count": 1
      }
    ],
    "type_tags": ["Electronic", "Vibrational"],
    "reversible": false
  },
  "threshold": 10.0096,
  "data": [
    [10.0096, 0],
    [11, 0.119723],
    [12, 0.196195],
    [13, 0.252017],
    [14, 0.295676],
    [15, 0.334037],
    [16, 0.371019],
    [17, 0.4082],
    [18, 0.445583],
    [19, 0.481431],
    [20, 0.513156],
    [22, 0.561802],
    [25, 0.612876],
    [30, 0.676578],
    [40, 0.771254],
    [50, 0.822965],
    [60, 0.841582],
    [70, 0.837935],
    [80, 0.818673],
    [100, 0.768987],
    [120, 0.713595],
    [140, 0.662925],
    [160, 0.61902]
  ]
}