{
  "reaction": {
    "lhs": [
      { "state": { "particle": "e", "charge": -1 }, "count": 1 },
      {
        "state": {
          "particle": "H2",
          "charge": 0,
          "descriptor": { "type": 1, "accuracy": 2, "e": "X", "Lambda": 0, "S": 0, "parity": "g", "v": 8 }
        },
        "count": 1
      }
    ],
    "rhs": [
      { "state": { "particle": "e", "charge": -1 }, "count": 1 },
      {
        "state": {
          "particle": "H2",
          "charge": 0,
          "descriptor": {
            "type": 1,
            "accuracy": 2,
            "e": "H",
            "Lambda": 0,
            "S": 0,
            "parity": "g",
            "v": 25
          }
        },
        "count": 1
      }
    ],
    "type_tags": ["Electronic", "Vibrational"],
    "reversible": false
  },
  "threshold": 12.4755,
  "data": [
    [12.4755, 0],
    [13, 0.00000251262],
    [14, 0.00000448351],
    [15, 0.00000500765],
    [16, 0.00000460971],
    [17, 0.00000433076],
    [18, 0.0000042137],
    [19, 0.00000400336],
    [20, 0.00000365294],
    [22, 0.0000029517],
    [25, 0.00000283427],
    [30, 0.00000383596],
    [40, 0.00000336228],
    [50, 0.00000306286],
    [60, 0.00000354407],
    [70, 0.00000380096],
    [80, 0.00000328754],
    [100, 0.00000279827],
    [120, 0.00000235037],
    [140, 0.00000208047],
    [160, 0.00000195303]
  ]
}