{
  "reaction": {
    "lhs": [
      { "state": { "particle": "e", "charge": -1 }, "count": 1 },
      {
        "state": {
          "particle": "H2",
          "charge": 0,
          "descriptor": { "type": 1, "accuracy": 2, "e": "X", "Lambda": 0, "S": 0, "parity": "g", "v": 8 }
        },
        "count": 1
      }
    ],
    "rhs": [
      { "state": { "particle": "e", "charge": -1 }, "count": 1 },
      {
        "state": {
          "particle": "H2",
          "charge": 0,
          "descriptor": {
            "type": 1,
            "accuracy": 2,
            "e": "J",
            "Lambda": 2,
            "S": 0,
            "parity": "g",
            "v": 16
          }
        },
        "count": 1
      }
    ],
    "type_tags": ["Electronic", "Vibrational"],
    "reversible": false
  },
  "threshold": 13.1777,
  "data": [
    [13.1777, 0],
    [14, 0.0000239009],
    [15, 0.0000344983],
    [16, 0.0000382131],
    [17, 0.0000217751],
    [18, 0.0000221978],
    [19, 0.0000239225],
    [20, 0.000031638],
    [22, 0.0000354955],
    [25, 0.0000333658],
    [30, 0.000035089],
    [40, 0.0000294135],
    [50, 0.0000233184],
    [60, 0.0000203186],
    [70, 0.0000182476],
    [80, 0.0000158678],
    [100, 0.000013952],
    [120, 0.0000118613],
    [140, 0.0000102713],
    [160, 0.00000900246]
  ]
}