{
  "reaction": {
    "lhs": [
      { "state": { "particle": "e", "charge": -1 }, "count": 1 },
      {
        "state": {
          "particle": "H2",
          "charge": 0,
          "descriptor": { "type": 1, "accuracy": 2, "e": "X", "Lambda": 0, "S": 0, "parity": "g", "v": 8 }
        },
        "count": 1
      }
    ],
    "rhs": [
      { "state": { "particle": "e", "charge": -1 }, "count": 1 },
      {
        "state": {
          "particle": "H2",
          "charge": 0,
          "descriptor": {
            "type": 1,
            "accuracy": 2,
            "e": "EF",
            "Lambda": 0,
            "S": 0,
            "parity": "g",
            "v": 11
          }
        },
        "count": 1
      }
    ],
    "type_tags": ["Electronic", "Vibrational"],
    "reversible": false
  },
  "threshold": 9.90738,
  "data": [
    [9.90738, 0],
    [10, 0.00402676],
    [11, 0.016239],
    [12, 0.0183663],
    [13, 0.0216004],
    [14, 0.0245258],
    [15, 0.026513],
    [16, 0.0277539],
    [17, 0.027764],
    [18, 0.0270649],
    [19, 0.0267391],
    [20, 0.0266303],
    [22, 0.0258007],
    [25, 0.0243577],
    [30, 0.0219084],
    [40, 0.0178889],
    [50, 0.0164325],
    [60, 0.0156864],
    [70, 0.0142673],
    [80, 0.0130356],
    [100, 0.010867],
    [120, 0.00903581],
    [140, 0.00793451],
    [160, 0.00703067]
  ]
}