{
  "reaction": {
    "lhs": [
      { "state": { "particle": "e", "charge": -1 }, "count": 1 },
      {
        "state": {
          "particle": "H2",
          "charge": 0,
          "descriptor": { "type": 1, "accuracy": 2, "e": "X", "Lambda": 0, "S": 0, "parity": "g", "v": 8 }
        },
        "count": 1
      }
    ],
    "rhs": [
      { "state": { "particle": "e", "charge": -1 }, "count": 1 },
      {
        "state": {
          "particle": "H2",
          "charge": 0,
          "descriptor": { "type": 1, "accuracy": 2, "e": "d", "Lambda": 1, "S": 1, "parity": "u", "v": 5 }
        },
        "count": 1
      }
    ],
    "type_tags": ["Electronic", "Vibrational"],
    "reversible": false
  },
  "threshold": 11.7675,
  "data": [
    [11.7675, 0],
    [12, 0.0000419832],
    [13, 0.000124718],
    [14, 0.000248977],
    [15, 0.000079464],
    [16, 0.0000597368],
    [17, 0.0000568973],
    [18, 0.0000611063],
    [19, 0.0000689232],
    [20, 0.0000731322],
    [22, 0.0000695646],
    [25, 0.0000551155],
    [30, 0.0000296053],
    [40, 0.000013185],
    [50, 0.000007355],
    [60, 0.00000522268],
    [70, 0.00000314299],
    [80, 0.00000196347],
    [100, 7.35243e-7],
    [120, 4.41631e-7],
    [140, 3.16698e-7],
    [160, 2.20827e-7]
  ]
}