{
  "reaction": {
    "lhs": [
      { "state": { "particle": "e", "charge": -1 }, "count": 1 },
      {
        "state": {
          "particle": "H2",
          "charge": 0,
          "descriptor": { "type": 1, "accuracy": 2, "e": "X", "Lambda": 0, "S": 0, "parity": "g", "v": 8 }
        },
        "count": 1
      }
    ],
    "rhs": [
      { "state": { "particle": "e", "charge": -1 }, "count": 1 },
      {
        "state": {
          "particle": "H2",
          "charge": 0,
          "descriptor": {
            "type": 1,
            "accuracy": 2,
            "e": "H",
            "Lambda": 0,
            "S": 0,
            "parity": "g",
            "v": 64
          }
        },
        "count": 1
      }
    ],
    "type_tags": ["Electronic", "Vibrational"],
    "reversible": false
  },
  "threshold": 13.2427,
  "data": [
    [13.2427, 0],
    [14, 0.0000569017],
    [15, 0.0000900301],
    [16, 0.0000990067],
    [17, 0.0000901425],
    [18, 0.0000812459],
    [19, 0.0000785152],
    [20, 0.0000784118],
    [22, 0.0000751692],
    [25, 0.0000735692],
    [30, 0.0000778224],
    [40, 0.0000732918],
    [50, 0.0000733865],
    [60, 0.0000799033],
    [70, 0.0000842501],
    [80, 0.0000810451],
    [100, 0.0000712551],
    [120, 0.0000631509],
    [140, 0.0000567101],
    [160, 0.0000525841]
  ]
}