{
  "reaction": {
    "lhs": [
      { "state": { "particle": "e", "charge": -1 }, "count": 1 },
      {
        "state": {
          "particle": "H2",
          "charge": 0,
          "descriptor": { "type": 1, "accuracy": 2, "e": "X", "Lambda": 0, "S": 0, "parity": "g", "v": 8 }
        },
        "count": 1
      }
    ],
    "rhs": [
      { "state": { "particle": "e", "charge": -1 }, "count": 1 },
      {
        "state": {
          "particle": "H2",
          "charge": 0,
          "descriptor": { "type": 1, "accuracy": 2, "e": "g", "Lambda": 0, "S": 1, "parity": "g", "v": 1 }
        },
        "count": 1
      }
    ],
    "type_tags": ["Electronic", "Vibrational"],
    "reversible": false
  },
  "threshold": 10.8497,
  "data": [
    [10.8497, 0],
    [11, 0.00029994],
    [12, 4.49296e-8],
    [13, 0.0000312923],
    [14, 1.88563e-7],
    [15, 3.79598e-10],
    [16, 1.3765e-7],
    [17, 0.00000108813],
    [18, 0.00000574606],
    [19, 0.0000138474],
    [20, 0.0000214629],
    [22, 0.0000270494],
    [25, 0.0000185657],
    [30, 2.95084e-7],
    [40, 6.28241e-9],
    [50, 3.34576e-9],
    [60, 2.92622e-9],
    [70, 8.57696e-9],
    [80, 1.42277e-8],
    [100, 7.12587e-9],
    [120, 2.40423e-11],
    [140, 4.82274e-10],
    [160, 1.74915e-9]
  ]
}