{
  "reaction": {
    "lhs": [
      { "state": { "particle": "e", "charge": -1 }, "count": 1 },
      {
        "state": {
          "particle": "H2",
          "charge": 0,
          "descriptor": { "type": 1, "accuracy": 2, "e": "X", "Lambda": 0, "S": 0, "parity": "g", "v": 8 }
        },
        "count": 1
      }
    ],
    "rhs": [
      { "state": { "particle": "e", "charge": -1 }, "count": 1 },
      {
        "state": {
          "particle": "H2",
          "charge": 0,
          "descriptor": { "type": 1, "accuracy": 2, "e": "g", "Lambda": 0, "S": 1, "parity": "g", "v": 6 }
        },
        "count": 1
      }
    ],
    "type_tags": ["Electronic", "Vibrational"],
    "reversible": false
  },
  "threshold": 12.0409,
  "data": [
    [12.0409, 0],
    [13, 0.00950493],
    [14, 0.00849216],
    [15, 0.0073707],
    [16, 0.00610859],
    [17, 0.00499061],
    [18, 0.00426645],
    [19, 0.00375732],
    [20, 0.00335581],
    [22, 0.0026774],
    [25, 0.00193572],
    [30, 0.00113501],
    [40, 0.000640776],
    [50, 0.00044982],
    [60, 0.000358478],
    [70, 0.000248433],
    [80, 0.000166929],
    [100, 0.0000869631],
    [120, 0.0000590036],
    [140, 0.0000424688],
    [160, 0.0000299381]
  ]
}