{
  "reaction": {
    "lhs": [
      { "state": { "particle": "e", "charge": -1 }, "count": 1 },
      {
        "state": {
          "particle": "H2",
          "charge": 0,
          "descriptor": { "type": 1, "accuracy": 2, "e": "X", "Lambda": 0, "S": 0, "parity": "g", "v": 8 }
        },
        "count": 1
      }
    ],
    "rhs": [
      { "state": { "particle": "e", "charge": -1 }, "count": 1 },
      {
        "state": {
          "particle": "H2",
          "charge": 0,
          "descriptor": { "type": 1, "accuracy": 2, "e": "e", "Lambda": 0, "S": 1, "parity": "u", "v": 4 }
        },
        "count": 1
      }
    ],
    "type_tags": ["Electronic", "Vibrational"],
    "reversible": false
  },
  "threshold": 10.82,
  "data": [
    [10.82, 0],
    [11, 0.00933424],
    [12, 0.0116164],
    [13, 0.0101417],
    [14, 0.00898946],
    [15, 0.00820847],
    [16, 0.00794683],
    [17, 0.00769923],
    [18, 0.00702997],
    [19, 0.00620396],
    [20, 0.0055247],
    [22, 0.00464655],
    [25, 0.00372032],
    [30, 0.0026786],
    [40, 0.00153142],
    [50, 0.00103685],
    [60, 0.000771236],
    [70, 0.000499015],
    [80, 0.000308549],
    [100, 0.00013884],
    [120, 0.0000962496],
    [140, 0.0000695688],
    [160, 0.0000492515]
  ]
}