{
  "reaction": {
    "lhs": [
      { "state": { "particle": "e", "charge": -1 }, "count": 1 },
      {
        "state": {
          "particle": "H2",
          "charge": 0,
          "descriptor": { "type": 1, "accuracy": 2, "e": "X", "Lambda": 0, "S": 0, "parity": "g", "v": 8 }
        },
        "count": 1
      }
    ],
    "rhs": [
      { "state": { "particle": "e", "charge": -1 }, "count": 1 },
      {
        "state": {
          "particle": "H2",
          "charge": 0,
          "descriptor": {
            "type": 1,
            "accuracy": 2,
            "e": "C",
            "Lambda": 1,
            "S": 0,
            "parity": "u",
            "v": 12
          }
        },
        "count": 1
      }
    ],
    "type_tags": ["Electronic", "Vibrational"],
    "reversible": false
  },
  "threshold": 11.2885,
  "data": [
    [11.2885, 0],
    [12, 0.00235221],
    [13, 0.00449779],
    [14, 0.00616488],
    [15, 0.00759018],
    [16, 0.00898619],
    [17, 0.010416],
    [18, 0.0118411],
    [19, 0.013211],
    [20, 0.0144981],
    [22, 0.016775],
    [25, 0.0193498],
    [30, 0.0218214],
    [40, 0.0248162],
    [50, 0.0265027],
    [60, 0.027429],
    [70, 0.0274787],
    [80, 0.0269599],
    [100, 0.0255655],
    [120, 0.0239475],
    [140, 0.0224331],
    [160, 0.0210942]
  ]
}