{
  "reaction": {
    "lhs": [
      { "state": { "particle": "e", "charge": -1 }, "count": 1 },
      {
        "state": {
          "particle": "H2",
          "charge": 0,
          "descriptor": { "type": 1, "accuracy": 2, "e": "X", "Lambda": 0, "S": 0, "parity": "g", "v": 8 }
        },
        "count": 1
      }
    ],
    "rhs": [
      { "state": { "particle": "e", "charge": -1 }, "count": 1 },
      {
        "state": {
          "particle": "H2",
          "charge": 0,
          "descriptor": {
            "type": 1,
            "accuracy": 2,
            "e": "d",
            "Lambda": 1,
            "S": 1,
            "parity": "u",
            "v": 10
          }
        },
        "count": 1
      }
    ],
    "type_tags": ["Electronic", "Vibrational"],
    "reversible": false
  },
  "threshold": 12.6509,
  "data": [
    [12.6509, 0],
    [13, 0.00352564],
    [14, 0.00327494],
    [15, 0.0029793],
    [16, 0.00288258],
    [17, 0.00280276],
    [18, 0.00259289],
    [19, 0.00233645],
    [20, 0.00211874],
    [22, 0.00181128],
    [25, 0.00145003],
    [30, 0.00100093],
    [40, 0.000477772],
    [50, 0.00029786],
    [60, 0.00023557],
    [70, 0.000170688],
    [80, 0.000130231],
    [100, 0.0000673461],
    [120, 0.0000366398],
    [140, 0.0000262753],
    [160, 0.000018362]
  ]
}