{
  "reaction": {
    "lhs": [
      { "state": { "particle": "e", "charge": -1 }, "count": 1 },
      {
        "state": {
          "particle": "H2",
          "charge": 0,
          "descriptor": { "type": 1, "accuracy": 2, "e": "X", "Lambda": 0, "S": 0, "parity": "g", "v": 8 }
        },
        "count": 1
      }
    ],
    "rhs": [
      { "state": { "particle": "e", "charge": -1 }, "count": 1 },
      {
        "state": {
          "particle": "H2",
          "charge": 0,
          "descriptor": { "type": 1, "accuracy": 2, "e": "e", "Lambda": 0, "S": 1, "parity": "u", "v": 3 }
        },
        "count": 1
      }
    ],
    "type_tags": ["Electronic", "Vibrational"],
    "reversible": false
  },
  "threshold": 10.6158,
  "data": [
    [10.6158, 0],
    [11, 0.0308684],
    [12, 0.0367618],
    [13, 0.0322398],
    [14, 0.0283599],
    [15, 0.0255649],
    [16, 0.0239478],
    [17, 0.0226105],
    [18, 0.020895],
    [19, 0.0191134],
    [20, 0.0175834],
    [22, 0.0151842],
    [25, 0.0122164],
    [30, 0.00837657],
    [40, 0.00383639],
    [50, 0.00278005],
    [60, 0.00254581],
    [70, 0.00180773],
    [80, 0.000964507],
    [100, 0.000394448],
    [120, 0.000265565],
    [140, 0.00019204],
    [160, 0.000135849]
  ]
}