{
  "reaction": {
    "lhs": [
      { "state": { "particle": "e", "charge": -1 }, "count": 1 },
      {
        "state": {
          "particle": "H2",
          "charge": 0,
          "descriptor": { "type": 1, "accuracy": 2, "e": "X", "Lambda": 0, "S": 0, "parity": "g", "v": 8 }
        },
        "count": 1
      }
    ],
    "rhs": [
      { "state": { "particle": "e", "charge": -1 }, "count": 1 },
      {
        "state": {
          "particle": "H2",
          "charge": 0,
          "descriptor": {
            "type": 1,
            "accuracy": 2,
            "e": "B",
            "Lambda": 0,
            "S": 0,
            "parity": "u",
            "v": 12
          }
        },
        "count": 1
      }
    ],
    "type_tags": ["Electronic", "Vibrational"],
    "reversible": false
  },
  "threshold": 9.54616,
  "data": [
    [9.54616, 0],
    [10, 0.00688767],
    [11, 0.0150728],
    [12, 0.0214508],
    [13, 0.02642],
    [14, 0.0304992],
    [15, 0.0338624],
    [16, 0.0365736],
    [17, 0.0387057],
    [18, 0.0403312],
    [19, 0.0415232],
    [20, 0.0423544],
    [22, 0.0432264],
    [25, 0.043653],
    [30, 0.0448888],
    [40, 0.046056],
    [50, 0.0453735],
    [60, 0.0440724],
    [70, 0.0427706],
    [80, 0.0413174],
    [100, 0.0380584],
    [120, 0.0347399],
    [140, 0.0317436],
    [160, 0.0291187]
  ]
}