{
  "reaction": {
    "lhs": [
      { "state": { "particle": "e", "charge": -1 }, "count": 1 },
      {
        "state": {
          "particle": "H2",
          "charge": 0,
          "descriptor": { "type": 1, "accuracy": 2, "e": "X", "Lambda": 0, "S": 0, "parity": "g", "v": 8 }
        },
        "count": 1
      }
    ],
    "rhs": [
      { "state": { "particle": "e", "charge": -1 }, "count": 1 },
      {
        "state": {
          "particle": "H2",
          "charge": 0,
          "descriptor": {
            "type": 1,
            "accuracy": 2,
            "e": "Bp",
            "Lambda": 0,
            "S": 0,
            "parity": "u",
            "v": 1
          }
        },
        "count": 1
      }
    ],
    "type_tags": ["Electronic", "Vibrational"],
    "reversible": false
  },
  "threshold": 10.6019,
  "data": [
    [10.6019, 0],
    [11, 0.00167077],
    [12, 0.00164048],
    [13, 0.00156887],
    [14, 0.00162542],
    [15, 0.00170307],
    [16, 0.00176544],
    [17, 0.00177589],
    [18, 0.00168833],
    [19, 0.00154002],
    [20, 0.00142846],
    [22, 0.00138773],
    [25, 0.00141323],
    [30, 0.00134077],
    [40, 0.00114656],
    [50, 0.00110563],
    [60, 0.00108499],
    [70, 0.00101281],
    [80, 0.00094473],
    [100, 0.000847897],
    [120, 0.000722493],
    [140, 0.000609733],
    [160, 0.000523725]
  ]
}