{
  "reaction": {
    "lhs": [
      { "state": { "particle": "e", "charge": -1 }, "count": 1 },
      {
        "state": {
          "particle": "H2",
          "charge": 0,
          "descriptor": { "type": 1, "accuracy": 2, "e": "X", "Lambda": 0, "S": 0, "parity": "g", "v": 8 }
        },
        "count": 1
      }
    ],
    "rhs": [
      { "state": { "particle": "e", "charge": -1 }, "count": 1 },
      {
        "state": {
          "particle": "H2",
          "charge": 0,
          "descriptor": { "type": 1, "accuracy": 2, "e": "a", "Lambda": 0, "S": 1, "parity": "g", "v": 9 }
        },
        "count": 1
      }
    ],
    "type_tags": ["Electronic", "Vibrational"],
    "reversible": false
  },
  "threshold": 10.6986,
  "data": [
    [10.6986, 0],
    [11, 0.00975506],
    [12, 0.0179935],
    [13, 0.0170833],
    [14, 0.0155934],
    [15, 0.0142773],
    [16, 0.0120716],
    [17, 0.00990153],
    [18, 0.00842266],
    [19, 0.00728201],
    [20, 0.00638183],
    [22, 0.00496048],
    [25, 0.00345311],
    [30, 0.00186346],
    [40, 0.000843761],
    [50, 0.000588774],
    [60, 0.000530392],
    [70, 0.000404094],
    [80, 0.000269721],
    [100, 0.000143555],
    [120, 0.000090757],
    [140, 0.0000657298],
    [160, 0.0000467188]
  ]
}