{
  "reaction": {
    "lhs": [
      { "state": { "particle": "e", "charge": -1 }, "count": 1 },
      {
        "state": {
          "particle": "H2",
          "charge": 0,
          "descriptor": { "type": 1, "accuracy": 2, "e": "X", "Lambda": 0, "S": 0, "parity": "g", "v": 8 }
        },
        "count": 1
      }
    ],
    "rhs": [
      { "state": { "particle": "e", "charge": -1 }, "count": 1 },
      {
        "state": {
          "particle": "H2",
          "charge": 0,
          "descriptor": {
            "type": 1,
            "accuracy": 2,
            "e": "H",
            "Lambda": 0,
            "S": 0,
            "parity": "g",
            "v": 58
          }
        },
        "count": 1
      }
    ],
    "type_tags": ["Electronic", "Vibrational"],
    "reversible": false
  },
  "threshold": 13.2223,
  "data": [
    [13.2223, 0],
    [14, 0.0000960263],
    [15, 0.000149923],
    [16, 0.000166048],
    [17, 0.000154033],
    [18, 0.000139974],
    [19, 0.000133503],
    [20, 0.000130779],
    [22, 0.000123023],
    [25, 0.000120453],
    [30, 0.000130656],
    [40, 0.000122438],
    [50, 0.000119832],
    [60, 0.000128338],
    [70, 0.000132878],
    [80, 0.000124601],
    [100, 0.000108364],
    [120, 0.0000955278],
    [140, 0.000085728],
    [160, 0.000079614]
  ]
}