{
  "reaction": {
    "lhs": [
      { "state": { "particle": "e", "charge": -1 }, "count": 1 },
      {
        "state": {
          "particle": "H2",
          "charge": 0,
          "descriptor": { "type": 1, "accuracy": 2, "e": "X", "Lambda": 0, "S": 0, "parity": "g", "v": 8 }
        },
        "count": 1
      }
    ],
    "rhs": [
      { "state": { "particle": "e", "charge": -1 }, "count": 1 },
      {
        "state": {
          "particle": "H2",
          "charge": 0,
          "descriptor": { "type": 1, "accuracy": 2, "e": "H", "Lambda": 0, "S": 0, "parity": "g", "v": 7 }
        },
        "count": 1
      }
    ],
    "type_tags": ["Electronic", "Vibrational"],
    "reversible": false
  },
  "threshold": 11.9562,
  "data": [
    [11.9562, 0],
    [12, 5.84713e-13],
    [13, 1.32556e-12],
    [14, 1.44831e-12],
    [15, 1.27867e-12],
    [16, 1.05493e-12],
    [17, 7.46867e-13],
    [18, 5.02032e-13],
    [19, 3.65026e-13],
    [20, 3.03015e-13],
    [22, 2.50776e-13],
    [25, 2.50254e-13],
    [30, 3.25422e-13],
    [40, 3.39362e-13],
    [50, 3.36221e-13],
    [60, 3.3239e-13],
    [70, 2.57957e-13],
    [80, 1.06805e-13],
    [100, 7.30088e-14],
    [120, 4.90227e-14],
    [140, 4.30462e-14],
    [160, 4.32261e-14]
  ]
}