{
  "reaction": {
    "lhs": [
      { "state": { "particle": "e", "charge": -1 }, "count": 1 },
      {
        "state": {
          "particle": "H2",
          "charge": 0,
          "descriptor": { "type": 1, "accuracy": 2, "e": "X", "Lambda": 0, "S": 0, "parity": "g", "v": 8 }
        },
        "count": 1
      }
    ],
    "rhs": [
      { "state": { "particle": "e", "charge": -1 }, "count": 1 },
      {
        "state": {
          "particle": "H2",
          "charge": 0,
          "descriptor": { "type": 1, "accuracy": 2, "e": "c", "Lambda": 1, "S": 1, "parity": "u", "v": 9 }
        },
        "count": 1
      }
    ],
    "type_tags": ["Electronic", "Vibrational"],
    "reversible": false
  },
  "threshold": 10.5341,
  "data": [
    [10.5341, 0],
    [11, 0.02137],
    [12, 0.0269658],
    [13, 0.0255296],
    [14, 0.0233588],
    [15, 0.0218648],
    [16, 0.0191733],
    [17, 0.0164617],
    [18, 0.0145376],
    [19, 0.0129893],
    [20, 0.0117391],
    [22, 0.00974243],
    [25, 0.00752849],
    [30, 0.00494172],
    [40, 0.0021904],
    [50, 0.00134131],
    [60, 0.00112487],
    [70, 0.000798201],
    [80, 0.00052505],
    [100, 0.000251159],
    [120, 0.000150183],
    [140, 0.000107887],
    [160, 0.0000756058]
  ]
}