{
  "reaction": {
    "lhs": [
      { "state": { "particle": "e", "charge": -1 }, "count": 1 },
      {
        "state": {
          "particle": "H2",
          "charge": 0,
          "descriptor": { "type": 1, "accuracy": 2, "e": "X", "Lambda": 0, "S": 0, "parity": "g", "v": 8 }
        },
        "count": 1
      }
    ],
    "rhs": [
      { "state": { "particle": "e", "charge": -1 }, "count": 1 },
      {
        "state": {
          "particle": "H2",
          "charge": 0,
          "descriptor": {
            "type": 1,
            "accuracy": 2,
            "e": "H",
            "Lambda": 0,
            "S": 0,
            "parity": "g",
            "v": 67
          }
        },
        "count": 1
      }
    ],
    "type_tags": ["Electronic", "Vibrational"],
    "reversible": false
  },
  "threshold": -28.3605,
  "data": [
    [28.3605, 0],
    [6, 0.00000406609],
    [8, 0.00000472473],
    [10, 0.00000548923],
    [11, 0.00000591409],
    [12, 0.0000063689],
    [13, 0.0000197971],
    [14, 0.000048218],
    [15, 0.0000683899],
    [16, 0.0000730012],
    [17, 0.0000649561],
    [18, 0.0000581189],
    [19, 0.0000568288],
    [20, 0.0000576678],
    [22, 0.0000562107],
    [25, 0.0000550373],
    [30, 0.000056965],
    [40, 0.0000537468],
    [50, 0.0000545234],
    [60, 0.0000597597],
    [70, 0.0000635654],
    [80, 0.0000620677],
    [100, 0.0000548598],
    [120, 0.0000487394],
    [140, 0.0000437607],
    [160, 0.0000404725]
  ]
}