{
  "reaction": {
    "lhs": [
      { "state": { "particle": "e", "charge": -1 }, "count": 1 },
      {
        "state": {
          "particle": "H2",
          "charge": 0,
          "descriptor": { "type": 1, "accuracy": 2, "e": "X", "Lambda": 0, "S": 0, "parity": "g", "v": 8 }
        },
        "count": 1
      }
    ],
    "rhs": [
      { "state": { "particle": "e", "charge": -1 }, "count": 1 },
      {
        "state": {
          "particle": "H2",
          "charge": 0,
          "descriptor": {
            "type": 1,
            "accuracy": 2,
            "e": "H",
            "Lambda": 0,
            "S": 0,
            "parity": "g",
            "v": 34
          }
        },
        "count": 1
      }
    ],
    "type_tags": ["Electronic", "Vibrational"],
    "reversible": false
  },
  "threshold": 12.6854,
  "data": [
    [12.6854, 0],
    [13, 0.0000147472],
    [14, 0.0000224219],
    [15, 0.0000361854],
    [16, 0.0000465744],
    [17, 0.0000451051],
    [18, 0.0000411267],
    [19, 0.0000410078],
    [20, 0.0000445813],
    [22, 0.0000530137],
    [25, 0.00005454],
    [30, 0.0000408088],
    [40, 0.00003486],
    [50, 0.0000321951],
    [60, 0.0000250794],
    [70, 0.000018923],
    [80, 0.0000169564],
    [100, 0.0000132051],
    [120, 0.0000111657],
    [140, 0.00000962147],
    [160, 0.00000783641]
  ]
}