{
  "reaction": {
    "lhs": [
      { "state": { "particle": "e", "charge": -1 }, "count": 1 },
      {
        "state": {
          "particle": "H2",
          "charge": 0,
          "descriptor": { "type": 1, "accuracy": 2, "e": "X", "Lambda": 0, "S": 0, "parity": "g", "v": 8 }
        },
        "count": 1
      }
    ],
    "rhs": [
      { "state": { "particle": "e", "charge": -1 }, "count": 1 },
      {
        "state": {
          "particle": "H2",
          "charge": 0,
          "descriptor": {
            "type": 1,
            "accuracy": 2,
            "e": "D",
            "Lambda": 1,
            "S": 0,
            "parity": "u",
            "v": 12
          }
        },
        "count": 1
      }
    ],
    "type_tags": ["Electronic", "Vibrational"],
    "reversible": false
  },
  "threshold": 12.9775,
  "data": [
    [12.9775, 0],
    [13, 0.000175602],
    [14, 0.000989188],
    [15, 0.00158329],
    [16, 0.00194089],
    [17, 0.00221991],
    [18, 0.0025316],
    [19, 0.00289781],
    [20, 0.00328568],
    [22, 0.00398049],
    [25, 0.00466412],
    [30, 0.00541471],
    [40, 0.00652124],
    [50, 0.00723004],
    [60, 0.0077185],
    [70, 0.00788685],
    [80, 0.0077955],
    [100, 0.00749542],
    [120, 0.00707935],
    [140, 0.00667009],
    [160, 0.00630408]
  ]
}