{
  "reaction": {
    "lhs": [
      { "state": { "particle": "e", "charge": -1 }, "count": 1 },
      {
        "state": {
          "particle": "H2",
          "charge": 0,
          "descriptor": { "type": 1, "accuracy": 2, "e": "X", "Lambda": 0, "S": 0, "parity": "g", "v": 8 }
        },
        "count": 1
      }
    ],
    "rhs": [
      { "state": { "particle": "e", "charge": -1 }, "count": 1 },
      {
        "state": {
          "particle": "H2",
          "charge": 0,
          "descriptor": {
            "type": 1,
            "accuracy": 2,
            "e": "EF",
            "Lambda": 0,
            "S": 0,
            "parity": "g",
            "v": 8
          }
        },
        "count": 1
      }
    ],
    "type_tags": ["Electronic", "Vibrational"],
    "reversible": false
  },
  "threshold": 9.65566,
  "data": [
    [9.65566, 0],
    [10, 0.0217597],
    [11, 0.0350736],
    [12, 0.0348095],
    [13, 0.0430155],
    [14, 0.0479959],
    [15, 0.0521063],
    [16, 0.054254],
    [17, 0.0514738],
    [18, 0.0502015],
    [19, 0.0502765],
    [20, 0.0502349],
    [22, 0.0479053],
    [25, 0.044249],
    [30, 0.038815],
    [40, 0.0306314],
    [50, 0.0277559],
    [60, 0.0262349],
    [70, 0.0232867],
    [80, 0.0207507],
    [100, 0.016942],
    [120, 0.0142453],
    [140, 0.012584],
    [160, 0.0111988]
  ]
}