{
  "reaction": {
    "lhs": [
      { "state": { "particle": "e", "charge": -1 }, "count": 1 },
      {
        "state": {
          "particle": "H2",
          "charge": 0,
          "descriptor": { "type": 1, "accuracy": 2, "e": "X", "Lambda": 0, "S": 0, "parity": "g", "v": 8 }
        },
        "count": 1
      }
    ],
    "rhs": [
      { "state": { "particle": "e", "charge": -1 }, "count": 1 },
      {
        "state": {
          "particle": "H2",
          "charge": 0,
          "descriptor": {
            "type": 1,
            "accuracy": 2,
            "e": "H",
            "Lambda": 0,
            "S": 0,
            "parity": "g",
            "v": 66
          }
        },
        "count": 1
      }
    ],
    "type_tags": ["Electronic", "Vibrational"],
    "reversible": false
  },
  "threshold": -28.3605,
  "data": [
    [28.3605, 0],
    [6, 0.00000458246],
    [8, 0.00000532474],
    [10, 0.00000618632],
    [11, 0.00000666513],
    [12, 0.0000071777],
    [13, 0.000022156],
    [14, 0.0000536648],
    [15, 0.000075988],
    [16, 0.0000812613],
    [17, 0.0000726406],
    [18, 0.0000651281],
    [19, 0.0000634762],
    [20, 0.0000640627],
    [22, 0.0000620787],
    [25, 0.000060808],
    [30, 0.0000634219],
    [40, 0.0000597917],
    [50, 0.0000604017],
    [60, 0.0000660604],
    [70, 0.0000700591],
    [80, 0.0000680569],
    [100, 0.000060048],
    [120, 0.0000533062],
    [140, 0.0000478658],
    [160, 0.0000443131]
  ]
}