{
  "reaction": {
    "lhs": [
      { "state": { "particle": "e", "charge": -1 }, "count": 1 },
      {
        "state": {
          "particle": "H2",
          "charge": 0,
          "descriptor": { "type": 1, "accuracy": 2, "e": "X", "Lambda": 0, "S": 0, "parity": "g", "v": 8 }
        },
        "count": 1
      }
    ],
    "rhs": [
      { "state": { "particle": "e", "charge": -1 }, "count": 1 },
      {
        "state": {
          "particle": "H2",
          "charge": 0,
          "descriptor": { "type": 1, "accuracy": 2, "e": "c", "Lambda": 1, "S": 1, "parity": "u", "v": 2 }
        },
        "count": 1
      }
    ],
    "type_tags": ["Electronic", "Vibrational"],
    "reversible": false
  },
  "threshold": 9.00837,
  "data": [
    [9.00837, 0],
    [10, 0.00204478],
    [11, 0.00328547],
    [12, 0.00219995],
    [13, 0.000764052],
    [14, 0.000873593],
    [15, 0.000904513],
    [16, 0.000847318],
    [17, 0.000758184],
    [18, 0.000698077],
    [19, 0.00064416],
    [20, 0.0005944],
    [22, 0.000497206],
    [25, 0.000356593],
    [30, 0.00017317],
    [40, 0.0000622969],
    [50, 0.0000329837],
    [60, 0.0000260933],
    [70, 0.0000173883],
    [80, 0.000010648],
    [100, 0.00000463827],
    [120, 0.00000297113],
    [140, 0.00000212433],
    [160, 0.00000147775]
  ]
}