{
  "reaction": {
    "lhs": [
      { "state": { "particle": "e", "charge": -1 }, "count": 1 },
      {
        "state": {
          "particle": "H2",
          "charge": 0,
          "descriptor": { "type": 1, "accuracy": 2, "e": "X", "Lambda": 0, "S": 0, "parity": "g", "v": 8 }
        },
        "count": 1
      }
    ],
    "rhs": [
      { "state": { "particle": "e", "charge": -1 }, "count": 1 },
      {
        "state": {
          "particle": "H2",
          "charge": 0,
          "descriptor": {
            "type": 1,
            "accuracy": 2,
            "e": "EF",
            "Lambda": 0,
            "S": 0,
            "parity": "g",
            "v": 13
          }
        },
        "count": 1
      }
    ],
    "type_tags": ["Electronic", "Vibrational"],
    "reversible": false
  },
  "threshold": 10.0835,
  "data": [
    [10.0835, 0],
    [11, 0.00754383],
    [12, 0.00857606],
    [13, 0.00646893],
    [14, 0.00793354],
    [15, 0.00946003],
    [16, 0.0102271],
    [17, 0.010042],
    [18, 0.0103969],
    [19, 0.0110222],
    [20, 0.0108611],
    [22, 0.0105969],
    [25, 0.0101091],
    [30, 0.00904577],
    [40, 0.00809008],
    [50, 0.00795672],
    [60, 0.00800005],
    [70, 0.0076296],
    [80, 0.0071972],
    [100, 0.00624283],
    [120, 0.0053376],
    [140, 0.0047825],
    [160, 0.0043223]
  ]
}