{
  "reaction": {
    "lhs": [
      { "state": { "particle": "e", "charge": -1 }, "count": 1 },
      {
        "state": {
          "particle": "H2",
          "charge": 0,
          "descriptor": { "type": 1, "accuracy": 2, "e": "X", "Lambda": 0, "S": 0, "parity": "g", "v": 8 }
        },
        "count": 1
      }
    ],
    "rhs": [
      { "state": { "particle": "e", "charge": -1 }, "count": 1 },
      {
        "state": {
          "particle": "H2",
          "charge": 0,
          "descriptor": {
            "type": 1,
            "accuracy": 2,
            "e": "g",
            "Lambda": 0,
            "S": 1,
            "parity": "g",
            "v": 10
          }
        },
        "count": 1
      }
    ],
    "type_tags": ["Electronic", "Vibrational"],
    "reversible": false
  },
  "threshold": 12.721,
  "data": [
    [12.721, 0],
    [13, 0.00109194],
    [14, 0.00189268],
    [15, 0.00161815],
    [16, 0.00150009],
    [17, 0.00139811],
    [18, 0.00119243],
    [19, 0.000953358],
    [20, 0.000767584],
    [22, 0.000556728],
    [25, 0.000385152],
    [30, 0.000264687],
    [40, 0.000178635],
    [50, 0.000127862],
    [60, 0.0000812102],
    [70, 0.0000540352],
    [80, 0.0000374404],
    [100, 0.0000185355],
    [120, 0.0000118738],
    [140, 0.0000085244],
    [160, 0.00000597623]
  ]
}