{
  "reaction": {
    "lhs": [
      { "state": { "particle": "e", "charge": -1 }, "count": 1 },
      {
        "state": {
          "particle": "H2",
          "charge": 0,
          "descriptor": { "type": 1, "accuracy": 2, "e": "X", "Lambda": 0, "S": 0, "parity": "g", "v": 8 }
        },
        "count": 1
      }
    ],
    "rhs": [
      { "state": { "particle": "e", "charge": -1 }, "count": 1 },
      {
        "state": {
          "particle": "H2",
          "charge": 0,
          "descriptor": {
            "type": 1,
            "accuracy": 2,
            "e": "H",
            "Lambda": 0,
            "S": 0,
            "parity": "g",
            "v": 55
          }
        },
        "count": 1
      }
    ],
    "type_tags": ["Electronic", "Vibrational"],
    "reversible": false
  },
  "threshold": 13.1914,
  "data": [
    [13.1914, 0],
    [14, 0.00011806],
    [15, 0.00018269],
    [16, 0.000202737],
    [17, 0.000189986],
    [18, 0.000172245],
    [19, 0.000163876],
    [20, 0.000159822],
    [22, 0.000149824],
    [25, 0.000146857],
    [30, 0.000159893],
    [40, 0.00014927],
    [50, 0.000144549],
    [60, 0.000153186],
    [70, 0.000157013],
    [80, 0.000145612],
    [100, 0.000125903],
    [120, 0.000110652],
    [140, 0.0000992128],
    [160, 0.0000920348]
  ]
}