{
  "reaction": {
    "lhs": [
      { "state": { "particle": "e", "charge": -1 }, "count": 1 },
      {
        "state": {
          "particle": "H2",
          "charge": 0,
          "descriptor": { "type": 1, "accuracy": 2, "e": "X", "Lambda": 0, "S": 0, "parity": "g", "v": 8 }
        },
        "count": 1
      }
    ],
    "rhs": [
      { "state": { "particle": "e", "charge": -1 }, "count": 1 },
      {
        "state": {
          "particle": "H2",
          "charge": 0,
          "descriptor": { "type": 1, "accuracy": 2, "e": "B", "Lambda": 0, "S": 0, "parity": "u", "v": 0 }
        },
        "count": 1
      }
    ],
    "type_tags": ["Electronic", "Vibrational"],
    "reversible": false
  },
  "threshold": 7.85484,
  "data": [
    [7.85484, 0],
    [8, 0.0112982],
    [10, 0.0498831],
    [11, 0.0603868],
    [12, 0.0680939],
    [13, 0.0741163],
    [14, 0.0787585],
    [15, 0.0822402],
    [16, 0.0846912],
    [17, 0.0862465],
    [18, 0.0870466],
    [19, 0.0872025],
    [20, 0.0868969],
    [22, 0.0853407],
    [25, 0.0827382],
    [30, 0.0823161],
    [40, 0.0817247],
    [50, 0.080231],
    [60, 0.0775529],
    [70, 0.074298],
    [80, 0.0706244],
    [100, 0.0638615],
    [120, 0.0580734],
    [140, 0.0530023],
    [160, 0.0485525]
  ]
}