{
  "reaction": {
    "lhs": [
      { "state": { "particle": "e", "charge": -1 }, "count": 1 },
      {
        "state": {
          "particle": "H2",
          "charge": 0,
          "descriptor": { "type": 1, "accuracy": 2, "e": "X", "Lambda": 0, "S": 0, "parity": "g", "v": 8 }
        },
        "count": 1
      }
    ],
    "rhs": [
      { "state": { "particle": "e", "charge": -1 }, "count": 1 },
      {
        "state": {
          "particle": "H2",
          "charge": 0,
          "descriptor": {
            "type": 1,
            "accuracy": 2,
            "e": "H",
            "Lambda": 0,
            "S": 0,
            "parity": "g",
            "v": 23
          }
        },
        "count": 1
      }
    ],
    "type_tags": ["Electronic", "Vibrational"],
    "reversible": false
  },
  "threshold": 12.415,
  "data": [
    [12.415, 0],
    [13, 8.11132e-7],
    [14, 0.00000145419],
    [15, 0.00000165337],
    [16, 0.00000156627],
    [17, 0.00000148864],
    [18, 0.00000145375],
    [19, 0.00000139861],
    [20, 0.00000130726],
    [22, 0.00000112111],
    [25, 0.00000108951],
    [30, 0.00000134922],
    [40, 0.00000116704],
    [50, 0.00000105116],
    [60, 0.00000116578],
    [70, 0.00000122101],
    [80, 0.00000105816],
    [100, 8.91898e-7],
    [120, 7.46551e-7],
    [140, 6.57948e-7],
    [160, 6.10168e-7]
  ]
}