{
  "reaction": {
    "lhs": [
      { "state": { "particle": "e", "charge": -1 }, "count": 1 },
      {
        "state": {
          "particle": "H2",
          "charge": 0,
          "descriptor": { "type": 1, "accuracy": 2, "e": "X", "Lambda": 0, "S": 0, "parity": "g", "v": 8 }
        },
        "count": 1
      }
    ],
    "rhs": [
      { "state": { "particle": "e", "charge": -1 }, "count": 1 },
      {
        "state": {
          "particle": "H2",
          "charge": 0,
          "descriptor": { "type": 1, "accuracy": 2, "e": "c", "Lambda": 1, "S": 1, "parity": "u", "v": 5 }
        },
        "count": 1
      }
    ],
    "type_tags": ["Electronic", "Vibrational"],
    "reversible": false
  },
  "threshold": 9.74701,
  "data": [
    [9.74701, 0],
    [10, 0.0109212],
    [11, 0.046583],
    [12, 0.0447342],
    [13, 0.0349028],
    [14, 0.0256522],
    [15, 0.0261548],
    [16, 0.0244724],
    [17, 0.0217114],
    [18, 0.0194665],
    [19, 0.0172647],
    [20, 0.0154331],
    [22, 0.0126381],
    [25, 0.00935961],
    [30, 0.00561452],
    [40, 0.00331406],
    [50, 0.00219494],
    [60, 0.00153815],
    [70, 0.000990144],
    [80, 0.000635822],
    [100, 0.000282925],
    [120, 0.000182945],
    [140, 0.000131138],
    [160, 0.0000916094]
  ]
}