{
  "reaction": {
    "lhs": [
      { "state": { "particle": "e", "charge": -1 }, "count": 1 },
      {
        "state": {
          "particle": "H2",
          "charge": 0,
          "descriptor": { "type": 1, "accuracy": 2, "e": "X", "Lambda": 0, "S": 0, "parity": "g", "v": 8 }
        },
        "count": 1
      }
    ],
    "rhs": [
      { "state": { "particle": "e", "charge": -1 }, "count": 1 },
      {
        "state": {
          "particle": "H2",
          "charge": 0,
          "descriptor": {
            "type": 1,
            "accuracy": 2,
            "e": "H",
            "Lambda": 0,
            "S": 0,
            "parity": "g",
            "v": 69
          }
        },
        "count": 1
      }
    ],
    "type_tags": ["Electronic", "Vibrational"],
    "reversible": false
  },
  "threshold": -28.3605,
  "data": [
    [28.3605, 0],
    [6, 0.00000317507],
    [8, 0.00000368937],
    [10, 0.00000428635],
    [11, 0.0000046181],
    [12, 0.00000497325],
    [13, 0.000015615],
    [14, 0.0000383849],
    [15, 0.0000545956],
    [16, 0.0000580241],
    [17, 0.000051096],
    [18, 0.0000455052],
    [19, 0.0000448184],
    [20, 0.0000460209],
    [22, 0.0000454064],
    [25, 0.0000444727],
    [30, 0.0000452473],
    [40, 0.0000427376],
    [50, 0.0000437615],
    [60, 0.0000481638],
    [70, 0.0000515428],
    [80, 0.0000508796],
    [100, 0.0000451294],
    [120, 0.0000401578],
    [140, 0.0000360448],
    [160, 0.000033258]
  ]
}