{
  "reaction": {
    "lhs": [
      { "state": { "particle": "e", "charge": -1 }, "count": 1 },
      {
        "state": {
          "particle": "H2",
          "charge": 0,
          "descriptor": { "type": 1, "accuracy": 2, "e": "X", "Lambda": 0, "S": 0, "parity": "g", "v": 8 }
        },
        "count": 1
      }
    ],
    "rhs": [
      { "state": { "particle": "e", "charge": -1 }, "count": 1 },
      {
        "state": {
          "particle": "H2",
          "charge": 0,
          "descriptor": {
            "type": 1,
            "accuracy": 2,
            "e": "d",
            "Lambda": 1,
            "S": 1,
            "parity": "u",
            "v": 18
          }
        },
        "count": 1
      }
    ],
    "type_tags": ["Electronic", "Vibrational"],
    "reversible": false
  },
  "threshold": 13.2305,
  "data": [
    [13.2305, 0],
    [14, 0.00000626054],
    [15, 0.00000728036],
    [16, 0.00000627825],
    [17, 0.00000527614],
    [18, 0.00000560157],
    [19, 0.00000620595],
    [20, 0.00000653138],
    [22, 0.00000625621],
    [25, 0.00000512703],
    [30, 0.00000301705],
    [40, 8.86319e-7],
    [50, 6.79569e-7],
    [60, 6.43969e-7],
    [70, 5.5835e-7],
    [80, 4.37762e-7],
    [100, 2.46405e-7],
    [120, 1.2554e-7],
    [140, 8.99901e-8],
    [160, 6.28627e-8]
  ]
}