{
  "reaction": {
    "lhs": [
      { "state": { "particle": "e", "charge": -1 }, "count": 1 },
      {
        "state": {
          "particle": "H2",
          "charge": 0,
          "descriptor": { "type": 1, "accuracy": 2, "e": "X", "Lambda": 0, "S": 0, "parity": "g", "v": 8 }
        },
        "count": 1
      }
    ],
    "rhs": [
      { "state": { "particle": "e", "charge": -1 }, "count": 1 },
      {
        "state": {
          "particle": "H2",
          "charge": 0,
          "descriptor": { "type": 1, "accuracy": 2, "e": "h", "Lambda": 0, "S": 1, "parity": "g", "v": 0 }
        },
        "count": 1
      }
    ],
    "type_tags": ["Electronic", "Vibrational"],
    "reversible": false
  },
  "threshold": 10.5153,
  "data": [
    [10.5153, 0],
    [11, 0.0000400783],
    [12, 0.00001164],
    [13, 0.00000367479],
    [14, 0.00000193047],
    [15, 8.99155e-8],
    [16, 7.44467e-7],
    [17, 0.0000018072],
    [18, 0.00000277209],
    [19, 0.00000370879],
    [20, 0.00000412944],
    [22, 0.00000387335],
    [25, 0.00000289826],
    [30, 0.00000166708],
    [40, 0.00000184878],
    [50, 9.31191e-7],
    [60, 1.17682e-8],
    [70, 9.63059e-9],
    [80, 9.32382e-9],
    [100, 5.75089e-9],
    [120, 1.98059e-9],
    [140, 1.62082e-9],
    [160, 1.3431e-9]
  ]
}