{
  "reaction": {
    "lhs": [
      { "state": { "particle": "e", "charge": -1 }, "count": 1 },
      {
        "state": {
          "particle": "H2",
          "charge": 0,
          "descriptor": { "type": 1, "accuracy": 2, "e": "X", "Lambda": 0, "S": 0, "parity": "g", "v": 8 }
        },
        "count": 1
      }
    ],
    "rhs": [
      { "state": { "particle": "e", "charge": -1 }, "count": 1 },
      {
        "state": {
          "particle": "H2",
          "charge": 0,
          "descriptor": {
            "type": 1,
            "accuracy": 2,
            "e": "B",
            "Lambda": 0,
            "S": 0,
            "parity": "u",
            "v": 16
          }
        },
        "count": 1
      }
    ],
    "type_tags": ["Electronic", "Vibrational"],
    "reversible": false
  },
  "threshold": 9.9887,
  "data": [
    [9.9887, 0],
    [10, 0.000342926],
    [11, 0.00331877],
    [12, 0.0057855],
    [13, 0.00767402],
    [14, 0.00927121],
    [15, 0.0106703],
    [16, 0.0118848],
    [17, 0.0129306],
    [18, 0.0138232],
    [19, 0.0145787],
    [20, 0.0152125],
    [22, 0.0161785],
    [25, 0.0171097],
    [30, 0.0180702],
    [40, 0.0189644],
    [50, 0.018668],
    [60, 0.0182803],
    [70, 0.0178836],
    [80, 0.0174452],
    [100, 0.0162441],
    [120, 0.0148433],
    [140, 0.0135564],
    [160, 0.0124336]
  ]
}