{
  "reaction": {
    "lhs": [
      { "state": { "particle": "e", "charge": -1 }, "count": 1 },
      {
        "state": {
          "particle": "H2",
          "charge": 0,
          "descriptor": { "type": 1, "accuracy": 2, "e": "X", "Lambda": 0, "S": 0, "parity": "g", "v": 8 }
        },
        "count": 1
      }
    ],
    "rhs": [
      { "state": { "particle": "e", "charge": -1 }, "count": 1 },
      {
        "state": {
          "particle": "H2",
          "charge": 0,
          "descriptor": { "type": 1, "accuracy": 2, "e": "J", "Lambda": 2, "S": 0, "parity": "g", "v": 7 }
        },
        "count": 1
      }
    ],
    "type_tags": ["Electronic", "Vibrational"],
    "reversible": false
  },
  "threshold": 12.2174,
  "data": [
    [12.2174, 0],
    [13, 0.000915615],
    [14, 0.00152283],
    [15, 0.00152507],
    [16, 0.00133727],
    [17, 0.00154187],
    [18, 0.00163386],
    [19, 0.0017382],
    [20, 0.00159214],
    [22, 0.00168872],
    [25, 0.00173539],
    [30, 0.00168195],
    [40, 0.00133216],
    [50, 0.00108324],
    [60, 0.000946253],
    [70, 0.000852164],
    [80, 0.00077484],
    [100, 0.00065231],
    [120, 0.000547162],
    [140, 0.000468678],
    [160, 0.000410123]
  ]
}