{
  "reaction": {
    "lhs": [
      { "state": { "particle": "e", "charge": -1 }, "count": 1 },
      {
        "state": {
          "particle": "H2",
          "charge": 0,
          "descriptor": { "type": 1, "accuracy": 2, "e": "X", "Lambda": 0, "S": 0, "parity": "g", "v": 8 }
        },
        "count": 1
      }
    ],
    "rhs": [
      { "state": { "particle": "e", "charge": -1 }, "count": 1 },
      {
        "state": {
          "particle": "H2",
          "charge": 0,
          "descriptor": {
            "type": 1,
            "accuracy": 2,
            "e": "H",
            "Lambda": 0,
            "S": 0,
            "parity": "g",
            "v": 47
          }
        },
        "count": 1
      }
    ],
    "type_tags": ["Electronic", "Vibrational"],
    "reversible": false
  },
  "threshold": 13.0326,
  "data": [
    [13.0326, 0],
    [14, 0.000158245],
    [15, 0.000238283],
    [16, 0.000266418],
    [17, 0.000252311],
    [18, 0.0002317],
    [19, 0.000219762],
    [20, 0.000213956],
    [22, 0.000203636],
    [25, 0.00020102],
    [30, 0.00021324],
    [40, 0.000195811],
    [50, 0.000184483],
    [60, 0.000187626],
    [70, 0.000185692],
    [80, 0.000168013],
    [100, 0.000142638],
    [120, 0.000124105],
    [140, 0.000110734],
    [160, 0.000101611]
  ]
}