{
  "reaction": {
    "lhs": [
      { "state": { "particle": "e", "charge": -1 }, "count": 1 },
      {
        "state": {
          "particle": "H2",
          "charge": 0,
          "descriptor": { "type": 1, "accuracy": 2, "e": "X", "Lambda": 0, "S": 0, "parity": "g", "v": 8 }
        },
        "count": 1
      }
    ],
    "rhs": [
      { "state": { "particle": "e", "charge": -1 }, "count": 1 },
      {
        "state": {
          "particle": "H2",
          "charge": 0,
          "descriptor": { "type": 1, "accuracy": 2, "e": "d", "Lambda": 1, "S": 1, "parity": "u", "v": 2 }
        },
        "count": 1
      }
    ],
    "type_tags": ["Electronic", "Vibrational"],
    "reversible": false
  },
  "threshold": 11.0688,
  "data": [
    [11.0688, 0],
    [12, 0.00095932],
    [13, 0.00154318],
    [14, 0.00141063],
    [15, 0.0011153],
    [16, 0.000810656],
    [17, 0.000650176],
    [18, 0.000624416],
    [19, 0.000615194],
    [20, 0.000612878],
    [22, 0.000573598],
    [25, 0.000427283],
    [30, 0.000186928],
    [40, 0.000105556],
    [50, 0.000071323],
    [60, 0.0000491182],
    [70, 0.0000307522],
    [80, 0.0000185546],
    [100, 0.00000710425],
    [120, 0.00000437242],
    [140, 0.00000313956],
    [160, 0.0000021943]
  ]
}