{
  "reaction": {
    "lhs": [
      { "state": { "particle": "e", "charge": -1 }, "count": 1 },
      {
        "state": {
          "particle": "H2",
          "charge": 0,
          "descriptor": { "type": 1, "accuracy": 2, "e": "X", "Lambda": 0, "S": 0, "parity": "g", "v": 8 }
        },
        "count": 1
      }
    ],
    "rhs": [
      { "state": { "particle": "e", "charge": -1 }, "count": 1 },
      {
        "state": {
          "particle": "H2",
          "charge": 0,
          "descriptor": { "type": 1, "accuracy": 2, "e": "g", "Lambda": 0, "S": 1, "parity": "g", "v": 7 }
        },
        "count": 1
      }
    ],
    "type_tags": ["Electronic", "Vibrational"],
    "reversible": false
  },
  "threshold": 12.2338,
  "data": [
    [12.2338, 0],
    [13, 0.00374722],
    [14, 0.00370627],
    [15, 0.00400397],
    [16, 0.00356789],
    [17, 0.00288092],
    [18, 0.00237504],
    [19, 0.001909],
    [20, 0.00155488],
    [22, 0.0011123],
    [25, 0.000754457],
    [30, 0.000492331],
    [40, 0.000292856],
    [50, 0.000210078],
    [60, 0.000153757],
    [70, 0.0000998599],
    [80, 0.0000628479],
    [100, 0.0000370127],
    [120, 0.0000307151],
    [140, 0.0000233998],
    [160, 0.000017978]
  ]
}