{
  "reaction": {
    "lhs": [
      { "state": { "particle": "e", "charge": -1 }, "count": 1 },
      {
        "state": {
          "particle": "H2",
          "charge": 0,
          "descriptor": { "type": 1, "accuracy": 2, "e": "X", "Lambda": 0, "S": 0, "parity": "g", "v": 8 }
        },
        "count": 1
      }
    ],
    "rhs": [
      { "state": { "particle": "e", "charge": -1 }, "count": 1 },
      {
        "state": {
          "particle": "H2",
          "charge": 0,
          "descriptor": {
            "type": 1,
            "accuracy": 2,
            "e": "GK",
            "Lambda": 0,
            "S": 0,
            "parity": "g",
            "v": 3
          }
        },
        "count": 1
      }
    ],
    "type_tags": ["Electronic", "Vibrational"],
    "reversible": false
  },
  "threshold": 10.7935,
  "data": [
    [10.7935, 0],
    [11, 0.00549886],
    [12, 0.014778],
    [13, 0.016837],
    [14, 0.0219252],
    [15, 0.0237876],
    [16, 0.0270832],
    [17, 0.0270373],
    [18, 0.0266441],
    [19, 0.0256109],
    [20, 0.0250685],
    [22, 0.0246157],
    [25, 0.0242246],
    [30, 0.0219018],
    [40, 0.0183699],
    [50, 0.0172942],
    [60, 0.0164848],
    [70, 0.0158732],
    [80, 0.0155883],
    [100, 0.0134745],
    [120, 0.0116932],
    [140, 0.0102],
    [160, 0.00899661]
  ]
}