{
  "reaction": {
    "lhs": [
      { "state": { "particle": "e", "charge": -1 }, "count": 1 },
      {
        "state": {
          "particle": "H2",
          "charge": 0,
          "descriptor": { "type": 1, "accuracy": 2, "e": "X", "Lambda": 0, "S": 0, "parity": "g", "v": 8 }
        },
        "count": 1
      }
    ],
    "rhs": [
      { "state": { "particle": "e", "charge": -1 }, "count": 1 },
      {
        "state": {
          "particle": "H2",
          "charge": 0,
          "descriptor": { "type": 1, "accuracy": 2, "e": "B", "Lambda": 0, "S": 0, "parity": "u", "v": 1 }
        },
        "count": 1
      }
    ],
    "type_tags": ["Electronic", "Vibrational"],
    "reversible": false
  },
  "threshold": 8.01873,
  "data": [
    [8.01873, 0],
    [10, 0.463728],
    [11, 0.577752],
    [12, 0.654798],
    [13, 0.709302],
    [14, 0.751666],
    [15, 0.784878],
    [16, 0.809894],
    [17, 0.827706],
    [18, 0.839314],
    [19, 0.845736],
    [20, 0.847798],
    [22, 0.843384],
    [25, 0.830372],
    [30, 0.828767],
    [40, 0.824221],
    [50, 0.807749],
    [60, 0.780672],
    [70, 0.748963],
    [80, 0.713569],
    [100, 0.646701],
    [120, 0.587805],
    [140, 0.536038],
    [160, 0.49075]
  ]
}