{
  "reaction": {
    "lhs": [
      { "state": { "particle": "e", "charge": -1 }, "count": 1 },
      {
        "state": {
          "particle": "H2",
          "charge": 0,
          "descriptor": { "type": 1, "accuracy": 2, "e": "X", "Lambda": 0, "S": 0, "parity": "g", "v": 8 }
        },
        "count": 1
      }
    ],
    "rhs": [
      { "state": { "particle": "e", "charge": -1 }, "count": 1 },
      {
        "state": {
          "particle": "H2",
          "charge": 0,
          "descriptor": { "type": 1, "accuracy": 2, "e": "g", "Lambda": 0, "S": 1, "parity": "g", "v": 2 }
        },
        "count": 1
      }
    ],
    "type_tags": ["Electronic", "Vibrational"],
    "reversible": false
  },
  "threshold": 11.1197,
  "data": [
    [11.1197, 0],
    [12, 0.000250356],
    [13, 0.000418852],
    [14, 0.0000832788],
    [15, 0.0000696018],
    [16, 0.0000722289],
    [17, 0.0000842119],
    [18, 0.000115954],
    [19, 0.000155301],
    [20, 0.000174568],
    [22, 0.000161489],
    [25, 0.000110461],
    [30, 0.0000357318],
    [40, 0.0000214938],
    [50, 0.0000193284],
    [60, 0.0000189148],
    [70, 0.0000150781],
    [80, 0.00000977171],
    [100, 0.00000425834],
    [120, 0.0000017516],
    [140, 0.00000125111],
    [160, 8.65702e-7]
  ]
}