{
  "reaction": {
    "lhs": [
      { "state": { "particle": "e", "charge": -1 }, "count": 1 },
      {
        "state": {
          "particle": "H2",
          "charge": 0,
          "descriptor": { "type": 1, "accuracy": 2, "e": "X", "Lambda": 0, "S": 0, "parity": "g", "v": 8 }
        },
        "count": 1
      }
    ],
    "rhs": [
      { "state": { "particle": "e", "charge": -1 }, "count": 1 },
      {
        "state": {
          "particle": "H2",
          "charge": 0,
          "descriptor": {
            "type": 1,
            "accuracy": 2,
            "e": "H",
            "Lambda": 0,
            "S": 0,
            "parity": "g",
            "v": 38
          }
        },
        "count": 1
      }
    ],
    "type_tags": ["Electronic", "Vibrational"],
    "reversible": false
  },
  "threshold": 12.7908,
  "data": [
    [12.7908, 0],
    [13, 0.0000391693],
    [14, 0.0000832639],
    [15, 0.000125461],
    [16, 0.00014681],
    [17, 0.000141161],
    [18, 0.000130341],
    [19, 0.000126114],
    [20, 0.000127761],
    [22, 0.000133123],
    [25, 0.000133969],
    [30, 0.000123527],
    [40, 0.000109324],
    [50, 0.00010025],
    [60, 0.0000916617],
    [70, 0.0000828615],
    [80, 0.0000737909],
    [100, 0.0000604852],
    [120, 0.0000517712],
    [140, 0.0000455543],
    [160, 0.0000401246]
  ]
}