{
  "reaction": {
    "lhs": [
      { "state": { "particle": "e", "charge": -1 }, "count": 1 },
      {
        "state": {
          "particle": "H2",
          "charge": 0,
          "descriptor": { "type": 1, "accuracy": 2, "e": "X", "Lambda": 0, "S": 0, "parity": "g", "v": 8 }
        },
        "count": 1
      }
    ],
    "rhs": [
      { "state": { "particle": "e", "charge": -1 }, "count": 1 },
      {
        "state": {
          "particle": "H2",
          "charge": 0,
          "descriptor": {
            "type": 1,
            "accuracy": 2,
            "e": "EF",
            "Lambda": 0,
            "S": 0,
            "parity": "g",
            "v": 22
          }
        },
        "count": 1
      }
    ],
    "type_tags": ["Electronic", "Vibrational"],
    "reversible": false
  },
  "threshold": 10.8084,
  "data": [
    [10.8084, 0],
    [11, 0.000448247],
    [12, 0.0010405],
    [13, 0.00074175],
    [14, 0.000639747],
    [15, 0.000771514],
    [16, 0.000955859],
    [17, 0.00112838],
    [18, 0.00100153],
    [19, 0.000942971],
    [20, 0.000963681],
    [22, 0.000991451],
    [25, 0.000961291],
    [30, 0.000852679],
    [40, 0.000713284],
    [50, 0.000681509],
    [60, 0.000663238],
    [70, 0.00060448],
    [80, 0.000550392],
    [100, 0.000466561],
    [120, 0.000417997],
    [140, 0.000382882],
    [160, 0.000350866]
  ]
}