{
  "reaction": {
    "lhs": [
      { "state": { "particle": "e", "charge": -1 }, "count": 1 },
      {
        "state": {
          "particle": "H2",
          "charge": 0,
          "descriptor": { "type": 1, "accuracy": 2, "e": "X", "Lambda": 0, "S": 0, "parity": "g", "v": 8 }
        },
        "count": 1
      }
    ],
    "rhs": [
      { "state": { "particle": "e", "charge": -1 }, "count": 1 },
      {
        "state": {
          "particle": "H2",
          "charge": 0,
          "descriptor": {
            "type": 1,
            "accuracy": 2,
            "e": "GK",
            "Lambda": 0,
            "S": 0,
            "parity": "g",
            "v": 1
          }
        },
        "count": 1
      }
    ],
    "type_tags": ["Electronic", "Vibrational"],
    "reversible": false
  },
  "threshold": 10.5182,
  "data": [
    [10.5182, 0],
    [11, 0.00249914],
    [12, 0.00467872],
    [13, 0.00481274],
    [14, 0.00586289],
    [15, 0.00721046],
    [16, 0.00796348],
    [17, 0.00754216],
    [18, 0.00749083],
    [19, 0.00743707],
    [20, 0.00733752],
    [22, 0.00756605],
    [25, 0.00680596],
    [30, 0.00640142],
    [40, 0.00528445],
    [50, 0.00522055],
    [60, 0.00493326],
    [70, 0.0044862],
    [80, 0.00419241],
    [100, 0.00358498],
    [120, 0.00315639],
    [140, 0.00279726],
    [160, 0.00257794]
  ]
}