{
  "reaction": {
    "lhs": [
      { "state": { "particle": "e", "charge": -1 }, "count": 1 },
      {
        "state": {
          "particle": "H2",
          "charge": 0,
          "descriptor": { "type": 1, "accuracy": 2, "e": "X", "Lambda": 0, "S": 0, "parity": "g", "v": 8 }
        },
        "count": 1
      }
    ],
    "rhs": [
      { "state": { "particle": "e", "charge": -1 }, "count": 1 },
      {
        "state": {
          "particle": "H2",
          "charge": 0,
          "descriptor": { "type": 1, "accuracy": 2, "e": "c", "Lambda": 1, "S": 1, "parity": "u", "v": 0 }
        },
        "count": 1
      }
    ],
    "type_tags": ["Electronic", "Vibrational"],
    "reversible": false
  },
  "threshold": 8.44257,
  "data": [
    [8.44257, 0],
    [10, 0.00000218138],
    [11, 8.18852e-7],
    [12, 0.00000234937],
    [13, 0.00000128179],
    [14, 1.52471e-7],
    [15, 4.28741e-8],
    [16, 4.31052e-7],
    [17, 8.1923e-7],
    [18, 7.26923e-7],
    [19, 5.3804e-7],
    [20, 3.84639e-7],
    [22, 2.27383e-7],
    [25, 7.79957e-8],
    [30, 4.54966e-10],
    [40, 3.77017e-8],
    [50, 2.29885e-8],
    [60, 5.17091e-9],
    [70, 1.58852e-9],
    [80, 9.97824e-10],
    [100, 7.38883e-10],
    [120, 6.97169e-10],
    [140, 6.68356e-10],
    [160, 6.17345e-10]
  ]
}