{
  "reaction": {
    "lhs": [
      { "state": { "particle": "e", "charge": -1 }, "count": 1 },
      {
        "state": {
          "particle": "H2",
          "charge": 0,
          "descriptor": { "type": 1, "accuracy": 2, "e": "X", "Lambda": 0, "S": 0, "parity": "g", "v": 8 }
        },
        "count": 1
      }
    ],
    "rhs": [
      { "state": { "particle": "e", "charge": -1 }, "count": 1 },
      {
        "state": {
          "particle": "H2",
          "charge": 0,
          "descriptor": { "type": 1, "accuracy": 2, "e": "g", "Lambda": 0, "S": 1, "parity": "g", "v": 5 }
        },
        "count": 1
      }
    ],
    "type_tags": ["Electronic", "Vibrational"],
    "reversible": false
  },
  "threshold": 11.8332,
  "data": [
    [11.8332, 0],
    [12, 0.000267288],
    [13, 0.000435453],
    [14, 0.000405948],
    [15, 0.000132692],
    [16, 0.0000995664],
    [17, 0.0000947953],
    [18, 0.000116456],
    [19, 0.000156682],
    [20, 0.000178343],
    [22, 0.000169985],
    [25, 0.00013592],
    [30, 0.0000740909],
    [40, 0.0000230867],
    [50, 0.000026581],
    [60, 0.0000300754],
    [70, 0.0000232522],
    [80, 0.0000138687],
    [100, 0.00000746628],
    [120, 0.00000531765],
    [140, 0.0000037913],
    [160, 0.00000263963]
  ]
}