{
  "reaction": {
    "lhs": [
      { "state": { "particle": "e", "charge": -1 }, "count": 1 },
      {
        "state": {
          "particle": "H2",
          "charge": 0,
          "descriptor": { "type": 1, "accuracy": 2, "e": "X", "Lambda": 0, "S": 0, "parity": "g", "v": 8 }
        },
        "count": 1
      }
    ],
    "rhs": [
      { "state": { "particle": "e", "charge": -1 }, "count": 1 },
      {
        "state": {
          "particle": "H2",
          "charge": 0,
          "descriptor": {
            "type": 1,
            "accuracy": 2,
            "e": "B",
            "Lambda": 0,
            "S": 0,
            "parity": "u",
            "v": 28
          }
        },
        "count": 1
      }
    ],
    "type_tags": ["Electronic", "Vibrational"],
    "reversible": false
  },
  "threshold": 11.0042,
  "data": [
    [11.0042, 0],
    [12, 0.000767624],
    [13, 0.00137995],
    [14, 0.00190429],
    [15, 0.00234702],
    [16, 0.00271633],
    [17, 0.00302059],
    [18, 0.00326798],
    [19, 0.00346684],
    [20, 0.00362539],
    [22, 0.00385469],
    [25, 0.00410323],
    [30, 0.0045625],
    [40, 0.00502162],
    [50, 0.00508202],
    [60, 0.00505094],
    [70, 0.00498294],
    [80, 0.00488502],
    [100, 0.00460039],
    [120, 0.00426089],
    [140, 0.0039386],
    [160, 0.00364647]
  ]
}