{
  "reaction": {
    "lhs": [
      { "state": { "particle": "e", "charge": -1 }, "count": 1 },
      {
        "state": {
          "particle": "H2",
          "charge": 0,
          "descriptor": { "type": 1, "accuracy": 2, "e": "X", "Lambda": 0, "S": 0, "parity": "g", "v": 8 }
        },
        "count": 1
      }
    ],
    "rhs": [
      { "state": { "particle": "e", "charge": -1 }, "count": 1 },
      {
        "state": {
          "particle": "H2",
          "charge": 0,
          "descriptor": { "type": 1, "accuracy": 2, "e": "C", "Lambda": 1, "S": 0, "parity": "u", "v": 8 }
        },
        "count": 1
      }
    ],
    "type_tags": ["Electronic", "Vibrational"],
    "reversible": false
  },
  "threshold": 10.7965,
  "data": [
    [10.7965, 0],
    [11, 0.000185179],
    [12, 0.000324156],
    [13, 0.000450161],
    [14, 0.000547746],
    [15, 0.000607729],
    [16, 0.00063741],
    [17, 0.000657784],
    [18, 0.000683471],
    [19, 0.000714559],
    [20, 0.000742328],
    [22, 0.000766106],
    [25, 0.000800581],
    [30, 0.000946466],
    [40, 0.00118093],
    [50, 0.00129977],
    [60, 0.00131595],
    [70, 0.00131813],
    [80, 0.00130478],
    [100, 0.00123732],
    [120, 0.00115212],
    [140, 0.00107406],
    [160, 0.00100655]
  ]
}