{
  "reaction": {
    "lhs": [
      { "state": { "particle": "e", "charge": -1 }, "count": 1 },
      {
        "state": {
          "particle": "H2",
          "charge": 0,
          "descriptor": { "type": 1, "accuracy": 2, "e": "X", "Lambda": 0, "S": 0, "parity": "g", "v": 8 }
        },
        "count": 1
      }
    ],
    "rhs": [
      { "state": { "particle": "e", "charge": -1 }, "count": 1 },
      {
        "state": {
          "particle": "H2",
          "charge": 0,
          "descriptor": {
            "type": 1,
            "accuracy": 2,
            "e": "H",
            "Lambda": 0,
            "S": 0,
            "parity": "g",
            "v": 60
          }
        },
        "count": 1
      }
    ],
    "type_tags": ["Electronic", "Vibrational"],
    "reversible": false
  },
  "threshold": 13.2339,
  "data": [
    [13.2339, 0],
    [14, 0.0000817008],
    [15, 0.00012821],
    [16, 0.000141729],
    [17, 0.00013077],
    [18, 0.00011855],
    [19, 0.000113478],
    [20, 0.000111742],
    [22, 0.000105599],
    [25, 0.00010338],
    [30, 0.000111476],
    [40, 0.000104653],
    [50, 0.000103196],
    [60, 0.000111183],
    [70, 0.000115844],
    [80, 0.000109503],
    [100, 0.0000955904],
    [120, 0.0000844267],
    [140, 0.0000757951],
    [160, 0.0000703913]
  ]
}