{
  "reaction": {
    "lhs": [
      { "state": { "particle": "e", "charge": -1 }, "count": 1 },
      {
        "state": {
          "particle": "H2",
          "charge": 0,
          "descriptor": { "type": 1, "accuracy": 2, "e": "X", "Lambda": 0, "S": 0, "parity": "g", "v": 8 }
        },
        "count": 1
      }
    ],
    "rhs": [
      { "state": { "particle": "e", "charge": -1 }, "count": 1 },
      {
        "state": {
          "particle": "H2",
          "charge": 0,
          "descriptor": { "type": 1, "accuracy": 2, "e": "a", "Lambda": 0, "S": 1, "parity": "g", "v": 2 }
        },
        "count": 1
      }
    ],
    "type_tags": ["Electronic", "Vibrational"],
    "reversible": false
  },
  "threshold": 9.07479,
  "data": [
    [9.07479, 0],
    [10, 0.00000690434],
    [11, 0.0000114969],
    [12, 4.9066e-7],
    [13, 0.00000381756],
    [14, 0.00000731015],
    [15, 0.0000120946],
    [16, 0.0000128993],
    [17, 0.0000130577],
    [18, 0.0000140708],
    [19, 0.0000158006],
    [20, 0.0000167172],
    [22, 0.00001503],
    [25, 0.00000860577],
    [30, 4.94334e-7],
    [40, 0.00000317675],
    [50, 0.00000166224],
    [60, 1.04892e-7],
    [70, 5.53155e-8],
    [80, 4.77738e-8],
    [100, 3.15336e-8],
    [120, 1.45565e-8],
    [140, 1.04366e-8],
    [160, 7.29844e-9]
  ]
}