{
  "reaction": {
    "lhs": [
      { "state": { "particle": "e", "charge": -1 }, "count": 1 },
      {
        "state": {
          "particle": "H2",
          "charge": 0,
          "descriptor": { "type": 1, "accuracy": 2, "e": "X", "Lambda": 0, "S": 0, "parity": "g", "v": 8 }
        },
        "count": 1
      }
    ],
    "rhs": [
      { "state": { "particle": "e", "charge": -1 }, "count": 1 },
      {
        "state": {
          "particle": "H2",
          "charge": 0,
          "descriptor": {
            "type": 1,
            "accuracy": 2,
            "e": "B",
            "Lambda": 0,
            "S": 0,
            "parity": "u",
            "v": 14
          }
        },
        "count": 1
      }
    ],
    "type_tags": ["Electronic", "Vibrational"],
    "reversible": false
  },
  "threshold": 9.7744,
  "data": [
    [9.7744, 0],
    [10, 0.00666858],
    [11, 0.0189929],
    [12, 0.0289429],
    [13, 0.036641],
    [14, 0.0430352],
    [15, 0.0485033],
    [16, 0.0531035],
    [17, 0.0569207],
    [18, 0.0600401],
    [19, 0.0625464],
    [20, 0.064525],
    [22, 0.0672389],
    [25, 0.069479],
    [30, 0.0721437],
    [40, 0.0747631],
    [50, 0.0736367],
    [60, 0.0717652],
    [70, 0.0698988],
    [80, 0.0678361],
    [100, 0.0628082],
    [120, 0.0573587],
    [140, 0.0523975],
    [160, 0.0480601]
  ]
}