{
  "reaction": {
    "lhs": [
      { "state": { "particle": "e", "charge": -1 }, "count": 1 },
      {
        "state": {
          "particle": "H2",
          "charge": 0,
          "descriptor": { "type": 1, "accuracy": 2, "e": "X", "Lambda": 0, "S": 0, "parity": "g", "v": 8 }
        },
        "count": 1
      }
    ],
    "rhs": [
      { "state": { "particle": "e", "charge": -1 }, "count": 1 },
      {
        "state": {
          "particle": "H2",
          "charge": 0,
          "descriptor": {
            "type": 1,
            "accuracy": 2,
            "e": "H",
            "Lambda": 0,
            "S": 0,
            "parity": "g",
            "v": 68
          }
        },
        "count": 1
      }
    ],
    "type_tags": ["Electronic", "Vibrational"],
    "reversible": false
  },
  "threshold": -28.3605,
  "data": [
    [28.3605, 0],
    [6, 0.00000360227],
    [8, 0.00000418578],
    [10, 0.00000486307],
    [11, 0.00000523946],
    [12, 0.0000056424],
    [13, 0.0000176406],
    [14, 0.0000431791],
    [15, 0.0000613343],
    [16, 0.0000653352],
    [17, 0.0000578453],
    [18, 0.0000516412],
    [19, 0.0000506712],
    [20, 0.0000517135],
    [22, 0.0000507034],
    [25, 0.0000496498],
    [30, 0.0000509684],
    [40, 0.0000481154],
    [50, 0.0000490343],
    [60, 0.0000538562],
    [70, 0.0000574582],
    [80, 0.0000563989],
    [100, 0.0000499416],
    [120, 0.000044405],
    [140, 0.0000398637],
    [160, 0.0000368271]
  ]
}