{
  "reaction": {
    "lhs": [
      { "state": { "particle": "e", "charge": -1 }, "count": 1 },
      {
        "state": {
          "particle": "H2",
          "charge": 0,
          "descriptor": { "type": 1, "accuracy": 2, "e": "X", "Lambda": 0, "S": 0, "parity": "g", "v": 8 }
        },
        "count": 1
      }
    ],
    "rhs": [
      { "state": { "particle": "e", "charge": -1 }, "count": 1 },
      {
        "state": {
          "particle": "H2",
          "charge": 0,
          "descriptor": {
            "type": 1,
            "accuracy": 2,
            "e": "c",
            "Lambda": 1,
            "S": 1,
            "parity": "u",
            "v": 13
          }
        },
        "count": 1
      }
    ],
    "type_tags": ["Electronic", "Vibrational"],
    "reversible": false
  },
  "threshold": 11.0822,
  "data": [
    [11.0822, 0],
    [12, 0.00136364],
    [13, 0.00158043],
    [14, 0.00171829],
    [15, 0.0014058],
    [16, 0.00134891],
    [17, 0.00133742],
    [18, 0.00127358],
    [19, 0.00115136],
    [20, 0.0010412],
    [22, 0.000888177],
    [25, 0.000687227],
    [30, 0.000415752],
    [40, 0.000088329],
    [50, 0.000051032],
    [60, 0.0000444016],
    [70, 0.0000337204],
    [80, 0.0000214284],
    [100, 0.000010561],
    [120, 0.00000632071],
    [140, 0.00000454337],
    [160, 0.00000318803]
  ]
}