{
  "reaction": {
    "lhs": [
      { "state": { "particle": "e", "charge": -1 }, "count": 1 },
      {
        "state": {
          "particle": "H2",
          "charge": 0,
          "descriptor": { "type": 1, "accuracy": 2, "e": "X", "Lambda": 0, "S": 0, "parity": "g", "v": 8 }
        },
        "count": 1
      }
    ],
    "rhs": [
      { "state": { "particle": "e", "charge": -1 }, "count": 1 },
      {
        "state": {
          "particle": "H2",
          "charge": 0,
          "descriptor": {
            "type": 1,
            "accuracy": 2,
            "e": "H",
            "Lambda": 0,
            "S": 0,
            "parity": "g",
            "v": 24
          }
        },
        "count": 1
      }
    ],
    "type_tags": ["Electronic", "Vibrational"],
    "reversible": false
  },
  "threshold": 12.4469,
  "data": [
    [12.4469, 0],
    [13, 0.000357493],
    [14, 0.000641698],
    [15, 0.000725202],
    [16, 0.000679603],
    [17, 0.000643056],
    [18, 0.000626968],
    [19, 0.000600071],
    [20, 0.000555501],
    [22, 0.00046545],
    [25, 0.000450243],
    [30, 0.000577299],
    [40, 0.000502394],
    [50, 0.000454476],
    [60, 0.000512339],
    [70, 0.000542031],
    [80, 0.000469418],
    [100, 0.000397287],
    [120, 0.000333061],
    [140, 0.000294066],
    [160, 0.000274032]
  ]
}