{
  "reaction": {
    "lhs": [
      { "state": { "particle": "e", "charge": -1 }, "count": 1 },
      {
        "state": {
          "particle": "H2",
          "charge": 0,
          "descriptor": { "type": 1, "accuracy": 2, "e": "X", "Lambda": 0, "S": 0, "parity": "g", "v": 8 }
        },
        "count": 1
      }
    ],
    "rhs": [
      { "state": { "particle": "e", "charge": -1 }, "count": 1 },
      {
        "state": {
          "particle": "H2",
          "charge": 0,
          "descriptor": {
            "type": 1,
            "accuracy": 2,
            "e": "J",
            "Lambda": 2,
            "S": 0,
            "parity": "g",
            "v": 17
          }
        },
        "count": 1
      }
    ],
    "type_tags": ["Electronic", "Vibrational"],
    "reversible": false
  },
  "threshold": 13.2202,
  "data": [
    [13.2202, 0],
    [14, 0.00000581666],
    [15, 0.00000815969],
    [16, 0.00000906634],
    [17, 0.00000480559],
    [18, 0.00000484213],
    [19, 0.00000525801],
    [20, 0.00000735137],
    [22, 0.00000832626],
    [25, 0.00000768894],
    [30, 0.0000081254],
    [40, 0.00000683569],
    [50, 0.00000538353],
    [60, 0.0000046941],
    [70, 0.00000422812],
    [80, 0.00000366977],
    [100, 0.00000322895],
    [120, 0.00000275802],
    [140, 0.00000238702],
    [160, 0.0000020913]
  ]
}