{
  "reaction": {
    "lhs": [
      { "state": { "particle": "e", "charge": -1 }, "count": 1 },
      {
        "state": {
          "particle": "H2",
          "charge": 0,
          "descriptor": { "type": 1, "accuracy": 2, "e": "X", "Lambda": 0, "S": 0, "parity": "g", "v": 8 }
        },
        "count": 1
      }
    ],
    "rhs": [
      { "state": { "particle": "e", "charge": -1 }, "count": 1 },
      {
        "state": {
          "particle": "H2",
          "charge": 0,
          "descriptor": { "type": 1, "accuracy": 2, "e": "D", "Lambda": 1, "S": 0, "parity": "u", "v": 7 }
        },
        "count": 1
      }
    ],
    "type_tags": ["Electronic", "Vibrational"],
    "reversible": false
  },
  "threshold": 12.2809,
  "data": [
    [12.2809, 0],
    [13, 0.0021451],
    [14, 0.00400102],
    [15, 0.0052296],
    [16, 0.00610545],
    [17, 0.0069993],
    [18, 0.00806045],
    [19, 0.00924322],
    [20, 0.0104148],
    [22, 0.0122722],
    [25, 0.0138947],
    [30, 0.0156384],
    [40, 0.0187022],
    [50, 0.0208561],
    [60, 0.0222876],
    [70, 0.022628],
    [80, 0.0222602],
    [100, 0.0212591],
    [120, 0.0199769],
    [140, 0.0187436],
    [160, 0.0176519]
  ]
}