{
  "reaction": {
    "lhs": [
      { "state": { "particle": "e", "charge": -1 }, "count": 1 },
      {
        "state": {
          "particle": "H2",
          "charge": 0,
          "descriptor": { "type": 1, "accuracy": 2, "e": "X", "Lambda": 0, "S": 0, "parity": "g", "v": 8 }
        },
        "count": 1
      }
    ],
    "rhs": [
      { "state": { "particle": "e", "charge": -1 }, "count": 1 },
      {
        "state": {
          "particle": "H2",
          "charge": 0,
          "descriptor": {
            "type": 1,
            "accuracy": 2,
            "e": "H",
            "Lambda": 0,
            "S": 0,
            "parity": "g",
            "v": 65
          }
        },
        "count": 1
      }
    ],
    "type_tags": ["Electronic", "Vibrational"],
    "reversible": false
  },
  "threshold": 13.243,
  "data": [
    [13.243, 0],
    [14, 0.000051425],
    [15, 0.0000815064],
    [16, 0.0000894884],
    [17, 0.0000811532],
    [18, 0.0000730177],
    [19, 0.0000707764],
    [20, 0.0000709858],
    [22, 0.0000683679],
    [25, 0.0000669049],
    [30, 0.0000703243],
    [40, 0.000066283],
    [50, 0.0000666446],
    [60, 0.0000727325],
    [70, 0.0000769163],
    [80, 0.0000743467],
    [100, 0.0000654819],
    [120, 0.0000580826],
    [140, 0.0000521579],
    [160, 0.0000483282]
  ]
}