{
  "reaction": {
    "lhs": [
      { "state": { "particle": "e", "charge": -1 }, "count": 1 },
      {
        "state": {
          "particle": "H2",
          "charge": 0,
          "descriptor": { "type": 1, "accuracy": 2, "e": "X", "Lambda": 0, "S": 0, "parity": "g", "v": 8 }
        },
        "count": 1
      }
    ],
    "rhs": [
      { "state": { "particle": "e", "charge": -1 }, "count": 1 },
      {
        "state": {
          "particle": "H2",
          "charge": 0,
          "descriptor": { "type": 1, "accuracy": 2, "e": "d", "Lambda": 1, "S": 1, "parity": "u", "v": 7 }
        },
        "count": 1
      }
    ],
    "type_tags": ["Electronic", "Vibrational"],
    "reversible": false
  },
  "threshold": 12.1626,
  "data": [
    [12.1626, 0],
    [13, 0.00762844],
    [14, 0.00549096],
    [15, 0.00539078],
    [16, 0.00513245],
    [17, 0.00469898],
    [18, 0.00430262],
    [19, 0.00389397],
    [20, 0.00355066],
    [22, 0.00303558],
    [25, 0.00243142],
    [30, 0.00168298],
    [40, 0.000821626],
    [50, 0.000535059],
    [60, 0.000436924],
    [70, 0.000310179],
    [80, 0.00022167],
    [100, 0.000111221],
    [120, 0.0000640458],
    [140, 0.0000459219],
    [160, 0.0000320946]
  ]
}