{
  "reaction": {
    "lhs": [
      { "state": { "particle": "e", "charge": -1 }, "count": 1 },
      {
        "state": {
          "particle": "H2",
          "charge": 0,
          "descriptor": { "type": 1, "accuracy": 2, "e": "X", "Lambda": 0, "S": 0, "parity": "g", "v": 8 }
        },
        "count": 1
      }
    ],
    "rhs": [
      { "state": { "particle": "e", "charge": -1 }, "count": 1 },
      {
        "state": {
          "particle": "H2",
          "charge": 0,
          "descriptor": { "type": 1, "accuracy": 2, "e": "e", "Lambda": 0, "S": 1, "parity": "u", "v": 0 }
        },
        "count": 1
      }
    ],
    "type_tags": ["Electronic", "Vibrational"],
    "reversible": false
  },
  "threshold": 9.8979,
  "data": [
    [9.8979, 0],
    [10, 6.75094e-8],
    [11, 8.75468e-7],
    [12, 0.0000135631],
    [13, 7.90001e-8],
    [14, 0.00000143413],
    [15, 1.38875e-8],
    [16, 0.00000199376],
    [17, 0.00000397363],
    [18, 0.00000307684],
    [19, 0.00000138857],
    [20, 4.11959e-7],
    [22, 2.17155e-7],
    [25, 6.25983e-8],
    [30, 1.25929e-8],
    [40, 0.00000174397],
    [50, 8.82443e-7],
    [60, 2.09167e-8],
    [70, 2.53888e-8],
    [80, 2.98608e-8],
    [100, 1.74097e-8],
    [120, 4.25616e-9],
    [140, 3.00665e-9],
    [160, 2.04209e-9]
  ]
}