{
  "reaction": {
    "lhs": [
      { "state": { "particle": "e", "charge": -1 }, "count": 1 },
      {
        "state": {
          "particle": "H2",
          "charge": 0,
          "descriptor": { "type": 1, "accuracy": 2, "e": "X", "Lambda": 0, "S": 0, "parity": "g", "v": 8 }
        },
        "count": 1
      }
    ],
    "rhs": [
      { "state": { "particle": "e", "charge": -1 }, "count": 1 },
      {
        "state": {
          "particle": "H2",
          "charge": 0,
          "descriptor": { "type": 1, "accuracy": 2, "e": "I", "Lambda": 1, "S": 0, "parity": "g", "v": 3 }
        },
        "count": 1
      }
    ],
    "type_tags": ["Electronic", "Vibrational"],
    "reversible": false
  },
  "threshold": 11.2768,
  "data": [
    [11.2768, 0],
    [12, 0.00854105],
    [13, 0.0109877],
    [14, 0.0120494],
    [15, 0.0138339],
    [16, 0.0151721],
    [17, 0.0154613],
    [18, 0.016703],
    [19, 0.0175619],
    [20, 0.0173182],
    [22, 0.0177679],
    [25, 0.0172791],
    [30, 0.0165237],
    [40, 0.0168342],
    [50, 0.01583],
    [60, 0.0148709],
    [70, 0.0139356],
    [80, 0.0130267],
    [100, 0.0111419],
    [120, 0.00967605],
    [140, 0.00851423],
    [160, 0.00760652]
  ]
}