{
  "reaction": {
    "lhs": [
      { "state": { "particle": "e", "charge": -1 }, "count": 1 },
      {
        "state": {
          "particle": "H2",
          "charge": 0,
          "descriptor": { "type": 1, "accuracy": 2, "e": "X", "Lambda": 0, "S": 0, "parity": "g", "v": 8 }
        },
        "count": 1
      }
    ],
    "rhs": [
      { "state": { "particle": "e", "charge": -1 }, "count": 1 },
      {
        "state": {
          "particle": "H2",
          "charge": 0,
          "descriptor": {
            "type": 1,
            "accuracy": 2,
            "e": "GK",
            "Lambda": 0,
            "S": 0,
            "parity": "g",
            "v": 5
          }
        },
        "count": 1
      }
    ],
    "type_tags": ["Electronic", "Vibrational"],
    "reversible": false
  },
  "threshold": 11.0625,
  "data": [
    [11.0625, 0],
    [12, 0.00607375],
    [13, 0.00931007],
    [14, 0.0100822],
    [15, 0.0132919],
    [16, 0.0140873],
    [17, 0.0139434],
    [18, 0.0141384],
    [19, 0.0139576],
    [20, 0.0140991],
    [22, 0.0138807],
    [25, 0.0130078],
    [30, 0.0119506],
    [40, 0.00998445],
    [50, 0.00898548],
    [60, 0.00898679],
    [70, 0.00899595],
    [80, 0.00933291],
    [100, 0.0081549],
    [120, 0.00700731],
    [140, 0.00605818],
    [160, 0.00526889]
  ]
}