{
  "reaction": {
    "lhs": [
      { "state": { "particle": "e", "charge": -1 }, "count": 1 },
      {
        "state": {
          "particle": "H2",
          "charge": 0,
          "descriptor": { "type": 1, "accuracy": 2, "e": "X", "Lambda": 0, "S": 0, "parity": "g", "v": 8 }
        },
        "count": 1
      }
    ],
    "rhs": [
      { "state": { "particle": "e", "charge": -1 }, "count": 1 },
      {
        "state": {
          "particle": "H2",
          "charge": 0,
          "descriptor": {
            "type": 1,
            "accuracy": 2,
            "e": "d",
            "Lambda": 1,
            "S": 1,
            "parity": "u",
            "v": 13
          }
        },
        "count": 1
      }
    ],
    "type_tags": ["Electronic", "Vibrational"],
    "reversible": false
  },
  "threshold": 13.0055,
  "data": [
    [13.0055, 0],
    [14, 0.0011701],
    [15, 0.00123666],
    [16, 0.00123398],
    [17, 0.00121575],
    [18, 0.00116796],
    [19, 0.00108695],
    [20, 0.000972964],
    [22, 0.000774663],
    [25, 0.000639061],
    [30, 0.000457628],
    [40, 0.000198659],
    [50, 0.000125534],
    [60, 0.000107769],
    [70, 0.0000844766],
    [80, 0.0000647074],
    [100, 0.0000349319],
    [120, 0.0000186857],
    [140, 0.0000133967],
    [160, 0.00000936145]
  ]
}