{
  "reaction": {
    "lhs": [
      { "state": { "particle": "e", "charge": -1 }, "count": 1 },
      {
        "state": {
          "particle": "H2",
          "charge": 0,
          "descriptor": { "type": 1, "accuracy": 2, "e": "X", "Lambda": 0, "S": 0, "parity": "g", "v": 8 }
        },
        "count": 1
      }
    ],
    "rhs": [
      { "state": { "particle": "e", "charge": -1 }, "count": 1 },
      {
        "state": {
          "particle": "H2",
          "charge": 0,
          "descriptor": {
            "type": 1,
            "accuracy": 2,
            "e": "C",
            "Lambda": 1,
            "S": 0,
            "parity": "u",
            "v": 10
          }
        },
        "count": 1
      }
    ],
    "type_tags": ["Electronic", "Vibrational"],
    "reversible": false
  },
  "threshold": 11.0852,
  "data": [
    [11.0852, 0],
    [12, 0.00624465],
    [13, 0.0108236],
    [14, 0.0142387],
    [15, 0.017027],
    [16, 0.0196753],
    [17, 0.0224255],
    [18, 0.0252468],
    [19, 0.0279924],
    [20, 0.0305343],
    [22, 0.0348266],
    [25, 0.039521],
    [30, 0.0444833],
    [40, 0.0508363],
    [50, 0.0544012],
    [60, 0.05613],
    [70, 0.0561921],
    [80, 0.0551354],
    [100, 0.0522282],
    [120, 0.0488294],
    [140, 0.0456627],
    [160, 0.0428772]
  ]
}