{
  "reaction": {
    "lhs": [
      { "state": { "particle": "e", "charge": -1 }, "count": 1 },
      {
        "state": {
          "particle": "H2",
          "charge": 0,
          "descriptor": { "type": 1, "accuracy": 2, "e": "X", "Lambda": 0, "S": 0, "parity": "g", "v": 8 }
        },
        "count": 1
      }
    ],
    "rhs": [
      { "state": { "particle": "e", "charge": -1 }, "count": 1 },
      {
        "state": {
          "particle": "H2",
          "charge": 0,
          "descriptor": { "type": 1, "accuracy": 2, "e": "I", "Lambda": 1, "S": 0, "parity": "g", "v": 2 }
        },
        "count": 1
      }
    ],
    "type_tags": ["Electronic", "Vibrational"],
    "reversible": false
  },
  "threshold": 11.0563,
  "data": [
    [11.0563, 0],
    [12, 0.00217651],
    [13, 0.00140899],
    [14, 0.00229333],
    [15, 0.00146327],
    [16, 0.00193333],
    [17, 0.00195136],
    [18, 0.00213833],
    [19, 0.00238902],
    [20, 0.00246206],
    [22, 0.002473],
    [25, 0.00280693],
    [30, 0.00230863],
    [40, 0.00246324],
    [50, 0.0024515],
    [60, 0.00232407],
    [70, 0.0020554],
    [80, 0.00193011],
    [100, 0.0016632],
    [120, 0.00145067],
    [140, 0.00127814],
    [160, 0.00114273]
  ]
}