{
  "reaction": {
    "lhs": [
      { "state": { "particle": "e", "charge": -1 }, "count": 1 },
      {
        "state": {
          "particle": "H2",
          "charge": 0,
          "descriptor": { "type": 1, "accuracy": 2, "e": "X", "Lambda": 0, "S": 0, "parity": "g", "v": 8 }
        },
        "count": 1
      }
    ],
    "rhs": [
      { "state": { "particle": "e", "charge": -1 }, "count": 1 },
      {
        "state": {
          "particle": "H2",
          "charge": 0,
          "descriptor": { "type": 1, "accuracy": 2, "e": "e", "Lambda": 0, "S": 1, "parity": "u", "v": 5 }
        },
        "count": 1
      }
    ],
    "type_tags": ["Electronic", "Vibrational"],
    "reversible": false
  },
  "threshold": 11.0046,
  "data": [
    [11.0046, 0],
    [12, 0.00947633],
    [13, 0.00856801],
    [14, 0.00777442],
    [15, 0.007811],
    [16, 0.00737478],
    [17, 0.0066774],
    [18, 0.00615516],
    [19, 0.00566258],
    [20, 0.00524388],
    [22, 0.00457116],
    [25, 0.00375216],
    [30, 0.00268215],
    [40, 0.00127738],
    [50, 0.000892617],
    [60, 0.000800581],
    [70, 0.000559313],
    [80, 0.000302272],
    [100, 0.00012709],
    [120, 0.0000892138],
    [140, 0.0000646121],
    [160, 0.0000458444]
  ]
}