{
  "reaction": {
    "lhs": [
      { "state": { "particle": "e", "charge": -1 }, "count": 1 },
      {
        "state": {
          "particle": "H2",
          "charge": 0,
          "descriptor": { "type": 1, "accuracy": 2, "e": "X", "Lambda": 0, "S": 0, "parity": "g", "v": 8 }
        },
        "count": 1
      }
    ],
    "rhs": [
      { "state": { "particle": "e", "charge": -1 }, "count": 1 },
      {
        "state": {
          "particle": "H2",
          "charge": 0,
          "descriptor": {
            "type": 1,
            "accuracy": 2,
            "e": "EF",
            "Lambda": 0,
            "S": 0,
            "parity": "g",
            "v": 10
          }
        },
        "count": 1
      }
    ],
    "type_tags": ["Electronic", "Vibrational"],
    "reversible": false
  },
  "threshold": 9.81641,
  "data": [
    [9.81641, 0],
    [10, 0.0000200175],
    [11, 0.000523318],
    [12, 0.00104517],
    [13, 0.00171942],
    [14, 0.00179669],
    [15, 0.00160147],
    [16, 0.00153692],
    [17, 0.00163462],
    [18, 0.00153675],
    [19, 0.00138762],
    [20, 0.00138727],
    [22, 0.0013182],
    [25, 0.00124754],
    [30, 0.00120056],
    [40, 0.000902939],
    [50, 0.000747485],
    [60, 0.000655292],
    [70, 0.000568586],
    [80, 0.000515184],
    [100, 0.000408535],
    [120, 0.000310969],
    [140, 0.000255604],
    [160, 0.000211342]
  ]
}