{
  "reaction": {
    "lhs": [
      { "state": { "particle": "e", "charge": -1 }, "count": 1 },
      {
        "state": {
          "particle": "H2",
          "charge": 0,
          "descriptor": { "type": 1, "accuracy": 2, "e": "X", "Lambda": 0, "S": 0, "parity": "g", "v": 8 }
        },
        "count": 1
      }
    ],
    "rhs": [
      { "state": { "particle": "e", "charge": -1 }, "count": 1 },
      {
        "state": {
          "particle": "H2",
          "charge": 0,
          "descriptor": { "type": 1, "accuracy": 2, "e": "d", "Lambda": 1, "S": 1, "parity": "u", "v": 0 }
        },
        "count": 1
      }
    ],
    "type_tags": ["Electronic", "Vibrational"],
    "reversible": false
  },
  "threshold": 10.5272,
  "data": [
    [10.5272, 0],
    [11, 0.0000418765],
    [12, 0.0000052326],
    [13, 0.00000228995],
    [14, 2.68913e-8],
    [15, 8.37166e-11],
    [16, 1.01424e-7],
    [17, 2.02765e-7],
    [18, 1.98835e-7],
    [19, 1.91537e-7],
    [20, 1.87607e-7],
    [22, 1.91475e-7],
    [25, 2.23169e-7],
    [30, 4.05758e-7],
    [40, 0.00000136383],
    [50, 6.86552e-7],
    [60, 6.20133e-9],
    [70, 2.62212e-9],
    [80, 2.1055e-9],
    [100, 1.29521e-9],
    [120, 4.35234e-10],
    [140, 3.14088e-10],
    [160, 2.20966e-10]
  ]
}