{
  "reaction": {
    "lhs": [
      { "state": { "particle": "e", "charge": -1 }, "count": 1 },
      {
        "state": {
          "particle": "H2",
          "charge": 0,
          "descriptor": { "type": 1, "accuracy": 2, "e": "X", "Lambda": 0, "S": 0, "parity": "g", "v": 8 }
        },
        "count": 1
      }
    ],
    "rhs": [
      { "state": { "particle": "e", "charge": -1 }, "count": 1 },
      {
        "state": {
          "particle": "H2",
          "charge": 0,
          "descriptor": { "type": 1, "accuracy": 2, "e": "H", "Lambda": 0, "S": 0, "parity": "g", "v": 0 }
        },
        "count": 1
      }
    ],
    "type_tags": ["Electronic", "Vibrational"],
    "reversible": false
  },
  "threshold": 10.6834,
  "data": [
    [10.6834, 0],
    [11, 0.00000331653],
    [12, 0.0000118011],
    [13, 0.0000180362],
    [14, 0.0000169463],
    [15, 0.0000127399],
    [16, 0.0000078083],
    [17, 0.00000318768],
    [18, 4.68982e-7],
    [19, 1.35004e-7],
    [20, 8.83468e-8],
    [22, 9.29946e-7],
    [25, 0.00000164358],
    [30, 9.24135e-7],
    [40, 0.00000106221],
    [50, 0.00000110877],
    [60, 5.11813e-7],
    [70, 3.35607e-9],
    [80, 4.33834e-8],
    [100, 2.10982e-7],
    [120, 4.24159e-8],
    [140, 3.37317e-8],
    [160, 3.55899e-8]
  ]
}