{
  "reaction": {
    "lhs": [
      { "state": { "particle": "e", "charge": -1 }, "count": 1 },
      {
        "state": {
          "particle": "H2",
          "charge": 0,
          "descriptor": { "type": 1, "accuracy": 2, "e": "X", "Lambda": 0, "S": 0, "parity": "g", "v": 8 }
        },
        "count": 1
      }
    ],
    "rhs": [
      { "state": { "particle": "e", "charge": -1 }, "count": 1 },
      {
        "state": {
          "particle": "H2",
          "charge": 0,
          "descriptor": {
            "type": 1,
            "accuracy": 2,
            "e": "c",
            "Lambda": 1,
            "S": 1,
            "parity": "u",
            "v": 16
          }
        },
        "count": 1
      }
    ],
    "type_tags": ["Electronic", "Vibrational"],
    "reversible": false
  },
  "threshold": 11.3017,
  "data": [
    [11.3017, 0],
    [12, 0.000162331],
    [13, 0.0000895596],
    [14, 0.0000545884],
    [15, 0.0000921555],
    [16, 0.0000751906],
    [17, 0.0000508175],
    [18, 0.0000377986],
    [19, 0.0000286816],
    [20, 0.0000239269],
    [22, 0.000020057],
    [25, 0.0000171256],
    [30, 0.0000158275],
    [40, 0.0000141493],
    [50, 0.0000102018],
    [60, 0.00000628847],
    [70, 0.00000432801],
    [80, 0.00000320609],
    [100, 0.00000159595],
    [120, 9.01176e-7],
    [140, 6.47406e-7],
    [160, 4.53631e-7]
  ]
}