{
  "reaction": {
    "lhs": [
      { "state": { "particle": "e", "charge": -1 }, "count": 1 },
      {
        "state": {
          "particle": "H2",
          "charge": 0,
          "descriptor": { "type": 1, "accuracy": 2, "e": "X", "Lambda": 0, "S": 0, "parity": "g", "v": 8 }
        },
        "count": 1
      }
    ],
    "rhs": [
      { "state": { "particle": "e", "charge": -1 }, "count": 1 },
      {
        "state": {
          "particle": "H2",
          "charge": 0,
          "descriptor": { "type": 1, "accuracy": 2, "e": "c", "Lambda": 1, "S": 1, "parity": "u", "v": 8 }
        },
        "count": 1
      }
    ],
    "type_tags": ["Electronic", "Vibrational"],
    "reversible": false
  },
  "threshold": 10.3586,
  "data": [
    [10.3586, 0],
    [11, 0.00256467],
    [12, 0.00694786],
    [13, 0.00545387],
    [14, 0.00410072],
    [15, 0.00354684],
    [16, 0.00320384],
    [17, 0.00294646],
    [18, 0.00270873],
    [19, 0.00250059],
    [20, 0.00231227],
    [22, 0.0019553],
    [25, 0.00145667],
    [30, 0.000792815],
    [40, 0.000212766],
    [50, 0.000113639],
    [60, 0.0000940328],
    [70, 0.0000704064],
    [80, 0.0000478966],
    [100, 0.000023515],
    [120, 0.0000129689],
    [140, 0.00000931254],
    [160, 0.00000651793]
  ]
}