{
  "reaction": {
    "lhs": [
      { "state": { "particle": "e", "charge": -1 }, "count": 1 },
      {
        "state": {
          "particle": "H2",
          "charge": 0,
          "descriptor": { "type": 1, "accuracy": 2, "e": "X", "Lambda": 0, "S": 0, "parity": "g", "v": 8 }
        },
        "count": 1
      }
    ],
    "rhs": [
      { "state": { "particle": "e", "charge": -1 }, "count": 1 },
      {
        "state": {
          "particle": "H2",
          "charge": 0,
          "descriptor": {
            "type": 1,
            "accuracy": 2,
            "e": "a",
            "Lambda": 0,
            "S": 1,
            "parity": "g",
            "v": 16
          }
        },
        "count": 1
      }
    ],
    "type_tags": ["Electronic", "Vibrational"],
    "reversible": false
  },
  "threshold": 11.3393,
  "data": [
    [11.3393, 0],
    [12, 0.000387717],
    [13, 0.000437628],
    [14, 0.000388213],
    [15, 0.000341848],
    [16, 0.000298555],
    [17, 0.00025851],
    [18, 0.000220754],
    [19, 0.000185764],
    [20, 0.000158395],
    [22, 0.00012154],
    [25, 0.0000868557],
    [30, 0.0000532954],
    [40, 0.0000234111],
    [50, 0.00001423],
    [60, 0.0000118956],
    [70, 0.00000914788],
    [80, 0.00000716885],
    [100, 0.00000432508],
    [120, 0.00000277806],
    [140, 0.0000020139],
    [160, 0.00000143689]
  ]
}