{
  "reaction": {
    "lhs": [
      { "state": { "particle": "e", "charge": -1 }, "count": 1 },
      {
        "state": {
          "particle": "H2",
          "charge": 0,
          "descriptor": { "type": 1, "accuracy": 2, "e": "X", "Lambda": 0, "S": 0, "parity": "g", "v": 8 }
        },
        "count": 1
      }
    ],
    "rhs": [
      { "state": { "particle": "e", "charge": -1 }, "count": 1 },
      {
        "state": {
          "particle": "H2",
          "charge": 0,
          "descriptor": { "type": 1, "accuracy": 2, "e": "i", "Lambda": 1, "S": 1, "parity": "g", "v": 2 }
        },
        "count": 1
      }
    ],
    "type_tags": ["Electronic", "Vibrational"],
    "reversible": false
  },
  "threshold": 11.06,
  "data": [
    [11.06, 0],
    [12, 0.00129435],
    [13, 0.00135761],
    [14, 0.000794398],
    [15, 0.00064888],
    [16, 0.000602563],
    [17, 0.000563032],
    [18, 0.000529694],
    [19, 0.00050196],
    [20, 0.000479238],
    [22, 0.000446468],
    [25, 0.000420133],
    [30, 0.000397702],
    [40, 0.000280542],
    [50, 0.000187193],
    [60, 0.000113205],
    [70, 0.0000625031],
    [80, 0.0000337742],
    [100, 0.0000137344],
    [120, 0.00000984582],
    [140, 0.00000702399],
    [160, 0.00000487225]
  ]
}