{
  "reaction": {
    "lhs": [
      { "state": { "particle": "e", "charge": -1 }, "count": 1 },
      {
        "state": {
          "particle": "H2",
          "charge": 0,
          "descriptor": { "type": 1, "accuracy": 2, "e": "X", "Lambda": 0, "S": 0, "parity": "g", "v": 8 }
        },
        "count": 1
      }
    ],
    "rhs": [
      { "state": { "particle": "e", "charge": -1 }, "count": 1 },
      {
        "state": {
          "particle": "H2",
          "charge": 0,
          "descriptor": {
            "type": 1,
            "accuracy": 2,
            "e": "H",
            "Lambda": 0,
            "S": 0,
            "parity": "g",
            "v": 61
          }
        },
        "count": 1
      }
    ],
    "type_tags": ["Electronic", "Vibrational"],
    "reversible": false
  },
  "threshold": 13.2376,
  "data": [
    [13.2376, 0],
    [14, 0.000075027],
    [15, 0.000118008],
    [16, 0.000130307],
    [17, 0.000119872],
    [18, 0.000108529],
    [19, 0.000104104],
    [20, 0.000102827],
    [22, 0.0000974639],
    [25, 0.0000954018],
    [30, 0.000102472],
    [40, 0.0000962692],
    [50, 0.0000952868],
    [60, 0.000102962],
    [70, 0.000107603],
    [80, 0.000102139],
    [100, 0.0000893247],
    [120, 0.0000789634],
    [140, 0.0000708993],
    [160, 0.000065831]
  ]
}