{
  "reaction": {
    "lhs": [
      { "state": { "particle": "e", "charge": -1 }, "count": 1 },
      {
        "state": {
          "particle": "H2",
          "charge": 0,
          "descriptor": { "type": 1, "accuracy": 2, "e": "X", "Lambda": 0, "S": 0, "parity": "g", "v": 8 }
        },
        "count": 1
      }
    ],
    "rhs": [
      { "state": { "particle": "e", "charge": -1 }, "count": 1 },
      {
        "state": {
          "particle": "H2",
          "charge": 0,
          "descriptor": {
            "type": 1,
            "accuracy": 2,
            "e": "H",
            "Lambda": 0,
            "S": 0,
            "parity": "g",
            "v": 62
          }
        },
        "count": 1
      }
    ],
    "type_tags": ["Electronic", "Vibrational"],
    "reversible": false
  },
  "threshold": 13.2402,
  "data": [
    [13.2402, 0],
    [14, 0.0000687199],
    [15, 0.000108317],
    [16, 0.000119457],
    [17, 0.00010954],
    [18, 0.0000990355],
    [19, 0.0000952163],
    [20, 0.0000943634],
    [22, 0.0000897448],
    [25, 0.0000878384],
    [30, 0.0000939235],
    [40, 0.0000883254],
    [50, 0.0000877426],
    [60, 0.0000950601],
    [70, 0.0000996414],
    [80, 0.0000949884],
    [100, 0.0000832187],
    [120, 0.0000736293],
    [140, 0.0000661154],
    [160, 0.0000613686]
  ]
}