{
  "reaction": {
    "lhs": [
      { "state": { "particle": "e", "charge": -1 }, "count": 1 },
      {
        "state": {
          "particle": "H2",
          "charge": 0,
          "descriptor": { "type": 1, "accuracy": 2, "e": "X", "Lambda": 0, "S": 0, "parity": "g", "v": 8 }
        },
        "count": 1
      }
    ],
    "rhs": [
      { "state": { "particle": "e", "charge": -1 }, "count": 1 },
      {
        "state": {
          "particle": "H2",
          "charge": 0,
          "descriptor": { "type": 1, "accuracy": 2, "e": "D", "Lambda": 1, "S": 0, "parity": "u", "v": 2 }
        },
        "count": 1
      }
    ],
    "type_tags": ["Electronic", "Vibrational"],
    "reversible": false
  },
  "threshold": 11.2087,
  "data": [
    [11.2087, 0],
    [12, 0.00104726],
    [13, 0.00130111],
    [14, 0.00128733],
    [15, 0.00129582],
    [16, 0.00139214],
    [17, 0.00155304],
    [18, 0.00169146],
    [19, 0.00180179],
    [20, 0.00191952],
    [22, 0.00215554],
    [25, 0.00245528],
    [30, 0.00290424],
    [40, 0.00367143],
    [50, 0.00418128],
    [60, 0.00446236],
    [70, 0.00447491],
    [80, 0.00434901],
    [100, 0.00409512],
    [120, 0.00381942],
    [140, 0.00356145],
    [160, 0.00333575]
  ]
}