{
  "reaction": {
    "lhs": [
      { "state": { "particle": "e", "charge": -1 }, "count": 1 },
      {
        "state": {
          "particle": "H2",
          "charge": 0,
          "descriptor": { "type": 1, "accuracy": 2, "e": "X", "Lambda": 0, "S": 0, "parity": "g", "v": 8 }
        },
        "count": 1
      }
    ],
    "rhs": [
      { "state": { "particle": "e", "charge": -1 }, "count": 1 },
      {
        "state": {
          "particle": "H2",
          "charge": 0,
          "descriptor": {
            "type": 1,
            "accuracy": 2,
            "e": "H",
            "Lambda": 0,
            "S": 0,
            "parity": "g",
            "v": 35
          }
        },
        "count": 1
      }
    ],
    "type_tags": ["Electronic", "Vibrational"],
    "reversible": false
  },
  "threshold": 12.7114,
  "data": [
    [12.7114, 0],
    [13, 0.0000202119],
    [14, 0.000035562],
    [15, 0.0000558136],
    [16, 0.0000692122],
    [17, 0.0000671519],
    [18, 0.000061349],
    [19, 0.0000606212],
    [20, 0.0000641645],
    [22, 0.0000726877],
    [25, 0.0000741967],
    [30, 0.0000599902],
    [40, 0.0000518825],
    [50, 0.0000475801],
    [60, 0.0000394238],
    [70, 0.0000321711],
    [80, 0.0000287121],
    [100, 0.0000228333],
    [120, 0.0000193836],
    [140, 0.0000168447],
    [160, 0.0000141871]
  ]
}