{
  "reaction": {
    "lhs": [
      { "state": { "particle": "e", "charge": -1 }, "count": 1 },
      {
        "state": {
          "particle": "H2",
          "charge": 0,
          "descriptor": { "type": 1, "accuracy": 2, "e": "X", "Lambda": 0, "S": 0, "parity": "g", "v": 8 }
        },
        "count": 1
      }
    ],
    "rhs": [
      { "state": { "particle": "e", "charge": -1 }, "count": 1 },
      {
        "state": {
          "particle": "H2",
          "charge": 0,
          "descriptor": { "type": 1, "accuracy": 2, "e": "J", "Lambda": 2, "S": 0, "parity": "g", "v": 8 }
        },
        "count": 1
      }
    ],
    "type_tags": ["Electronic", "Vibrational"],
    "reversible": false
  },
  "threshold": 12.3897,
  "data": [
    [12.3897, 0],
    [13, 0.0000816866],
    [14, 0.000251616],
    [15, 0.000224115],
    [16, 0.000113576],
    [17, 0.000192517],
    [18, 0.000220884],
    [19, 0.000220732],
    [20, 0.000174856],
    [22, 0.000171077],
    [25, 0.000203816],
    [30, 0.000197656],
    [40, 0.000154796],
    [50, 0.000118974],
    [60, 0.00010404],
    [70, 0.0000961995],
    [80, 0.0000887518],
    [100, 0.0000798561],
    [120, 0.0000664269],
    [140, 0.0000575759],
    [160, 0.0000504557]
  ]
}