{
  "reaction": {
    "lhs": [
      { "state": { "particle": "e", "charge": -1 }, "count": 1 },
      {
        "state": {
          "particle": "H2",
          "charge": 0,
          "descriptor": { "type": 1, "accuracy": 2, "e": "X", "Lambda": 0, "S": 0, "parity": "g", "v": 8 }
        },
        "count": 1
      }
    ],
    "rhs": [
      { "state": { "particle": "e", "charge": -1 }, "count": 1 },
      {
        "state": {
          "particle": "H2",
          "charge": 0,
          "descriptor": {
            "type": 1,
            "accuracy": 2,
            "e": "H",
            "Lambda": 0,
            "S": 0,
            "parity": "g",
            "v": 26
          }
        },
        "count": 1
      }
    ],
    "type_tags": ["Electronic", "Vibrational"],
    "reversible": false
  },
  "threshold": 12.4902,
  "data": [
    [12.4902, 0],
    [13, 0.00000284476],
    [14, 0.00000489272],
    [15, 0.00000527331],
    [16, 0.00000464379],
    [17, 0.00000427985],
    [18, 0.00000414372],
    [19, 0.00000387129],
    [20, 0.00000341269],
    [22, 0.00000251134],
    [25, 0.00000236373],
    [30, 0.00000367414],
    [40, 0.00000326729],
    [50, 0.00000303564],
    [60, 0.00000372507],
    [70, 0.00000412006],
    [80, 0.00000355181],
    [100, 0.00000306043],
    [120, 0.00000257921],
    [140, 0.00000229525],
    [160, 0.00000219045]
  ]
}