{
  "reaction": {
    "lhs": [
      { "state": { "particle": "e", "charge": -1 }, "count": 1 },
      {
        "state": {
          "particle": "H2",
          "charge": 0,
          "descriptor": { "type": 1, "accuracy": 2, "e": "X", "Lambda": 0, "S": 0, "parity": "g", "v": 8 }
        },
        "count": 1
      }
    ],
    "rhs": [
      { "state": { "particle": "e", "charge": -1 }, "count": 1 },
      {
        "state": {
          "particle": "H2",
          "charge": 0,
          "descriptor": {
            "type": 1,
            "accuracy": 2,
            "e": "B",
            "Lambda": 0,
            "S": 0,
            "parity": "u",
            "v": 13
          }
        },
        "count": 1
      }
    ],
    "type_tags": ["Electronic", "Vibrational"],
    "reversible": false
  },
  "threshold": 9.66205,
  "data": [
    [9.66205, 0],
    [10, 0.00926988],
    [11, 0.0225333],
    [12, 0.0330326],
    [13, 0.0411631],
    [14, 0.047876],
    [15, 0.0535424],
    [16, 0.0582382],
    [17, 0.0620623],
    [18, 0.0651153],
    [19, 0.0674978],
    [20, 0.06931],
    [22, 0.0716252],
    [25, 0.0733335],
    [30, 0.0757579],
    [40, 0.0781188],
    [50, 0.0769265],
    [60, 0.0748355],
    [70, 0.0727668],
    [80, 0.070478],
    [100, 0.065103],
    [120, 0.0594316],
    [140, 0.0542878],
    [160, 0.0497892]
  ]
}