{
  "reaction": {
    "lhs": [
      { "state": { "particle": "e", "charge": -1 }, "count": 1 },
      {
        "state": {
          "particle": "H2",
          "charge": 0,
          "descriptor": { "type": 1, "accuracy": 2, "e": "X", "Lambda": 0, "S": 0, "parity": "g", "v": 8 }
        },
        "count": 1
      }
    ],
    "rhs": [
      { "state": { "particle": "e", "charge": -1 }, "count": 1 },
      {
        "state": {
          "particle": "H2",
          "charge": 0,
          "descriptor": {
            "type": 1,
            "accuracy": 2,
            "e": "H",
            "Lambda": 0,
            "S": 0,
            "parity": "g",
            "v": 70
          }
        },
        "count": 1
      }
    ],
    "type_tags": ["Electronic", "Vibrational"],
    "reversible": false
  },
  "threshold": -28.3605,
  "data": [
    [28.3605, 0],
    [6, 0.00000276485],
    [8, 0.0000032127],
    [10, 0.00000373255],
    [11, 0.00000402144],
    [12, 0.0000043307],
    [13, 0.0000136318],
    [14, 0.0000336264],
    [15, 0.0000478803],
    [16, 0.0000507598],
    [17, 0.0000444405],
    [18, 0.0000394741],
    [19, 0.0000390075],
    [20, 0.000040374],
    [22, 0.000040075],
    [25, 0.0000392568],
    [30, 0.0000395615],
    [40, 0.0000373833],
    [50, 0.000038474],
    [60, 0.0000424293],
    [70, 0.0000455479],
    [80, 0.0000452225],
    [100, 0.0000401833],
    [120, 0.0000357849],
    [140, 0.0000321134],
    [160, 0.0000295898]
  ]
}