{
  "reaction": {
    "lhs": [
      { "state": { "particle": "e", "charge": -1 }, "count": 1 },
      {
        "state": {
          "particle": "H2",
          "charge": 0,
          "descriptor": {
            "type": 1,
            "accuracy": 2,
            "e": "X",
            "Lambda": 0,
            "S": 0,
            "parity": "g",
            "v": 14
          }
        },
        "count": 1
      }
    ],
    "rhs": [
      { "state": { "particle": "e", "charge": -1 }, "count": 1 },
      {
        "state": {
          "particle": "H2",
          "charge": 0,
          "descriptor": {
            "type": 1,
            "accuracy": 2,
            "e": "j",
            "Lambda": 2,
            "S": 1,
            "parity": "g",
            "v": 13
          }
        },
        "count": 1
      }
    ],
    "type_tags": ["Electronic", "Vibrational"],
    "reversible": false
  },
  "threshold": 11.9008,
  "data": [
    [11.9008, 0],
    [12, 0.00202754],
    [13, 0.0042177],
    [14, 0.00444782],
    [15, 0.00437584],
    [16, 0.00425998],
    [17, 0.00403422],
    [18, 0.00355915],
    [19, 0.00297048],
    [20, 0.00249938],
    [22, 0.00193586],
    [25, 0.00140636],
    [30, 0.000910378],
    [40, 0.000570498],
    [50, 0.000262946],
    [60, 0.0000696516],
    [70, 0.000032176],
    [80, 0.0000250516],
    [100, 0.0000118761],
    [120, 0.00000423312],
    [140, 0.00000351813],
    [160, 0.00000296476]
  ]
}