{
  "reaction": {
    "lhs": [
      { "state": { "particle": "e", "charge": -1 }, "count": 1 },
      {
        "state": {
          "particle": "H2",
          "charge": 0,
          "descriptor": {
            "type": 1,
            "accuracy": 2,
            "e": "X",
            "Lambda": 0,
            "S": 0,
            "parity": "g",
            "v": 14
          }
        },
        "count": 1
      }
    ],
    "rhs": [
      { "state": { "particle": "e", "charge": -1 }, "count": 1 },
      {
        "state": {
          "particle": "H2",
          "charge": 0,
          "descriptor": {
            "type": 1,
            "accuracy": 2,
            "e": "EF",
            "Lambda": 0,
            "S": 0,
            "parity": "g",
            "v": 7
          }
        },
        "count": 1
      }
    ],
    "type_tags": ["Electronic", "Vibrational"],
    "reversible": false
  },
  "threshold": 8.41741,
  "data": [
    [8.41741, 0],
    [10, 0.0538778],
    [11, 0.0582321],
    [12, 0.0612906],
    [13, 0.0638021],
    [14, 0.0605933],
    [15, 0.0565629],
    [16, 0.0562475],
    [17, 0.0548292],
    [18, 0.0552903],
    [19, 0.0529207],
    [20, 0.0495316],
    [22, 0.0486933],
    [25, 0.0464881],
    [30, 0.038661],
    [40, 0.0298443],
    [50, 0.0244152],
    [60, 0.0204485],
    [70, 0.0172981],
    [80, 0.0149309],
    [100, 0.0116955],
    [120, 0.00961451],
    [140, 0.00837455],
    [160, 0.00736256]
  ]
}