{
  "reaction": {
    "lhs": [
      { "state": { "particle": "e", "charge": -1 }, "count": 1 },
      {
        "state": {
          "particle": "H2",
          "charge": 0,
          "descriptor": {
            "type": 1,
            "accuracy": 2,
            "e": "X",
            "Lambda": 0,
            "S": 0,
            "parity": "g",
            "v": 14
          }
        },
        "count": 1
      }
    ],
    "rhs": [
      { "state": { "particle": "e", "charge": -1 }, "count": 1 },
      {
        "state": {
          "particle": "H2",
          "charge": 0,
          "descriptor": { "type": 1, "accuracy": 2, "e": "D", "Lambda": 1, "S": 0, "parity": "u", "v": 7 }
        },
        "count": 1
      }
    ],
    "type_tags": ["Electronic", "Vibrational"],
    "reversible": false
  },
  "threshold": 11.1492,
  "data": [
    [11.1492, 0],
    [12, 0.00000100872],
    [13, 0.00000219176],
    [14, 0.00000337224],
    [15, 0.00000454903],
    [16, 0.00000572058],
    [17, 0.00000688569],
    [18, 0.00000804312],
    [19, 0.00000919133],
    [20, 0.0000103292],
    [22, 0.0000125681],
    [25, 0.000015815],
    [30, 0.0000208404],
    [40, 0.0000285673],
    [50, 0.0000338769],
    [60, 0.0000441854],
    [70, 0.0000512608],
    [80, 0.0000504394],
    [100, 0.0000502541],
    [120, 0.0000473611],
    [140, 0.0000438064],
    [160, 0.000040893]
  ]
}