{
  "reaction": {
    "lhs": [
      { "state": { "particle": "e", "charge": -1 }, "count": 1 },
      {
        "state": {
          "particle": "H2",
          "charge": 0,
          "descriptor": {
            "type": 1,
            "accuracy": 2,
            "e": "X",
            "Lambda": 0,
            "S": 0,
            "parity": "g",
            "v": 14
          }
        },
        "count": 1
      }
    ],
    "rhs": [
      { "state": { "particle": "e", "charge": -1 }, "count": 1 },
      {
        "state": {
          "particle": "H2",
          "charge": 0,
          "descriptor": {
            "type": 1,
            "accuracy": 2,
            "e": "EF",
            "Lambda": 0,
            "S": 0,
            "parity": "g",
            "v": 31
          }
        },
        "count": 1
      }
    ],
    "type_tags": ["Electronic", "Vibrational"],
    "reversible": false
  },
  "threshold": 10.1875,
  "data": [
    [10.1875, 0],
    [11, 0.000228919],
    [12, 0.000324451],
    [13, 0.000362254],
    [14, 0.000425963],
    [15, 0.000450608],
    [16, 0.000468063],
    [17, 0.000480242],
    [18, 0.000468118],
    [19, 0.00046111],
    [20, 0.000461921],
    [22, 0.000464289],
    [25, 0.000442098],
    [30, 0.000409064],
    [40, 0.000345644],
    [50, 0.000315422],
    [60, 0.000299635],
    [70, 0.000274446],
    [80, 0.000253516],
    [100, 0.000212155],
    [120, 0.000174623],
    [140, 0.000152173],
    [160, 0.0001338]
  ]
}