{
  "reaction": {
    "lhs": [
      { "state": { "particle": "e", "charge": -1 }, "count": 1 },
      {
        "state": {
          "particle": "H2",
          "charge": 0,
          "descriptor": {
            "type": 1,
            "accuracy": 2,
            "e": "X",
            "Lambda": 0,
            "S": 0,
            "parity": "g",
            "v": 14
          }
        },
        "count": 1
      }
    ],
    "rhs": [
      { "state": { "particle": "e", "charge": -1 }, "count": 1 },
      {
        "state": {
          "particle": "H2",
          "charge": 0,
          "descriptor": {
            "type": 1,
            "accuracy": 2,
            "e": "EF",
            "Lambda": 0,
            "S": 0,
            "parity": "g",
            "v": 20
          }
        },
        "count": 1
      }
    ],
    "type_tags": ["Electronic", "Vibrational"],
    "reversible": false
  },
  "threshold": 9.52945,
  "data": [
    [9.52945, 0],
    [10, 0.0000198813],
    [11, 0.0000131373],
    [12, 0.0000225651],
    [13, 0.0000615255],
    [14, 0.0000474259],
    [15, 0.0000742484],
    [16, 0.0000796833],
    [17, 0.0000673747],
    [18, 0.0000631722],
    [19, 0.0000943575],
    [20, 0.0000946995],
    [22, 0.0000652068],
    [25, 0.0000557988],
    [30, 0.0000477958],
    [40, 0.000031295],
    [50, 0.0000305857],
    [60, 0.0000331025],
    [70, 0.0000277738],
    [80, 0.0000229734],
    [100, 0.0000181553],
    [120, 0.0000167446],
    [140, 0.0000154],
    [160, 0.0000140127]
  ]
}