{
  "reaction": {
    "lhs": [
      { "state": { "particle": "e", "charge": -1 }, "count": 1 },
      {
        "state": {
          "particle": "H2",
          "charge": 0,
          "descriptor": {
            "type": 1,
            "accuracy": 2,
            "e": "X",
            "Lambda": 0,
            "S": 0,
            "parity": "g",
            "v": 14
          }
        },
        "count": 1
      }
    ],
    "rhs": [
      { "state": { "particle": "e", "charge": -1 }, "count": 1 },
      {
        "state": {
          "particle": "H2",
          "charge": 0,
          "descriptor": { "type": 1, "accuracy": 2, "e": "e", "Lambda": 0, "S": 1, "parity": "u", "v": 2 }
        },
        "count": 1
      }
    ],
    "type_tags": ["Electronic", "Vibrational"],
    "reversible": false
  },
  "threshold": 9.26178,
  "data": [
    [9.26178, 0],
    [10, 3.65373e-7],
    [11, 6.91384e-7],
    [12, 2.53376e-7],
    [13, 5.28591e-8],
    [14, 3.70719e-7],
    [15, 4.60381e-7],
    [16, 2.41254e-7],
    [17, 2.21261e-8],
    [18, 2.48593e-8],
    [19, 2.99353e-8],
    [20, 3.26685e-8],
    [22, 3.03255e-8],
    [25, 2.1271e-8],
    [30, 8.72206e-9],
    [40, 4.99637e-9],
    [50, 2.7641e-9],
    [60, 1.62549e-9],
    [70, 1.18076e-9],
    [80, 1.03012e-9],
    [100, 7.81209e-10],
    [120, 5.78593e-10],
    [140, 4.1735e-10],
    [160, 2.92557e-10]
  ]
}