{
  "reaction": {
    "lhs": [
      { "state": { "particle": "e", "charge": -1 }, "count": 1 },
      {
        "state": {
          "particle": "H2",
          "charge": 0,
          "descriptor": {
            "type": 1,
            "accuracy": 2,
            "e": "X",
            "Lambda": 0,
            "S": 0,
            "parity": "g",
            "v": 14
          }
        },
        "count": 1
      }
    ],
    "rhs": [
      { "state": { "particle": "e", "charge": -1 }, "count": 1 },
      {
        "state": {
          "particle": "H2",
          "charge": 0,
          "descriptor": { "type": 1, "accuracy": 2, "e": "c", "Lambda": 1, "S": 1, "parity": "u", "v": 7 }
        },
        "count": 1
      }
    ],
    "type_tags": ["Electronic", "Vibrational"],
    "reversible": false
  },
  "threshold": 9.03709,
  "data": [
    [9.03709, 0],
    [10, 0.00377831],
    [11, 0.00616216],
    [12, 0.00427784],
    [13, 0.0027947],
    [14, 0.00249984],
    [15, 0.00276846],
    [16, 0.00239183],
    [17, 0.00184173],
    [18, 0.00154253],
    [19, 0.00132095],
    [20, 0.00115014],
    [22, 0.000885212],
    [25, 0.000620817],
    [30, 0.000368192],
    [40, 0.000219988],
    [50, 0.000157042],
    [60, 0.000113854],
    [70, 0.0000747665],
    [80, 0.0000468736],
    [100, 0.00002095],
    [120, 0.0000137187],
    [140, 0.00000983123],
    [160, 0.00000686656]
  ]
}