{
  "reaction": {
    "lhs": [
      { "state": { "particle": "e", "charge": -1 }, "count": 1 },
      {
        "state": {
          "particle": "H2",
          "charge": 0,
          "descriptor": {
            "type": 1,
            "accuracy": 2,
            "e": "X",
            "Lambda": 0,
            "S": 0,
            "parity": "g",
            "v": 14
          }
        },
        "count": 1
      }
    ],
    "rhs": [
      { "state": { "particle": "e", "charge": -1 }, "count": 1 },
      {
        "state": {
          "particle": "H2",
          "charge": 0,
          "descriptor": {
            "type": 1,
            "accuracy": 2,
            "e": "H",
            "Lambda": 0,
            "S": 0,
            "parity": "g",
            "v": 66
          }
        },
        "count": 1
      }
    ],
    "type_tags": ["Electronic", "Vibrational"],
    "reversible": false
  },
  "threshold": -27.2288,
  "data": [
    [27.2288, 0],
    [6, 0.00000216458],
    [8, 0.00000254016],
    [10, 0.00000297794],
    [11, 0.00000322189],
    [12, 0.0000165626],
    [13, 0.0000317596],
    [14, 0.000042618],
    [15, 0.000049925],
    [16, 0.0000535831],
    [17, 0.0000572812],
    [18, 0.0000611413],
    [19, 0.000064386],
    [20, 0.0000673219],
    [22, 0.0000723469],
    [25, 0.0000723149],
    [30, 0.0000618469],
    [40, 0.0000564176],
    [50, 0.0000558058],
    [60, 0.0000529889],
    [70, 0.0000487494],
    [80, 0.0000440327],
    [100, 0.0000368316],
    [120, 0.0000315009],
    [140, 0.0000275031],
    [160, 0.0000248431]
  ]
}