{
  "reaction": {
    "lhs": [
      { "state": { "particle": "e", "charge": -1 }, "count": 1 },
      {
        "state": {
          "particle": "H2",
          "charge": 0,
          "descriptor": {
            "type": 1,
            "accuracy": 2,
            "e": "X",
            "Lambda": 0,
            "S": 0,
            "parity": "g",
            "v": 14
          }
        },
        "count": 1
      }
    ],
    "rhs": [
      { "state": { "particle": "e", "charge": -1 }, "count": 1 },
      {
        "state": {
          "particle": "H2",
          "charge": 0,
          "descriptor": { "type": 1, "accuracy": 2, "e": "j", "Lambda": 2, "S": 1, "parity": "g", "v": 5 }
        },
        "count": 1
      }
    ],
    "type_tags": ["Electronic", "Vibrational"],
    "reversible": false
  },
  "threshold": 10.7002,
  "data": [
    [10.7002, 0],
    [11, 1.93263e-7],
    [12, 0.00000104657],
    [13, 7.62772e-9],
    [14, 7.6049e-9],
    [15, 3.60058e-7],
    [16, 3.5562e-7],
    [17, 3.51181e-7],
    [18, 3.65761e-7],
    [19, 3.9284e-7],
    [20, 4.0742e-7],
    [22, 3.66463e-7],
    [25, 2.09977e-7],
    [30, 7.89496e-9],
    [40, 1.7094e-9],
    [50, 2.00761e-9],
    [60, 4.04282e-9],
    [70, 1.12678e-8],
    [80, 2.30249e-8],
    [100, 2.03477e-8],
    [120, 4.40502e-9],
    [140, 3.11316e-9],
    [160, 2.11956e-9]
  ]
}