{
  "reaction": {
    "lhs": [
      { "state": { "particle": "e", "charge": -1 }, "count": 1 },
      {
        "state": {
          "particle": "H2",
          "charge": 0,
          "descriptor": {
            "type": 1,
            "accuracy": 2,
            "e": "X",
            "Lambda": 0,
            "S": 0,
            "parity": "g",
            "v": 14
          }
        },
        "count": 1
      }
    ],
    "rhs": [
      { "state": { "particle": "e", "charge": -1 }, "count": 1 },
      {
        "state": {
          "particle": "H2",
          "charge": 0,
          "descriptor": {
            "type": 1,
            "accuracy": 2,
            "e": "EF",
            "Lambda": 0,
            "S": 0,
            "parity": "g",
            "v": 9
          }
        },
        "count": 1
      }
    ],
    "type_tags": ["Electronic", "Vibrational"],
    "reversible": false
  },
  "threshold": 8.60764,
  "data": [
    [8.60764, 0],
    [10, 0.00187824],
    [11, 0.00218671],
    [12, 0.00123452],
    [13, 0.00117543],
    [14, 0.00114507],
    [15, 0.00113388],
    [16, 0.00113228],
    [17, 0.00124652],
    [18, 0.00130092],
    [19, 0.00104574],
    [20, 0.00103154],
    [22, 0.00101642],
    [25, 0.00101191],
    [30, 0.000838865],
    [40, 0.000989777],
    [50, 0.000827944],
    [60, 0.000659852],
    [70, 0.000588138],
    [80, 0.000524543],
    [100, 0.000428973],
    [120, 0.000363713],
    [140, 0.000325739],
    [160, 0.000295431]
  ]
}