{
  "reaction": {
    "lhs": [
      { "state": { "particle": "e", "charge": -1 }, "count": 1 },
      {
        "state": {
          "particle": "H2",
          "charge": 0,
          "descriptor": {
            "type": 1,
            "accuracy": 2,
            "e": "X",
            "Lambda": 0,
            "S": 0,
            "parity": "g",
            "v": 14
          }
        },
        "count": 1
      }
    ],
    "rhs": [
      { "state": { "particle": "e", "charge": -1 }, "count": 1 },
      {
        "state": {
          "particle": "H2",
          "charge": 0,
          "descriptor": {
            "type": 1,
            "accuracy": 2,
            "e": "g",
            "Lambda": 0,
            "S": 1,
            "parity": "g",
            "v": 14
          }
        },
        "count": 1
      }
    ],
    "type_tags": ["Electronic", "Vibrational"],
    "reversible": false
  },
  "threshold": 11.9792,
  "data": [
    [11.9792, 0],
    [12, 0.00000490475],
    [13, 0.00107809],
    [14, 0.0010089],
    [15, 0.000893705],
    [16, 0.000780823],
    [17, 0.00071013],
    [18, 0.000704821],
    [19, 0.000702893],
    [20, 0.000702517],
    [22, 0.000668538],
    [25, 0.000533279],
    [30, 0.000304684],
    [40, 0.000223181],
    [50, 0.000144302],
    [60, 0.0000656569],
    [70, 0.0000379001],
    [80, 0.0000287687],
    [100, 0.0000154674],
    [120, 0.0000117268],
    [140, 0.00000857331],
    [160, 0.00000619662]
  ]
}