{
  "reaction": {
    "lhs": [
      { "state": { "particle": "e", "charge": -1 }, "count": 1 },
      {
        "state": {
          "particle": "H2",
          "charge": 0,
          "descriptor": {
            "type": 1,
            "accuracy": 2,
            "e": "X",
            "Lambda": 0,
            "S": 0,
            "parity": "g",
            "v": 14
          }
        },
        "count": 1
      }
    ],
    "rhs": [
      { "state": { "particle": "e", "charge": -1 }, "count": 1 },
      {
        "state": {
          "particle": "H2",
          "charge": 0,
          "descriptor": {
            "type": 1,
            "accuracy": 2,
            "e": "c",
            "Lambda": 1,
            "S": 1,
            "parity": "u",
            "v": 19
          }
        },
        "count": 1
      }
    ],
    "type_tags": ["Electronic", "Vibrational"],
    "reversible": false
  },
  "threshold": 10.2193,
  "data": [
    [10.2193, 0],
    [11, 0.0000140027],
    [12, 0.0000296218],
    [13, 0.0000230358],
    [14, 0.0000105499],
    [15, 0.0000130937],
    [16, 0.000014636],
    [17, 0.0000152702],
    [18, 0.000015048],
    [19, 0.0000144824],
    [20, 0.0000137247],
    [22, 0.0000117794],
    [25, 0.00000811484],
    [30, 0.00000281099],
    [40, 1.07345e-7],
    [50, 4.00214e-8],
    [60, 2.99253e-8],
    [70, 2.45984e-8],
    [80, 1.76723e-8],
    [100, 8.05119e-9],
    [120, 3.291e-9],
    [140, 3.60563e-9],
    [160, 4.47547e-9]
  ]
}