{
  "reaction": {
    "lhs": [
      { "state": { "particle": "e", "charge": -1 }, "count": 1 },
      {
        "state": {
          "particle": "H2",
          "charge": 0,
          "descriptor": {
            "type": 1,
            "accuracy": 2,
            "e": "X",
            "Lambda": 0,
            "S": 0,
            "parity": "g",
            "v": 14
          }
        },
        "count": 1
      }
    ],
    "rhs": [
      { "state": { "particle": "e", "charge": -1 }, "count": 1 },
      {
        "state": {
          "particle": "H2",
          "charge": 0,
          "descriptor": { "type": 1, "accuracy": 2, "e": "I", "Lambda": 1, "S": 0, "parity": "g", "v": 1 }
        },
        "count": 1
      }
    ],
    "type_tags": ["Electronic", "Vibrational"],
    "reversible": false
  },
  "threshold": 9.68247,
  "data": [
    [9.68247, 0],
    [10, 6.33206e-12],
    [11, 4.14308e-11],
    [12, 0.0000045856],
    [13, 1.38614e-7],
    [14, 0.00000142712],
    [15, 6.85493e-8],
    [16, 1.18881e-8],
    [17, 1.75789e-8],
    [18, 1.91583e-8],
    [19, 3.0106e-7],
    [20, 3.42706e-8],
    [22, 2.55618e-9],
    [25, 4.68825e-9],
    [30, 3.93266e-8],
    [40, 7.28968e-9],
    [50, 1.0915e-7],
    [60, 5.46212e-8],
    [70, 9.24198e-11],
    [80, 5.89803e-10],
    [100, 4.7082e-10],
    [120, 5.15694e-10],
    [140, 6.80708e-10],
    [160, 5.66768e-10]
  ]
}