{
  "reaction": {
    "lhs": [
      { "state": { "particle": "e", "charge": -1 }, "count": 1 },
      {
        "state": {
          "particle": "H2",
          "charge": 0,
          "descriptor": {
            "type": 1,
            "accuracy": 2,
            "e": "X",
            "Lambda": 0,
            "S": 0,
            "parity": "g",
            "v": 14
          }
        },
        "count": 1
      }
    ],
    "rhs": [
      { "state": { "particle": "e", "charge": -1 }, "count": 1 },
      {
        "state": {
          "particle": "H2",
          "charge": 0,
          "descriptor": {
            "type": 1,
            "accuracy": 2,
            "e": "EF",
            "Lambda": 0,
            "S": 0,
            "parity": "g",
            "v": 1
          }
        },
        "count": 1
      }
    ],
    "type_tags": ["Electronic", "Vibrational"],
    "reversible": false
  },
  "threshold": 7.86206,
  "data": [
    [7.86206, 0],
    [8, 0.00203631],
    [10, 0.00618029],
    [11, 0.00647661],
    [12, 0.00784771],
    [13, 0.00784685],
    [14, 0.00752934],
    [15, 0.00705028],
    [16, 0.00649074],
    [17, 0.00601704],
    [18, 0.00527386],
    [19, 0.00483695],
    [20, 0.00484897],
    [22, 0.00484685],
    [25, 0.0044338],
    [30, 0.00344904],
    [40, 0.00211607],
    [50, 0.00162365],
    [60, 0.0013295],
    [70, 0.00109425],
    [80, 0.000921044],
    [100, 0.00068647],
    [120, 0.000541472],
    [140, 0.000460868],
    [160, 0.000398344]
  ]
}