{
  "reaction": {
    "lhs": [
      { "state": { "particle": "e", "charge": -1 }, "count": 1 },
      {
        "state": {
          "particle": "H2",
          "charge": 0,
          "descriptor": {
            "type": 1,
            "accuracy": 2,
            "e": "X",
            "Lambda": 0,
            "S": 0,
            "parity": "g",
            "v": 14
          }
        },
        "count": 1
      }
    ],
    "rhs": [
      { "state": { "particle": "e", "charge": -1 }, "count": 1 },
      {
        "state": {
          "particle": "H2",
          "charge": 0,
          "descriptor": { "type": 1, "accuracy": 2, "e": "e", "Lambda": 0, "S": 1, "parity": "u", "v": 7 }
        },
        "count": 1
      }
    ],
    "type_tags": ["Electronic", "Vibrational"],
    "reversible": false
  },
  "threshold": 10.1665,
  "data": [
    [10.1665, 0],
    [11, 3.84309e-7],
    [12, 8.70509e-7],
    [13, 0.00000138125],
    [14, 0.00000191352],
    [15, 0.00000246427],
    [16, 0.0000030305],
    [17, 0.00000360916],
    [18, 0.00000419723],
    [19, 0.0000047917],
    [20, 0.00000538952],
    [22, 0.00000658316],
    [25, 0.00000832317],
    [30, 0.000010887],
    [40, 0.0000133919],
    [50, 0.0000107399],
    [60, 0.00000685108],
    [70, 0.00000486096],
    [80, 0.00000349806],
    [100, 0.00000174628],
    [120, 4.52003e-7],
    [140, 4.52003e-7],
    [160, 4.52003e-7]
  ]
}