{
  "reaction": {
    "lhs": [
      { "state": { "particle": "e", "charge": -1 }, "count": 1 },
      {
        "state": {
          "particle": "H2",
          "charge": 0,
          "descriptor": {
            "type": 1,
            "accuracy": 2,
            "e": "X",
            "Lambda": 0,
            "S": 0,
            "parity": "g",
            "v": 14
          }
        },
        "count": 1
      }
    ],
    "rhs": [
      { "state": { "particle": "e", "charge": -1 }, "count": 1 },
      {
        "state": {
          "particle": "H2",
          "charge": 0,
          "descriptor": { "type": 1, "accuracy": 2, "e": "J", "Lambda": 2, "S": 0, "parity": "g", "v": 6 }
        },
        "count": 1
      }
    ],
    "type_tags": ["Electronic", "Vibrational"],
    "reversible": false
  },
  "threshold": 10.8996,
  "data": [
    [10.8996, 0],
    [11, 0.00000742428],
    [12, 0.000075141],
    [13, 0.0000289281],
    [14, 0.000055359],
    [15, 0.0000127375],
    [16, 0.0000260904],
    [17, 0.0000299218],
    [18, 0.0000345585],
    [19, 0.000046721],
    [20, 0.000049151],
    [22, 0.0000435164],
    [25, 0.0000581356],
    [30, 0.0000384328],
    [40, 0.0000358052],
    [50, 0.0000281429],
    [60, 0.0000225882],
    [70, 0.0000183742],
    [80, 0.0000160744],
    [100, 0.0000120189],
    [120, 0.0000104912],
    [140, 0.00000905398],
    [160, 0.00000793815]
  ]
}