{
  "reaction": {
    "lhs": [
      { "state": { "particle": "e", "charge": -1 }, "count": 1 },
      {
        "state": {
          "particle": "H2",
          "charge": 0,
          "descriptor": {
            "type": 1,
            "accuracy": 2,
            "e": "X",
            "Lambda": 0,
            "S": 0,
            "parity": "g",
            "v": 14
          }
        },
        "count": 1
      }
    ],
    "rhs": [
      { "state": { "particle": "e", "charge": -1 }, "count": 1 },
      {
        "state": {
          "particle": "H2",
          "charge": 0,
          "descriptor": {
            "type": 1,
            "accuracy": 2,
            "e": "GK",
            "Lambda": 0,
            "S": 0,
            "parity": "g",
            "v": 2
          }
        },
        "count": 1
      }
    ],
    "type_tags": ["Electronic", "Vibrational"],
    "reversible": false
  },
  "threshold": 9.55789,
  "data": [
    [9.55789, 0],
    [10, 0.00017183],
    [11, 0.000462227],
    [12, 0.000266485],
    [13, 0.000249022],
    [14, 0.000306209],
    [15, 0.000378383],
    [16, 0.000460879],
    [17, 0.000402142],
    [18, 0.000387263],
    [19, 0.000386211],
    [20, 0.00039803],
    [22, 0.00037489],
    [25, 0.000348602],
    [30, 0.000329124],
    [40, 0.000232908],
    [50, 0.000210743],
    [60, 0.000207247],
    [70, 0.000206572],
    [80, 0.000180396],
    [100, 0.000152221],
    [120, 0.000137333],
    [140, 0.000122544],
    [160, 0.000129148]
  ]
}