{
  "reaction": {
    "lhs": [
      { "state": { "particle": "e", "charge": -1 }, "count": 1 },
      {
        "state": {
          "particle": "H2",
          "charge": 0,
          "descriptor": {
            "type": 1,
            "accuracy": 2,
            "e": "X",
            "Lambda": 0,
            "S": 0,
            "parity": "g",
            "v": 14
          }
        },
        "count": 1
      }
    ],
    "rhs": [
      { "state": { "particle": "e", "charge": -1 }, "count": 1 },
      {
        "state": {
          "particle": "H2",
          "charge": 0,
          "descriptor": {
            "type": 1,
            "accuracy": 2,
            "e": "d",
            "Lambda": 1,
            "S": 1,
            "parity": "u",
            "v": 12
          }
        },
        "count": 1
      }
    ],
    "type_tags": ["Electronic", "Vibrational"],
    "reversible": false
  },
  "threshold": 11.7715,
  "data": [
    [11.7715, 0],
    [12, 0.0197183],
    [13, 0.013937],
    [14, 0.0127546],
    [15, 0.0126823],
    [16, 0.0126073],
    [17, 0.0121249],
    [18, 0.0102689],
    [19, 0.00763326],
    [20, 0.00613248],
    [22, 0.00565681],
    [25, 0.00528906],
    [30, 0.00514726],
    [40, 0.00344524],
    [50, 0.00203684],
    [60, 0.000971126],
    [70, 0.000487821],
    [80, 0.000308592],
    [100, 0.000107075],
    [120, 0.0000701426],
    [140, 0.0000498768],
    [160, 0.0000343333]
  ]
}