{
  "reaction": {
    "lhs": [
      { "state": { "particle": "e", "charge": -1 }, "count": 1 },
      {
        "state": {
          "particle": "H2",
          "charge": 0,
          "descriptor": {
            "type": 1,
            "accuracy": 2,
            "e": "X",
            "Lambda": 0,
            "S": 0,
            "parity": "g",
            "v": 14
          }
        },
        "count": 1
      }
    ],
    "rhs": [
      { "state": { "particle": "e", "charge": -1 }, "count": 1 },
      {
        "state": {
          "particle": "H2",
          "charge": 0,
          "descriptor": {
            "type": 1,
            "accuracy": 2,
            "e": "g",
            "Lambda": 0,
            "S": 1,
            "parity": "g",
            "v": 15
          }
        },
        "count": 1
      }
    ],
    "type_tags": ["Electronic", "Vibrational"],
    "reversible": false
  },
  "threshold": 12.0305,
  "data": [
    [12.0305, 0],
    [13, 0.00134],
    [14, 0.00116566],
    [15, 0.00106973],
    [16, 0.000972951],
    [17, 0.000878212],
    [18, 0.000783214],
    [19, 0.000690881],
    [20, 0.000614914],
    [22, 0.000498468],
    [25, 0.000360858],
    [30, 0.000228242],
    [40, 0.000179047],
    [50, 0.000125183],
    [60, 0.0000620192],
    [70, 0.0000393556],
    [80, 0.0000301367],
    [100, 0.0000164074],
    [120, 0.0000111953],
    [140, 0.00000798611],
    [160, 0.0000055609]
  ]
}