{
  "reaction": {
    "lhs": [
      { "state": { "particle": "e", "charge": -1 }, "count": 1 },
      {
        "state": {
          "particle": "H2",
          "charge": 0,
          "descriptor": {
            "type": 1,
            "accuracy": 2,
            "e": "X",
            "Lambda": 0,
            "S": 0,
            "parity": "g",
            "v": 14
          }
        },
        "count": 1
      }
    ],
    "rhs": [
      { "state": { "particle": "e", "charge": -1 }, "count": 1 },
      {
        "state": {
          "particle": "H2",
          "charge": 0,
          "descriptor": { "type": 1, "accuracy": 2, "e": "H", "Lambda": 0, "S": 0, "parity": "g", "v": 6 }
        },
        "count": 1
      }
    ],
    "type_tags": ["Electronic", "Vibrational"],
    "reversible": false
  },
  "threshold": 10.7806,
  "data": [
    [10.7806, 0],
    [11, 5.06179e-11],
    [12, 1.4182e-10],
    [13, 2.04017e-10],
    [14, 2.40905e-10],
    [15, 2.6923e-10],
    [16, 2.97226e-10],
    [17, 3.22043e-10],
    [18, 3.43962e-10],
    [19, 3.6377e-10],
    [20, 3.83135e-10],
    [22, 4.31178e-10],
    [25, 4.68372e-10],
    [30, 4.62427e-10],
    [40, 4.66472e-10],
    [50, 4.58008e-10],
    [60, 4.26654e-10],
    [70, 3.91045e-10],
    [80, 3.64175e-10],
    [100, 3.15289e-10],
    [120, 2.74067e-10],
    [140, 2.39391e-10],
    [160, 2.05123e-10]
  ]
}