{
  "reaction": {
    "lhs": [
      { "state": { "particle": "e", "charge": -1 }, "count": 1 },
      {
        "state": {
          "particle": "H2",
          "charge": 0,
          "descriptor": {
            "type": 1,
            "accuracy": 2,
            "e": "X",
            "Lambda": 0,
            "S": 0,
            "parity": "g",
            "v": 14
          }
        },
        "count": 1
      }
    ],
    "rhs": [
      { "state": { "particle": "e", "charge": -1 }, "count": 1 },
      {
        "state": {
          "particle": "H2",
          "charge": 0,
          "descriptor": { "type": 1, "accuracy": 2, "e": "g", "Lambda": 0, "S": 1, "parity": "g", "v": 7 }
        },
        "count": 1
      }
    ],
    "type_tags": ["Electronic", "Vibrational"],
    "reversible": false
  },
  "threshold": 11.102,
  "data": [
    [11.102, 0],
    [12, 0.000209019],
    [13, 0.000208083],
    [14, 0.000135683],
    [15, 0.000116854],
    [16, 0.0000894262],
    [17, 0.0000655583],
    [18, 0.0000607017],
    [19, 0.000058993],
    [20, 0.00005843],
    [22, 0.0000537995],
    [25, 0.0000388343],
    [30, 0.0000160441],
    [40, 0.00000951672],
    [50, 0.00000713636],
    [60, 0.00000596492],
    [70, 0.00000565058],
    [80, 0.0000055877],
    [100, 0.00000295791],
    [120, 3.34111e-7],
    [140, 2.38226e-7],
    [160, 1.63798e-7]
  ]
}