{
  "reaction": {
    "lhs": [
      { "state": { "particle": "e", "charge": -1 }, "count": 1 },
      {
        "state": {
          "particle": "H2",
          "charge": 0,
          "descriptor": {
            "type": 1,
            "accuracy": 2,
            "e": "X",
            "Lambda": 0,
            "S": 0,
            "parity": "g",
            "v": 14
          }
        },
        "count": 1
      }
    ],
    "rhs": [
      { "state": { "particle": "e", "charge": -1 }, "count": 1 },
      {
        "state": {
          "particle": "H2",
          "charge": 0,
          "descriptor": { "type": 1, "accuracy": 2, "e": "j", "Lambda": 2, "S": 1, "parity": "g", "v": 8 }
        },
        "count": 1
      }
    ],
    "type_tags": ["Electronic", "Vibrational"],
    "reversible": false
  },
  "threshold": 11.257,
  "data": [
    [11.257, 0],
    [12, 0.00268552],
    [13, 0.00181171],
    [14, 0.00160833],
    [15, 0.00102647],
    [16, 0.000846822],
    [17, 0.000743858],
    [18, 0.000692682],
    [19, 0.000668399],
    [20, 0.000646114],
    [22, 0.000576818],
    [25, 0.000451054],
    [30, 0.000269436],
    [40, 0.000161965],
    [50, 0.0000768119],
    [60, 0.0000250256],
    [70, 0.0000131512],
    [80, 0.0000107915],
    [100, 0.00000507961],
    [120, 0.00000136016],
    [140, 9.77422e-7],
    [160, 6.81528e-7]
  ]
}