{
  "reaction": {
    "lhs": [
      { "state": { "particle": "e", "charge": -1 }, "count": 1 },
      {
        "state": {
          "particle": "H2",
          "charge": 0,
          "descriptor": {
            "type": 1,
            "accuracy": 2,
            "e": "X",
            "Lambda": 0,
            "S": 0,
            "parity": "g",
            "v": 14
          }
        },
        "count": 1
      }
    ],
    "rhs": [
      { "state": { "particle": "e", "charge": -1 }, "count": 1 },
      {
        "state": {
          "particle": "H2",
          "charge": 0,
          "descriptor": {
            "type": 1,
            "accuracy": 2,
            "e": "a",
            "Lambda": 0,
            "S": 1,
            "parity": "g",
            "v": 14
          }
        },
        "count": 1
      }
    ],
    "type_tags": ["Electronic", "Vibrational"],
    "reversible": false
  },
  "threshold": 10.1622,
  "data": [
    [10.1622, 0],
    [11, 0.0193243],
    [12, 0.0300158],
    [13, 0.0244878],
    [14, 0.0201173],
    [15, 0.0161028],
    [16, 0.012539],
    [17, 0.0102234],
    [18, 0.00955607],
    [19, 0.00932325],
    [20, 0.00923657],
    [22, 0.00853697],
    [25, 0.00635853],
    [30, 0.00329807],
    [40, 0.00268582],
    [50, 0.00193839],
    [60, 0.00101374],
    [70, 0.000670752],
    [80, 0.000514519],
    [100, 0.000255958],
    [120, 0.000158453],
    [140, 0.000143755],
    [160, 0.000132393]
  ]
}