{
  "reaction": {
    "lhs": [
      { "state": { "particle": "e", "charge": -1 }, "count": 1 },
      {
        "state": {
          "particle": "H2",
          "charge": 0,
          "descriptor": {
            "type": 1,
            "accuracy": 2,
            "e": "X",
            "Lambda": 0,
            "S": 0,
            "parity": "g",
            "v": 14
          }
        },
        "count": 1
      }
    ],
    "rhs": [
      { "state": { "particle": "e", "charge": -1 }, "count": 1 },
      {
        "state": {
          "particle": "H2",
          "charge": 0,
          "descriptor": {
            "type": 1,
            "accuracy": 2,
            "e": "a",
            "Lambda": 0,
            "S": 1,
            "parity": "g",
            "v": 10
          }
        },
        "count": 1
      }
    ],
    "type_tags": ["Electronic", "Vibrational"],
    "reversible": false
  },
  "threshold": 9.73218,
  "data": [
    [9.73218, 0],
    [10, 0.00317003],
    [11, 0.0128632],
    [12, 0.010513],
    [13, 0.00854128],
    [14, 0.00704724],
    [15, 0.00611517],
    [16, 0.00535287],
    [17, 0.00466503],
    [18, 0.00396043],
    [19, 0.00328613],
    [20, 0.00276245],
    [22, 0.00208525],
    [25, 0.00147719],
    [30, 0.000939148],
    [40, 0.000567064],
    [50, 0.000413788],
    [60, 0.00031965],
    [70, 0.000221232],
    [80, 0.000147392],
    [100, 0.0000706696],
    [120, 0.0000458114],
    [140, 0.000038888],
    [160, 0.0000335619]
  ]
}