{
  "reaction": {
    "lhs": [
      { "state": { "particle": "e", "charge": -1 }, "count": 1 },
      {
        "state": {
          "particle": "H2",
          "charge": 0,
          "descriptor": {
            "type": 1,
            "accuracy": 2,
            "e": "X",
            "Lambda": 0,
            "S": 0,
            "parity": "g",
            "v": 14
          }
        },
        "count": 1
      }
    ],
    "rhs": [
      { "state": { "particle": "e", "charge": -1 }, "count": 1 },
      {
        "state": {
          "particle": "H2",
          "charge": 0,
          "descriptor": {
            "type": 1,
            "accuracy": 2,
            "e": "d",
            "Lambda": 1,
            "S": 1,
            "parity": "u",
            "v": 15
          }
        },
        "count": 1
      }
    ],
    "type_tags": ["Electronic", "Vibrational"],
    "reversible": false
  },
  "threshold": 12.0208,
  "data": [
    [12.0208, 0],
    [13, 0.00461748],
    [14, 0.00447722],
    [15, 0.00380434],
    [16, 0.00340893],
    [17, 0.00315316],
    [18, 0.00299609],
    [19, 0.00290945],
    [20, 0.0028103],
    [22, 0.00251334],
    [25, 0.00200692],
    [30, 0.00129228],
    [40, 0.000859398],
    [50, 0.000515101],
    [60, 0.000258606],
    [70, 0.000141638],
    [80, 0.000095253],
    [100, 0.0000358963],
    [120, 0.0000230042],
    [140, 0.0000169642],
    [160, 0.0000123305]
  ]
}