{
  "reaction": {
    "lhs": [
      { "state": { "particle": "e", "charge": -1 }, "count": 1 },
      {
        "state": {
          "particle": "H2",
          "charge": 0,
          "descriptor": {
            "type": 1,
            "accuracy": 2,
            "e": "X",
            "Lambda": 0,
            "S": 0,
            "parity": "g",
            "v": 14
          }
        },
        "count": 1
      }
    ],
    "rhs": [
      { "state": { "particle": "e", "charge": -1 }, "count": 1 },
      {
        "state": {
          "particle": "H2",
          "charge": 0,
          "descriptor": {
            "type": 1,
            "accuracy": 2,
            "e": "H",
            "Lambda": 0,
            "S": 0,
            "parity": "g",
            "v": 17
          }
        },
        "count": 1
      }
    ],
    "type_tags": ["Electronic", "Vibrational"],
    "reversible": false
  },
  "threshold": 11.1432,
  "data": [
    [11.1432, 0],
    [12, 0.000314318],
    [13, 0.00050611],
    [14, 0.000643966],
    [15, 0.000770722],
    [16, 0.000895437],
    [17, 0.00100499],
    [18, 0.00108073],
    [19, 0.00110751],
    [20, 0.0011002],
    [22, 0.00106701],
    [25, 0.00104226],
    [30, 0.00105952],
    [40, 0.0011334],
    [50, 0.00116162],
    [60, 0.00113978],
    [70, 0.00108528],
    [80, 0.00101706],
    [100, 0.00089878],
    [120, 0.000791993],
    [140, 0.000694017],
    [160, 0.000599266]
  ]
}