{
  "reaction": {
    "lhs": [
      { "state": { "particle": "e", "charge": -1 }, "count": 1 },
      {
        "state": {
          "particle": "H2",
          "charge": 0,
          "descriptor": {
            "type": 1,
            "accuracy": 2,
            "e": "X",
            "Lambda": 0,
            "S": 0,
            "parity": "g",
            "v": 14
          }
        },
        "count": 1
      }
    ],
    "rhs": [
      { "state": { "particle": "e", "charge": -1 }, "count": 1 },
      {
        "state": {
          "particle": "H2",
          "charge": 0,
          "descriptor": {
            "type": 1,
            "accuracy": 2,
            "e": "B",
            "Lambda": 0,
            "S": 0,
            "parity": "u",
            "v": 26
          }
        },
        "count": 1
      }
    ],
    "type_tags": ["Electronic", "Vibrational"],
    "reversible": false
  },
  "threshold": 9.7346,
  "data": [
    [9.7346, 0],
    [10, 0.000569401],
    [11, 0.0015368],
    [12, 0.00231394],
    [13, 0.00291777],
    [14, 0.00341888],
    [15, 0.00384501],
    [16, 0.00420118],
    [17, 0.00449433],
    [18, 0.00473141],
    [19, 0.00491939],
    [20, 0.0050652],
    [22, 0.00525823],
    [25, 0.00540569],
    [30, 0.00557975],
    [40, 0.00571817],
    [50, 0.00558802],
    [60, 0.00541012],
    [70, 0.00525021],
    [80, 0.00508369],
    [100, 0.00468991],
    [120, 0.00427028],
    [140, 0.0038906],
    [160, 0.00356025]
  ]
}