{
  "reaction": {
    "lhs": [
      { "state": { "particle": "e", "charge": -1 }, "count": 1 },
      {
        "state": {
          "particle": "H2",
          "charge": 0,
          "descriptor": {
            "type": 1,
            "accuracy": 2,
            "e": "X",
            "Lambda": 0,
            "S": 0,
            "parity": "g",
            "v": 14
          }
        },
        "count": 1
      }
    ],
    "rhs": [
      { "state": { "particle": "e", "charge": -1 }, "count": 1 },
      {
        "state": {
          "particle": "H2",
          "charge": 0,
          "descriptor": {
            "type": 1,
            "accuracy": 2,
            "e": "EF",
            "Lambda": 0,
            "S": 0,
            "parity": "g",
            "v": 28
          }
        },
        "count": 1
      }
    ],
    "type_tags": ["Electronic", "Vibrational"],
    "reversible": false
  },
  "threshold": 10.0543,
  "data": [
    [10.0543, 0],
    [11, 0.00000652064],
    [12, 0.0000151265],
    [13, 0.0000206509],
    [14, 0.0000335959],
    [15, 0.0000269624],
    [16, 0.0000250108],
    [17, 0.0000239035],
    [18, 0.0000212947],
    [19, 0.0000261236],
    [20, 0.000034194],
    [22, 0.0000206832],
    [25, 0.0000181385],
    [30, 0.00001782],
    [40, 0.0000122879],
    [50, 0.00000797106],
    [60, 0.00000653898],
    [70, 0.00000518477],
    [80, 0.00000438296],
    [100, 0.00000309616],
    [120, 0.00000215211],
    [140, 0.00000162209],
    [160, 0.00000119405]
  ]
}