{
  "reaction": {
    "lhs": [
      { "state": { "particle": "e", "charge": -1 }, "count": 1 },
      {
        "state": {
          "particle": "H2",
          "charge": 0,
          "descriptor": {
            "type": 1,
            "accuracy": 2,
            "e": "X",
            "Lambda": 0,
            "S": 0,
            "parity": "g",
            "v": 14
          }
        },
        "count": 1
      }
    ],
    "rhs": [
      { "state": { "particle": "e", "charge": -1 }, "count": 1 },
      {
        "state": {
          "particle": "H2",
          "charge": 0,
          "descriptor": {
            "type": 1,
            "accuracy": 2,
            "e": "H",
            "Lambda": 0,
            "S": 0,
            "parity": "g",
            "v": 47
          }
        },
        "count": 1
      }
    ],
    "type_tags": ["Electronic", "Vibrational"],
    "reversible": false
  },
  "threshold": 11.9009,
  "data": [
    [11.9009, 0],
    [12, 0.00000114836],
    [13, 0.00000272152],
    [14, 0.0000031034],
    [15, 0.0000029786],
    [16, 0.0000029552],
    [17, 0.00000297011],
    [18, 0.00000298811],
    [19, 0.00000299978],
    [20, 0.00000337126],
    [22, 0.00000477765],
    [25, 0.00000489931],
    [30, 0.00000203547],
    [40, 0.00000236536],
    [50, 0.00000358948],
    [60, 0.00000333099],
    [70, 0.00000250375],
    [80, 0.00000189949],
    [100, 0.00000176278],
    [120, 0.00000141729],
    [140, 0.00000122011],
    [160, 0.00000113489]
  ]
}