{
  "reaction": {
    "lhs": [
      { "state": { "particle": "e", "charge": -1 }, "count": 1 },
      {
        "state": {
          "particle": "H2",
          "charge": 0,
          "descriptor": {
            "type": 1,
            "accuracy": 2,
            "e": "X",
            "Lambda": 0,
            "S": 0,
            "parity": "g",
            "v": 14
          }
        },
        "count": 1
      }
    ],
    "rhs": [
      { "state": { "particle": "e", "charge": -1 }, "count": 1 },
      {
        "state": {
          "particle": "H2",
          "charge": 0,
          "descriptor": { "type": 1, "accuracy": 2, "e": "I", "Lambda": 1, "S": 0, "parity": "g", "v": 2 }
        },
        "count": 1
      }
    ],
    "type_tags": ["Electronic", "Vibrational"],
    "reversible": false
  },
  "threshold": 9.92457,
  "data": [
    [9.92457, 0],
    [10, 7.71499e-11],
    [11, 1.26495e-9],
    [12, 4.11216e-7],
    [13, 0.00000190494],
    [14, 0.00000153289],
    [15, 1.79671e-8],
    [16, 1.31051e-7],
    [17, 1.29969e-7],
    [18, 4.21792e-8],
    [19, 1.11479e-8],
    [20, 2.97461e-10],
    [22, 1.18333e-8],
    [25, 5.13803e-7],
    [30, 2.34591e-8],
    [40, 1.16493e-8],
    [50, 3.19171e-7],
    [60, 1.64332e-7],
    [70, 3.96819e-9],
    [80, 2.84078e-10],
    [100, 5.33725e-10],
    [120, 5.39647e-10],
    [140, 5.83598e-10],
    [160, 5.66057e-10]
  ]
}