{
  "reaction": {
    "lhs": [
      { "state": { "particle": "e", "charge": -1 }, "count": 1 },
      {
        "state": {
          "particle": "H2",
          "charge": 0,
          "descriptor": {
            "type": 1,
            "accuracy": 2,
            "e": "X",
            "Lambda": 0,
            "S": 0,
            "parity": "g",
            "v": 14
          }
        },
        "count": 1
      }
    ],
    "rhs": [
      { "state": { "particle": "e", "charge": -1 }, "count": 1 },
      {
        "state": {
          "particle": "H2",
          "charge": 0,
          "descriptor": { "type": 1, "accuracy": 2, "e": "h", "Lambda": 0, "S": 1, "parity": "g", "v": 2 }
        },
        "count": 1
      }
    ],
    "type_tags": ["Electronic", "Vibrational"],
    "reversible": false
  },
  "threshold": 9.86934,
  "data": [
    [9.86934, 0],
    [10, 8.82973e-8],
    [11, 7.7292e-7],
    [12, 0.00000160957],
    [13, 6.51127e-9],
    [14, 5.11801e-8],
    [15, 3.07179e-7],
    [16, 2.66753e-7],
    [17, 3.16032e-8],
    [18, 1.38129e-8],
    [19, 7.32762e-9],
    [20, 6.09443e-9],
    [22, 5.50652e-9],
    [25, 6.33591e-9],
    [30, 8.17747e-9],
    [40, 6.28156e-8],
    [50, 3.34771e-8],
    [60, 3.21187e-9],
    [70, 2.14012e-9],
    [80, 1.97592e-9],
    [100, 1.13983e-9],
    [120, 3.42166e-10],
    [140, 3.45491e-10],
    [160, 3.54685e-10]
  ]
}