{
  "reaction": {
    "lhs": [
      { "state": { "particle": "e", "charge": -1 }, "count": 1 },
      {
        "state": {
          "particle": "H2",
          "charge": 0,
          "descriptor": {
            "type": 1,
            "accuracy": 2,
            "e": "X",
            "Lambda": 0,
            "S": 0,
            "parity": "g",
            "v": 14
          }
        },
        "count": 1
      }
    ],
    "rhs": [
      { "state": { "particle": "e", "charge": -1 }, "count": 1 },
      {
        "state": {
          "particle": "H2",
          "charge": 0,
          "descriptor": {
            "type": 1,
            "accuracy": 2,
            "e": "Bp",
            "Lambda": 0,
            "S": 0,
            "parity": "u",
            "v": 1
          }
        },
        "count": 1
      }
    ],
    "type_tags": ["Electronic", "Vibrational"],
    "reversible": false
  },
  "threshold": 9.47016,
  "data": [
    [9.47016, 0],
    [10, 3.32572e-8],
    [11, 2.74853e-8],
    [12, 2.52293e-8],
    [13, 2.57915e-8],
    [14, 1.77905e-8],
    [15, 1.34743e-8],
    [16, 2.80781e-8],
    [17, 6.37663e-8],
    [18, 1.00224e-7],
    [19, 1.07606e-7],
    [20, 9.52981e-8],
    [22, 6.86286e-8],
    [25, 5.53521e-8],
    [30, 4.4274e-8],
    [40, 1.41952e-8],
    [50, 5.306e-9],
    [60, 3.49665e-9],
    [70, 1.07296e-9],
    [80, 4.78918e-10],
    [100, 8.07677e-12],
    [120, 8.07677e-12],
    [140, 8.07677e-12],
    [160, 8.07677e-12]
  ]
}