{
  "reaction": {
    "lhs": [
      { "state": { "particle": "e", "charge": -1 }, "count": 1 },
      {
        "state": {
          "particle": "H2",
          "charge": 0,
          "descriptor": {
            "type": 1,
            "accuracy": 2,
            "e": "X",
            "Lambda": 0,
            "S": 0,
            "parity": "g",
            "v": 14
          }
        },
        "count": 1
      }
    ],
    "rhs": [
      { "state": { "particle": "e", "charge": -1 }, "count": 1 },
      {
        "state": {
          "particle": "H2",
          "charge": 0,
          "descriptor": { "type": 1, "accuracy": 2, "e": "a", "Lambda": 0, "S": 1, "parity": "g", "v": 9 }
        },
        "count": 1
      }
    ],
    "type_tags": ["Electronic", "Vibrational"],
    "reversible": false
  },
  "threshold": 9.56692,
  "data": [
    [9.56692, 0],
    [10, 0.00547826],
    [11, 0.0149708],
    [12, 0.011803],
    [13, 0.00993579],
    [14, 0.00808896],
    [15, 0.00707502],
    [16, 0.0059311],
    [17, 0.00487538],
    [18, 0.00406222],
    [19, 0.00339528],
    [20, 0.00289197],
    [22, 0.00221563],
    [25, 0.00164929],
    [30, 0.00118928],
    [40, 0.000839332],
    [50, 0.000601485],
    [60, 0.000422805],
    [70, 0.000287733],
    [80, 0.000196252],
    [100, 0.0000941432],
    [120, 0.0000606459],
    [140, 0.0000518029],
    [160, 0.0000449966]
  ]
}