{
  "reaction": {
    "lhs": [
      { "state": { "particle": "e", "charge": -1 }, "count": 1 },
      {
        "state": {
          "particle": "H2",
          "charge": 0,
          "descriptor": {
            "type": 1,
            "accuracy": 2,
            "e": "X",
            "Lambda": 0,
            "S": 0,
            "parity": "g",
            "v": 14
          }
        },
        "count": 1
      }
    ],
    "rhs": [
      { "state": { "particle": "e", "charge": -1 }, "count": 1 },
      {
        "state": {
          "particle": "H2",
          "charge": 0,
          "descriptor": {
            "type": 1,
            "accuracy": 2,
            "e": "a",
            "Lambda": 0,
            "S": 1,
            "parity": "g",
            "v": 16
          }
        },
        "count": 1
      }
    ],
    "type_tags": ["Electronic", "Vibrational"],
    "reversible": false
  },
  "threshold": 10.2076,
  "data": [
    [10.2076, 0],
    [11, 0.0000095273],
    [12, 2.38417e-7],
    [13, 0.00000444331],
    [14, 2.48103e-7],
    [15, 1.12478e-7],
    [16, 0.00000170625],
    [17, 0.00000330002],
    [18, 0.00000244759],
    [19, 8.64494e-7],
    [20, 1.206e-8],
    [22, 6.52318e-8],
    [25, 2.67694e-7],
    [30, 5.23327e-7],
    [40, 2.07793e-8],
    [50, 1.27144e-8],
    [60, 1.15621e-8],
    [70, 1.60018e-8],
    [80, 2.04415e-8],
    [100, 1.08229e-8],
    [120, 1.20439e-9],
    [140, 7.10081e-8],
    [160, 2.63995e-7]
  ]
}