{
  "reaction": {
    "lhs": [
      { "state": { "particle": "e", "charge": -1 }, "count": 1 },
      {
        "state": {
          "particle": "H2",
          "charge": 0,
          "descriptor": {
            "type": 1,
            "accuracy": 2,
            "e": "X",
            "Lambda": 0,
            "S": 0,
            "parity": "g",
            "v": 14
          }
        },
        "count": 1
      }
    ],
    "rhs": [
      { "state": { "particle": "e", "charge": -1 }, "count": 1 },
      {
        "state": {
          "particle": "H2",
          "charge": 0,
          "descriptor": {
            "type": 1,
            "accuracy": 2,
            "e": "D",
            "Lambda": 1,
            "S": 0,
            "parity": "u",
            "v": 17
          }
        },
        "count": 1
      }
    ],
    "type_tags": ["Electronic", "Vibrational"],
    "reversible": false
  },
  "threshold": 12.1082,
  "data": [
    [12.1082, 0],
    [13, 0.0000151097],
    [14, 0.0000223462],
    [15, 0.0000253164],
    [16, 0.0000276176],
    [17, 0.000031124],
    [18, 0.0000359813],
    [19, 0.0000415135],
    [20, 0.0000466555],
    [22, 0.0000532835],
    [25, 0.0000597787],
    [30, 0.0000727993],
    [40, 0.0000897357],
    [50, 0.000102322],
    [60, 0.000111048],
    [70, 0.000113435],
    [80, 0.000111616],
    [100, 0.000106693],
    [120, 0.000100295],
    [140, 0.000094091],
    [160, 0.0000886028]
  ]
}