{
  "reaction": {
    "lhs": [
      { "state": { "particle": "e", "charge": -1 }, "count": 1 },
      {
        "state": {
          "particle": "H2",
          "charge": 0,
          "descriptor": {
            "type": 1,
            "accuracy": 2,
            "e": "X",
            "Lambda": 0,
            "S": 0,
            "parity": "g",
            "v": 14
          }
        },
        "count": 1
      }
    ],
    "rhs": [
      { "state": { "particle": "e", "charge": -1 }, "count": 1 },
      {
        "state": {
          "particle": "H2",
          "charge": 0,
          "descriptor": {
            "type": 1,
            "accuracy": 2,
            "e": "EF",
            "Lambda": 0,
            "S": 0,
            "parity": "g",
            "v": 13
          }
        },
        "count": 1
      }
    ],
    "type_tags": ["Electronic", "Vibrational"],
    "reversible": false
  },
  "threshold": 8.95177,
  "data": [
    [8.95177, 0],
    [10, 0.00000366066],
    [11, 0.0000425147],
    [12, 0.0000147264],
    [13, 0.00000132842],
    [14, 0.00000480782],
    [15, 0.00000257045],
    [16, 0.00000101003],
    [17, 0.0000026477],
    [18, 8.77617e-7],
    [19, 2.4702e-7],
    [20, 5.91699e-8],
    [22, 5.54185e-8],
    [25, 7.70025e-7],
    [30, 0.00000130161],
    [40, 0.0000190118],
    [50, 0.0000147693],
    [60, 0.00000777812],
    [70, 0.00000412852],
    [80, 0.00000250103],
    [100, 0.00000105379],
    [120, 4.24774e-7],
    [140, 3.0504e-7],
    [160, 2.12173e-7]
  ]
}