{
  "reaction": {
    "lhs": [
      { "state": { "particle": "e", "charge": -1 }, "count": 1 },
      {
        "state": {
          "particle": "H2",
          "charge": 0,
          "descriptor": {
            "type": 1,
            "accuracy": 2,
            "e": "X",
            "Lambda": 0,
            "S": 0,
            "parity": "g",
            "v": 14
          }
        },
        "count": 1
      }
    ],
    "rhs": [
      { "state": { "particle": "e", "charge": -1 }, "count": 1 },
      {
        "state": {
          "particle": "H2",
          "charge": 0,
          "descriptor": {
            "type": 1,
            "accuracy": 2,
            "e": "EF",
            "Lambda": 0,
            "S": 0,
            "parity": "g",
            "v": 25
          }
        },
        "count": 1
      }
    ],
    "type_tags": ["Electronic", "Vibrational"],
    "reversible": false
  },
  "threshold": 9.87896,
  "data": [
    [9.87896, 0],
    [10, 0.00029067],
    [11, 0.000683304],
    [12, 0.000708302],
    [13, 0.000932954],
    [14, 0.00101472],
    [15, 0.00112431],
    [16, 0.00115869],
    [17, 0.00115532],
    [18, 0.00115852],
    [19, 0.00127464],
    [20, 0.00124457],
    [22, 0.00113275],
    [25, 0.00104504],
    [30, 0.000945249],
    [40, 0.000796826],
    [50, 0.000751605],
    [60, 0.00073447],
    [70, 0.000672975],
    [80, 0.000618368],
    [100, 0.00051994],
    [120, 0.000437675],
    [140, 0.000387234],
    [160, 0.000345319]
  ]
}