{
  "reaction": {
    "lhs": [
      { "state": { "particle": "e", "charge": -1 }, "count": 1 },
      {
        "state": {
          "particle": "H2",
          "charge": 0,
          "descriptor": {
            "type": 1,
            "accuracy": 2,
            "e": "X",
            "Lambda": 0,
            "S": 0,
            "parity": "g",
            "v": 14
          }
        },
        "count": 1
      }
    ],
    "rhs": [
      { "state": { "particle": "e", "charge": -1 }, "count": 1 },
      {
        "state": {
          "particle": "H2",
          "charge": 0,
          "descriptor": { "type": 1, "accuracy": 2, "e": "D", "Lambda": 1, "S": 0, "parity": "u", "v": 9 }
        },
        "count": 1
      }
    ],
    "type_tags": ["Electronic", "Vibrational"],
    "reversible": false
  },
  "threshold": 11.4743,
  "data": [
    [11.4743, 0],
    [12, 0.000561605],
    [13, 0.00118274],
    [14, 0.0015394],
    [15, 0.00169038],
    [16, 0.0018298],
    [17, 0.00203206],
    [18, 0.00225786],
    [19, 0.0024741],
    [20, 0.00267485],
    [22, 0.00303419],
    [25, 0.00345795],
    [30, 0.00397331],
    [40, 0.00474266],
    [50, 0.0053757],
    [60, 0.00589113],
    [70, 0.00601738],
    [80, 0.00585385],
    [100, 0.0055542],
    [120, 0.00519311],
    [140, 0.00484178],
    [160, 0.004536]
  ]
}