{
  "reaction": {
    "lhs": [
      { "state": { "particle": "e", "charge": -1 }, "count": 1 },
      {
        "state": {
          "particle": "H2",
          "charge": 0,
          "descriptor": {
            "type": 1,
            "accuracy": 2,
            "e": "X",
            "Lambda": 0,
            "S": 0,
            "parity": "g",
            "v": 14
          }
        },
        "count": 1
      }
    ],
    "rhs": [
      { "state": { "particle": "e", "charge": -1 }, "count": 1 },
      {
        "state": {
          "particle": "H2",
          "charge": 0,
          "descriptor": {
            "type": 1,
            "accuracy": 2,
            "e": "H",
            "Lambda": 0,
            "S": 0,
            "parity": "g",
            "v": 15
          }
        },
        "count": 1
      }
    ],
    "type_tags": ["Electronic", "Vibrational"],
    "reversible": false
  },
  "threshold": 11.0682,
  "data": [
    [11.0682, 0],
    [12, 0.0000523979],
    [13, 0.0000832754],
    [14, 0.000105901],
    [15, 0.000127115],
    [16, 0.000148063],
    [17, 0.000166473],
    [18, 0.000179129],
    [19, 0.000183485],
    [20, 0.000182023],
    [22, 0.000175612],
    [25, 0.000170763],
    [30, 0.000173803],
    [40, 0.000186334],
    [50, 0.000191271],
    [60, 0.000188033],
    [70, 0.000179285],
    [80, 0.000168031],
    [100, 0.000148424],
    [120, 0.000130989],
    [140, 0.000115083],
    [160, 0.000100043]
  ]
}