{
  "reaction": {
    "lhs": [
      { "state": { "particle": "e", "charge": -1 }, "count": 1 },
      {
        "state": {
          "particle": "H2",
          "charge": 0,
          "descriptor": {
            "type": 1,
            "accuracy": 2,
            "e": "X",
            "Lambda": 0,
            "S": 0,
            "parity": "g",
            "v": 14
          }
        },
        "count": 1
      }
    ],
    "rhs": [
      { "state": { "particle": "e", "charge": -1 }, "count": 1 },
      {
        "state": {
          "particle": "H2",
          "charge": 0,
          "descriptor": { "type": 1, "accuracy": 2, "e": "C", "Lambda": 1, "S": 0, "parity": "u", "v": 3 }
        },
        "count": 1
      }
    ],
    "type_tags": ["Electronic", "Vibrational"],
    "reversible": false
  },
  "threshold": 8.64062,
  "data": [
    [8.64062, 0],
    [10, 5.22771e-9],
    [11, 9.05838e-9],
    [12, 1.28729e-8],
    [13, 1.66643e-8],
    [14, 2.04261e-8],
    [15, 2.41512e-8],
    [16, 2.78326e-8],
    [17, 3.14635e-8],
    [18, 3.50373e-8],
    [19, 3.8547e-8],
    [20, 4.19857e-8],
    [22, 4.8623e-8],
    [25, 5.7876e-8],
    [30, 7.09651e-8],
    [40, 8.74779e-8],
    [50, 9.54675e-8],
    [60, 1.01037e-7],
    [70, 1.09614e-7],
    [80, 1.20301e-7],
    [100, 1.14922e-7],
    [120, 9.74795e-8],
    [140, 8.35867e-8],
    [160, 7.42961e-8]
  ]
}