{
  "reaction": {
    "lhs": [
      { "state": { "particle": "e", "charge": -1 }, "count": 1 },
      {
        "state": {
          "particle": "H2",
          "charge": 0,
          "descriptor": {
            "type": 1,
            "accuracy": 2,
            "e": "X",
            "Lambda": 0,
            "S": 0,
            "parity": "g",
            "v": 14
          }
        },
        "count": 1
      }
    ],
    "rhs": [
      { "state": { "particle": "e", "charge": -1 }, "count": 1 },
      {
        "state": {
          "particle": "H2",
          "charge": 0,
          "descriptor": {
            "type": 1,
            "accuracy": 2,
            "e": "B",
            "Lambda": 0,
            "S": 0,
            "parity": "u",
            "v": 19
          }
        },
        "count": 1
      }
    ],
    "type_tags": ["Electronic", "Vibrational"],
    "reversible": false
  },
  "threshold": 9.15339,
  "data": [
    [9.15339, 0],
    [10, 0.000141663],
    [11, 0.000258468],
    [12, 0.000381889],
    [13, 0.000506243],
    [14, 0.000626361],
    [15, 0.000741026],
    [16, 0.000849531],
    [17, 0.000951139],
    [18, 0.00104515],
    [19, 0.00113084],
    [20, 0.0012075],
    [22, 0.00133086],
    [25, 0.00143033],
    [30, 0.00139006],
    [40, 0.00122169],
    [50, 0.00106072],
    [60, 0.000936045],
    [70, 0.000866631],
    [80, 0.000820294],
    [100, 0.000727486],
    [120, 0.000636109],
    [140, 0.000557844],
    [160, 0.000493674]
  ]
}