{
  "reaction": {
    "lhs": [
      { "state": { "particle": "e", "charge": -1 }, "count": 1 },
      {
        "state": {
          "particle": "H2",
          "charge": 0,
          "descriptor": {
            "type": 1,
            "accuracy": 2,
            "e": "X",
            "Lambda": 0,
            "S": 0,
            "parity": "g",
            "v": 14
          }
        },
        "count": 1
      }
    ],
    "rhs": [
      { "state": { "particle": "e", "charge": -1 }, "count": 1 },
      {
        "state": {
          "particle": "H2",
          "charge": 0,
          "descriptor": { "type": 1, "accuracy": 2, "e": "c", "Lambda": 1, "S": 1, "parity": "u", "v": 6 }
        },
        "count": 1
      }
    ],
    "type_tags": ["Electronic", "Vibrational"],
    "reversible": false
  },
  "threshold": 8.83316,
  "data": [
    [8.83316, 0],
    [10, 0.0000695753],
    [11, 0.000111872],
    [12, 0.0000251134],
    [13, 5.00485e-7],
    [14, 0.000010026],
    [15, 0.0000205622],
    [16, 0.0000308899],
    [17, 0.0000365812],
    [18, 0.0000332258],
    [19, 0.0000263411],
    [20, 0.0000206995],
    [22, 0.0000148152],
    [25, 0.00000910692],
    [30, 0.00000505259],
    [40, 0.0000036672],
    [50, 0.00000247121],
    [60, 0.00000103621],
    [70, 4.91366e-7],
    [80, 2.88881e-7],
    [100, 1.07334e-7],
    [120, 7.35284e-8],
    [140, 5.20519e-8],
    [160, 3.56228e-8]
  ]
}