{
  "reaction": {
    "lhs": [
      { "state": { "particle": "e", "charge": -1 }, "count": 1 },
      {
        "state": {
          "particle": "H2",
          "charge": 0,
          "descriptor": {
            "type": 1,
            "accuracy": 2,
            "e": "X",
            "Lambda": 0,
            "S": 0,
            "parity": "g",
            "v": 14
          }
        },
        "count": 1
      }
    ],
    "rhs": [
      { "state": { "particle": "e", "charge": -1 }, "count": 1 },
      {
        "state": {
          "particle": "H2",
          "charge": 0,
          "descriptor": { "type": 1, "accuracy": 2, "e": "e", "Lambda": 0, "S": 1, "parity": "u", "v": 0 }
        },
        "count": 1
      }
    ],
    "type_tags": ["Electronic", "Vibrational"],
    "reversible": false
  },
  "threshold": 8.76618,
  "data": [
    [8.76618, 0],
    [10, 0.00000868346],
    [11, 1.33603e-11],
    [12, 1.40774e-8],
    [13, 5.00798e-8],
    [14, 7.65306e-8],
    [15, 4.09952e-8],
    [16, 1.5631e-8],
    [17, 2.73655e-9],
    [18, 1.05227e-9],
    [19, 4.30947e-10],
    [20, 3.41789e-10],
    [22, 3.51015e-10],
    [25, 4.84744e-10],
    [30, 1.48223e-9],
    [40, 2.7852e-8],
    [50, 2.32543e-8],
    [60, 9.98018e-12],
    [70, 4.00401e-11],
    [80, 2.50433e-10],
    [100, 1.26027e-10],
    [120, 1.43848e-12],
    [140, 1.11118e-12],
    [160, 8.5634e-13]
  ]
}