{
  "reaction": {
    "lhs": [
      { "state": { "particle": "e", "charge": -1 }, "count": 1 },
      {
        "state": {
          "particle": "H2",
          "charge": 0,
          "descriptor": {
            "type": 1,
            "accuracy": 2,
            "e": "X",
            "Lambda": 0,
            "S": 0,
            "parity": "g",
            "v": 14
          }
        },
        "count": 1
      }
    ],
    "rhs": [
      { "state": { "particle": "e", "charge": -1 }, "count": 1 },
      {
        "state": {
          "particle": "H2",
          "charge": 0,
          "descriptor": { "type": 1, "accuracy": 2, "e": "C", "Lambda": 1, "S": 0, "parity": "u", "v": 8 }
        },
        "count": 1
      }
    ],
    "type_tags": ["Electronic", "Vibrational"],
    "reversible": false
  },
  "threshold": 9.66481,
  "data": [
    [9.66481, 0],
    [10, 0.00531407],
    [11, 0.0113266],
    [12, 0.0158124],
    [13, 0.0192922],
    [14, 0.0222581],
    [15, 0.0250672],
    [16, 0.0279501],
    [17, 0.0309802],
    [18, 0.0341439],
    [19, 0.0372117],
    [20, 0.0398744],
    [22, 0.0438574],
    [25, 0.0483993],
    [30, 0.0546191],
    [40, 0.0636097],
    [50, 0.0680153],
    [60, 0.0689201],
    [70, 0.0682159],
    [80, 0.0664908],
    [100, 0.0621173],
    [120, 0.057474],
    [140, 0.0532862],
    [160, 0.0496679]
  ]
}