{
  "reaction": {
    "lhs": [
      { "state": { "particle": "e", "charge": -1 }, "count": 1 },
      {
        "state": {
          "particle": "H2",
          "charge": 0,
          "descriptor": {
            "type": 1,
            "accuracy": 2,
            "e": "X",
            "Lambda": 0,
            "S": 0,
            "parity": "g",
            "v": 14
          }
        },
        "count": 1
      }
    ],
    "rhs": [
      { "state": { "particle": "e", "charge": -1 }, "count": 1 },
      {
        "state": {
          "particle": "H2",
          "charge": 0,
          "descriptor": {
            "type": 1,
            "accuracy": 2,
            "e": "GK",
            "Lambda": 0,
            "S": 0,
            "parity": "g",
            "v": 3
          }
        },
        "count": 1
      }
    ],
    "type_tags": ["Electronic", "Vibrational"],
    "reversible": false
  },
  "threshold": 9.66176,
  "data": [
    [9.66176, 0],
    [10, 0.000135898],
    [11, 0.000452262],
    [12, 0.000202528],
    [13, 0.000276441],
    [14, 0.000475051],
    [15, 0.000493856],
    [16, 0.000635191],
    [17, 0.000604163],
    [18, 0.000577612],
    [19, 0.000537885],
    [20, 0.000552206],
    [22, 0.000448412],
    [25, 0.000443608],
    [30, 0.000372468],
    [40, 0.000215686],
    [50, 0.000179636],
    [60, 0.000162843],
    [70, 0.00014801],
    [80, 0.000119799],
    [100, 0.000100709],
    [120, 0.0000892419],
    [140, 0.0000802984],
    [160, 0.00008719]
  ]
}