{
  "reaction": {
    "lhs": [
      { "state": { "particle": "e", "charge": -1 }, "count": 1 },
      {
        "state": {
          "particle": "H2",
          "charge": 0,
          "descriptor": {
            "type": 1,
            "accuracy": 2,
            "e": "X",
            "Lambda": 0,
            "S": 0,
            "parity": "g",
            "v": 14
          }
        },
        "count": 1
      }
    ],
    "rhs": [
      { "state": { "particle": "e", "charge": -1 }, "count": 1 },
      {
        "state": {
          "particle": "H2",
          "charge": 0,
          "descriptor": {
            "type": 1,
            "accuracy": 2,
            "e": "d",
            "Lambda": 1,
            "S": 1,
            "parity": "u",
            "v": 14
          }
        },
        "count": 1
      }
    ],
    "type_tags": ["Electronic", "Vibrational"],
    "reversible": false
  },
  "threshold": 11.9579,
  "data": [
    [11.9579, 0],
    [12, 0.00459894],
    [13, 0.00449372],
    [14, 0.00422248],
    [15, 0.00385184],
    [16, 0.00344842],
    [17, 0.00307884],
    [18, 0.00268007],
    [19, 0.00226368],
    [20, 0.00200822],
    [22, 0.00182414],
    [25, 0.00168593],
    [30, 0.00162102],
    [40, 0.00087676],
    [50, 0.000464926],
    [60, 0.000219174],
    [70, 0.0000969627],
    [80, 0.0000593042],
    [100, 0.0000187613],
    [120, 0.0000117766],
    [140, 0.00000875599],
    [160, 0.00000643036]
  ]
}