{
  "reaction": {
    "lhs": [
      { "state": { "particle": "e", "charge": -1 }, "count": 1 },
      {
        "state": {
          "particle": "H2",
          "charge": 0,
          "descriptor": {
            "type": 1,
            "accuracy": 2,
            "e": "X",
            "Lambda": 0,
            "S": 0,
            "parity": "g",
            "v": 14
          }
        },
        "count": 1
      }
    ],
    "rhs": [
      { "state": { "particle": "e", "charge": -1 }, "count": 1 },
      {
        "state": {
          "particle": "H2",
          "charge": 0,
          "descriptor": {
            "type": 1,
            "accuracy": 2,
            "e": "H",
            "Lambda": 0,
            "S": 0,
            "parity": "g",
            "v": 24
          }
        },
        "count": 1
      }
    ],
    "type_tags": ["Electronic", "Vibrational"],
    "reversible": false
  },
  "threshold": 11.3152,
  "data": [
    [11.3152, 0],
    [12, 0.00315024],
    [13, 0.00477002],
    [14, 0.00558893],
    [15, 0.0061176],
    [16, 0.00660284],
    [17, 0.00707572],
    [18, 0.00755597],
    [19, 0.00810618],
    [20, 0.00871225],
    [22, 0.00991585],
    [25, 0.0107431],
    [30, 0.010484],
    [40, 0.010366],
    [50, 0.00994163],
    [60, 0.00899583],
    [70, 0.00804237],
    [80, 0.00741342],
    [100, 0.00626736],
    [120, 0.00542595],
    [140, 0.00477912],
    [160, 0.00423125]
  ]
}