{
  "reaction": {
    "lhs": [
      { "state": { "particle": "e", "charge": -1 }, "count": 1 },
      {
        "state": {
          "particle": "H2",
          "charge": 0,
          "descriptor": {
            "type": 1,
            "accuracy": 2,
            "e": "X",
            "Lambda": 0,
            "S": 0,
            "parity": "g",
            "v": 14
          }
        },
        "count": 1
      }
    ],
    "rhs": [
      { "state": { "particle": "e", "charge": -1 }, "count": 1 },
      {
        "state": {
          "particle": "H2",
          "charge": 0,
          "descriptor": {
            "type": 1,
            "accuracy": 2,
            "e": "J",
            "Lambda": 2,
            "S": 0,
            "parity": "g",
            "v": 17
          }
        },
        "count": 1
      }
    ],
    "type_tags": ["Electronic", "Vibrational"],
    "reversible": false
  },
  "threshold": 12.0885,
  "data": [
    [12.0885, 0],
    [13, 8.00086e-7],
    [14, 7.43386e-7],
    [15, 9.50643e-7],
    [16, 0.00000136294],
    [17, 0.00000140093],
    [18, 8.30283e-7],
    [19, 0.00000151108],
    [20, 0.00000148112],
    [22, 0.00000278232],
    [25, 0.00000220135],
    [30, 0.00000340957],
    [40, 0.00000381942],
    [50, 0.00000294107],
    [60, 0.00000260389],
    [70, 0.00000244264],
    [80, 0.00000226804],
    [100, 0.00000184198],
    [120, 0.00000160344],
    [140, 0.00000147835],
    [160, 0.00000142648]
  ]
}