{
  "reaction": {
    "lhs": [
      { "state": { "particle": "e", "charge": -1 }, "count": 1 },
      {
        "state": {
          "particle": "H2",
          "charge": 0,
          "descriptor": {
            "type": 1,
            "accuracy": 2,
            "e": "X",
            "Lambda": 0,
            "S": 0,
            "parity": "g",
            "v": 14
          }
        },
        "count": 1
      }
    ],
    "rhs": [
      { "state": { "particle": "e", "charge": -1 }, "count": 1 },
      {
        "state": {
          "particle": "H2",
          "charge": 0,
          "descriptor": {
            "type": 1,
            "accuracy": 2,
            "e": "H",
            "Lambda": 0,
            "S": 0,
            "parity": "g",
            "v": 42
          }
        },
        "count": 1
      }
    ],
    "type_tags": ["Electronic", "Vibrational"],
    "reversible": false
  },
  "threshold": 11.7681,
  "data": [
    [11.7681, 0],
    [12, 0.00000170412],
    [13, 0.0000033462],
    [14, 0.00000291806],
    [15, 0.0000015718],
    [16, 5.26708e-7],
    [17, 9.6725e-8],
    [18, 2.03002e-7],
    [19, 6.90914e-7],
    [20, 0.00000132547],
    [22, 0.00000174358],
    [25, 0.00000151109],
    [30, 6.34517e-7],
    [40, 2.33401e-7],
    [50, 1.73102e-7],
    [60, 2.5609e-8],
    [70, 1.17053e-8],
    [80, 2.2329e-7],
    [100, 4.0077e-7],
    [120, 5.0853e-7],
    [140, 5.78956e-7],
    [160, 7.06908e-7]
  ]
}