{
  "reaction": {
    "lhs": [
      { "state": { "particle": "e", "charge": -1 }, "count": 1 },
      {
        "state": {
          "particle": "H2",
          "charge": 0,
          "descriptor": {
            "type": 1,
            "accuracy": 2,
            "e": "X",
            "Lambda": 0,
            "S": 0,
            "parity": "g",
            "v": 14
          }
        },
        "count": 1
      }
    ],
    "rhs": [
      { "state": { "particle": "e", "charge": -1 }, "count": 1 },
      {
        "state": {
          "particle": "H2",
          "charge": 0,
          "descriptor": {
            "type": 1,
            "accuracy": 2,
            "e": "B",
            "Lambda": 0,
            "S": 0,
            "parity": "u",
            "v": 32
          }
        },
        "count": 1
      }
    ],
    "type_tags": ["Electronic", "Vibrational"],
    "reversible": false
  },
  "threshold": 10.1033,
  "data": [
    [10.1033, 0],
    [11, 2.4159e-7],
    [12, 7.44982e-7],
    [13, 0.0000013394],
    [14, 0.00000210125],
    [15, 0.00000302939],
    [16, 0.00000409232],
    [17, 0.00000525757],
    [18, 0.00000649299],
    [19, 0.00000776646],
    [20, 0.00000904547],
    [22, 0.0000114915],
    [25, 0.0000143966],
    [30, 0.000016487],
    [40, 0.0000181139],
    [50, 0.0000170802],
    [60, 0.000016824],
    [70, 0.000016875],
    [80, 0.0000170835],
    [100, 0.0000164113],
    [120, 0.0000148062],
    [140, 0.0000132809],
    [160, 0.0000120138]
  ]
}