{
  "reaction": {
    "lhs": [
      { "state": { "particle": "e", "charge": -1 }, "count": 1 },
      {
        "state": {
          "particle": "H2",
          "charge": 0,
          "descriptor": {
            "type": 1,
            "accuracy": 2,
            "e": "X",
            "Lambda": 0,
            "S": 0,
            "parity": "g",
            "v": 14
          }
        },
        "count": 1
      }
    ],
    "rhs": [
      { "state": { "particle": "e", "charge": -1 }, "count": 1 },
      {
        "state": {
          "particle": "H2",
          "charge": 0,
          "descriptor": { "type": 1, "accuracy": 2, "e": "B", "Lambda": 0, "S": 0, "parity": "u", "v": 9 }
        },
        "count": 1
      }
    ],
    "type_tags": ["Electronic", "Vibrational"],
    "reversible": false
  },
  "threshold": 8.04481,
  "data": [
    [8.04481, 0],
    [10, 0.00909512],
    [11, 0.0136898],
    [12, 0.0182275],
    [13, 0.0226878],
    [14, 0.0270517],
    [15, 0.0312998],
    [16, 0.0354126],
    [17, 0.0393711],
    [18, 0.0431549],
    [19, 0.0467452],
    [20, 0.0501224],
    [22, 0.0561597],
    [25, 0.0631313],
    [30, 0.0699255],
    [40, 0.082246],
    [50, 0.0890305],
    [60, 0.0915193],
    [70, 0.0907037],
    [80, 0.0881193],
    [100, 0.0819704],
    [120, 0.0757293],
    [140, 0.0699916],
    [160, 0.0648418]
  ]
}