{
  "reaction": {
    "lhs": [
      { "state": { "particle": "e", "charge": -1 }, "count": 1 },
      {
        "state": {
          "particle": "H2",
          "charge": 0,
          "descriptor": {
            "type": 1,
            "accuracy": 2,
            "e": "X",
            "Lambda": 0,
            "S": 0,
            "parity": "g",
            "v": 14
          }
        },
        "count": 1
      }
    ],
    "rhs": [
      { "state": { "particle": "e", "charge": -1 }, "count": 1 },
      {
        "state": {
          "particle": "H2",
          "charge": 0,
          "descriptor": {
            "type": 1,
            "accuracy": 2,
            "e": "EF",
            "Lambda": 0,
            "S": 0,
            "parity": "g",
            "v": 26
          }
        },
        "count": 1
      }
    ],
    "type_tags": ["Electronic", "Vibrational"],
    "reversible": false
  },
  "threshold": 9.94077,
  "data": [
    [9.94077, 0],
    [10, 0.0000718525],
    [11, 0.000345848],
    [12, 0.000337978],
    [13, 0.000429635],
    [14, 0.00042664],
    [15, 0.000489695],
    [16, 0.000517222],
    [17, 0.000522901],
    [18, 0.000524219],
    [19, 0.000515924],
    [20, 0.000551785],
    [22, 0.000522059],
    [25, 0.000481835],
    [30, 0.000430259],
    [40, 0.000376683],
    [50, 0.000364952],
    [60, 0.000356945],
    [70, 0.000329061],
    [80, 0.00030378],
    [100, 0.000257518],
    [120, 0.000218335],
    [140, 0.000194374],
    [160, 0.000174521]
  ]
}