{
  "reaction": {
    "lhs": [
      { "state": { "particle": "e", "charge": -1 }, "count": 1 },
      {
        "state": {
          "particle": "H2",
          "charge": 0,
          "descriptor": {
            "type": 1,
            "accuracy": 2,
            "e": "X",
            "Lambda": 0,
            "S": 0,
            "parity": "g",
            "v": 14
          }
        },
        "count": 1
      }
    ],
    "rhs": [
      { "state": { "particle": "e", "charge": -1 }, "count": 1 },
      {
        "state": {
          "particle": "H2",
          "charge": 0,
          "descriptor": {
            "type": 1,
            "accuracy": 2,
            "e": "c",
            "Lambda": 1,
            "S": 1,
            "parity": "u",
            "v": 12
          }
        },
        "count": 1
      }
    ],
    "type_tags": ["Electronic", "Vibrational"],
    "reversible": false
  },
  "threshold": 9.83816,
  "data": [
    [9.83816, 0],
    [10, 0.0117133],
    [11, 0.075087],
    [12, 0.0591198],
    [13, 0.0594988],
    [14, 0.0520238],
    [15, 0.042783],
    [16, 0.0373461],
    [17, 0.0338026],
    [18, 0.0308862],
    [19, 0.0282769],
    [20, 0.0259476],
    [22, 0.0220214],
    [25, 0.0175582],
    [30, 0.012125],
    [40, 0.00848504],
    [50, 0.0052853],
    [60, 0.0027652],
    [70, 0.00150396],
    [80, 0.000922396],
    [100, 0.000312178],
    [120, 0.000200516],
    [140, 0.000142389],
    [160, 0.0000977716]
  ]
}