{
  "reaction": {
    "lhs": [
      { "state": { "particle": "e", "charge": -1 }, "count": 1 },
      {
        "state": {
          "particle": "H2",
          "charge": 0,
          "descriptor": {
            "type": 1,
            "accuracy": 2,
            "e": "X",
            "Lambda": 0,
            "S": 0,
            "parity": "g",
            "v": 14
          }
        },
        "count": 1
      }
    ],
    "rhs": [
      { "state": { "particle": "e", "charge": -1 }, "count": 1 },
      {
        "state": {
          "particle": "H2",
          "charge": 0,
          "descriptor": {
            "type": 1,
            "accuracy": 2,
            "e": "C",
            "Lambda": 1,
            "S": 0,
            "parity": "u",
            "v": 12
          }
        },
        "count": 1
      }
    ],
    "type_tags": ["Electronic", "Vibrational"],
    "reversible": false
  },
  "threshold": 10.1568,
  "data": [
    [10.1568, 0],
    [11, 0.0467795],
    [12, 0.0742622],
    [13, 0.0937721],
    [14, 0.111896],
    [15, 0.1327],
    [16, 0.156278],
    [17, 0.181984],
    [18, 0.209088],
    [19, 0.235627],
    [20, 0.259026],
    [22, 0.29445],
    [25, 0.332402],
    [30, 0.379923],
    [40, 0.447416],
    [50, 0.470877],
    [60, 0.470144],
    [70, 0.461791],
    [80, 0.449212],
    [100, 0.418893],
    [120, 0.388089],
    [140, 0.360521],
    [160, 0.336512]
  ]
}