{
  "reaction": {
    "lhs": [
      { "state": { "particle": "e", "charge": -1 }, "count": 1 },
      {
        "state": {
          "particle": "H2",
          "charge": 0,
          "descriptor": {
            "type": 1,
            "accuracy": 2,
            "e": "X",
            "Lambda": 0,
            "S": 0,
            "parity": "g",
            "v": 14
          }
        },
        "count": 1
      }
    ],
    "rhs": [
      { "state": { "particle": "e", "charge": -1 }, "count": 1 },
      {
        "state": {
          "particle": "H2",
          "charge": 0,
          "descriptor": { "type": 1, "accuracy": 2, "e": "H", "Lambda": 0, "S": 0, "parity": "g", "v": 0 }
        },
        "count": 1
      }
    ],
    "type_tags": ["Electronic", "Vibrational"],
    "reversible": false
  },
  "threshold": 9.55167,
  "data": [
    [9.55167, 0],
    [10, 2.81559e-8],
    [11, 1.67834e-7],
    [12, 3.44282e-7],
    [13, 5.32576e-7],
    [14, 5.58777e-7],
    [15, 4.21892e-7],
    [16, 2.23349e-7],
    [17, 7.70624e-8],
    [18, 1.58925e-9],
    [19, 3.28105e-9],
    [20, 2.85602e-8],
    [22, 1.69423e-7],
    [25, 2.22334e-7],
    [30, 4.30097e-8],
    [40, 4.29438e-8],
    [50, 9.22372e-8],
    [60, 5.15039e-8],
    [70, 2.72261e-9],
    [80, 1.79048e-10],
    [100, 1.53011e-10],
    [120, 4.46665e-11],
    [140, 2.60395e-11],
    [160, 3.09351e-12]
  ]
}