{
  "reaction": {
    "lhs": [
      { "state": { "particle": "e", "charge": -1 }, "count": 1 },
      {
        "state": {
          "particle": "H2",
          "charge": 0,
          "descriptor": {
            "type": 1,
            "accuracy": 2,
            "e": "X",
            "Lambda": 0,
            "S": 0,
            "parity": "g",
            "v": 14
          }
        },
        "count": 1
      }
    ],
    "rhs": [
      { "state": { "particle": "e", "charge": -1 }, "count": 1 },
      {
        "state": {
          "particle": "H2",
          "charge": 0,
          "descriptor": {
            "type": 1,
            "accuracy": 2,
            "e": "B",
            "Lambda": 0,
            "S": 0,
            "parity": "u",
            "v": 17
          }
        },
        "count": 1
      }
    ],
    "type_tags": ["Electronic", "Vibrational"],
    "reversible": false
  },
  "threshold": 8.95906,
  "data": [
    [8.95906, 0],
    [10, 0.00153353],
    [11, 0.0023766],
    [12, 0.00321571],
    [13, 0.00402215],
    [14, 0.00473678],
    [15, 0.00535245],
    [16, 0.0058766],
    [17, 0.00631582],
    [18, 0.00667681],
    [19, 0.00696619],
    [20, 0.00719068],
    [22, 0.00747148],
    [25, 0.00757299],
    [30, 0.00729277],
    [40, 0.00651994],
    [50, 0.00583981],
    [60, 0.0052997],
    [70, 0.00494116],
    [80, 0.00465892],
    [100, 0.00414083],
    [120, 0.00367661],
    [140, 0.00327831],
    [160, 0.00294281]
  ]
}