{
  "reaction": {
    "lhs": [
      { "state": { "particle": "e", "charge": -1 }, "count": 1 },
      {
        "state": {
          "particle": "H2",
          "charge": 0,
          "descriptor": {
            "type": 1,
            "accuracy": 2,
            "e": "X",
            "Lambda": 0,
            "S": 0,
            "parity": "g",
            "v": 14
          }
        },
        "count": 1
      }
    ],
    "rhs": [
      { "state": { "particle": "e", "charge": -1 }, "count": 1 },
      {
        "state": {
          "particle": "H2",
          "charge": 0,
          "descriptor": {
            "type": 1,
            "accuracy": 2,
            "e": "g",
            "Lambda": 0,
            "S": 1,
            "parity": "g",
            "v": 12
          }
        },
        "count": 1
      }
    ],
    "type_tags": ["Electronic", "Vibrational"],
    "reversible": false
  },
  "threshold": 11.8271,
  "data": [
    [11.8271, 0],
    [12, 0.00435909],
    [13, 0.0122052],
    [14, 0.0101269],
    [15, 0.0103648],
    [16, 0.00930471],
    [17, 0.00759254],
    [18, 0.00616909],
    [19, 0.00480028],
    [20, 0.003926],
    [22, 0.00314332],
    [25, 0.00251872],
    [30, 0.00231075],
    [40, 0.002313],
    [50, 0.00162263],
    [60, 0.000681859],
    [70, 0.00040024],
    [80, 0.000309808],
    [100, 0.000157372],
    [120, 0.000106521],
    [140, 0.0000767939],
    [160, 0.000054238]
  ]
}