{
  "reaction": {
    "lhs": [
      { "state": { "particle": "e", "charge": -1 }, "count": 1 },
      {
        "state": {
          "particle": "H2",
          "charge": 0,
          "descriptor": {
            "type": 1,
            "accuracy": 2,
            "e": "X",
            "Lambda": 0,
            "S": 0,
            "parity": "g",
            "v": 14
          }
        },
        "count": 1
      }
    ],
    "rhs": [
      { "state": { "particle": "e", "charge": -1 }, "count": 1 },
      {
        "state": {
          "particle": "H2",
          "charge": 0,
          "descriptor": {
            "type": 1,
            "accuracy": 2,
            "e": "g",
            "Lambda": 0,
            "S": 1,
            "parity": "g",
            "v": 11
          }
        },
        "count": 1
      }
    ],
    "type_tags": ["Electronic", "Vibrational"],
    "reversible": false
  },
  "threshold": 11.7182,
  "data": [
    [11.7182, 0],
    [12, 0.0125865],
    [13, 0.0187566],
    [14, 0.0159699],
    [15, 0.013546],
    [16, 0.0120521],
    [17, 0.0107352],
    [18, 0.00888689],
    [19, 0.00693505],
    [20, 0.00558711],
    [22, 0.00428379],
    [25, 0.00327775],
    [30, 0.0028525],
    [40, 0.00266365],
    [50, 0.00189584],
    [60, 0.000859858],
    [70, 0.000505279],
    [80, 0.000362172],
    [100, 0.00018486],
    [120, 0.000138153],
    [140, 0.0000997117],
    [160, 0.0000706721]
  ]
}