{
  "reaction": {
    "lhs": [
      { "state": { "particle": "e", "charge": -1 }, "count": 1 },
      {
        "state": {
          "particle": "H2",
          "charge": 0,
          "descriptor": {
            "type": 1,
            "accuracy": 2,
            "e": "X",
            "Lambda": 0,
            "S": 0,
            "parity": "g",
            "v": 14
          }
        },
        "count": 1
      }
    ],
    "rhs": [
      { "state": { "particle": "e", "charge": -1 }, "count": 1 },
      {
        "state": {
          "particle": "H2",
          "charge": 0,
          "descriptor": {
            "type": 1,
            "accuracy": 2,
            "e": "H",
            "Lambda": 0,
            "S": 0,
            "parity": "g",
            "v": 37
          }
        },
        "count": 1
      }
    ],
    "type_tags": ["Electronic", "Vibrational"],
    "reversible": false
  },
  "threshold": 11.6323,
  "data": [
    [11.6323, 0],
    [12, 0.0000505801],
    [13, 0.000124149],
    [14, 0.000171001],
    [15, 0.000197928],
    [16, 0.000223797],
    [17, 0.000246789],
    [18, 0.000264073],
    [19, 0.000272815],
    [20, 0.000274455],
    [22, 0.000279988],
    [25, 0.000287835],
    [30, 0.00028881],
    [40, 0.000253303],
    [50, 0.000228235],
    [60, 0.000218418],
    [70, 0.000208392],
    [80, 0.000188616],
    [100, 0.000155041],
    [120, 0.000134448],
    [140, 0.000120293],
    [160, 0.000115627]
  ]
}