{
  "reaction": {
    "lhs": [
      { "state": { "particle": "e", "charge": -1 }, "count": 1 },
      {
        "state": {
          "particle": "H2",
          "charge": 0,
          "descriptor": {
            "type": 1,
            "accuracy": 2,
            "e": "X",
            "Lambda": 0,
            "S": 0,
            "parity": "g",
            "v": 14
          }
        },
        "count": 1
      }
    ],
    "rhs": [
      { "state": { "particle": "e", "charge": -1 }, "count": 1 },
      {
        "state": {
          "particle": "H2",
          "charge": 0,
          "descriptor": {
            "type": 1,
            "accuracy": 2,
            "e": "H",
            "Lambda": 0,
            "S": 0,
            "parity": "g",
            "v": 64
          }
        },
        "count": 1
      }
    ],
    "type_tags": ["Electronic", "Vibrational"],
    "reversible": false
  },
  "threshold": 12.111,
  "data": [
    [12.111, 0],
    [13, 0.0000262283],
    [14, 0.000040124],
    [15, 0.0000477629],
    [16, 0.0000512587],
    [17, 0.0000545333],
    [18, 0.0000579728],
    [19, 0.0000610459],
    [20, 0.0000641125],
    [22, 0.0000694552],
    [25, 0.000069618],
    [30, 0.0000590523],
    [40, 0.00005349],
    [50, 0.0000528057],
    [60, 0.0000499378],
    [70, 0.0000457653],
    [80, 0.0000412684],
    [100, 0.0000344602],
    [120, 0.0000293765],
    [140, 0.0000255942],
    [160, 0.0000232868]
  ]
}