{
  "reaction": {
    "lhs": [
      { "state": { "particle": "e", "charge": -1 }, "count": 1 },
      {
        "state": {
          "particle": "H2",
          "charge": 0,
          "descriptor": {
            "type": 1,
            "accuracy": 2,
            "e": "X",
            "Lambda": 0,
            "S": 0,
            "parity": "g",
            "v": 14
          }
        },
        "count": 1
      }
    ],
    "rhs": [
      { "state": { "particle": "e", "charge": -1 }, "count": 1 },
      {
        "state": {
          "particle": "H2",
          "charge": 0,
          "descriptor": {
            "type": 1,
            "accuracy": 2,
            "e": "c",
            "Lambda": 1,
            "S": 1,
            "parity": "u",
            "v": 13
          }
        },
        "count": 1
      }
    ],
    "type_tags": ["Electronic", "Vibrational"],
    "reversible": false
  },
  "threshold": 9.95046,
  "data": [
    [9.95046, 0],
    [10, 0.00754605],
    [11, 0.152988],
    [12, 0.138169],
    [13, 0.136959],
    [14, 0.111062],
    [15, 0.0952102],
    [16, 0.0841328],
    [17, 0.0760712],
    [18, 0.0697231],
    [19, 0.0640005],
    [20, 0.0588493],
    [22, 0.0500438],
    [25, 0.0397635],
    [30, 0.0268196],
    [40, 0.0161675],
    [50, 0.00983682],
    [60, 0.00571522],
    [70, 0.00329526],
    [80, 0.00208372],
    [100, 0.000788319],
    [120, 0.000514018],
    [140, 0.000366918],
    [160, 0.000254269]
  ]
}