{
  "reaction": {
    "lhs": [
      { "state": { "particle": "e", "charge": -1 }, "count": 1 },
      {
        "state": {
          "particle": "H2",
          "charge": 0,
          "descriptor": {
            "type": 1,
            "accuracy": 2,
            "e": "X",
            "Lambda": 0,
            "S": 0,
            "parity": "g",
            "v": 14
          }
        },
        "count": 1
      }
    ],
    "rhs": [
      { "state": { "particle": "e", "charge": -1 }, "count": 1 },
      {
        "state": {
          "particle": "H2",
          "charge": 0,
          "descriptor": {
            "type": 1,
            "accuracy": 2,
            "e": "EF",
            "Lambda": 0,
            "S": 0,
            "parity": "g",
            "v": 29
          }
        },
        "count": 1
      }
    ],
    "type_tags": ["Electronic", "Vibrational"],
    "reversible": false
  },
  "threshold": 10.105,
  "data": [
    [10.105, 0],
    [11, 0.000106574],
    [12, 0.000156242],
    [13, 0.00018356],
    [14, 0.000232465],
    [15, 0.000230439],
    [16, 0.000232751],
    [17, 0.000235046],
    [18, 0.000222879],
    [19, 0.000205029],
    [20, 0.000206015],
    [22, 0.000220282],
    [25, 0.000202419],
    [30, 0.000187771],
    [40, 0.000153655],
    [50, 0.000130927],
    [60, 0.000121223],
    [70, 0.000108046],
    [80, 0.0000974348],
    [100, 0.0000789952],
    [120, 0.0000638958],
    [140, 0.0000548577],
    [160, 0.0000474147]
  ]
}