{
  "reaction": {
    "lhs": [
      { "state": { "particle": "e", "charge": -1 }, "count": 1 },
      {
        "state": {
          "particle": "H2",
          "charge": 0,
          "descriptor": {
            "type": 1,
            "accuracy": 2,
            "e": "X",
            "Lambda": 0,
            "S": 0,
            "parity": "g",
            "v": 14
          }
        },
        "count": 1
      }
    ],
    "rhs": [
      { "state": { "particle": "e", "charge": -1 }, "count": 1 },
      {
        "state": {
          "particle": "H2",
          "charge": 0,
          "descriptor": {
            "type": 1,
            "accuracy": 2,
            "e": "Bp",
            "Lambda": 0,
            "S": 0,
            "parity": "u",
            "v": 2
          }
        },
        "count": 1
      }
    ],
    "type_tags": ["Electronic", "Vibrational"],
    "reversible": false
  },
  "threshold": 9.68377,
  "data": [
    [9.68377, 0],
    [10, 6.14301e-7],
    [11, 5.02596e-7],
    [12, 2.80121e-7],
    [13, 9.19485e-8],
    [14, 6.96008e-9],
    [15, 5.41704e-9],
    [16, 2.43604e-8],
    [17, 1.06354e-7],
    [18, 1.95787e-7],
    [19, 2.19727e-7],
    [20, 2.13029e-7],
    [22, 1.87219e-7],
    [25, 1.75562e-7],
    [30, 1.53768e-7],
    [40, 6.59605e-8],
    [50, 3.03294e-8],
    [60, 2.54492e-8],
    [70, 1.53924e-8],
    [80, 1.03101e-8],
    [100, 1.49034e-9],
    [120, 1.49034e-9],
    [140, 1.49034e-9],
    [160, 1.49034e-9]
  ]
}