{
  "reaction": {
    "lhs": [
      { "state": { "particle": "e", "charge": -1 }, "count": 1 },
      {
        "state": {
          "particle": "H2",
          "charge": 0,
          "descriptor": {
            "type": 1,
            "accuracy": 2,
            "e": "X",
            "Lambda": 0,
            "S": 0,
            "parity": "g",
            "v": 14
          }
        },
        "count": 1
      }
    ],
    "rhs": [
      { "state": { "particle": "e", "charge": -1 }, "count": 1 },
      {
        "state": {
          "particle": "H2",
          "charge": 0,
          "descriptor": {
            "type": 1,
            "accuracy": 2,
            "e": "J",
            "Lambda": 2,
            "S": 0,
            "parity": "g",
            "v": 11
          }
        },
        "count": 1
      }
    ],
    "type_tags": ["Electronic", "Vibrational"],
    "reversible": false
  },
  "threshold": 11.6888,
  "data": [
    [11.6888, 0],
    [12, 0.0041726],
    [13, 0.00338349],
    [14, 0.00506329],
    [15, 0.00565461],
    [16, 0.005679],
    [17, 0.00533558],
    [18, 0.00538902],
    [19, 0.00623224],
    [20, 0.00658592],
    [22, 0.00629435],
    [25, 0.00571653],
    [30, 0.0048935],
    [40, 0.00331466],
    [50, 0.00263357],
    [60, 0.00221572],
    [70, 0.00191115],
    [80, 0.00168316],
    [100, 0.00134574],
    [120, 0.00111995],
    [140, 0.000957287],
    [160, 0.000836663]
  ]
}