{
  "reaction": {
    "lhs": [
      { "state": { "particle": "e", "charge": -1 }, "count": 1 },
      {
        "state": {
          "particle": "H2",
          "charge": 0,
          "descriptor": {
            "type": 1,
            "accuracy": 2,
            "e": "X",
            "Lambda": 0,
            "S": 0,
            "parity": "g",
            "v": 14
          }
        },
        "count": 1
      }
    ],
    "rhs": [
      { "state": { "particle": "e", "charge": -1 }, "count": 1 },
      {
        "state": {
          "particle": "H2",
          "charge": 0,
          "descriptor": {
            "type": 1,
            "accuracy": 2,
            "e": "d",
            "Lambda": 1,
            "S": 1,
            "parity": "u",
            "v": 16
          }
        },
        "count": 1
      }
    ],
    "type_tags": ["Electronic", "Vibrational"],
    "reversible": false
  },
  "threshold": 12.0595,
  "data": [
    [12.0595, 0],
    [13, 0.00000111414],
    [14, 0.00000194903],
    [15, 0.0000043514],
    [16, 0.00000351304],
    [17, 0.00000267468],
    [18, 0.00000331066],
    [19, 0.00000449175],
    [20, 0.00000512773],
    [22, 0.00000493675],
    [25, 0.00000420958],
    [30, 0.00000329143],
    [40, 0.00000403197],
    [50, 0.00000201817],
    [60, 4.3666e-9],
    [70, 4.91728e-8],
    [80, 9.39791e-8],
    [100, 8.35222e-8],
    [120, 6.91635e-8],
    [140, 6.23262e-8],
    [160, 5.71941e-8]
  ]
}