{
  "reaction": {
    "lhs": [
      { "state": { "particle": "e", "charge": -1 }, "count": 1 },
      {
        "state": {
          "particle": "H2",
          "charge": 0,
          "descriptor": {
            "type": 1,
            "accuracy": 2,
            "e": "X",
            "Lambda": 0,
            "S": 0,
            "parity": "g",
            "v": 14
          }
        },
        "count": 1
      }
    ],
    "rhs": [
      { "state": { "particle": "e", "charge": -1 }, "count": 1 },
      {
        "state": {
          "particle": "H2",
          "charge": 0,
          "descriptor": {
            "type": 1,
            "accuracy": 2,
            "e": "j",
            "Lambda": 2,
            "S": 1,
            "parity": "g",
            "v": 10
          }
        },
        "count": 1
      }
    ],
    "type_tags": ["Electronic", "Vibrational"],
    "reversible": false
  },
  "threshold": 11.5595,
  "data": [
    [11.5595, 0],
    [12, 0.00708304],
    [13, 0.00637466],
    [14, 0.00598322],
    [15, 0.00527102],
    [16, 0.00505093],
    [17, 0.00499478],
    [18, 0.00450278],
    [19, 0.00358718],
    [20, 0.00285192],
    [22, 0.00213846],
    [25, 0.0015667],
    [30, 0.00111932],
    [40, 0.000679108],
    [50, 0.000329219],
    [60, 0.000108653],
    [70, 0.0000508722],
    [80, 0.0000387518],
    [100, 0.0000179314],
    [120, 0.00000848296],
    [140, 0.00000603309],
    [160, 0.00000415272]
  ]
}