{
  "reaction": {
    "lhs": [
      { "state": { "particle": "e", "charge": -1 }, "count": 1 },
      {
        "state": {
          "particle": "H2",
          "charge": 0,
          "descriptor": {
            "type": 1,
            "accuracy": 2,
            "e": "X",
            "Lambda": 0,
            "S": 0,
            "parity": "g",
            "v": 14
          }
        },
        "count": 1
      }
    ],
    "rhs": [
      { "state": { "particle": "e", "charge": -1 }, "count": 1 },
      {
        "state": {
          "particle": "H2",
          "charge": 0,
          "descriptor": {
            "type": 1,
            "accuracy": 2,
            "e": "B",
            "Lambda": 0,
            "S": 0,
            "parity": "u",
            "v": 36
          }
        },
        "count": 1
      }
    ],
    "type_tags": ["Electronic", "Vibrational"],
    "reversible": false
  },
  "threshold": 10.2175,
  "data": [
    [10.2175, 0],
    [11, 0.0000066314],
    [12, 0.0000113952],
    [13, 0.000015022],
    [14, 0.0000179043],
    [15, 0.0000201852],
    [16, 0.0000219315],
    [17, 0.0000232091],
    [18, 0.0000240831],
    [19, 0.0000246191],
    [20, 0.0000248831],
    [22, 0.0000248565],
    [25, 0.0000244154],
    [30, 0.0000249879],
    [40, 0.0000257113],
    [50, 0.000025673],
    [60, 0.0000249894],
    [70, 0.0000241733],
    [80, 0.0000232355],
    [100, 0.0000213627],
    [120, 0.0000196321],
    [140, 0.000018067],
    [160, 0.0000166631]
  ]
}