{
  "reaction": {
    "lhs": [
      { "state": { "particle": "e", "charge": -1 }, "count": 1 },
      {
        "state": {
          "particle": "H2",
          "charge": 0,
          "descriptor": {
            "type": 1,
            "accuracy": 2,
            "e": "X",
            "Lambda": 0,
            "S": 0,
            "parity": "g",
            "v": 14
          }
        },
        "count": 1
      }
    ],
    "rhs": [
      { "state": { "particle": "e", "charge": -1 }, "count": 1 },
      {
        "state": {
          "particle": "H2",
          "charge": 0,
          "descriptor": {
            "type": 1,
            "accuracy": 2,
            "e": "EF",
            "Lambda": 0,
            "S": 0,
            "parity": "g",
            "v": 15
          }
        },
        "count": 1
      }
    ],
    "type_tags": ["Electronic", "Vibrational"],
    "reversible": false
  },
  "threshold": 9.12487,
  "data": [
    [9.12487, 0],
    [10, 0.0000389812],
    [11, 0.0000204239],
    [12, 0.000108973],
    [13, 0.000299437],
    [14, 0.000276383],
    [15, 0.000292123],
    [16, 0.000243383],
    [17, 0.000181064],
    [18, 0.000194192],
    [19, 0.000246262],
    [20, 0.000269042],
    [22, 0.000251132],
    [25, 0.00020273],
    [30, 0.000181611],
    [40, 0.00008231],
    [50, 0.0000711043],
    [60, 0.0000759201],
    [70, 0.0000625773],
    [80, 0.0000517659],
    [100, 0.0000400089],
    [120, 0.0000365259],
    [140, 0.0000329833],
    [160, 0.0000291521]
  ]
}