{
  "reaction": {
    "lhs": [
      { "state": { "particle": "e", "charge": -1 }, "count": 1 },
      {
        "state": {
          "particle": "H2",
          "charge": 0,
          "descriptor": {
            "type": 1,
            "accuracy": 2,
            "e": "X",
            "Lambda": 0,
            "S": 0,
            "parity": "g",
            "v": 14
          }
        },
        "count": 1
      }
    ],
    "rhs": [
      { "state": { "particle": "e", "charge": -1 }, "count": 1 },
      {
        "state": {
          "particle": "H2",
          "charge": 0,
          "descriptor": { "type": 1, "accuracy": 2, "e": "H", "Lambda": 0, "S": 0, "parity": "g", "v": 3 }
        },
        "count": 1
      }
    ],
    "type_tags": ["Electronic", "Vibrational"],
    "reversible": false
  },
  "threshold": 10.2927,
  "data": [
    [10.2927, 0],
    [11, 4.43565e-7],
    [12, 8.04881e-7],
    [13, 9.17099e-7],
    [14, 6.5818e-7],
    [15, 5.04879e-7],
    [16, 5.92352e-7],
    [17, 6.96231e-7],
    [18, 5.66875e-7],
    [19, 3.16006e-7],
    [20, 1.35048e-7],
    [22, 6.22738e-8],
    [25, 5.72816e-8],
    [30, 2.53771e-8],
    [40, 6.46384e-9],
    [50, 3.78772e-8],
    [60, 9.01534e-8],
    [70, 1.38865e-7],
    [80, 1.70474e-7],
    [100, 2.18251e-7],
    [120, 1.6232e-7],
    [140, 1.49746e-7],
    [160, 2.0571e-7]
  ]
}