{
  "reaction": {
    "lhs": [
      { "state": { "particle": "e", "charge": -1 }, "count": 1 },
      {
        "state": {
          "particle": "H2",
          "charge": 0,
          "descriptor": {
            "type": 1,
            "accuracy": 2,
            "e": "X",
            "Lambda": 0,
            "S": 0,
            "parity": "g",
            "v": 14
          }
        },
        "count": 1
      }
    ],
    "rhs": [
      { "state": { "particle": "e", "charge": -1 }, "count": 1 },
      {
        "state": {
          "particle": "H2",
          "charge": 0,
          "descriptor": {
            "type": 1,
            "accuracy": 2,
            "e": "H",
            "Lambda": 0,
            "S": 0,
            "parity": "g",
            "v": 49
          }
        },
        "count": 1
      }
    ],
    "type_tags": ["Electronic", "Vibrational"],
    "reversible": false
  },
  "threshold": 11.9487,
  "data": [
    [11.9487, 0],
    [12, 0.00000574338],
    [13, 0.00000832024],
    [14, 0.0000113459],
    [15, 0.0000142641],
    [16, 0.0000164035],
    [17, 0.0000183666],
    [18, 0.0000201181],
    [19, 0.0000215809],
    [20, 0.000021603],
    [22, 0.000017695],
    [25, 0.0000162266],
    [30, 0.0000226064],
    [40, 0.0000225772],
    [50, 0.0000198894],
    [60, 0.0000197285],
    [70, 0.0000200962],
    [80, 0.0000194445],
    [100, 0.0000165358],
    [120, 0.0000148063],
    [140, 0.0000132442],
    [160, 0.000011623]
  ]
}