{
  "reaction": {
    "lhs": [
      { "state": { "particle": "e", "charge": -1 }, "count": 1 },
      {
        "state": {
          "particle": "H2",
          "charge": 0,
          "descriptor": {
            "type": 1,
            "accuracy": 2,
            "e": "X",
            "Lambda": 0,
            "S": 0,
            "parity": "g",
            "v": 14
          }
        },
        "count": 1
      }
    ],
    "rhs": [
      { "state": { "particle": "e", "charge": -1 }, "count": 1 },
      {
        "state": {
          "particle": "H2",
          "charge": 0,
          "descriptor": {
            "type": 1,
            "accuracy": 2,
            "e": "D",
            "Lambda": 1,
            "S": 0,
            "parity": "u",
            "v": 16
          }
        },
        "count": 1
      }
    ],
    "type_tags": ["Electronic", "Vibrational"],
    "reversible": false
  },
  "threshold": 12.095,
  "data": [
    [12.095, 0],
    [13, 0.0000018597],
    [14, 0.00000390417],
    [15, 0.00000593832],
    [16, 0.00000795706],
    [17, 0.00000995527],
    [18, 0.0000119273],
    [19, 0.000013868],
    [20, 0.0000157722],
    [22, 0.0000194491],
    [25, 0.0000245573],
    [30, 0.0000316305],
    [40, 0.0000427225],
    [50, 0.0000607929],
    [60, 0.0000775682],
    [70, 0.0000860779],
    [80, 0.0000872446],
    [100, 0.0000864267],
    [120, 0.0000817931],
    [140, 0.0000766936],
    [160, 0.000072236]
  ]
}