{
  "reaction": {
    "lhs": [
      { "state": { "particle": "e", "charge": -1 }, "count": 1 },
      {
        "state": {
          "particle": "H2",
          "charge": 0,
          "descriptor": {
            "type": 1,
            "accuracy": 2,
            "e": "X",
            "Lambda": 0,
            "S": 0,
            "parity": "g",
            "v": 14
          }
        },
        "count": 1
      }
    ],
    "rhs": [
      { "state": { "particle": "e", "charge": -1 }, "count": 1 },
      {
        "state": {
          "particle": "H2",
          "charge": 0,
          "descriptor": {
            "type": 1,
            "accuracy": 2,
            "e": "H",
            "Lambda": 0,
            "S": 0,
            "parity": "g",
            "v": 52
          }
        },
        "count": 1
      }
    ],
    "type_tags": ["Electronic", "Vibrational"],
    "reversible": false
  },
  "threshold": 12.0124,
  "data": [
    [12.0124, 0],
    [13, 0.0000186482],
    [14, 0.0000254163],
    [15, 0.0000303141],
    [16, 0.0000331133],
    [17, 0.0000356289],
    [18, 0.0000381825],
    [19, 0.0000409315],
    [20, 0.0000422891],
    [22, 0.0000391842],
    [25, 0.0000373774],
    [30, 0.0000423676],
    [40, 0.0000407947],
    [50, 0.0000372124],
    [60, 0.0000360572],
    [70, 0.000035027],
    [80, 0.0000326083],
    [100, 0.0000277534],
    [120, 0.0000240142],
    [140, 0.0000210794],
    [160, 0.0000183715]
  ]
}