{
  "reaction": {
    "lhs": [
      { "state": { "particle": "e", "charge": -1 }, "count": 1 },
      {
        "state": {
          "particle": "H2",
          "charge": 0,
          "descriptor": {
            "type": 1,
            "accuracy": 2,
            "e": "X",
            "Lambda": 0,
            "S": 0,
            "parity": "g",
            "v": 14
          }
        },
        "count": 1
      }
    ],
    "rhs": [
      { "state": { "particle": "e", "charge": -1 }, "count": 1 },
      {
        "state": {
          "particle": "H2",
          "charge": 0,
          "descriptor": {
            "type": 1,
            "accuracy": 2,
            "e": "H",
            "Lambda": 0,
            "S": 0,
            "parity": "g",
            "v": 32
          }
        },
        "count": 1
      }
    ],
    "type_tags": ["Electronic", "Vibrational"],
    "reversible": false
  },
  "threshold": 11.5021,
  "data": [
    [11.5021, 0],
    [12, 0.0000513433],
    [13, 0.00010616],
    [14, 0.000151097],
    [15, 0.000193967],
    [16, 0.000227418],
    [17, 0.00024769],
    [18, 0.000264953],
    [19, 0.000291854],
    [20, 0.00032736],
    [22, 0.000417634],
    [25, 0.000487491],
    [30, 0.000481797],
    [40, 0.000527591],
    [50, 0.000556874],
    [60, 0.00053925],
    [70, 0.000507089],
    [80, 0.000482325],
    [100, 0.000422493],
    [120, 0.000387534],
    [140, 0.000361885],
    [160, 0.0003588]
  ]
}