{
  "reaction": {
    "lhs": [
      { "state": { "particle": "e", "charge": -1 }, "count": 1 },
      {
        "state": {
          "particle": "H2",
          "charge": 0,
          "descriptor": {
            "type": 1,
            "accuracy": 2,
            "e": "X",
            "Lambda": 0,
            "S": 0,
            "parity": "g",
            "v": 14
          }
        },
        "count": 1
      }
    ],
    "rhs": [
      { "state": { "particle": "e", "charge": -1 }, "count": 1 },
      {
        "state": {
          "particle": "H2",
          "charge": 0,
          "descriptor": { "type": 1, "accuracy": 2, "e": "c", "Lambda": 1, "S": 1, "parity": "u", "v": 0 }
        },
        "count": 1
      }
    ],
    "type_tags": ["Electronic", "Vibrational"],
    "reversible": false
  },
  "threshold": 7.31085,
  "data": [
    [7.31085, 0],
    [8, 6.64193e-8],
    [10, 2.07391e-7],
    [11, 1.01994e-8],
    [12, 7.73303e-12],
    [13, 1.20887e-12],
    [14, 1.12877e-10],
    [15, 2.5366e-9],
    [16, 2.69494e-9],
    [17, 2.72061e-9],
    [18, 7.6804e-8],
    [19, 2.14377e-7],
    [20, 2.88453e-7],
    [22, 2.59816e-7],
    [25, 1.50223e-7],
    [30, 7.19294e-9],
    [40, 7.90495e-10],
    [50, 3.08233e-10],
    [60, 2.55105e-11],
    [70, 3.31887e-12],
    [80, 1.4266e-13],
    [100, 3.65182e-12],
    [120, 7.16098e-12],
    [140, 6.99408e-12],
    [160, 6.53265e-12]
  ]
}