{
  "reaction": {
    "lhs": [
      { "state": { "particle": "e", "charge": -1 }, "count": 1 },
      {
        "state": {
          "particle": "H2",
          "charge": 0,
          "descriptor": {
            "type": 1,
            "accuracy": 2,
            "e": "X",
            "Lambda": 0,
            "S": 0,
            "parity": "g",
            "v": 14
          }
        },
        "count": 1
      }
    ],
    "rhs": [
      { "state": { "particle": "e", "charge": -1 }, "count": 1 },
      {
        "state": {
          "particle": "H2",
          "charge": 0,
          "descriptor": { "type": 1, "accuracy": 2, "e": "a", "Lambda": 0, "S": 1, "parity": "g", "v": 0 }
        },
        "count": 1
      }
    ],
    "type_tags": ["Electronic", "Vibrational"],
    "reversible": false
  },
  "threshold": 7.33357,
  "data": [
    [7.33357, 0],
    [8, 0.00000210156],
    [10, 0.00000106837],
    [11, 0.00000147955],
    [12, 1.72617e-7],
    [13, 4.25089e-10],
    [14, 8.22061e-9],
    [15, 7.88161e-9],
    [16, 1.51851e-8],
    [17, 2.35311e-8],
    [18, 2.50006e-8],
    [19, 2.55451e-8],
    [20, 2.56245e-8],
    [22, 2.32076e-8],
    [25, 1.40049e-8],
    [30, 2.38529e-9],
    [40, 3.91966e-8],
    [50, 1.96139e-8],
    [60, 3.12895e-11],
    [70, 9.15748e-11],
    [80, 1.5186e-10],
    [100, 1.13019e-10],
    [120, 6.40891e-11],
    [140, 4.63556e-11],
    [160, 3.30295e-11]
  ]
}