{
  "reaction": {
    "lhs": [
      { "state": { "particle": "e", "charge": -1 }, "count": 1 },
      {
        "state": {
          "particle": "H2",
          "charge": 0,
          "descriptor": {
            "type": 1,
            "accuracy": 2,
            "e": "X",
            "Lambda": 0,
            "S": 0,
            "parity": "g",
            "v": 14
          }
        },
        "count": 1
      }
    ],
    "rhs": [
      { "state": { "particle": "e", "charge": -1 }, "count": 1 },
      {
        "state": {
          "particle": "H2",
          "charge": 0,
          "descriptor": { "type": 1, "accuracy": 2, "e": "H", "Lambda": 0, "S": 0, "parity": "g", "v": 2 }
        },
        "count": 1
      }
    ],
    "type_tags": ["Electronic", "Vibrational"],
    "reversible": false
  },
  "threshold": 10.0758,
  "data": [
    [10.0758, 0],
    [11, 2.5144e-7],
    [12, 5.04866e-7],
    [13, 7.23282e-7],
    [14, 8.01397e-7],
    [15, 6.34118e-7],
    [16, 3.72829e-7],
    [17, 1.91751e-7],
    [18, 7.63029e-8],
    [19, 1.74317e-8],
    [20, 1.22935e-8],
    [22, 8.4827e-8],
    [25, 1.13993e-7],
    [30, 4.61553e-9],
    [40, 3.75161e-8],
    [50, 7.98766e-8],
    [60, 4.54239e-8],
    [70, 4.35345e-9],
    [80, 2.48362e-9],
    [100, 1.20941e-10],
    [120, 3.54624e-9],
    [140, 5.00032e-9],
    [160, 1.79668e-8]
  ]
}