{
  "reaction": {
    "lhs": [
      { "state": { "particle": "e", "charge": -1 }, "count": 1 },
      {
        "state": {
          "particle": "H2",
          "charge": 0,
          "descriptor": {
            "type": 1,
            "accuracy": 2,
            "e": "X",
            "Lambda": 0,
            "S": 0,
            "parity": "g",
            "v": 14
          }
        },
        "count": 1
      }
    ],
    "rhs": [
      { "state": { "particle": "e", "charge": -1 }, "count": 1 },
      {
        "state": {
          "particle": "H2",
          "charge": 0,
          "descriptor": {
            "type": 1,
            "accuracy": 2,
            "e": "EF",
            "Lambda": 0,
            "S": 0,
            "parity": "g",
            "v": 21
          }
        },
        "count": 1
      }
    ],
    "type_tags": ["Electronic", "Vibrational"],
    "reversible": false
  },
  "threshold": 9.60425,
  "data": [
    [9.60425, 0],
    [10, 0.0000333506],
    [11, 0.0000706653],
    [12, 0.00007051],
    [13, 0.000121422],
    [14, 0.000154096],
    [15, 0.000134516],
    [16, 0.000112248],
    [17, 0.000111798],
    [18, 0.000118012],
    [19, 0.000152396],
    [20, 0.000140165],
    [22, 0.000115959],
    [25, 0.000109336],
    [30, 0.000103343],
    [40, 0.0000766922],
    [50, 0.0000658595],
    [60, 0.0000633643],
    [70, 0.0000610358],
    [80, 0.0000589162],
    [100, 0.0000509959],
    [120, 0.0000403591],
    [140, 0.0000342909],
    [160, 0.0000294789]
  ]
}