{
  "reaction": {
    "lhs": [
      { "state": { "particle": "e", "charge": -1 }, "count": 1 },
      {
        "state": {
          "particle": "H2",
          "charge": 0,
          "descriptor": {
            "type": 1,
            "accuracy": 2,
            "e": "X",
            "Lambda": 0,
            "S": 0,
            "parity": "g",
            "v": 14
          }
        },
        "count": 1
      }
    ],
    "rhs": [
      { "state": { "particle": "e", "charge": -1 }, "count": 1 },
      {
        "state": {
          "particle": "H2",
          "charge": 0,
          "descriptor": {
            "type": 1,
            "accuracy": 2,
            "e": "C",
            "Lambda": 1,
            "S": 0,
            "parity": "u",
            "v": 11
          }
        },
        "count": 1
      }
    ],
    "type_tags": ["Electronic", "Vibrational"],
    "reversible": false
  },
  "threshold": 10.0672,
  "data": [
    [10.0672, 0],
    [11, 0.0969718],
    [12, 0.151719],
    [13, 0.191623],
    [14, 0.226714],
    [15, 0.264688],
    [16, 0.306738],
    [17, 0.352215],
    [18, 0.400154],
    [19, 0.4473],
    [20, 0.48903],
    [22, 0.55201],
    [25, 0.619699],
    [30, 0.705479],
    [40, 0.826639],
    [50, 0.876429],
    [60, 0.881758],
    [70, 0.869041],
    [80, 0.84595],
    [100, 0.790211],
    [120, 0.732107],
    [140, 0.679866],
    [160, 0.634471]
  ]
}