{
  "reaction": {
    "lhs": [
      { "state": { "particle": "e", "charge": -1 }, "count": 1 },
      {
        "state": {
          "particle": "H2",
          "charge": 0,
          "descriptor": {
            "type": 1,
            "accuracy": 2,
            "e": "X",
            "Lambda": 0,
            "S": 0,
            "parity": "g",
            "v": 14
          }
        },
        "count": 1
      }
    ],
    "rhs": [
      { "state": { "particle": "e", "charge": -1 }, "count": 1 },
      {
        "state": {
          "particle": "H2",
          "charge": 0,
          "descriptor": { "type": 1, "accuracy": 2, "e": "c", "Lambda": 1, "S": 1, "parity": "u", "v": 4 }
        },
        "count": 1
      }
    ],
    "type_tags": ["Electronic", "Vibrational"],
    "reversible": false
  },
  "threshold": 8.38328,
  "data": [
    [8.38328, 0],
    [10, 0.00000185626],
    [11, 7.29607e-8],
    [12, 1.26712e-7],
    [13, 0.00000666353],
    [14, 0.00000149838],
    [15, 1.97113e-8],
    [16, 4.83257e-8],
    [17, 3.564e-7],
    [18, 5.26836e-7],
    [19, 7.83512e-7],
    [20, 9.15863e-7],
    [22, 8.20665e-7],
    [25, 4.58178e-7],
    [30, 4.93981e-10],
    [40, 9.87183e-9],
    [50, 5.4177e-9],
    [60, 7.76462e-10],
    [70, 5.60691e-10],
    [80, 5.26892e-10],
    [100, 3.59839e-10],
    [120, 1.74311e-10],
    [140, 1.23562e-10],
    [160, 8.50401e-11]
  ]
}