{
  "reaction": {
    "lhs": [
      { "state": { "particle": "e", "charge": -1 }, "count": 1 },
      {
        "state": {
          "particle": "H2",
          "charge": 0,
          "descriptor": {
            "type": 1,
            "accuracy": 2,
            "e": "X",
            "Lambda": 0,
            "S": 0,
            "parity": "g",
            "v": 14
          }
        },
        "count": 1
      }
    ],
    "rhs": [
      { "state": { "particle": "e", "charge": -1 }, "count": 1 },
      {
        "state": {
          "particle": "H2",
          "charge": 0,
          "descriptor": { "type": 1, "accuracy": 2, "e": "g", "Lambda": 0, "S": 1, "parity": "g", "v": 8 }
        },
        "count": 1
      }
    ],
    "type_tags": ["Electronic", "Vibrational"],
    "reversible": false
  },
  "threshold": 11.28,
  "data": [
    [11.28, 0],
    [12, 0.00254295],
    [13, 0.00225475],
    [14, 0.00163699],
    [15, 0.00131583],
    [16, 0.00112759],
    [17, 0.000980092],
    [18, 0.000850089],
    [19, 0.000760819],
    [20, 0.000689797],
    [22, 0.000565983],
    [25, 0.00042698],
    [30, 0.000269563],
    [40, 0.00014512],
    [50, 0.0000945591],
    [60, 0.0000699664],
    [70, 0.0000453066],
    [80, 0.0000288255],
    [100, 0.0000134655],
    [120, 0.00000937613],
    [140, 0.0000068208],
    [160, 0.00000487686]
  ]
}