{
  "reaction": {
    "lhs": [
      { "state": { "particle": "e", "charge": -1 }, "count": 1 },
      {
        "state": {
          "particle": "H2",
          "charge": 0,
          "descriptor": {
            "type": 1,
            "accuracy": 2,
            "e": "X",
            "Lambda": 0,
            "S": 0,
            "parity": "g",
            "v": 14
          }
        },
        "count": 1
      }
    ],
    "rhs": [
      { "state": { "particle": "e", "charge": -1 }, "count": 1 },
      {
        "state": {
          "particle": "H2",
          "charge": 0,
          "descriptor": {
            "type": 1,
            "accuracy": 2,
            "e": "B",
            "Lambda": 0,
            "S": 0,
            "parity": "u",
            "v": 31
          }
        },
        "count": 1
      }
    ],
    "type_tags": ["Electronic", "Vibrational"],
    "reversible": false
  },
  "threshold": 10.0524,
  "data": [
    [10.0524, 0],
    [11, 0.0000279497],
    [12, 0.0000518597],
    [13, 0.0000716528],
    [14, 0.0000893423],
    [15, 0.000105587],
    [16, 0.000120448],
    [17, 0.000133987],
    [18, 0.000146261],
    [19, 0.000157333],
    [20, 0.000167259],
    [22, 0.000183924],
    [25, 0.000201844],
    [30, 0.000218391],
    [40, 0.00023455],
    [50, 0.000231235],
    [60, 0.000228075],
    [70, 0.00022532],
    [80, 0.000222209],
    [100, 0.000209207],
    [120, 0.00019127],
    [140, 0.000174523],
    [160, 0.000160015]
  ]
}