{
  "reaction": {
    "lhs": [
      { "state": { "particle": "e", "charge": -1 }, "count": 1 },
      {
        "state": {
          "particle": "H2",
          "charge": 0,
          "descriptor": {
            "type": 1,
            "accuracy": 2,
            "e": "X",
            "Lambda": 0,
            "S": 0,
            "parity": "g",
            "v": 14
          }
        },
        "count": 1
      }
    ],
    "rhs": [
      { "state": { "particle": "e", "charge": -1 }, "count": 1 },
      {
        "state": {
          "particle": "H2",
          "charge": 0,
          "descriptor": { "type": 1, "accuracy": 2, "e": "C", "Lambda": 1, "S": 0, "parity": "u", "v": 5 }
        },
        "count": 1
      }
    ],
    "type_tags": ["Electronic", "Vibrational"],
    "reversible": false
  },
  "threshold": 9.09919,
  "data": [
    [9.09919, 0],
    [10, 0.0000017929],
    [11, 0.00000377156],
    [12, 0.00000573883],
    [13, 0.00000768896],
    [14, 0.00000961627],
    [15, 0.0000115145],
    [16, 0.0000133778],
    [17, 0.0000152007],
    [18, 0.0000169767],
    [19, 0.0000187002],
    [20, 0.0000203653],
    [22, 0.0000234968],
    [25, 0.0000276082],
    [30, 0.0000325051],
    [40, 0.0000358659],
    [50, 0.0000388069],
    [60, 0.0000403692],
    [70, 0.0000404974],
    [80, 0.0000395864],
    [100, 0.0000371438],
    [120, 0.0000342774],
    [140, 0.0000316473],
    [160, 0.0000294049]
  ]
}