{
  "reaction": {
    "lhs": [
      { "state": { "particle": "e", "charge": -1 }, "count": 1 },
      {
        "state": {
          "particle": "H2",
          "charge": 0,
          "descriptor": {
            "type": 1,
            "accuracy": 2,
            "e": "X",
            "Lambda": 0,
            "S": 0,
            "parity": "g",
            "v": 14
          }
        },
        "count": 1
      }
    ],
    "rhs": [
      { "state": { "particle": "e", "charge": -1 }, "count": 1 },
      {
        "state": {
          "particle": "H2",
          "charge": 0,
          "descriptor": {
            "type": 1,
            "accuracy": 2,
            "e": "g",
            "Lambda": 0,
            "S": 1,
            "parity": "g",
            "v": 17
          }
        },
        "count": 1
      }
    ],
    "type_tags": ["Electronic", "Vibrational"],
    "reversible": false
  },
  "threshold": 12.0958,
  "data": [
    [12.0958, 0],
    [13, 0.000110381],
    [14, 0.0000933021],
    [15, 0.0000931314],
    [16, 0.0000838489],
    [17, 0.0000692921],
    [18, 0.0000588201],
    [19, 0.0000492587],
    [20, 0.0000417278],
    [22, 0.0000306455],
    [25, 0.0000185681],
    [30, 0.000010764],
    [40, 0.0000116489],
    [50, 0.00000856078],
    [60, 0.00000427163],
    [70, 0.0000027345],
    [80, 0.00000204072],
    [100, 0.00000111495],
    [120, 7.79624e-7],
    [140, 5.59587e-7],
    [160, 3.93448e-7]
  ]
}