{
  "reaction": {
    "lhs": [
      { "state": { "particle": "e", "charge": -1 }, "count": 1 },
      {
        "state": {
          "particle": "H2",
          "charge": 0,
          "descriptor": {
            "type": 1,
            "accuracy": 2,
            "e": "X",
            "Lambda": 0,
            "S": 0,
            "parity": "g",
            "v": 14
          }
        },
        "count": 1
      }
    ],
    "rhs": [
      { "state": { "particle": "e", "charge": -1 }, "count": 1 },
      {
        "state": {
          "particle": "H2",
          "charge": 0,
          "descriptor": {
            "type": 1,
            "accuracy": 2,
            "e": "d",
            "Lambda": 1,
            "S": 1,
            "parity": "u",
            "v": 18
          }
        },
        "count": 1
      }
    ],
    "type_tags": ["Electronic", "Vibrational"],
    "reversible": false
  },
  "threshold": 12.0987,
  "data": [
    [12.0987, 0],
    [13, 0.0000262915],
    [14, 0.0000167063],
    [15, 0.00001981],
    [16, 0.0000185736],
    [17, 0.0000165778],
    [18, 0.0000150238],
    [19, 0.0000135347],
    [20, 0.0000123144],
    [22, 0.0000105271],
    [25, 0.0000085738],
    [30, 0.00000616416],
    [40, 0.00000260053],
    [50, 0.00000171635],
    [60, 0.00000151463],
    [70, 0.00000115117],
    [80, 7.84381e-7],
    [100, 3.99738e-7],
    [120, 2.29057e-7],
    [140, 1.61814e-7],
    [160, 1.10568e-7]
  ]
}