{
  "reaction": {
    "lhs": [
      { "state": { "particle": "e", "charge": -1 }, "count": 1 },
      {
        "state": {
          "particle": "H2",
          "charge": 0,
          "descriptor": {
            "type": 1,
            "accuracy": 2,
            "e": "X",
            "Lambda": 0,
            "S": 0,
            "parity": "g",
            "v": 14
          }
        },
        "count": 1
      }
    ],
    "rhs": [
      { "state": { "particle": "e", "charge": -1 }, "count": 1 },
      {
        "state": {
          "particle": "H2",
          "charge": 0,
          "descriptor": {
            "type": 1,
            "accuracy": 2,
            "e": "H",
            "Lambda": 0,
            "S": 0,
            "parity": "g",
            "v": 63
          }
        },
        "count": 1
      }
    ],
    "type_tags": ["Electronic", "Vibrational"],
    "reversible": false
  },
  "threshold": 12.1101,
  "data": [
    [12.1101, 0],
    [13, 0.0000216834],
    [14, 0.0000334061],
    [15, 0.0000396296],
    [16, 0.0000421661],
    [17, 0.0000445792],
    [18, 0.0000472868],
    [19, 0.0000499551],
    [20, 0.0000528543],
    [22, 0.0000579941],
    [25, 0.0000583713],
    [30, 0.0000487645],
    [40, 0.0000433512],
    [50, 0.0000425292],
    [60, 0.000039964],
    [70, 0.0000364099],
    [80, 0.0000326861],
    [100, 0.0000271359],
    [120, 0.0000229797],
    [140, 0.0000199378],
    [160, 0.0000182101]
  ]
}