{
  "reaction": {
    "lhs": [
      { "state": { "particle": "e", "charge": -1 }, "count": 1 },
      {
        "state": {
          "particle": "H2",
          "charge": 0,
          "descriptor": {
            "type": 1,
            "accuracy": 2,
            "e": "X",
            "Lambda": 0,
            "S": 0,
            "parity": "g",
            "v": 14
          }
        },
        "count": 1
      }
    ],
    "rhs": [
      { "state": { "particle": "e", "charge": -1 }, "count": 1 },
      {
        "state": {
          "particle": "H2",
          "charge": 0,
          "descriptor": { "type": 1, "accuracy": 2, "e": "c", "Lambda": 1, "S": 1, "parity": "u", "v": 1 }
        },
        "count": 1
      }
    ],
    "type_tags": ["Electronic", "Vibrational"],
    "reversible": false
  },
  "threshold": 7.60133,
  "data": [
    [7.60133, 0],
    [8, 0.00000166079],
    [10, 5.60749e-7],
    [11, 1.12208e-7],
    [12, 6.05146e-10],
    [13, 1.33148e-8],
    [14, 5.89868e-9],
    [15, 5.75463e-8],
    [16, 3.11216e-8],
    [17, 4.69681e-9],
    [18, 1.34619e-7],
    [19, 3.75902e-7],
    [20, 5.05824e-7],
    [22, 4.53345e-7],
    [25, 2.53492e-7],
    [30, 9.18539e-10],
    [40, 5.9582e-10],
    [50, 2.97889e-10],
    [60, 2.67398e-13],
    [70, 2.40881e-12],
    [80, 4.55023e-12],
    [100, 3.53568e-12],
    [120, 2.16844e-12],
    [140, 1.5511e-12],
    [160, 1.0917e-12]
  ]
}