{
  "reaction": {
    "lhs": [
      { "state": { "particle": "e", "charge": -1 }, "count": 1 },
      {
        "state": {
          "particle": "H2",
          "charge": 0,
          "descriptor": {
            "type": 1,
            "accuracy": 2,
            "e": "X",
            "Lambda": 0,
            "S": 0,
            "parity": "g",
            "v": 14
          }
        },
        "count": 1
      }
    ],
    "rhs": [
      { "state": { "particle": "e", "charge": -1 }, "count": 1 },
      {
        "state": {
          "particle": "H2",
          "charge": 0,
          "descriptor": {
            "type": 1,
            "accuracy": 2,
            "e": "H",
            "Lambda": 0,
            "S": 0,
            "parity": "g",
            "v": 25
          }
        },
        "count": 1
      }
    ],
    "type_tags": ["Electronic", "Vibrational"],
    "reversible": false
  },
  "threshold": 11.3438,
  "data": [
    [11.3438, 0],
    [12, 0.00279378],
    [13, 0.00463279],
    [14, 0.00583917],
    [15, 0.0068282],
    [16, 0.00778323],
    [17, 0.00861079],
    [18, 0.0092184],
    [19, 0.00951456],
    [20, 0.0096089],
    [22, 0.00985766],
    [25, 0.0100812],
    [30, 0.0101335],
    [40, 0.010584],
    [50, 0.0106852],
    [60, 0.0103097],
    [70, 0.00970441],
    [80, 0.00908676],
    [100, 0.00802231],
    [120, 0.00700529],
    [140, 0.00607033],
    [160, 0.00508146]
  ]
}