{
  "reaction": {
    "lhs": [
      { "state": { "particle": "e", "charge": -1 }, "count": 1 },
      {
        "state": {
          "particle": "H2",
          "charge": 0,
          "descriptor": {
            "type": 1,
            "accuracy": 2,
            "e": "X",
            "Lambda": 0,
            "S": 0,
            "parity": "g",
            "v": 14
          }
        },
        "count": 1
      }
    ],
    "rhs": [
      { "state": { "particle": "e", "charge": -1 }, "count": 1 },
      {
        "state": {
          "particle": "H2",
          "charge": 0,
          "descriptor": { "type": 1, "accuracy": 2, "e": "H", "Lambda": 0, "S": 0, "parity": "g", "v": 5 }
        },
        "count": 1
      }
    ],
    "type_tags": ["Electronic", "Vibrational"],
    "reversible": false
  },
  "threshold": 10.6814,
  "data": [
    [10.6814, 0],
    [11, 7.08077e-7],
    [12, 0.00000254752],
    [13, 0.0000042658],
    [14, 0.00000572241],
    [15, 0.00000618531],
    [16, 0.00000521234],
    [17, 0.00000445176],
    [18, 0.00000415319],
    [19, 0.00000437485],
    [20, 0.00000456378],
    [22, 0.00000362538],
    [25, 0.0000044496],
    [30, 0.00000947241],
    [40, 0.00000967096],
    [50, 0.00000864311],
    [60, 0.00000943026],
    [70, 0.00000988728],
    [80, 0.00000880516],
    [100, 0.00000781067],
    [120, 0.0000069035],
    [140, 0.00000613824],
    [160, 0.0000058561]
  ]
}