{
  "reaction": {
    "lhs": [
      { "state": { "particle": "e", "charge": -1 }, "count": 1 },
      {
        "state": {
          "particle": "H2",
          "charge": 0,
          "descriptor": {
            "type": 1,
            "accuracy": 2,
            "e": "X",
            "Lambda": 0,
            "S": 0,
            "parity": "g",
            "v": 14
          }
        },
        "count": 1
      }
    ],
    "rhs": [
      { "state": { "particle": "e", "charge": -1 }, "count": 1 },
      {
        "state": {
          "particle": "H2",
          "charge": 0,
          "descriptor": { "type": 1, "accuracy": 2, "e": "d", "Lambda": 1, "S": 1, "parity": "u", "v": 8 }
        },
        "count": 1
      }
    ],
    "type_tags": ["Electronic", "Vibrational"],
    "reversible": false
  },
  "threshold": 11.2077,
  "data": [
    [11.2077, 0],
    [12, 0.00377422],
    [13, 0.00490284],
    [14, 0.00443696],
    [15, 0.00272566],
    [16, 0.00279804],
    [17, 0.00287042],
    [18, 0.00267963],
    [19, 0.0022871],
    [20, 0.00196253],
    [22, 0.00162533],
    [25, 0.00130533],
    [30, 0.000975382],
    [40, 0.00056712],
    [50, 0.000352794],
    [60, 0.00022212],
    [70, 0.000128068],
    [80, 0.0000748112],
    [100, 0.0000273825],
    [120, 0.0000184949],
    [140, 0.0000132741],
    [160, 0.00000927537]
  ]
}