{
  "reaction": {
    "lhs": [
      { "state": { "particle": "e", "charge": -1 }, "count": 1 },
      {
        "state": {
          "particle": "H2",
          "charge": 0,
          "descriptor": {
            "type": 1,
            "accuracy": 2,
            "e": "X",
            "Lambda": 0,
            "S": 0,
            "parity": "g",
            "v": 14
          }
        },
        "count": 1
      }
    ],
    "rhs": [
      { "state": { "particle": "e", "charge": -1 }, "count": 1 },
      {
        "state": {
          "particle": "H2",
          "charge": 0,
          "descriptor": {
            "type": 1,
            "accuracy": 2,
            "e": "a",
            "Lambda": 0,
            "S": 1,
            "parity": "g",
            "v": 13
          }
        },
        "count": 1
      }
    ],
    "type_tags": ["Electronic", "Vibrational"],
    "reversible": false
  },
  "threshold": 10.0969,
  "data": [
    [10.0969, 0],
    [11, 0.0489189],
    [12, 0.0610347],
    [13, 0.0540733],
    [14, 0.0482594],
    [15, 0.0404449],
    [16, 0.0286339],
    [17, 0.0199059],
    [18, 0.0172637],
    [19, 0.0150603],
    [20, 0.0132522],
    [22, 0.0106489],
    [25, 0.0086265],
    [30, 0.00738884],
    [40, 0.00628],
    [50, 0.00440156],
    [60, 0.00263454],
    [70, 0.00177214],
    [80, 0.00130824],
    [100, 0.000643063],
    [120, 0.000393325],
    [140, 0.000339114],
    [160, 0.000297344]
  ]
}