{
  "reaction": {
    "lhs": [
      { "state": { "particle": "e", "charge": -1 }, "count": 1 },
      {
        "state": {
          "particle": "H2",
          "charge": 0,
          "descriptor": {
            "type": 1,
            "accuracy": 2,
            "e": "X",
            "Lambda": 0,
            "S": 0,
            "parity": "g",
            "v": 14
          }
        },
        "count": 1
      }
    ],
    "rhs": [
      { "state": { "particle": "e", "charge": -1 }, "count": 1 },
      {
        "state": {
          "particle": "H2",
          "charge": 0,
          "descriptor": {
            "type": 1,
            "accuracy": 2,
            "e": "B",
            "Lambda": 0,
            "S": 0,
            "parity": "u",
            "v": 25
          }
        },
        "count": 1
      }
    ],
    "type_tags": ["Electronic", "Vibrational"],
    "reversible": false
  },
  "threshold": 9.66084,
  "data": [
    [9.66084, 0],
    [10, 0.000877823],
    [11, 0.00212409],
    [12, 0.00310161],
    [13, 0.00385241],
    [14, 0.00447324],
    [15, 0.00500042],
    [16, 0.00544044],
    [17, 0.00580209],
    [18, 0.00609438],
    [19, 0.00632627],
    [20, 0.0065067],
    [22, 0.00674907],
    [25, 0.006951],
    [30, 0.00723974],
    [40, 0.00756217],
    [50, 0.00751121],
    [60, 0.00735507],
    [70, 0.00718437],
    [80, 0.00698157],
    [100, 0.00647943],
    [120, 0.0059338],
    [140, 0.00543495],
    [160, 0.00499662]
  ]
}