{
  "reaction": {
    "lhs": [
      { "state": { "particle": "e", "charge": -1 }, "count": 1 },
      {
        "state": {
          "particle": "H2",
          "charge": 0,
          "descriptor": {
            "type": 1,
            "accuracy": 2,
            "e": "X",
            "Lambda": 0,
            "S": 0,
            "parity": "g",
            "v": 14
          }
        },
        "count": 1
      }
    ],
    "rhs": [
      { "state": { "particle": "e", "charge": -1 }, "count": 1 },
      {
        "state": {
          "particle": "H2",
          "charge": 0,
          "descriptor": { "type": 1, "accuracy": 2, "e": "j", "Lambda": 2, "S": 1, "parity": "g", "v": 6 }
        },
        "count": 1
      }
    ],
    "type_tags": ["Electronic", "Vibrational"],
    "reversible": false
  },
  "threshold": 10.9004,
  "data": [
    [10.9004, 0],
    [11, 0.00000965508],
    [12, 0.0000323152],
    [13, 0.0000276131],
    [14, 0.0000064826],
    [15, 0.00000280607],
    [16, 0.00000917734],
    [17, 0.0000155486],
    [18, 0.0000142023],
    [19, 0.0000114248],
    [20, 0.00000910866],
    [22, 0.00000646569],
    [25, 0.00000352468],
    [30, 0.00000148016],
    [40, 0.00000135026],
    [50, 9.85844e-7],
    [60, 4.94848e-7],
    [70, 3.59158e-7],
    [80, 3.11081e-7],
    [100, 1.14451e-7],
    [120, 2.07163e-9],
    [140, 1.50517e-9],
    [160, 1.06416e-9]
  ]
}