{
  "reaction": {
    "lhs": [
      { "state": { "particle": "e", "charge": -1 }, "count": 1 },
      {
        "state": {
          "particle": "H2",
          "charge": 0,
          "descriptor": {
            "type": 1,
            "accuracy": 2,
            "e": "X",
            "Lambda": 0,
            "S": 0,
            "parity": "g",
            "v": 14
          }
        },
        "count": 1
      }
    ],
    "rhs": [
      { "state": { "particle": "e", "charge": -1 }, "count": 1 },
      {
        "state": {
          "particle": "H2",
          "charge": 0,
          "descriptor": {
            "type": 1,
            "accuracy": 2,
            "e": "H",
            "Lambda": 0,
            "S": 0,
            "parity": "g",
            "v": 53
          }
        },
        "count": 1
      }
    ],
    "type_tags": ["Electronic", "Vibrational"],
    "reversible": false
  },
  "threshold": 12.0294,
  "data": [
    [12.0294, 0],
    [13, 0.0000121241],
    [14, 0.0000166638],
    [15, 0.0000194576],
    [16, 0.0000204975],
    [17, 0.0000214747],
    [18, 0.0000228257],
    [19, 0.000024795],
    [20, 0.0000261824],
    [22, 0.0000250383],
    [25, 0.0000242249],
    [30, 0.0000266206],
    [40, 0.0000242698],
    [50, 0.000021362],
    [60, 0.0000203728],
    [70, 0.0000196383],
    [80, 0.0000180629],
    [100, 0.0000151668],
    [120, 0.0000128409],
    [140, 0.0000111094],
    [160, 0.00000956031]
  ]
}