{
  "reaction": {
    "lhs": [
      { "state": { "particle": "e", "charge": -1 }, "count": 1 },
      {
        "state": {
          "particle": "H2",
          "charge": 0,
          "descriptor": {
            "type": 1,
            "accuracy": 2,
            "e": "X",
            "Lambda": 0,
            "S": 0,
            "parity": "g",
            "v": 11
          }
        },
        "count": 1
      }
    ],
    "rhs": [
      { "state": { "particle": "e", "charge": -1 }, "count": 1 },
      {
        "state": {
          "particle": "H2",
          "charge": 0,
          "descriptor": {
            "type": 1,
            "accuracy": 2,
            "e": "Bp",
            "Lambda": 0,
            "S": 0,
            "parity": "u",
            "v": 6
          }
        },
        "count": 1
      }
    ],
    "type_tags": ["Electronic", "Vibrational"],
    "reversible": false
  },
  "threshold": 10.5771,
  "data": [
    [10.5771, 0],
    [11, 0.00254818],
    [12, 0.00406175],
    [13, 0.00484367],
    [14, 0.00514792],
    [15, 0.00525119],
    [16, 0.00531606],
    [17, 0.00531923],
    [18, 0.00518918],
    [19, 0.00495551],
    [20, 0.00472618],
    [22, 0.00451429],
    [25, 0.00443093],
    [30, 0.00416302],
    [40, 0.00351503],
    [50, 0.00329293],
    [60, 0.00316632],
    [70, 0.00290784],
    [80, 0.00267745],
    [100, 0.00239499],
    [120, 0.00200279],
    [140, 0.00164638],
    [160, 0.00138097]
  ]
}