{
  "reaction": {
    "lhs": [
      { "state": { "particle": "e", "charge": -1 }, "count": 1 },
      {
        "state": {
          "particle": "H2",
          "charge": 0,
          "descriptor": {
            "type": 1,
            "accuracy": 2,
            "e": "X",
            "Lambda": 0,
            "S": 0,
            "parity": "g",
            "v": 11
          }
        },
        "count": 1
      }
    ],
    "rhs": [
      { "state": { "particle": "e", "charge": -1 }, "count": 1 },
      {
        "state": {
          "particle": "H2",
          "charge": 0,
          "descriptor": {
            "type": 1,
            "accuracy": 2,
            "e": "c",
            "Lambda": 1,
            "S": 1,
            "parity": "u",
            "v": 14
          }
        },
        "count": 1
      }
    ],
    "type_tags": ["Electronic", "Vibrational"],
    "reversible": false
  },
  "threshold": 10.4257,
  "data": [
    [10.4257, 0],
    [11, 3.71986e-12],
    [12, 2.9333e-13],
    [13, 9.06076e-13],
    [14, 3.68844e-12],
    [15, 4.35191e-12],
    [16, 3.25166e-12],
    [17, 1.73334e-12],
    [18, 1.1065e-12],
    [19, 7.95088e-13],
    [20, 6.44362e-13],
    [22, 4.45697e-13],
    [25, 2.87343e-13],
    [30, 2.35237e-13],
    [40, 0.00019573],
    [50, 0.000153893],
    [60, 0.0000931776],
    [70, 0.0000635357],
    [80, 0.000044704],
    [100, 0.0000215637],
    [120, 0.0000125614],
    [140, 0.00000902381],
    [160, 0.00000632254]
  ]
}