{
  "reaction": {
    "lhs": [
      { "state": { "particle": "e", "charge": -1 }, "count": 1 },
      {
        "state": {
          "particle": "H2",
          "charge": 0,
          "descriptor": {
            "type": 1,
            "accuracy": 2,
            "e": "X",
            "Lambda": 0,
            "S": 0,
            "parity": "g",
            "v": 11
          }
        },
        "count": 1
      }
    ],
    "rhs": [
      { "state": { "particle": "e", "charge": -1 }, "count": 1 },
      {
        "state": {
          "particle": "H2",
          "charge": 0,
          "descriptor": { "type": 1, "accuracy": 2, "e": "H", "Lambda": 0, "S": 0, "parity": "g", "v": 0 }
        },
        "count": 1
      }
    ],
    "type_tags": ["Electronic", "Vibrational"],
    "reversible": false
  },
  "threshold": 9.93317,
  "data": [
    [9.93317, 0],
    [10, 5.58782e-8],
    [11, 7.60951e-7],
    [12, 0.00000145698],
    [13, 0.00000205273],
    [14, 0.00000221393],
    [15, 0.00000185997],
    [16, 0.0000011356],
    [17, 4.79365e-7],
    [18, 1.2822e-7],
    [19, 4.86106e-9],
    [20, 2.52253e-9],
    [22, 9.59581e-10],
    [25, 1.63529e-8],
    [30, 3.07687e-8],
    [40, 2.49413e-9],
    [50, 1.42858e-10],
    [60, 2.42366e-9],
    [70, 1.12991e-8],
    [80, 4.5561e-9],
    [100, 9.50245e-9],
    [120, 3.54015e-9],
    [140, 2.59013e-9],
    [160, 7.95434e-11]
  ]
}