{
  "reaction": {
    "lhs": [
      { "state": { "particle": "e", "charge": -1 }, "count": 1 },
      {
        "state": {
          "particle": "H2",
          "charge": 0,
          "descriptor": {
            "type": 1,
            "accuracy": 2,
            "e": "X",
            "Lambda": 0,
            "S": 0,
            "parity": "g",
            "v": 11
          }
        },
        "count": 1
      }
    ],
    "rhs": [
      { "state": { "particle": "e", "charge": -1 }, "count": 1 },
      {
        "state": {
          "particle": "H2",
          "charge": 0,
          "descriptor": {
            "type": 1,
            "accuracy": 2,
            "e": "B",
            "Lambda": 0,
            "S": 0,
            "parity": "u",
            "v": 28
          }
        },
        "count": 1
      }
    ],
    "type_tags": ["Electronic", "Vibrational"],
    "reversible": false
  },
  "threshold": 10.254,
  "data": [
    [10.254, 0],
    [11, 0.000542997],
    [12, 0.000960623],
    [13, 0.00128301],
    [14, 0.00154251],
    [15, 0.00175156],
    [16, 0.00191562],
    [17, 0.00203995],
    [18, 0.00212991],
    [19, 0.0021908],
    [20, 0.00222799],
    [22, 0.00225258],
    [25, 0.00224468],
    [30, 0.00231362],
    [40, 0.00240103],
    [50, 0.00239619],
    [60, 0.00233792],
    [70, 0.0022694],
    [80, 0.0021894],
    [100, 0.00202032],
    [120, 0.00185597],
    [140, 0.0017065],
    [160, 0.00157296]
  ]
}