{
  "reaction": {
    "lhs": [
      { "state": { "particle": "e", "charge": -1 }, "count": 1 },
      {
        "state": {
          "particle": "H2",
          "charge": 0,
          "descriptor": {
            "type": 1,
            "accuracy": 2,
            "e": "X",
            "Lambda": 0,
            "S": 0,
            "parity": "g",
            "v": 11
          }
        },
        "count": 1
      }
    ],
    "rhs": [
      { "state": { "particle": "e", "charge": -1 }, "count": 1 },
      {
        "state": {
          "particle": "H2",
          "charge": 0,
          "descriptor": { "type": 1, "accuracy": 2, "e": "g", "Lambda": 0, "S": 1, "parity": "g", "v": 0 }
        },
        "count": 1
      }
    ],
    "type_tags": ["Electronic", "Vibrational"],
    "reversible": false
  },
  "threshold": 9.80924,
  "data": [
    [9.80924, 0],
    [10, 4.36803e-8],
    [11, 3.72632e-7],
    [12, 0.00000537157],
    [13, 1.44637e-7],
    [14, 3.09311e-7],
    [15, 0.0000026784],
    [16, 0.00000142555],
    [17, 1.29078e-7],
    [18, 6.81227e-8],
    [19, 4.59362e-8],
    [20, 4.18143e-8],
    [22, 3.54829e-8],
    [25, 2.11376e-8],
    [30, 5.43795e-9],
    [40, 3.02344e-8],
    [50, 2.02516e-8],
    [60, 6.67986e-9],
    [70, 2.51703e-9],
    [80, 1.52334e-9],
    [100, 5.4061e-10],
    [120, 3.97369e-10],
    [140, 4.13909e-10],
    [160, 4.59636e-10]
  ]
}