{
  "reaction": {
    "lhs": [
      { "state": { "particle": "e", "charge": -1 }, "count": 1 },
      {
        "state": {
          "particle": "H2",
          "charge": 0,
          "descriptor": {
            "type": 1,
            "accuracy": 2,
            "e": "X",
            "Lambda": 0,
            "S": 0,
            "parity": "g",
            "v": 11
          }
        },
        "count": 1
      }
    ],
    "rhs": [
      { "state": { "particle": "e", "charge": -1 }, "count": 1 },
      {
        "state": {
          "particle": "H2",
          "charge": 0,
          "descriptor": {
            "type": 1,
            "accuracy": 2,
            "e": "H",
            "Lambda": 0,
            "S": 0,
            "parity": "g",
            "v": 43
          }
        },
        "count": 1
      }
    ],
    "type_tags": ["Electronic", "Vibrational"],
    "reversible": false
  },
  "threshold": 12.1767,
  "data": [
    [12.1767, 0],
    [13, 0.000136854],
    [14, 0.000214337],
    [15, 0.000248327],
    [16, 0.000254251],
    [17, 0.000263303],
    [18, 0.00028127],
    [19, 0.000300591],
    [20, 0.0003178],
    [22, 0.000348218],
    [25, 0.000351227],
    [30, 0.000291665],
    [40, 0.000233492],
    [50, 0.000211222],
    [60, 0.000192815],
    [70, 0.000175921],
    [80, 0.000158789],
    [100, 0.000127081],
    [120, 0.000104785],
    [140, 0.0000896895],
    [160, 0.0000798297]
  ]
}