{
  "reaction": {
    "lhs": [
      { "state": { "particle": "e", "charge": -1 }, "count": 1 },
      {
        "state": {
          "particle": "H2",
          "charge": 0,
          "descriptor": {
            "type": 1,
            "accuracy": 2,
            "e": "X",
            "Lambda": 0,
            "S": 0,
            "parity": "g",
            "v": 11
          }
        },
        "count": 1
      }
    ],
    "rhs": [
      { "state": { "particle": "e", "charge": -1 }, "count": 1 },
      {
        "state": {
          "particle": "H2",
          "charge": 0,
          "descriptor": { "type": 1, "accuracy": 2, "e": "c", "Lambda": 1, "S": 1, "parity": "u", "v": 9 }
        },
        "count": 1
      }
    ],
    "type_tags": ["Electronic", "Vibrational"],
    "reversible": false
  },
  "threshold": 9.78389,
  "data": [
    [9.78389, 0],
    [10, 0.00704213],
    [11, 0.0360186],
    [12, 0.039138],
    [13, 0.028962],
    [14, 0.0229058],
    [15, 0.0217772],
    [16, 0.0198703],
    [17, 0.017215],
    [18, 0.0150488],
    [19, 0.0129919],
    [20, 0.0113564],
    [22, 0.00909549],
    [25, 0.00683222],
    [30, 0.00446724],
    [40, 0.00221216],
    [50, 0.00146392],
    [60, 0.00119447],
    [70, 0.000802081],
    [80, 0.00051457],
    [100, 0.000241121],
    [120, 0.000157234],
    [140, 0.000112885],
    [160, 0.0000791041]
  ]
}