{
  "reaction": {
    "lhs": [
      { "state": { "particle": "e", "charge": -1 }, "count": 1 },
      {
        "state": {
          "particle": "H2",
          "charge": 0,
          "descriptor": {
            "type": 1,
            "accuracy": 2,
            "e": "X",
            "Lambda": 0,
            "S": 0,
            "parity": "g",
            "v": 11
          }
        },
        "count": 1
      }
    ],
    "rhs": [
      { "state": { "particle": "e", "charge": -1 }, "count": 1 },
      {
        "state": {
          "particle": "H2",
          "charge": 0,
          "descriptor": {
            "type": 1,
            "accuracy": 2,
            "e": "H",
            "Lambda": 0,
            "S": 0,
            "parity": "g",
            "v": 32
          }
        },
        "count": 1
      }
    ],
    "type_tags": ["Electronic", "Vibrational"],
    "reversible": false
  },
  "threshold": 11.8836,
  "data": [
    [11.8836, 0],
    [12, 0.00000391999],
    [13, 0.00000292733],
    [14, 0.00000194915],
    [15, 0.00000146001],
    [16, 0.00000100167],
    [17, 7.58094e-7],
    [18, 7.59863e-7],
    [19, 0.00000108125],
    [20, 0.00000138556],
    [22, 9.94322e-7],
    [25, 0.00000131656],
    [30, 0.00000359261],
    [40, 0.00000328168],
    [50, 0.00000223954],
    [60, 0.0000023138],
    [70, 0.00000292293],
    [80, 0.00000346749],
    [100, 0.00000316713],
    [120, 0.00000288905],
    [140, 0.00000248247],
    [160, 0.0000022239]
  ]
}