{
  "reaction": {
    "lhs": [
      { "state": { "particle": "e", "charge": -1 }, "count": 1 },
      {
        "state": {
          "particle": "H2",
          "charge": 0,
          "descriptor": {
            "type": 1,
            "accuracy": 2,
            "e": "X",
            "Lambda": 0,
            "S": 0,
            "parity": "g",
            "v": 11
          }
        },
        "count": 1
      }
    ],
    "rhs": [
      { "state": { "particle": "e", "charge": -1 }, "count": 1 },
      {
        "state": {
          "particle": "H2",
          "charge": 0,
          "descriptor": {
            "type": 1,
            "accuracy": 2,
            "e": "D",
            "Lambda": 1,
            "S": 0,
            "parity": "u",
            "v": 13
          }
        },
        "count": 1
      }
    ],
    "type_tags": ["Electronic", "Vibrational"],
    "reversible": false
  },
  "threshold": 12.3177,
  "data": [
    [12.3177, 0],
    [13, 0.000196529],
    [14, 0.00041425],
    [15, 0.000573807],
    [16, 0.000689505],
    [17, 0.000798786],
    [18, 0.000922798],
    [19, 0.00106248],
    [20, 0.00120347],
    [22, 0.00142666],
    [25, 0.00160839],
    [30, 0.00179373],
    [40, 0.00212938],
    [50, 0.00237452],
    [60, 0.00252796],
    [70, 0.00255764],
    [80, 0.00252751],
    [100, 0.00241651],
    [120, 0.00227151],
    [140, 0.0021335],
    [160, 0.00201082]
  ]
}