{
  "reaction": {
    "lhs": [
      { "state": { "particle": "e", "charge": -1 }, "count": 1 },
      {
        "state": {
          "particle": "H2",
          "charge": 0,
          "descriptor": {
            "type": 1,
            "accuracy": 2,
            "e": "X",
            "Lambda": 0,
            "S": 0,
            "parity": "g",
            "v": 11
          }
        },
        "count": 1
      }
    ],
    "rhs": [
      { "state": { "particle": "e", "charge": -1 }, "count": 1 },
      {
        "state": {
          "particle": "H2",
          "charge": 0,
          "descriptor": {
            "type": 1,
            "accuracy": 2,
            "e": "J",
            "Lambda": 2,
            "S": 0,
            "parity": "g",
            "v": 14
          }
        },
        "count": 1
      }
    ],
    "type_tags": ["Electronic", "Vibrational"],
    "reversible": false
  },
  "threshold": 12.283,
  "data": [
    [12.283, 0],
    [13, 0.0000147021],
    [14, 0.0000400467],
    [15, 0.000035339],
    [16, 0.0000152847],
    [17, 0.0000319586],
    [18, 0.0000393266],
    [19, 0.0000366971],
    [20, 0.0000265707],
    [22, 0.0000317845],
    [25, 0.0000271738],
    [30, 0.0000305327],
    [40, 0.0000233514],
    [50, 0.0000170338],
    [60, 0.0000154559],
    [70, 0.0000150948],
    [80, 0.0000141501],
    [100, 0.0000128645],
    [120, 0.0000107187],
    [140, 0.00000918564],
    [160, 0.00000803803]
  ]
}