{
  "reaction": {
    "lhs": [
      { "state": { "particle": "e", "charge": -1 }, "count": 1 },
      {
        "state": {
          "particle": "H2",
          "charge": 0,
          "descriptor": {
            "type": 1,
            "accuracy": 2,
            "e": "X",
            "Lambda": 0,
            "S": 0,
            "parity": "g",
            "v": 11
          }
        },
        "count": 1
      }
    ],
    "rhs": [
      { "state": { "particle": "e", "charge": -1 }, "count": 1 },
      {
        "state": {
          "particle": "H2",
          "charge": 0,
          "descriptor": {
            "type": 1,
            "accuracy": 2,
            "e": "EF",
            "Lambda": 0,
            "S": 0,
            "parity": "g",
            "v": 6
          }
        },
        "count": 1
      }
    ],
    "type_tags": ["Electronic", "Vibrational"],
    "reversible": false
  },
  "threshold": 8.76153,
  "data": [
    [8.76153, 0],
    [10, 0.0043803],
    [11, 0.00577423],
    [12, 0.00576877],
    [13, 0.00738439],
    [14, 0.00756429],
    [15, 0.0077888],
    [16, 0.00728632],
    [17, 0.0066394],
    [18, 0.00620241],
    [19, 0.00595576],
    [20, 0.00570949],
    [22, 0.00549783],
    [25, 0.00517755],
    [30, 0.00438855],
    [40, 0.00301559],
    [50, 0.00247105],
    [60, 0.00213665],
    [70, 0.00178062],
    [80, 0.00151443],
    [100, 0.0011654],
    [120, 0.000939724],
    [140, 0.000807438],
    [160, 0.000700528]
  ]
}