{
  "reaction": {
    "lhs": [
      { "state": { "particle": "e", "charge": -1 }, "count": 1 },
      {
        "state": {
          "particle": "H2",
          "charge": 0,
          "descriptor": {
            "type": 1,
            "accuracy": 2,
            "e": "X",
            "Lambda": 0,
            "S": 0,
            "parity": "g",
            "v": 11
          }
        },
        "count": 1
      }
    ],
    "rhs": [
      { "state": { "particle": "e", "charge": -1 }, "count": 1 },
      {
        "state": {
          "particle": "H2",
          "charge": 0,
          "descriptor": {
            "type": 1,
            "accuracy": 2,
            "e": "B",
            "Lambda": 0,
            "S": 0,
            "parity": "u",
            "v": 36
          }
        },
        "count": 1
      }
    ],
    "type_tags": ["Electronic", "Vibrational"],
    "reversible": false
  },
  "threshold": 10.599,
  "data": [
    [10.599, 0],
    [11, 0.000114001],
    [12, 0.000269605],
    [13, 0.000398931],
    [14, 0.000506616],
    [15, 0.000597085],
    [16, 0.000671865],
    [17, 0.00073266],
    [18, 0.000781183],
    [19, 0.000819147],
    [20, 0.000848269],
    [22, 0.000886833],
    [25, 0.000921239],
    [30, 0.000983374],
    [40, 0.00104851],
    [50, 0.00104836],
    [60, 0.00103308],
    [70, 0.00101138],
    [80, 0.000984882],
    [100, 0.000918782],
    [120, 0.000845924],
    [140, 0.00077832],
    [160, 0.00071794]
  ]
}