{
  "reaction": {
    "lhs": [
      { "state": { "particle": "e", "charge": -1 }, "count": 1 },
      {
        "state": {
          "particle": "H2",
          "charge": 0,
          "descriptor": {
            "type": 1,
            "accuracy": 2,
            "e": "X",
            "Lambda": 0,
            "S": 0,
            "parity": "g",
            "v": 11
          }
        },
        "count": 1
      }
    ],
    "rhs": [
      { "state": { "particle": "e", "charge": -1 }, "count": 1 },
      {
        "state": {
          "particle": "H2",
          "charge": 0,
          "descriptor": { "type": 1, "accuracy": 2, "e": "j", "Lambda": 2, "S": 1, "parity": "g", "v": 8 }
        },
        "count": 1
      }
    ],
    "type_tags": ["Electronic", "Vibrational"],
    "reversible": false
  },
  "threshold": 11.6385,
  "data": [
    [11.6385, 0],
    [12, 0.00020446],
    [13, 0.00083442],
    [14, 0.00070537],
    [15, 0.000665724],
    [16, 0.000508524],
    [17, 0.00037431],
    [18, 0.00034249],
    [19, 0.000331368],
    [20, 0.000327338],
    [22, 0.000297646],
    [25, 0.00020795],
    [30, 0.0000903034],
    [40, 0.0000758696],
    [50, 0.0000569259],
    [60, 0.000032352],
    [70, 0.0000241721],
    [80, 0.0000203008],
    [100, 0.00000879674],
    [120, 0.00000220286],
    [140, 0.00000155311],
    [160, 0.00000105037]
  ]
}