{
  "reaction": {
    "lhs": [
      { "state": { "particle": "e", "charge": -1 }, "count": 1 },
      {
        "state": {
          "particle": "H2",
          "charge": 0,
          "descriptor": {
            "type": 1,
            "accuracy": 2,
            "e": "X",
            "Lambda": 0,
            "S": 0,
            "parity": "g",
            "v": 11
          }
        },
        "count": 1
      }
    ],
    "rhs": [
      { "state": { "particle": "e", "charge": -1 }, "count": 1 },
      {
        "state": {
          "particle": "H2",
          "charge": 0,
          "descriptor": { "type": 1, "accuracy": 2, "e": "I", "Lambda": 1, "S": 0, "parity": "g", "v": 3 }
        },
        "count": 1
      }
    ],
    "type_tags": ["Electronic", "Vibrational"],
    "reversible": false
  },
  "threshold": 10.5266,
  "data": [
    [10.5266, 0],
    [11, 0.0000174687],
    [12, 0.00000414343],
    [13, 4.43537e-8],
    [14, 0.00000575885],
    [15, 0.0000195123],
    [16, 0.0000239816],
    [17, 0.0000712997],
    [18, 0.000112666],
    [19, 0.0000852294],
    [20, 0.0000353821],
    [22, 0.0000747962],
    [25, 0.0000755871],
    [30, 0.0000656604],
    [40, 0.0000502716],
    [50, 0.0000459497],
    [60, 0.0000508913],
    [70, 0.000055833],
    [80, 0.0000537326],
    [100, 0.0000470187],
    [120, 0.0000408714],
    [140, 0.0000354516],
    [160, 0.0000307563]
  ]
}