{
  "reaction": {
    "lhs": [
      { "state": { "particle": "e", "charge": -1 }, "count": 1 },
      {
        "state": {
          "particle": "H2",
          "charge": 0,
          "descriptor": {
            "type": 1,
            "accuracy": 2,
            "e": "X",
            "Lambda": 0,
            "S": 0,
            "parity": "g",
            "v": 11
          }
        },
        "count": 1
      }
    ],
    "rhs": [
      { "state": { "particle": "e", "charge": -1 }, "count": 1 },
      {
        "state": {
          "particle": "H2",
          "charge": 0,
          "descriptor": {
            "type": 1,
            "accuracy": 2,
            "e": "c",
            "Lambda": 1,
            "S": 1,
            "parity": "u",
            "v": 12
          }
        },
        "count": 1
      }
    ],
    "type_tags": ["Electronic", "Vibrational"],
    "reversible": false
  },
  "threshold": 10.2197,
  "data": [
    [10.2197, 0],
    [11, 0.000572879],
    [12, 0.0000264095],
    [13, 0.0000585683],
    [14, 0.000237238],
    [15, 0.000194154],
    [16, 0.000159908],
    [17, 0.000124842],
    [18, 0.0000879178],
    [19, 0.0000528047],
    [20, 0.0000371735],
    [22, 0.0000379911],
    [25, 0.000041104],
    [30, 0.0000450346],
    [40, 0.00000447303],
    [50, 0.0000044268],
    [60, 0.00000442018],
    [70, 0.00000289927],
    [80, 0.00000112306],
    [100, 5.51986e-7],
    [120, 4.38547e-7],
    [140, 3.44966e-7],
    [160, 2.73326e-7]
  ]
}