{
  "reaction": {
    "lhs": [
      { "state": { "particle": "e", "charge": -1 }, "count": 1 },
      {
        "state": {
          "particle": "H2",
          "charge": 0,
          "descriptor": {
            "type": 1,
            "accuracy": 2,
            "e": "X",
            "Lambda": 0,
            "S": 0,
            "parity": "g",
            "v": 11
          }
        },
        "count": 1
      }
    ],
    "rhs": [
      { "state": { "particle": "e", "charge": -1 }, "count": 1 },
      {
        "state": {
          "particle": "H2",
          "charge": 0,
          "descriptor": { "type": 1, "accuracy": 2, "e": "B", "Lambda": 0, "S": 0, "parity": "u", "v": 5 }
        },
        "count": 1
      }
    ],
    "type_tags": ["Electronic", "Vibrational"],
    "reversible": false
  },
  "threshold": 7.87993,
  "data": [
    [7.87993, 0],
    [8, 0.00929136],
    [10, 0.0561781],
    [11, 0.0663019],
    [12, 0.0691551],
    [13, 0.069495],
    [14, 0.0698916],
    [15, 0.0707165],
    [16, 0.0718865],
    [17, 0.0733326],
    [18, 0.0749861],
    [19, 0.0767785],
    [20, 0.078641],
    [22, 0.0823012],
    [25, 0.0865967],
    [30, 0.0890227],
    [40, 0.092163],
    [50, 0.092557],
    [60, 0.0910563],
    [70, 0.0881366],
    [80, 0.0844191],
    [100, 0.0770258],
    [120, 0.070246],
    [140, 0.0642248],
    [160, 0.0589389]
  ]
}