{
  "reaction": {
    "lhs": [
      { "state": { "particle": "e", "charge": -1 }, "count": 1 },
      {
        "state": {
          "particle": "H2",
          "charge": 0,
          "descriptor": {
            "type": 1,
            "accuracy": 2,
            "e": "X",
            "Lambda": 0,
            "S": 0,
            "parity": "g",
            "v": 11
          }
        },
        "count": 1
      }
    ],
    "rhs": [
      { "state": { "particle": "e", "charge": -1 }, "count": 1 },
      {
        "state": {
          "particle": "H2",
          "charge": 0,
          "descriptor": {
            "type": 1,
            "accuracy": 2,
            "e": "H",
            "Lambda": 0,
            "S": 0,
            "parity": "g",
            "v": 20
          }
        },
        "count": 1
      }
    ],
    "type_tags": ["Electronic", "Vibrational"],
    "reversible": false
  },
  "threshold": 11.5967,
  "data": [
    [11.5967, 0],
    [12, 4.42751e-9],
    [13, 9.01698e-9],
    [14, 1.11675e-8],
    [15, 1.14438e-8],
    [16, 1.15828e-8],
    [17, 1.21248e-8],
    [18, 1.28567e-8],
    [19, 1.37682e-8],
    [20, 1.46038e-8],
    [22, 1.50985e-8],
    [25, 1.50409e-8],
    [30, 1.41515e-8],
    [40, 1.12322e-8],
    [50, 9.25955e-9],
    [60, 8.21338e-9],
    [70, 7.29452e-9],
    [80, 6.05464e-9],
    [100, 4.62118e-9],
    [120, 3.69019e-9],
    [140, 3.08938e-9],
    [160, 2.74177e-9]
  ]
}