{
  "reaction": {
    "lhs": [
      { "state": { "particle": "e", "charge": -1 }, "count": 1 },
      {
        "state": {
          "particle": "H2",
          "charge": 0,
          "descriptor": {
            "type": 1,
            "accuracy": 2,
            "e": "X",
            "Lambda": 0,
            "S": 0,
            "parity": "g",
            "v": 11
          }
        },
        "count": 1
      }
    ],
    "rhs": [
      { "state": { "particle": "e", "charge": -1 }, "count": 1 },
      {
        "state": {
          "particle": "H2",
          "charge": 0,
          "descriptor": { "type": 1, "accuracy": 2, "e": "a", "Lambda": 0, "S": 1, "parity": "g", "v": 5 }
        },
        "count": 1
      }
    ],
    "type_tags": ["Electronic", "Vibrational"],
    "reversible": false
  },
  "threshold": 9.1163,
  "data": [
    [9.1163, 0],
    [10, 0.000571203],
    [11, 0.000974807],
    [12, 0.000586501],
    [13, 0.000342227],
    [14, 0.000205139],
    [15, 0.00024896],
    [16, 0.000226084],
    [17, 0.000188088],
    [18, 0.00015361],
    [19, 0.000119263],
    [20, 0.0000979659],
    [22, 0.00008107],
    [25, 0.000067924],
    [30, 0.0000628385],
    [40, 0.0000644548],
    [50, 0.0000405201],
    [60, 0.0000136807],
    [70, 0.0000103972],
    [80, 0.00000979632],
    [100, 0.00000619361],
    [120, 0.0000026198],
    [140, 0.00000188373],
    [160, 0.00000132093]
  ]
}