{
  "reaction": {
    "lhs": [
      { "state": { "particle": "e", "charge": -1 }, "count": 1 },
      {
        "state": {
          "particle": "H2",
          "charge": 0,
          "descriptor": {
            "type": 1,
            "accuracy": 2,
            "e": "X",
            "Lambda": 0,
            "S": 0,
            "parity": "g",
            "v": 11
          }
        },
        "count": 1
      }
    ],
    "rhs": [
      { "state": { "particle": "e", "charge": -1 }, "count": 1 },
      {
        "state": {
          "particle": "H2",
          "charge": 0,
          "descriptor": {
            "type": 1,
            "accuracy": 2,
            "e": "H",
            "Lambda": 0,
            "S": 0,
            "parity": "g",
            "v": 15
          }
        },
        "count": 1
      }
    ],
    "type_tags": ["Electronic", "Vibrational"],
    "reversible": false
  },
  "threshold": 11.4497,
  "data": [
    [11.4497, 0],
    [12, 3.47202e-10],
    [13, 5.62616e-10],
    [14, 6.73895e-10],
    [15, 7.22876e-10],
    [16, 7.72589e-10],
    [17, 8.27432e-10],
    [18, 8.75362e-10],
    [19, 9.06324e-10],
    [20, 9.20038e-10],
    [22, 9.31263e-10],
    [25, 9.63568e-10],
    [30, 1.019e-9],
    [40, 9.14296e-10],
    [50, 7.79929e-10],
    [60, 6.88292e-10],
    [70, 6.18769e-10],
    [80, 5.55165e-10],
    [100, 4.47214e-10],
    [120, 3.74145e-10],
    [140, 3.24673e-10],
    [160, 2.85896e-10]
  ]
}