{
  "reaction": {
    "lhs": [
      { "state": { "particle": "e", "charge": -1 }, "count": 1 },
      {
        "state": {
          "particle": "H2",
          "charge": 0,
          "descriptor": {
            "type": 1,
            "accuracy": 2,
            "e": "X",
            "Lambda": 0,
            "S": 0,
            "parity": "g",
            "v": 11
          }
        },
        "count": 1
      }
    ],
    "rhs": [
      { "state": { "particle": "e", "charge": -1 }, "count": 1 },
      {
        "state": {
          "particle": "H2",
          "charge": 0,
          "descriptor": {
            "type": 1,
            "accuracy": 2,
            "e": "Bp",
            "Lambda": 0,
            "S": 0,
            "parity": "u",
            "v": 8
          }
        },
        "count": 1
      }
    ],
    "type_tags": ["Electronic", "Vibrational"],
    "reversible": false
  },
  "threshold": 10.598,
  "data": [
    [10.598, 0],
    [11, 0.000995874],
    [12, 0.0016038],
    [13, 0.00193983],
    [14, 0.00208617],
    [15, 0.00213862],
    [16, 0.00217205],
    [17, 0.00217929],
    [18, 0.0021309],
    [19, 0.00203451],
    [20, 0.00193827],
    [22, 0.00185159],
    [25, 0.00182042],
    [30, 0.00170655],
    [40, 0.0014303],
    [50, 0.00133338],
    [60, 0.00128183],
    [70, 0.00117489],
    [80, 0.00107982],
    [100, 0.000968516],
    [120, 0.000801385],
    [140, 0.000648107],
    [160, 0.0005351]
  ]
}