{
  "reaction": {
    "lhs": [
      { "state": { "particle": "e", "charge": -1 }, "count": 1 },
      {
        "state": {
          "particle": "H2",
          "charge": 0,
          "descriptor": {
            "type": 1,
            "accuracy": 2,
            "e": "X",
            "Lambda": 0,
            "S": 0,
            "parity": "g",
            "v": 11
          }
        },
        "count": 1
      }
    ],
    "rhs": [
      { "state": { "particle": "e", "charge": -1 }, "count": 1 },
      {
        "state": {
          "particle": "H2",
          "charge": 0,
          "descriptor": { "type": 1, "accuracy": 2, "e": "d", "Lambda": 1, "S": 1, "parity": "u", "v": 5 }
        },
        "count": 1
      }
    ],
    "type_tags": ["Electronic", "Vibrational"],
    "reversible": false
  },
  "threshold": 11.0172,
  "data": [
    [11.0172, 0],
    [12, 0.00014974],
    [13, 0.000371592],
    [14, 0.000253505],
    [15, 0.0000990097],
    [16, 0.000155829],
    [17, 0.000212648],
    [18, 0.000198405],
    [19, 0.000168928],
    [20, 0.000144098],
    [22, 0.000116155],
    [25, 0.0000861403],
    [30, 0.0000550053],
    [40, 0.0000375088],
    [50, 0.0000246047],
    [60, 0.0000124328],
    [70, 0.00000593151],
    [80, 0.0000029061],
    [100, 9.66247e-7],
    [120, 6.24706e-7],
    [140, 4.46171e-7],
    [160, 3.09074e-7]
  ]
}