{
  "reaction": {
    "lhs": [
      { "state": { "particle": "e", "charge": -1 }, "count": 1 },
      {
        "state": {
          "particle": "H2",
          "charge": 0,
          "descriptor": {
            "type": 1,
            "accuracy": 2,
            "e": "X",
            "Lambda": 0,
            "S": 0,
            "parity": "g",
            "v": 11
          }
        },
        "count": 1
      }
    ],
    "rhs": [
      { "state": { "particle": "e", "charge": -1 }, "count": 1 },
      {
        "state": {
          "particle": "H2",
          "charge": 0,
          "descriptor": {
            "type": 1,
            "accuracy": 2,
            "e": "c",
            "Lambda": 1,
            "S": 1,
            "parity": "u",
            "v": 18
          }
        },
        "count": 1
      }
    ],
    "type_tags": ["Electronic", "Vibrational"],
    "reversible": false
  },
  "threshold": 10.5957,
  "data": [
    [10.5957, 0],
    [11, 0.00195813],
    [12, 0.00230101],
    [13, 0.00215556],
    [14, 0.00199552],
    [15, 0.00179494],
    [16, 0.0016108],
    [17, 0.00144022],
    [18, 0.00127727],
    [19, 0.00112466],
    [20, 0.00100117],
    [22, 0.000823852],
    [25, 0.000638216],
    [30, 0.000411418],
    [40, 0.0000371668],
    [50, 0.0000209046],
    [60, 0.0000183768],
    [70, 0.0000141269],
    [80, 0.00000862721],
    [100, 0.00000414191],
    [120, 0.00000247047],
    [140, 0.00000177466],
    [160, 0.00000124363]
  ]
}