{
  "reaction": {
    "lhs": [
      { "state": { "particle": "e", "charge": -1 }, "count": 1 },
      {
        "state": {
          "particle": "H2",
          "charge": 0,
          "descriptor": {
            "type": 1,
            "accuracy": 2,
            "e": "X",
            "Lambda": 0,
            "S": 0,
            "parity": "g",
            "v": 11
          }
        },
        "count": 1
      }
    ],
    "rhs": [
      { "state": { "particle": "e", "charge": -1 }, "count": 1 },
      {
        "state": {
          "particle": "H2",
          "charge": 0,
          "descriptor": {
            "type": 1,
            "accuracy": 2,
            "e": "EF",
            "Lambda": 0,
            "S": 0,
            "parity": "g",
            "v": 3
          }
        },
        "count": 1
      }
    ],
    "type_tags": ["Electronic", "Vibrational"],
    "reversible": false
  },
  "threshold": 8.51034,
  "data": [
    [8.51034, 0],
    [10, 0.000100828],
    [11, 0.000146327],
    [12, 0.000186358],
    [13, 0.000193718],
    [14, 0.000184456],
    [15, 0.000155564],
    [16, 0.0001372],
    [17, 0.000141208],
    [18, 0.000150599],
    [19, 0.000138931],
    [20, 0.000128347],
    [22, 0.000113691],
    [25, 0.000103823],
    [30, 0.0000940005],
    [40, 0.0000667675],
    [50, 0.0000555274],
    [60, 0.0000488957],
    [70, 0.00004069],
    [80, 0.0000352282],
    [100, 0.0000274897],
    [120, 0.0000225141],
    [140, 0.000019516],
    [160, 0.0000170464]
  ]
}