{
  "reaction": {
    "lhs": [
      { "state": { "particle": "e", "charge": -1 }, "count": 1 },
      {
        "state": {
          "particle": "H2",
          "charge": 0,
          "descriptor": {
            "type": 1,
            "accuracy": 2,
            "e": "X",
            "Lambda": 0,
            "S": 0,
            "parity": "g",
            "v": 11
          }
        },
        "count": 1
      }
    ],
    "rhs": [
      { "state": { "particle": "e", "charge": -1 }, "count": 1 },
      {
        "state": {
          "particle": "H2",
          "charge": 0,
          "descriptor": {
            "type": 1,
            "accuracy": 2,
            "e": "EF",
            "Lambda": 0,
            "S": 0,
            "parity": "g",
            "v": 12
          }
        },
        "count": 1
      }
    ],
    "type_tags": ["Electronic", "Vibrational"],
    "reversible": false
  },
  "threshold": 9.24679,
  "data": [
    [9.24679, 0],
    [10, 0.00349966],
    [11, 0.00407],
    [12, 0.00530291],
    [13, 0.00673213],
    [14, 0.00702983],
    [15, 0.00768269],
    [16, 0.00781654],
    [17, 0.00710672],
    [18, 0.00663158],
    [19, 0.00682045],
    [20, 0.00690565],
    [22, 0.0064661],
    [25, 0.0057765],
    [30, 0.00508578],
    [40, 0.00368838],
    [50, 0.00319357],
    [60, 0.00289373],
    [70, 0.00239287],
    [80, 0.00201765],
    [100, 0.00153906],
    [120, 0.00127684],
    [140, 0.00111195],
    [160, 0.000971698]
  ]
}