{
  "reaction": {
    "lhs": [
      { "state": { "particle": "e", "charge": -1 }, "count": 1 },
      {
        "state": {
          "particle": "H2",
          "charge": 0,
          "descriptor": {
            "type": 1,
            "accuracy": 2,
            "e": "X",
            "Lambda": 0,
            "S": 0,
            "parity": "g",
            "v": 11
          }
        },
        "count": 1
      }
    ],
    "rhs": [
      { "state": { "particle": "e", "charge": -1 }, "count": 1 },
      {
        "state": {
          "particle": "H2",
          "charge": 0,
          "descriptor": {
            "type": 1,
            "accuracy": 2,
            "e": "C",
            "Lambda": 1,
            "S": 0,
            "parity": "u",
            "v": 12
          }
        },
        "count": 1
      }
    ],
    "type_tags": ["Electronic", "Vibrational"],
    "reversible": false
  },
  "threshold": 10.5383,
  "data": [
    [10.5383, 0],
    [11, 0.00148984],
    [12, 0.00347175],
    [13, 0.00497719],
    [14, 0.00609028],
    [15, 0.00704259],
    [16, 0.00800019],
    [17, 0.00902272],
    [18, 0.0100706],
    [19, 0.0110704],
    [20, 0.0119737],
    [22, 0.0134436],
    [25, 0.01494],
    [30, 0.0164316],
    [40, 0.0184604],
    [50, 0.0196442],
    [60, 0.0202679],
    [70, 0.0202487],
    [80, 0.0198061],
    [100, 0.0186792],
    [120, 0.0173914],
    [140, 0.0161994],
    [160, 0.0151607]
  ]
}