{
  "reaction": {
    "lhs": [
      { "state": { "particle": "e", "charge": -1 }, "count": 1 },
      {
        "state": {
          "particle": "H2",
          "charge": 0,
          "descriptor": {
            "type": 1,
            "accuracy": 2,
            "e": "X",
            "Lambda": 0,
            "S": 0,
            "parity": "g",
            "v": 11
          }
        },
        "count": 1
      }
    ],
    "rhs": [
      { "state": { "particle": "e", "charge": -1 }, "count": 1 },
      {
        "state": {
          "particle": "H2",
          "charge": 0,
          "descriptor": {
            "type": 1,
            "accuracy": 2,
            "e": "d",
            "Lambda": 1,
            "S": 1,
            "parity": "u",
            "v": 15
          }
        },
        "count": 1
      }
    ],
    "type_tags": ["Electronic", "Vibrational"],
    "reversible": false
  },
  "threshold": 12.4023,
  "data": [
    [12.4023, 0],
    [13, 0.0000210994],
    [14, 0.0000409769],
    [15, 0.0000345422],
    [16, 0.0000263821],
    [17, 0.0000203464],
    [18, 0.0000186368],
    [19, 0.0000180422],
    [20, 0.0000178111],
    [22, 0.0000166271],
    [25, 0.0000133858],
    [30, 0.00000795403],
    [40, 0.00000376367],
    [50, 0.00000216846],
    [60, 0.0000015312],
    [70, 0.00000105236],
    [80, 8.14058e-7],
    [100, 3.93301e-7],
    [120, 1.97698e-7],
    [140, 1.42419e-7],
    [160, 1.00057e-7]
  ]
}