{
  "reaction": {
    "lhs": [
      { "state": { "particle": "e", "charge": -1 }, "count": 1 },
      {
        "state": {
          "particle": "H2",
          "charge": 0,
          "descriptor": {
            "type": 1,
            "accuracy": 2,
            "e": "X",
            "Lambda": 0,
            "S": 0,
            "parity": "g",
            "v": 11
          }
        },
        "count": 1
      }
    ],
    "rhs": [
      { "state": { "particle": "e", "charge": -1 }, "count": 1 },
      {
        "state": {
          "particle": "H2",
          "charge": 0,
          "descriptor": { "type": 1, "accuracy": 2, "e": "c", "Lambda": 1, "S": 1, "parity": "u", "v": 2 }
        },
        "count": 1
      }
    ],
    "type_tags": ["Electronic", "Vibrational"],
    "reversible": false
  },
  "threshold": 8.25815,
  "data": [
    [8.25815, 0],
    [10, 0.00000513928],
    [11, 0.00000346047],
    [12, 0.00000172437],
    [13, 0.00000395319],
    [14, 0.0000032022],
    [15, 3.84207e-7],
    [16, 6.2517e-7],
    [17, 0.00000101095],
    [18, 0.00000134648],
    [19, 0.00000166619],
    [20, 0.00000180864],
    [22, 0.00000166759],
    [25, 0.00000111112],
    [30, 2.4529e-7],
    [40, 1.85328e-8],
    [50, 5.72443e-9],
    [60, 3.68298e-9],
    [70, 2.95349e-9],
    [80, 2.31637e-9],
    [100, 1.28926e-9],
    [120, 6.95831e-10],
    [140, 5.00307e-10],
    [160, 3.51284e-10]
  ]
}