{
  "reaction": {
    "lhs": [
      { "state": { "particle": "e", "charge": -1 }, "count": 1 },
      {
        "state": {
          "particle": "H2",
          "charge": 0,
          "descriptor": {
            "type": 1,
            "accuracy": 2,
            "e": "X",
            "Lambda": 0,
            "S": 0,
            "parity": "g",
            "v": 11
          }
        },
        "count": 1
      }
    ],
    "rhs": [
      { "state": { "particle": "e", "charge": -1 }, "count": 1 },
      {
        "state": {
          "particle": "H2",
          "charge": 0,
          "descriptor": {
            "type": 1,
            "accuracy": 2,
            "e": "GK",
            "Lambda": 0,
            "S": 0,
            "parity": "g",
            "v": 2
          }
        },
        "count": 1
      }
    ],
    "type_tags": ["Electronic", "Vibrational"],
    "reversible": false
  },
  "threshold": 9.9394,
  "data": [
    [9.9394, 0],
    [10, 0.00276856],
    [11, 0.0459775],
    [12, 0.0436779],
    [13, 0.0508969],
    [14, 0.0583263],
    [15, 0.0641503],
    [16, 0.0658664],
    [17, 0.0632522],
    [18, 0.0631317],
    [19, 0.0639076],
    [20, 0.0641791],
    [22, 0.0627039],
    [25, 0.0641337],
    [30, 0.0630014],
    [40, 0.054076],
    [50, 0.0539718],
    [60, 0.0527957],
    [70, 0.0498782],
    [80, 0.0449522],
    [100, 0.0386871],
    [120, 0.0342232],
    [140, 0.0308055],
    [160, 0.0288233]
  ]
}