{
  "reaction": {
    "lhs": [
      { "state": { "particle": "e", "charge": -1 }, "count": 1 },
      {
        "state": {
          "particle": "H2",
          "charge": 0,
          "descriptor": {
            "type": 1,
            "accuracy": 2,
            "e": "X",
            "Lambda": 0,
            "S": 0,
            "parity": "g",
            "v": 11
          }
        },
        "count": 1
      }
    ],
    "rhs": [
      { "state": { "particle": "e", "charge": -1 }, "count": 1 },
      {
        "state": {
          "particle": "H2",
          "charge": 0,
          "descriptor": { "type": 1, "accuracy": 2, "e": "g", "Lambda": 0, "S": 1, "parity": "g", "v": 5 }
        },
        "count": 1
      }
    ],
    "type_tags": ["Electronic", "Vibrational"],
    "reversible": false
  },
  "threshold": 11.083,
  "data": [
    [11.083, 0],
    [12, 0.000107277],
    [13, 0.000122636],
    [14, 0.0000387261],
    [15, 0.00000247138],
    [16, 0.0000185859],
    [17, 0.0000408329],
    [18, 0.0000504448],
    [19, 0.0000554463],
    [20, 0.0000568814],
    [22, 0.0000537962],
    [25, 0.000041268],
    [30, 0.000018888],
    [40, 0.00000274925],
    [50, 0.00000423726],
    [60, 0.00000572527],
    [70, 0.00000330823],
    [80, 8.91194e-7],
    [100, 0.00000109501],
    [120, 0.00000129882],
    [140, 0.00000126916],
    [160, 0.00000118717]
  ]
}