{
  "reaction": {
    "lhs": [
      { "state": { "particle": "e", "charge": -1 }, "count": 1 },
      {
        "state": {
          "particle": "H2",
          "charge": 0,
          "descriptor": {
            "type": 1,
            "accuracy": 2,
            "e": "X",
            "Lambda": 0,
            "S": 0,
            "parity": "g",
            "v": 11
          }
        },
        "count": 1
      }
    ],
    "rhs": [
      { "state": { "particle": "e", "charge": -1 }, "count": 1 },
      {
        "state": {
          "particle": "H2",
          "charge": 0,
          "descriptor": {
            "type": 1,
            "accuracy": 2,
            "e": "B",
            "Lambda": 0,
            "S": 0,
            "parity": "u",
            "v": 33
          }
        },
        "count": 1
      }
    ],
    "type_tags": ["Electronic", "Vibrational"],
    "reversible": false
  },
  "threshold": 10.5294,
  "data": [
    [10.5294, 0],
    [11, 0.000989326],
    [12, 0.00217527],
    [13, 0.0031482],
    [14, 0.00395536],
    [15, 0.004632],
    [16, 0.00518983],
    [17, 0.00564171],
    [18, 0.00600063],
    [19, 0.00627957],
    [20, 0.0064915],
    [22, 0.00676627],
    [25, 0.00700075],
    [30, 0.00743122],
    [40, 0.00788868],
    [50, 0.007879],
    [60, 0.00775071],
    [70, 0.00757944],
    [80, 0.00737336],
    [100, 0.0068688],
    [120, 0.00631948],
    [140, 0.00581133],
    [160, 0.00535817]
  ]
}