{
  "reaction": {
    "lhs": [
      { "state": { "particle": "e", "charge": -1 }, "count": 1 },
      {
        "state": {
          "particle": "H2",
          "charge": 0,
          "descriptor": {
            "type": 1,
            "accuracy": 2,
            "e": "X",
            "Lambda": 0,
            "S": 0,
            "parity": "g",
            "v": 11
          }
        },
        "count": 1
      }
    ],
    "rhs": [
      { "state": { "particle": "e", "charge": -1 }, "count": 1 },
      {
        "state": {
          "particle": "H2",
          "charge": 0,
          "descriptor": {
            "type": 1,
            "accuracy": 2,
            "e": "EF",
            "Lambda": 0,
            "S": 0,
            "parity": "g",
            "v": 25
          }
        },
        "count": 1
      }
    ],
    "type_tags": ["Electronic", "Vibrational"],
    "reversible": false
  },
  "threshold": 10.2605,
  "data": [
    [10.2605, 0],
    [11, 0.00232009],
    [12, 0.00352958],
    [13, 0.00371584],
    [14, 0.00435025],
    [15, 0.00475086],
    [16, 0.00497655],
    [17, 0.00515495],
    [18, 0.00506278],
    [19, 0.00509813],
    [20, 0.00517655],
    [22, 0.00513401],
    [25, 0.00490009],
    [30, 0.00453588],
    [40, 0.00386122],
    [50, 0.00358433],
    [60, 0.00344447],
    [70, 0.00319291],
    [80, 0.00297592],
    [100, 0.0025009],
    [120, 0.00207184],
    [140, 0.00181483],
    [160, 0.00160443]
  ]
}