{
  "reaction": {
    "lhs": [
      { "state": { "particle": "e", "charge": -1 }, "count": 1 },
      {
        "state": {
          "particle": "H2",
          "charge": 0,
          "descriptor": {
            "type": 1,
            "accuracy": 2,
            "e": "X",
            "Lambda": 0,
            "S": 0,
            "parity": "g",
            "v": 11
          }
        },
        "count": 1
      }
    ],
    "rhs": [
      { "state": { "particle": "e", "charge": -1 }, "count": 1 },
      {
        "state": {
          "particle": "H2",
          "charge": 0,
          "descriptor": {
            "type": 1,
            "accuracy": 2,
            "e": "H",
            "Lambda": 0,
            "S": 0,
            "parity": "g",
            "v": 37
          }
        },
        "count": 1
      }
    ],
    "type_tags": ["Electronic", "Vibrational"],
    "reversible": false
  },
  "threshold": 12.0138,
  "data": [
    [12.0138, 0],
    [13, 0.0000633094],
    [14, 0.0000924832],
    [15, 0.000106435],
    [16, 0.000109059],
    [17, 0.000116331],
    [18, 0.000128971],
    [19, 0.000144101],
    [20, 0.000158127],
    [22, 0.000177085],
    [25, 0.000180156],
    [30, 0.000151668],
    [40, 0.000122116],
    [50, 0.000109229],
    [60, 0.0000984417],
    [70, 0.0000895514],
    [80, 0.0000818734],
    [100, 0.0000657204],
    [120, 0.0000545754],
    [140, 0.0000463181],
    [160, 0.0000415022]
  ]
}