{
  "reaction": {
    "lhs": [
      { "state": { "particle": "e", "charge": -1 }, "count": 1 },
      {
        "state": {
          "particle": "H2",
          "charge": 0,
          "descriptor": {
            "type": 1,
            "accuracy": 2,
            "e": "X",
            "Lambda": 0,
            "S": 0,
            "parity": "g",
            "v": 11
          }
        },
        "count": 1
      }
    ],
    "rhs": [
      { "state": { "particle": "e", "charge": -1 }, "count": 1 },
      {
        "state": {
          "particle": "H2",
          "charge": 0,
          "descriptor": {
            "type": 1,
            "accuracy": 2,
            "e": "H",
            "Lambda": 0,
            "S": 0,
            "parity": "g",
            "v": 28
          }
        },
        "count": 1
      }
    ],
    "type_tags": ["Electronic", "Vibrational"],
    "reversible": false
  },
  "threshold": 11.7851,
  "data": [
    [11.7851, 0],
    [12, 0.0000450886],
    [13, 0.000119694],
    [14, 0.000144827],
    [15, 0.000139149],
    [16, 0.000135356],
    [17, 0.000138221],
    [18, 0.000148058],
    [19, 0.00015976],
    [20, 0.000174659],
    [22, 0.000214142],
    [25, 0.000216191],
    [30, 0.000131098],
    [40, 0.000101199],
    [50, 0.000105873],
    [60, 0.000088495],
    [70, 0.0000654326],
    [80, 0.0000497058],
    [100, 0.0000363633],
    [120, 0.000028004],
    [140, 0.0000231602],
    [160, 0.0000209271]
  ]
}