{
  "reaction": {
    "lhs": [
      { "state": { "particle": "e", "charge": -1 }, "count": 1 },
      {
        "state": {
          "particle": "H2",
          "charge": 0,
          "descriptor": {
            "type": 1,
            "accuracy": 2,
            "e": "X",
            "Lambda": 0,
            "S": 0,
            "parity": "g",
            "v": 11
          }
        },
        "count": 1
      }
    ],
    "rhs": [
      { "state": { "particle": "e", "charge": -1 }, "count": 1 },
      {
        "state": {
          "particle": "H2",
          "charge": 0,
          "descriptor": { "type": 1, "accuracy": 2, "e": "g", "Lambda": 0, "S": 1, "parity": "g", "v": 6 }
        },
        "count": 1
      }
    ],
    "type_tags": ["Electronic", "Vibrational"],
    "reversible": false
  },
  "threshold": 11.2906,
  "data": [
    [11.2906, 0],
    [12, 0.0197967],
    [13, 0.0192421],
    [14, 0.013552],
    [15, 0.0083962],
    [16, 0.00786211],
    [17, 0.00776899],
    [18, 0.00734071],
    [19, 0.00650663],
    [20, 0.00577151],
    [22, 0.0048003],
    [25, 0.00357202],
    [30, 0.00208209],
    [40, 0.0011003],
    [50, 0.000744307],
    [60, 0.00059577],
    [70, 0.000419098],
    [80, 0.000291837],
    [100, 0.000136725],
    [120, 0.0000733559],
    [140, 0.0000528812],
    [160, 0.0000372018]
  ]
}