{
  "reaction": {
    "lhs": [
      { "state": { "particle": "e", "charge": -1 }, "count": 1 },
      {
        "state": {
          "particle": "H2",
          "charge": 0,
          "descriptor": {
            "type": 1,
            "accuracy": 2,
            "e": "X",
            "Lambda": 0,
            "S": 0,
            "parity": "g",
            "v": 11
          }
        },
        "count": 1
      }
    ],
    "rhs": [
      { "state": { "particle": "e", "charge": -1 }, "count": 1 },
      {
        "state": {
          "particle": "H2",
          "charge": 0,
          "descriptor": {
            "type": 1,
            "accuracy": 2,
            "e": "H",
            "Lambda": 0,
            "S": 0,
            "parity": "g",
            "v": 33
          }
        },
        "count": 1
      }
    ],
    "type_tags": ["Electronic", "Vibrational"],
    "reversible": false
  },
  "threshold": 11.9094,
  "data": [
    [11.9094, 0],
    [12, 0.00000640754],
    [13, 0.00000583632],
    [14, 0.00000705591],
    [15, 0.00000856359],
    [16, 0.00000855194],
    [17, 0.00000924624],
    [18, 0.0000106458],
    [19, 0.0000129644],
    [20, 0.0000150117],
    [22, 0.0000153082],
    [25, 0.0000160527],
    [30, 0.0000195169],
    [40, 0.0000165034],
    [50, 0.000013005],
    [60, 0.0000123665],
    [70, 0.0000128459],
    [80, 0.0000129082],
    [100, 0.0000109092],
    [120, 0.00000941947],
    [140, 0.00000801282],
    [160, 0.00000719299]
  ]
}