{
  "reaction": {
    "lhs": [
      { "state": { "particle": "e", "charge": -1 }, "count": 1 },
      {
        "state": {
          "particle": "H2",
          "charge": 0,
          "descriptor": {
            "type": 1,
            "accuracy": 2,
            "e": "X",
            "Lambda": 0,
            "S": 0,
            "parity": "g",
            "v": 11
          }
        },
        "count": 1
      }
    ],
    "rhs": [
      { "state": { "particle": "e", "charge": -1 }, "count": 1 },
      {
        "state": {
          "particle": "H2",
          "charge": 0,
          "descriptor": {
            "type": 1,
            "accuracy": 2,
            "e": "g",
            "Lambda": 0,
            "S": 1,
            "parity": "g",
            "v": 18
          }
        },
        "count": 1
      }
    ],
    "type_tags": ["Electronic", "Vibrational"],
    "reversible": false
  },
  "threshold": 12.49,
  "data": [
    [12.49, 0],
    [13, 0.0000062975],
    [14, 0.00000902406],
    [15, 0.00000439133],
    [16, 0.00000289013],
    [17, 0.00000266272],
    [18, 0.00000266247],
    [19, 0.00000266341],
    [20, 0.00000266406],
    [22, 0.000002536],
    [25, 0.0000020205],
    [30, 0.0000011352],
    [40, 7.30145e-7],
    [50, 4.74445e-7],
    [60, 3.0703e-7],
    [70, 2.34489e-7],
    [80, 2.03197e-7],
    [100, 8.67334e-8],
    [120, 1.69384e-8],
    [140, 1.23542e-8],
    [160, 8.7999e-9]
  ]
}