{
  "reaction": {
    "lhs": [
      { "state": { "particle": "e", "charge": -1 }, "count": 1 },
      {
        "state": {
          "particle": "H2",
          "charge": 0,
          "descriptor": {
            "type": 1,
            "accuracy": 2,
            "e": "X",
            "Lambda": 0,
            "S": 0,
            "parity": "g",
            "v": 11
          }
        },
        "count": 1
      }
    ],
    "rhs": [
      { "state": { "particle": "e", "charge": -1 }, "count": 1 },
      {
        "state": {
          "particle": "H2",
          "charge": 0,
          "descriptor": { "type": 1, "accuracy": 2, "e": "a", "Lambda": 0, "S": 1, "parity": "g", "v": 9 }
        },
        "count": 1
      }
    ],
    "type_tags": ["Electronic", "Vibrational"],
    "reversible": false
  },
  "threshold": 9.94842,
  "data": [
    [9.94842, 0],
    [10, 0.000522368],
    [11, 0.0101902],
    [12, 0.0102977],
    [13, 0.00795936],
    [14, 0.00616137],
    [15, 0.00503574],
    [16, 0.0042479],
    [17, 0.00367709],
    [18, 0.00332072],
    [19, 0.00310496],
    [20, 0.0029046],
    [22, 0.0024136],
    [25, 0.00166749],
    [30, 0.000791809],
    [40, 0.000489356],
    [50, 0.000337475],
    [60, 0.000202764],
    [70, 0.00014226],
    [80, 0.000112396],
    [100, 0.0000565035],
    [120, 0.0000294594],
    [140, 0.0000221698],
    [160, 0.0000165816]
  ]
}