{
  "reaction": {
    "lhs": [
      { "state": { "particle": "e", "charge": -1 }, "count": 1 },
      {
        "state": {
          "particle": "H2",
          "charge": 0,
          "descriptor": {
            "type": 1,
            "accuracy": 2,
            "e": "X",
            "Lambda": 0,
            "S": 0,
            "parity": "g",
            "v": 11
          }
        },
        "count": 1
      }
    ],
    "rhs": [
      { "state": { "particle": "e", "charge": -1 }, "count": 1 },
      {
        "state": {
          "particle": "H2",
          "charge": 0,
          "descriptor": {
            "type": 1,
            "accuracy": 2,
            "e": "H",
            "Lambda": 0,
            "S": 0,
            "parity": "g",
            "v": 54
          }
        },
        "count": 1
      }
    ],
    "type_tags": ["Electronic", "Vibrational"],
    "reversible": false
  },
  "threshold": 12.4268,
  "data": [
    [12.4268, 0],
    [13, 0.0000719267],
    [14, 0.000128333],
    [15, 0.00015199],
    [16, 0.000150659],
    [17, 0.000144657],
    [18, 0.000142067],
    [19, 0.000142385],
    [20, 0.000142645],
    [22, 0.000141199],
    [25, 0.000140673],
    [30, 0.000140123],
    [40, 0.000115544],
    [50, 0.000102327],
    [60, 0.000102408],
    [70, 0.00010083],
    [80, 0.0000890559],
    [100, 0.000073123],
    [120, 0.0000602679],
    [140, 0.0000522723],
    [160, 0.0000465191]
  ]
}