{
  "reaction": {
    "lhs": [
      { "state": { "particle": "e", "charge": -1 }, "count": 1 },
      {
        "state": {
          "particle": "H2",
          "charge": 0,
          "descriptor": {
            "type": 1,
            "accuracy": 2,
            "e": "X",
            "Lambda": 0,
            "S": 0,
            "parity": "g",
            "v": 11
          }
        },
        "count": 1
      }
    ],
    "rhs": [
      { "state": { "particle": "e", "charge": -1 }, "count": 1 },
      {
        "state": {
          "particle": "H2",
          "charge": 0,
          "descriptor": {
            "type": 1,
            "accuracy": 2,
            "e": "Bp",
            "Lambda": 0,
            "S": 0,
            "parity": "u",
            "v": 2
          }
        },
        "count": 1
      }
    ],
    "type_tags": ["Electronic", "Vibrational"],
    "reversible": false
  },
  "threshold": 10.0653,
  "data": [
    [10.0653, 0],
    [11, 0.0000120441],
    [12, 0.00000876436],
    [13, 0.00000419409],
    [14, 0.00000125774],
    [15, 7.91932e-8],
    [16, 3.19597e-8],
    [17, 9.40341e-8],
    [18, 2.98646e-7],
    [19, 3.2308e-7],
    [20, 2.29472e-7],
    [22, 4.72232e-8],
    [25, 4.08522e-9],
    [30, 3.13526e-8],
    [40, 2.67994e-9],
    [50, 2.29425e-9],
    [60, 9.43472e-9],
    [70, 1.38617e-8],
    [80, 1.0849e-8],
    [100, 4.33838e-9],
    [120, 4.33838e-9],
    [140, 4.33838e-9],
    [160, 4.33838e-9]
  ]
}