{
  "reaction": {
    "lhs": [
      { "state": { "particle": "e", "charge": -1 }, "count": 1 },
      {
        "state": {
          "particle": "H2",
          "charge": 0,
          "descriptor": {
            "type": 1,
            "accuracy": 2,
            "e": "X",
            "Lambda": 0,
            "S": 0,
            "parity": "g",
            "v": 11
          }
        },
        "count": 1
      }
    ],
    "rhs": [
      { "state": { "particle": "e", "charge": -1 }, "count": 1 },
      {
        "state": {
          "particle": "H2",
          "charge": 0,
          "descriptor": {
            "type": 1,
            "accuracy": 2,
            "e": "c",
            "Lambda": 1,
            "S": 1,
            "parity": "u",
            "v": 15
          }
        },
        "count": 1
      }
    ],
    "type_tags": ["Electronic", "Vibrational"],
    "reversible": false
  },
  "threshold": 10.4994,
  "data": [
    [10.4994, 0],
    [11, 0.00339096],
    [12, 0.00537148],
    [13, 0.00480196],
    [14, 0.00420507],
    [15, 0.00348312],
    [16, 0.00309963],
    [17, 0.00283185],
    [18, 0.00254311],
    [19, 0.00227655],
    [20, 0.00205459],
    [22, 0.00170754],
    [25, 0.00130217],
    [30, 0.000801665],
    [40, 0.00022605],
    [50, 0.00012925],
    [60, 0.000110201],
    [70, 0.0000815829],
    [80, 0.0000520679],
    [100, 0.000025009],
    [120, 0.0000147897],
    [140, 0.0000106241],
    [160, 0.0000074442]
  ]
}