{
  "reaction": {
    "lhs": [
      { "state": { "particle": "e", "charge": -1 }, "count": 1 },
      {
        "state": {
          "particle": "H2",
          "charge": 0,
          "descriptor": {
            "type": 1,
            "accuracy": 2,
            "e": "X",
            "Lambda": 0,
            "S": 0,
            "parity": "g",
            "v": 11
          }
        },
        "count": 1
      }
    ],
    "rhs": [
      { "state": { "particle": "e", "charge": -1 }, "count": 1 },
      {
        "state": {
          "particle": "H2",
          "charge": 0,
          "descriptor": { "type": 1, "accuracy": 2, "e": "g", "Lambda": 0, "S": 1, "parity": "g", "v": 3 }
        },
        "count": 1
      }
    ],
    "type_tags": ["Electronic", "Vibrational"],
    "reversible": false
  },
  "threshold": 10.6226,
  "data": [
    [10.6226, 0],
    [11, 0.0000645039],
    [12, 0.00000688047],
    [13, 0.0000187885],
    [14, 4.39036e-8],
    [15, 1.80291e-10],
    [16, 4.25761e-7],
    [17, 0.00000201382],
    [18, 0.00000588065],
    [19, 0.0000106262],
    [20, 0.0000129431],
    [22, 0.0000116227],
    [25, 0.00000659517],
    [30, 2.47238e-7],
    [40, 4.10742e-7],
    [50, 2.27845e-7],
    [60, 4.49475e-8],
    [70, 5.44489e-8],
    [80, 6.39504e-8],
    [100, 3.19759e-8],
    [120, 1.46163e-12],
    [140, 2.30921e-10],
    [160, 8.65307e-10]
  ]
}