{
  "reaction": {
    "lhs": [
      { "state": { "particle": "e", "charge": -1 }, "count": 1 },
      {
        "state": {
          "particle": "H2",
          "charge": 0,
          "descriptor": {
            "type": 1,
            "accuracy": 2,
            "e": "X",
            "Lambda": 0,
            "S": 0,
            "parity": "g",
            "v": 11
          }
        },
        "count": 1
      }
    ],
    "rhs": [
      { "state": { "particle": "e", "charge": -1 }, "count": 1 },
      {
        "state": {
          "particle": "H2",
          "charge": 0,
          "descriptor": {
            "type": 1,
            "accuracy": 2,
            "e": "B",
            "Lambda": 0,
            "S": 0,
            "parity": "u",
            "v": 17
          }
        },
        "count": 1
      }
    ],
    "type_tags": ["Electronic", "Vibrational"],
    "reversible": false
  },
  "threshold": 9.34056,
  "data": [
    [9.34056, 0],
    [10, 0.000199502],
    [11, 0.000386951],
    [12, 0.000526838],
    [13, 0.00064135],
    [14, 0.000731356],
    [15, 0.000795413],
    [16, 0.000836675],
    [17, 0.000858746],
    [18, 0.000863247],
    [19, 0.000856136],
    [20, 0.00083841],
    [22, 0.000786297],
    [25, 0.000714268],
    [30, 0.000712989],
    [40, 0.000726212],
    [50, 0.000733233],
    [60, 0.000720095],
    [70, 0.000689645],
    [80, 0.000650157],
    [100, 0.000587337],
    [120, 0.000542982],
    [140, 0.000503921],
    [160, 0.000467498]
  ]
}