{
  "reaction": {
    "lhs": [
      { "state": { "particle": "e", "charge": -1 }, "count": 1 },
      {
        "state": {
          "particle": "H2",
          "charge": 0,
          "descriptor": {
            "type": 1,
            "accuracy": 2,
            "e": "X",
            "Lambda": 0,
            "S": 0,
            "parity": "g",
            "v": 11
          }
        },
        "count": 1
      }
    ],
    "rhs": [
      { "state": { "particle": "e", "charge": -1 }, "count": 1 },
      {
        "state": {
          "particle": "H2",
          "charge": 0,
          "descriptor": { "type": 1, "accuracy": 2, "e": "e", "Lambda": 0, "S": 1, "parity": "u", "v": 6 }
        },
        "count": 1
      }
    ],
    "type_tags": ["Electronic", "Vibrational"],
    "reversible": false
  },
  "threshold": 10.4161,
  "data": [
    [10.4161, 0],
    [11, 0.0557211],
    [12, 0.0556697],
    [13, 0.0553106],
    [14, 0.0479843],
    [15, 0.0404543],
    [16, 0.0378409],
    [17, 0.0371262],
    [18, 0.0345357],
    [19, 0.0304051],
    [20, 0.0269639],
    [22, 0.0228874],
    [25, 0.0186281],
    [30, 0.013773],
    [40, 0.00774442],
    [50, 0.0049323],
    [60, 0.00337596],
    [70, 0.00212648],
    [80, 0.00136511],
    [100, 0.000625701],
    [120, 0.000437834],
    [140, 0.000319248],
    [160, 0.00022898]
  ]
}