{
  "reaction": {
    "lhs": [
      { "state": { "particle": "e", "charge": -1 }, "count": 1 },
      {
        "state": {
          "particle": "H2",
          "charge": 0,
          "descriptor": {
            "type": 1,
            "accuracy": 2,
            "e": "X",
            "Lambda": 0,
            "S": 0,
            "parity": "g",
            "v": 11
          }
        },
        "count": 1
      }
    ],
    "rhs": [
      { "state": { "particle": "e", "charge": -1 }, "count": 1 },
      {
        "state": {
          "particle": "H2",
          "charge": 0,
          "descriptor": {
            "type": 1,
            "accuracy": 2,
            "e": "H",
            "Lambda": 0,
            "S": 0,
            "parity": "g",
            "v": 59
          }
        },
        "count": 1
      }
    ],
    "type_tags": ["Electronic", "Vibrational"],
    "reversible": false
  },
  "threshold": 12.4786,
  "data": [
    [12.4786, 0],
    [13, 0.0000348585],
    [14, 0.0000640923],
    [15, 0.0000749095],
    [16, 0.0000713519],
    [17, 0.0000653547],
    [18, 0.0000614983],
    [19, 0.0000598018],
    [20, 0.0000581945],
    [22, 0.0000531728],
    [25, 0.0000524529],
    [30, 0.0000605534],
    [40, 0.0000511145],
    [50, 0.000045318],
    [60, 0.0000487404],
    [70, 0.0000502525],
    [80, 0.0000436616],
    [100, 0.0000365537],
    [120, 0.0000301331],
    [140, 0.0000262387],
    [160, 0.0000235637]
  ]
}