{
  "reaction": {
    "lhs": [
      { "state": { "particle": "e", "charge": -1 }, "count": 1 },
      {
        "state": {
          "particle": "H2",
          "charge": 0,
          "descriptor": {
            "type": 1,
            "accuracy": 2,
            "e": "X",
            "Lambda": 0,
            "S": 0,
            "parity": "g",
            "v": 11
          }
        },
        "count": 1
      }
    ],
    "rhs": [
      { "state": { "particle": "e", "charge": -1 }, "count": 1 },
      {
        "state": {
          "particle": "H2",
          "charge": 0,
          "descriptor": {
            "type": 1,
            "accuracy": 2,
            "e": "D",
            "Lambda": 1,
            "S": 0,
            "parity": "u",
            "v": 11
          }
        },
        "count": 1
      }
    ],
    "type_tags": ["Electronic", "Vibrational"],
    "reversible": false
  },
  "threshold": 12.1196,
  "data": [
    [12.1196, 0],
    [13, 0.00179537],
    [14, 0.00273099],
    [15, 0.00319784],
    [16, 0.00357539],
    [17, 0.00405724],
    [18, 0.00463877],
    [19, 0.00525404],
    [20, 0.00583045],
    [22, 0.00670562],
    [25, 0.0075563],
    [30, 0.0086747],
    [40, 0.0105425],
    [50, 0.0118175],
    [60, 0.0126459],
    [70, 0.0128265],
    [80, 0.0125969],
    [100, 0.0120043],
    [120, 0.0112668],
    [140, 0.0105599],
    [160, 0.00993588]
  ]
}