{
  "reaction": {
    "lhs": [
      { "state": { "particle": "e", "charge": -1 }, "count": 1 },
      {
        "state": {
          "particle": "H2",
          "charge": 0,
          "descriptor": {
            "type": 1,
            "accuracy": 2,
            "e": "X",
            "Lambda": 0,
            "S": 0,
            "parity": "g",
            "v": 11
          }
        },
        "count": 1
      }
    ],
    "rhs": [
      { "state": { "particle": "e", "charge": -1 }, "count": 1 },
      {
        "state": {
          "particle": "H2",
          "charge": 0,
          "descriptor": {
            "type": 1,
            "accuracy": 2,
            "e": "J",
            "Lambda": 2,
            "S": 0,
            "parity": "g",
            "v": 16
          }
        },
        "count": 1
      }
    ],
    "type_tags": ["Electronic", "Vibrational"],
    "reversible": false
  },
  "threshold": 12.4275,
  "data": [
    [12.4275, 0],
    [13, 0.00000135851],
    [14, 6.9513e-10],
    [15, 6.57621e-7],
    [16, 0.00000530672],
    [17, 0.00000103896],
    [18, 7.49698e-7],
    [19, 0.00000104018],
    [20, 0.00000219136],
    [22, 0.00000228067],
    [25, 0.00000234349],
    [30, 0.00000198705],
    [40, 0.00000166236],
    [50, 0.00000187828],
    [60, 0.00000158993],
    [70, 0.00000115982],
    [80, 9.51986e-7],
    [100, 6.22147e-7],
    [120, 5.3202e-7],
    [140, 4.49618e-7],
    [160, 3.93138e-7]
  ]
}