{
  "reaction": {
    "lhs": [
      { "state": { "particle": "e", "charge": -1 }, "count": 1 },
      {
        "state": {
          "particle": "H2",
          "charge": 0,
          "descriptor": {
            "type": 1,
            "accuracy": 2,
            "e": "X",
            "Lambda": 0,
            "S": 0,
            "parity": "g",
            "v": 11
          }
        },
        "count": 1
      }
    ],
    "rhs": [
      { "state": { "particle": "e", "charge": -1 }, "count": 1 },
      {
        "state": {
          "particle": "H2",
          "charge": 0,
          "descriptor": {
            "type": 1,
            "accuracy": 2,
            "e": "C",
            "Lambda": 1,
            "S": 0,
            "parity": "u",
            "v": 13
          }
        },
        "count": 1
      }
    ],
    "type_tags": ["Electronic", "Vibrational"],
    "reversible": false
  },
  "threshold": 10.5988,
  "data": [
    [10.5988, 0],
    [11, 0.000329128],
    [12, 0.000844382],
    [13, 0.00123317],
    [14, 0.00151366],
    [15, 0.00175252],
    [16, 0.00200178],
    [17, 0.00228128],
    [18, 0.00257497],
    [19, 0.00285608],
    [20, 0.00311035],
    [22, 0.00352973],
    [25, 0.00395435],
    [30, 0.00434286],
    [40, 0.0048504],
    [50, 0.00514676],
    [60, 0.00532345],
    [70, 0.0053204],
    [80, 0.00520252],
    [100, 0.0049081],
    [120, 0.00457163],
    [140, 0.00425963],
    [160, 0.00398744]
  ]
}