{
  "reaction": {
    "lhs": [
      { "state": { "particle": "e", "charge": -1 }, "count": 1 },
      {
        "state": {
          "particle": "H2",
          "charge": 0,
          "descriptor": {
            "type": 1,
            "accuracy": 2,
            "e": "X",
            "Lambda": 0,
            "S": 0,
            "parity": "g",
            "v": 11
          }
        },
        "count": 1
      }
    ],
    "rhs": [
      { "state": { "particle": "e", "charge": -1 }, "count": 1 },
      {
        "state": {
          "particle": "H2",
          "charge": 0,
          "descriptor": { "type": 1, "accuracy": 2, "e": "g", "Lambda": 0, "S": 1, "parity": "g", "v": 1 }
        },
        "count": 1
      }
    ],
    "type_tags": ["Electronic", "Vibrational"],
    "reversible": false
  },
  "threshold": 10.0995,
  "data": [
    [10.0995, 0],
    [11, 0.00000152368],
    [12, 3.12997e-8],
    [13, 2.00827e-9],
    [14, 0.00000256233],
    [15, 0.00000192367],
    [16, 0.00000235959],
    [17, 0.00000279551],
    [18, 0.00000217346],
    [19, 0.00000100026],
    [20, 3.15329e-7],
    [22, 1.6186e-7],
    [25, 4.00824e-8],
    [30, 6.63887e-10],
    [40, 7.32516e-8],
    [50, 4.85249e-8],
    [60, 1.48637e-8],
    [70, 3.96456e-9],
    [80, 1.77555e-9],
    [100, 1.25705e-9],
    [120, 1.17705e-9],
    [140, 1.14015e-9],
    [160, 1.07435e-9]
  ]
}