{
  "reaction": {
    "lhs": [
      { "state": { "particle": "e", "charge": -1 }, "count": 1 },
      {
        "state": {
          "particle": "H2",
          "charge": 0,
          "descriptor": {
            "type": 1,
            "accuracy": 2,
            "e": "X",
            "Lambda": 0,
            "S": 0,
            "parity": "g",
            "v": 11
          }
        },
        "count": 1
      }
    ],
    "rhs": [
      { "state": { "particle": "e", "charge": -1 }, "count": 1 },
      {
        "state": {
          "particle": "H2",
          "charge": 0,
          "descriptor": {
            "type": 1,
            "accuracy": 2,
            "e": "d",
            "Lambda": 1,
            "S": 1,
            "parity": "u",
            "v": 11
          }
        },
        "count": 1
      }
    ],
    "type_tags": ["Electronic", "Vibrational"],
    "reversible": false
  },
  "threshold": 12.0345,
  "data": [
    [12.0345, 0],
    [13, 0.00455408],
    [14, 0.00373714],
    [15, 0.00331288],
    [16, 0.00296893],
    [17, 0.00268458],
    [18, 0.00246218],
    [19, 0.00228255],
    [20, 0.00212702],
    [22, 0.00184384],
    [25, 0.00147574],
    [30, 0.00099177],
    [40, 0.000471736],
    [50, 0.000305505],
    [60, 0.000253322],
    [70, 0.000178639],
    [80, 0.000125631],
    [100, 0.0000618634],
    [120, 0.000035596],
    [140, 0.0000255474],
    [160, 0.0000178764]
  ]
}