{
  "reaction": {
    "lhs": [
      { "state": { "particle": "e", "charge": -1 }, "count": 1 },
      {
        "state": {
          "particle": "H2",
          "charge": 0,
          "descriptor": {
            "type": 1,
            "accuracy": 2,
            "e": "X",
            "Lambda": 0,
            "S": 0,
            "parity": "g",
            "v": 11
          }
        },
        "count": 1
      }
    ],
    "rhs": [
      { "state": { "particle": "e", "charge": -1 }, "count": 1 },
      {
        "state": {
          "particle": "H2",
          "charge": 0,
          "descriptor": { "type": 1, "accuracy": 2, "e": "H", "Lambda": 0, "S": 0, "parity": "g", "v": 1 }
        },
        "count": 1
      }
    ],
    "type_tags": ["Electronic", "Vibrational"],
    "reversible": false
  },
  "threshold": 10.2082,
  "data": [
    [10.2082, 0],
    [11, 0.0000057006],
    [12, 0.00000755902],
    [13, 0.00000592014],
    [14, 0.00000351056],
    [15, 0.00000167795],
    [16, 7.71792e-7],
    [17, 5.0476e-7],
    [18, 3.47912e-7],
    [19, 1.74482e-7],
    [20, 8.83529e-8],
    [22, 1.78337e-7],
    [25, 2.43281e-7],
    [30, 1.07652e-7],
    [40, 2.03652e-7],
    [50, 2.45349e-7],
    [60, 1.2852e-7],
    [70, 1.3154e-8],
    [80, 2.71705e-9],
    [100, 3.90892e-9],
    [120, 6.1575e-9],
    [140, 6.15448e-9],
    [160, 6.88489e-9]
  ]
}