{
  "reaction": {
    "lhs": [
      { "state": { "particle": "e", "charge": -1 }, "count": 1 },
      {
        "state": {
          "particle": "H2",
          "charge": 0,
          "descriptor": {
            "type": 1,
            "accuracy": 2,
            "e": "X",
            "Lambda": 0,
            "S": 0,
            "parity": "g",
            "v": 11
          }
        },
        "count": 1
      }
    ],
    "rhs": [
      { "state": { "particle": "e", "charge": -1 }, "count": 1 },
      {
        "state": {
          "particle": "H2",
          "charge": 0,
          "descriptor": {
            "type": 1,
            "accuracy": 2,
            "e": "B",
            "Lambda": 0,
            "S": 0,
            "parity": "u",
            "v": 24
          }
        },
        "count": 1
      }
    ],
    "type_tags": ["Electronic", "Vibrational"],
    "reversible": false
  },
  "threshold": 9.96548,
  "data": [
    [9.96548, 0],
    [10, 0.000174524],
    [11, 0.00141601],
    [12, 0.0024532],
    [13, 0.00326186],
    [14, 0.00394615],
    [15, 0.00454162],
    [16, 0.0050545],
    [17, 0.00549228],
    [18, 0.00586226],
    [19, 0.00617182],
    [20, 0.00642841],
    [22, 0.00681208],
    [25, 0.00717472],
    [30, 0.00756685],
    [40, 0.00794172],
    [50, 0.00781917],
    [60, 0.00764777],
    [70, 0.0074831],
    [80, 0.00730318],
    [100, 0.00680271],
    [120, 0.0062153],
    [140, 0.0056754],
    [160, 0.00520463]
  ]
}