{
  "reaction": {
    "lhs": [
      { "state": { "particle": "e", "charge": -1 }, "count": 1 },
      {
        "state": {
          "particle": "H2",
          "charge": 0,
          "descriptor": {
            "type": 1,
            "accuracy": 2,
            "e": "X",
            "Lambda": 0,
            "S": 0,
            "parity": "g",
            "v": 11
          }
        },
        "count": 1
      }
    ],
    "rhs": [
      { "state": { "particle": "e", "charge": -1 }, "count": 1 },
      {
        "state": {
          "particle": "H2",
          "charge": 0,
          "descriptor": { "type": 1, "accuracy": 2, "e": "C", "Lambda": 1, "S": 0, "parity": "u", "v": 7 }
        },
        "count": 1
      }
    ],
    "type_tags": ["Electronic", "Vibrational"],
    "reversible": false
  },
  "threshold": 9.87456,
  "data": [
    [9.87456, 0],
    [10, 0.053378],
    [11, 0.172196],
    [12, 0.262991],
    [13, 0.330927],
    [14, 0.386485],
    [15, 0.437784],
    [16, 0.488431],
    [17, 0.53978],
    [18, 0.592164],
    [19, 0.643029],
    [20, 0.68818],
    [22, 0.757253],
    [25, 0.83175],
    [30, 0.92761],
    [40, 1.06725],
    [50, 1.13969],
    [60, 1.16061],
    [70, 1.15211],
    [80, 1.12401],
    [100, 1.05311],
    [120, 0.976106],
    [140, 0.906117],
    [160, 0.845514]
  ]
}