{
  "reaction": {
    "lhs": [
      { "state": { "particle": "e", "charge": -1 }, "count": 1 },
      {
        "state": {
          "particle": "H2",
          "charge": 0,
          "descriptor": {
            "type": 1,
            "accuracy": 2,
            "e": "X",
            "Lambda": 0,
            "S": 0,
            "parity": "g",
            "v": 11
          }
        },
        "count": 1
      }
    ],
    "rhs": [
      { "state": { "particle": "e", "charge": -1 }, "count": 1 },
      {
        "state": {
          "particle": "H2",
          "charge": 0,
          "descriptor": {
            "type": 1,
            "accuracy": 2,
            "e": "D",
            "Lambda": 1,
            "S": 0,
            "parity": "u",
            "v": 15
          }
        },
        "count": 1
      }
    ],
    "type_tags": ["Electronic", "Vibrational"],
    "reversible": false
  },
  "threshold": 12.4433,
  "data": [
    [12.4433, 0],
    [13, 0.00000211734],
    [14, 0.00000588126],
    [15, 0.00000961876],
    [16, 0.0000133128],
    [17, 0.0000169471],
    [18, 0.0000205042],
    [19, 0.0000239672],
    [20, 0.0000273197],
    [22, 0.000033624],
    [25, 0.0000418267],
    [30, 0.0000510268],
    [40, 0.0000543031],
    [50, 0.0000581971],
    [60, 0.0000615851],
    [70, 0.0000624238],
    [80, 0.0000622211],
    [100, 0.00005995],
    [120, 0.00005648],
    [140, 0.0000531375],
    [160, 0.0000501505]
  ]
}