{
  "reaction": {
    "lhs": [
      { "state": { "particle": "e", "charge": -1 }, "count": 1 },
      {
        "state": {
          "particle": "H2",
          "charge": 0,
          "descriptor": {
            "type": 1,
            "accuracy": 2,
            "e": "X",
            "Lambda": 0,
            "S": 0,
            "parity": "g",
            "v": 11
          }
        },
        "count": 1
      }
    ],
    "rhs": [
      { "state": { "particle": "e", "charge": -1 }, "count": 1 },
      {
        "state": {
          "particle": "H2",
          "charge": 0,
          "descriptor": {
            "type": 1,
            "accuracy": 2,
            "e": "H",
            "Lambda": 0,
            "S": 0,
            "parity": "g",
            "v": 70
          }
        },
        "count": 1
      }
    ],
    "type_tags": ["Electronic", "Vibrational"],
    "reversible": false
  },
  "threshold": -27.6103,
  "data": [
    [27.6103, 0],
    [6, 0.0000114897],
    [8, 0.00000975735],
    [10, 0.00000760625],
    [11, 0.00000636636],
    [12, 0.00000501173],
    [13, 0.00000379308],
    [14, 0.00000334833],
    [15, 0.00000255243],
    [16, 0.00000140201],
    [17, 6.44355e-7],
    [18, 2.68919e-7],
    [19, 1.35968e-7],
    [20, 1.07512e-7],
    [22, 1.53519e-7],
    [25, 2.30098e-7],
    [30, 2.75101e-7],
    [40, 2.96926e-7],
    [50, 7.43278e-7],
    [60, 0.00000134179],
    [70, 0.00000157392],
    [80, 0.00000124505],
    [100, 0.00000121532],
    [120, 9.81707e-7],
    [140, 8.64458e-7],
    [160, 8.64341e-7]
  ]
}