{
  "reaction": {
    "lhs": [
      { "state": { "particle": "e", "charge": -1 }, "count": 1 },
      {
        "state": {
          "particle": "H2",
          "charge": 0,
          "descriptor": {
            "type": 1,
            "accuracy": 2,
            "e": "X",
            "Lambda": 0,
            "S": 0,
            "parity": "g",
            "v": 11
          }
        },
        "count": 1
      }
    ],
    "rhs": [
      { "state": { "particle": "e", "charge": -1 }, "count": 1 },
      {
        "state": {
          "particle": "H2",
          "charge": 0,
          "descriptor": {
            "type": 1,
            "accuracy": 2,
            "e": "C",
            "Lambda": 1,
            "S": 0,
            "parity": "u",
            "v": 11
          }
        },
        "count": 1
      }
    ],
    "type_tags": ["Electronic", "Vibrational"],
    "reversible": false
  },
  "threshold": 10.4487,
  "data": [
    [10.4487, 0],
    [11, 0.00468776],
    [12, 0.00991692],
    [13, 0.0138933],
    [14, 0.0169164],
    [15, 0.0195325],
    [16, 0.0220701],
    [17, 0.0246403],
    [18, 0.0272061],
    [19, 0.0296539],
    [20, 0.0318644],
    [22, 0.035405],
    [25, 0.0390359],
    [30, 0.0429529],
    [40, 0.0484741],
    [50, 0.0517025],
    [60, 0.0532068],
    [70, 0.0531195],
    [80, 0.0519587],
    [100, 0.0489688],
    [120, 0.0455667],
    [140, 0.0424261],
    [160, 0.0396924]
  ]
}