{
  "reaction": {
    "lhs": [
      { "state": { "particle": "e", "charge": -1 }, "count": 1 },
      {
        "state": {
          "particle": "H2",
          "charge": 0,
          "descriptor": {
            "type": 1,
            "accuracy": 2,
            "e": "X",
            "Lambda": 0,
            "S": 0,
            "parity": "g",
            "v": 11
          }
        },
        "count": 1
      }
    ],
    "rhs": [
      { "state": { "particle": "e", "charge": -1 }, "count": 1 },
      {
        "state": {
          "particle": "H2",
          "charge": 0,
          "descriptor": {
            "type": 1,
            "accuracy": 2,
            "e": "H",
            "Lambda": 0,
            "S": 0,
            "parity": "g",
            "v": 27
          }
        },
        "count": 1
      }
    ],
    "type_tags": ["Electronic", "Vibrational"],
    "reversible": false
  },
  "threshold": 11.7597,
  "data": [
    [11.7597, 0],
    [12, 0.0000202264],
    [13, 0.0000519402],
    [14, 0.0000634443],
    [15, 0.0000617295],
    [16, 0.0000603601],
    [17, 0.0000620288],
    [18, 0.0000666828],
    [19, 0.0000723503],
    [20, 0.0000793667],
    [22, 0.0000958953],
    [25, 0.000096804],
    [30, 0.0000624586],
    [40, 0.0000485082],
    [50, 0.0000491391],
    [60, 0.0000415433],
    [70, 0.000031721],
    [80, 0.0000246003],
    [100, 0.0000182329],
    [120, 0.0000141924],
    [140, 0.0000117639],
    [160, 0.0000106188]
  ]
}