{
  "reaction": {
    "lhs": [
      { "state": { "particle": "e", "charge": -1 }, "count": 1 },
      {
        "state": {
          "particle": "H2",
          "charge": 0,
          "descriptor": {
            "type": 1,
            "accuracy": 2,
            "e": "X",
            "Lambda": 0,
            "S": 0,
            "parity": "g",
            "v": 11
          }
        },
        "count": 1
      }
    ],
    "rhs": [
      { "state": { "particle": "e", "charge": -1 }, "count": 1 },
      {
        "state": {
          "particle": "H2",
          "charge": 0,
          "descriptor": {
            "type": 1,
            "accuracy": 2,
            "e": "GK",
            "Lambda": 0,
            "S": 0,
            "parity": "g",
            "v": 7
          }
        },
        "count": 1
      }
    ],
    "type_tags": ["Electronic", "Vibrational"],
    "reversible": false
  },
  "threshold": 10.5262,
  "data": [
    [10.5262, 0],
    [11, 0.00252965],
    [12, 0.00647189],
    [13, 0.00714006],
    [14, 0.00924918],
    [15, 0.0105082],
    [16, 0.0125063],
    [17, 0.0120073],
    [18, 0.0116522],
    [19, 0.0112683],
    [20, 0.011256],
    [22, 0.0108708],
    [25, 0.0105961],
    [30, 0.00961745],
    [40, 0.00774245],
    [50, 0.0070686],
    [60, 0.00684655],
    [70, 0.00674046],
    [80, 0.00653048],
    [100, 0.00563095],
    [120, 0.00490906],
    [140, 0.00429292],
    [160, 0.00395419]
  ]
}