{
  "reaction": {
    "lhs": [
      { "state": { "particle": "e", "charge": -1 }, "count": 1 },
      {
        "state": {
          "particle": "H2",
          "charge": 0,
          "descriptor": {
            "type": 1,
            "accuracy": 2,
            "e": "X",
            "Lambda": 0,
            "S": 0,
            "parity": "g",
            "v": 11
          }
        },
        "count": 1
      }
    ],
    "rhs": [
      { "state": { "particle": "e", "charge": -1 }, "count": 1 },
      {
        "state": {
          "particle": "H2",
          "charge": 0,
          "descriptor": {
            "type": 1,
            "accuracy": 2,
            "e": "H",
            "Lambda": 0,
            "S": 0,
            "parity": "g",
            "v": 45
          }
        },
        "count": 1
      }
    ],
    "type_tags": ["Electronic", "Vibrational"],
    "reversible": false
  },
  "threshold": 12.2308,
  "data": [
    [12.2308, 0],
    [13, 0.000138467],
    [14, 0.000222473],
    [15, 0.000259319],
    [16, 0.000264906],
    [17, 0.000271091],
    [18, 0.000285575],
    [19, 0.00030138],
    [20, 0.000315281],
    [22, 0.00034057],
    [25, 0.000342761],
    [30, 0.000290585],
    [40, 0.00023325],
    [50, 0.00021017],
    [60, 0.000194035],
    [70, 0.000178952],
    [80, 0.000161136],
    [100, 0.000129326],
    [120, 0.000106581],
    [140, 0.0000914952],
    [160, 0.0000813033]
  ]
}