{
  "reaction": {
    "lhs": [
      { "state": { "particle": "e", "charge": -1 }, "count": 1 },
      {
        "state": {
          "particle": "H2",
          "charge": 0,
          "descriptor": {
            "type": 1,
            "accuracy": 2,
            "e": "X",
            "Lambda": 0,
            "S": 0,
            "parity": "g",
            "v": 11
          }
        },
        "count": 1
      }
    ],
    "rhs": [
      { "state": { "particle": "e", "charge": -1 }, "count": 1 },
      {
        "state": {
          "particle": "H2",
          "charge": 0,
          "descriptor": {
            "type": 1,
            "accuracy": 2,
            "e": "D",
            "Lambda": 1,
            "S": 0,
            "parity": "u",
            "v": 12
          }
        },
        "count": 1
      }
    ],
    "type_tags": ["Electronic", "Vibrational"],
    "reversible": false
  },
  "threshold": 12.2272,
  "data": [
    [12.2272, 0],
    [13, 0.000761613],
    [14, 0.00132163],
    [15, 0.0016696],
    [16, 0.00193062],
    [17, 0.00221118],
    [18, 0.00253798],
    [19, 0.00289494],
    [20, 0.00324389],
    [22, 0.00378478],
    [25, 0.00426189],
    [30, 0.00482726],
    [40, 0.00581504],
    [50, 0.0065103],
    [60, 0.0069461],
    [70, 0.00703254],
    [80, 0.0069314],
    [100, 0.00661605],
    [120, 0.00621458],
    [140, 0.00583191],
    [160, 0.00549269]
  ]
}