{
  "reaction": {
    "lhs": [
      { "state": { "particle": "e", "charge": -1 }, "count": 1 },
      {
        "state": {
          "particle": "H2",
          "charge": 0,
          "descriptor": {
            "type": 1,
            "accuracy": 2,
            "e": "X",
            "Lambda": 0,
            "S": 0,
            "parity": "g",
            "v": 11
          }
        },
        "count": 1
      }
    ],
    "rhs": [
      { "state": { "particle": "e", "charge": -1 }, "count": 1 },
      {
        "state": {
          "particle": "H2",
          "charge": 0,
          "descriptor": {
            "type": 1,
            "accuracy": 2,
            "e": "EF",
            "Lambda": 0,
            "S": 0,
            "parity": "g",
            "v": 5
          }
        },
        "count": 1
      }
    ],
    "type_tags": ["Electronic", "Vibrational"],
    "reversible": false
  },
  "threshold": 8.66561,
  "data": [
    [8.66561, 0],
    [10, 0.0113739],
    [11, 0.0128927],
    [12, 0.0193245],
    [13, 0.0216534],
    [14, 0.0212662],
    [15, 0.0199005],
    [16, 0.0184146],
    [17, 0.0176348],
    [18, 0.0178932],
    [19, 0.0174697],
    [20, 0.0169963],
    [22, 0.0157137],
    [25, 0.0139703],
    [30, 0.0124567],
    [40, 0.00875451],
    [50, 0.0073614],
    [60, 0.00657052],
    [70, 0.00541942],
    [80, 0.00459616],
    [100, 0.00352398],
    [120, 0.00286935],
    [140, 0.00246732],
    [160, 0.00212936]
  ]
}