{
  "reaction": {
    "lhs": [
      { "state": { "particle": "e", "charge": -1 }, "count": 1 },
      {
        "state": {
          "particle": "H2",
          "charge": 0,
          "descriptor": {
            "type": 1,
            "accuracy": 2,
            "e": "X",
            "Lambda": 0,
            "S": 0,
            "parity": "g",
            "v": 11
          }
        },
        "count": 1
      }
    ],
    "rhs": [
      { "state": { "particle": "e", "charge": -1 }, "count": 1 },
      {
        "state": {
          "particle": "H2",
          "charge": 0,
          "descriptor": { "type": 1, "accuracy": 2, "e": "D", "Lambda": 1, "S": 0, "parity": "u", "v": 1 }
        },
        "count": 1
      }
    ],
    "type_tags": ["Electronic", "Vibrational"],
    "reversible": false
  },
  "threshold": 10.1985,
  "data": [
    [10.1985, 0],
    [11, 3.44645e-7],
    [12, 3.90025e-7],
    [13, 2.61716e-7],
    [14, 1.10243e-7],
    [15, 2.19521e-8],
    [16, 2.39923e-9],
    [17, 1.05e-9],
    [18, 6.44615e-10],
    [19, 2.61193e-9],
    [20, 6.50595e-9],
    [22, 9.32275e-9],
    [25, 4.4798e-9],
    [30, 4.59191e-9],
    [40, 3.92236e-10],
    [50, 8.23283e-9],
    [60, 3.8476e-9],
    [70, 6.34257e-9],
    [80, 2.71471e-10],
    [100, 5.41947e-10],
    [120, 5.41947e-10],
    [140, 5.41947e-10],
    [160, 5.41947e-10]
  ]
}