{
  "reaction": {
    "lhs": [
      { "state": { "particle": "e", "charge": -1 }, "count": 1 },
      {
        "state": {
          "particle": "H2",
          "charge": 0,
          "descriptor": {
            "type": 1,
            "accuracy": 2,
            "e": "X",
            "Lambda": 0,
            "S": 0,
            "parity": "g",
            "v": 11
          }
        },
        "count": 1
      }
    ],
    "rhs": [
      { "state": { "particle": "e", "charge": -1 }, "count": 1 },
      {
        "state": {
          "particle": "H2",
          "charge": 0,
          "descriptor": {
            "type": 1,
            "accuracy": 2,
            "e": "B",
            "Lambda": 0,
            "S": 0,
            "parity": "u",
            "v": 14
          }
        },
        "count": 1
      }
    ],
    "type_tags": ["Electronic", "Vibrational"],
    "reversible": false
  },
  "threshold": 9.02418,
  "data": [
    [9.02418, 0],
    [10, 0.020074],
    [11, 0.032654],
    [12, 0.0414979],
    [13, 0.0479873],
    [14, 0.0533559],
    [15, 0.0579077],
    [16, 0.0617109],
    [17, 0.0648384],
    [18, 0.0673629],
    [19, 0.0693577],
    [20, 0.0708955],
    [22, 0.0728911],
    [25, 0.0742783],
    [30, 0.0756346],
    [40, 0.0765274],
    [50, 0.074806],
    [60, 0.0723574],
    [70, 0.0700071],
    [80, 0.0674922],
    [100, 0.0619377],
    [120, 0.0563217],
    [140, 0.0512902],
    [160, 0.0469216]
  ]
}