{
  "reaction": {
    "lhs": [
      { "state": { "particle": "e", "charge": -1 }, "count": 1 },
      {
        "state": {
          "particle": "H2",
          "charge": 0,
          "descriptor": {
            "type": 1,
            "accuracy": 2,
            "e": "X",
            "Lambda": 0,
            "S": 0,
            "parity": "g",
            "v": 11
          }
        },
        "count": 1
      }
    ],
    "rhs": [
      { "state": { "particle": "e", "charge": -1 }, "count": 1 },
      {
        "state": {
          "particle": "H2",
          "charge": 0,
          "descriptor": { "type": 1, "accuracy": 2, "e": "J", "Lambda": 2, "S": 0, "parity": "g", "v": 5 }
        },
        "count": 1
      }
    ],
    "type_tags": ["Electronic", "Vibrational"],
    "reversible": false
  },
  "threshold": 11.0806,
  "data": [
    [11.0806, 0],
    [12, 0.000457293],
    [13, 0.000318305],
    [14, 0.000469876],
    [15, 0.000174191],
    [16, 0.000285797],
    [17, 0.000345288],
    [18, 0.000430481],
    [19, 0.000455406],
    [20, 0.00047006],
    [22, 0.00040174],
    [25, 0.000492422],
    [30, 0.00035945],
    [40, 0.00030824],
    [50, 0.000233576],
    [60, 0.000182644],
    [70, 0.000144997],
    [80, 0.000123473],
    [100, 0.0000957069],
    [120, 0.0000815718],
    [140, 0.0000711862],
    [160, 0.0000623637]
  ]
}