{
  "reaction": {
    "lhs": [
      { "state": { "particle": "e", "charge": -1 }, "count": 1 },
      {
        "state": {
          "particle": "H2",
          "charge": 0,
          "descriptor": {
            "type": 1,
            "accuracy": 2,
            "e": "X",
            "Lambda": 0,
            "S": 0,
            "parity": "g",
            "v": 11
          }
        },
        "count": 1
      }
    ],
    "rhs": [
      { "state": { "particle": "e", "charge": -1 }, "count": 1 },
      {
        "state": {
          "particle": "H2",
          "charge": 0,
          "descriptor": { "type": 1, "accuracy": 2, "e": "e", "Lambda": 0, "S": 1, "parity": "u", "v": 3 }
        },
        "count": 1
      }
    ],
    "type_tags": ["Electronic", "Vibrational"],
    "reversible": false
  },
  "threshold": 9.86554,
  "data": [
    [9.86554, 0],
    [10, 0.00000236848],
    [11, 0.000018093],
    [12, 0.0000086683],
    [13, 5.83913e-7],
    [14, 9.52055e-7],
    [15, 0.00000302476],
    [16, 0.00000251365],
    [17, 1.92148e-7],
    [18, 1.12863e-7],
    [19, 8.36379e-8],
    [20, 7.94553e-8],
    [22, 2.33353e-7],
    [25, 8.19348e-7],
    [30, 0.00000155924],
    [40, 1.44332e-10],
    [50, 5.81737e-8],
    [60, 1.16203e-7],
    [70, 8.04498e-8],
    [80, 3.31966e-8],
    [100, 6.1883e-9],
    [120, 1.99303e-9],
    [140, 1.65953e-9],
    [160, 1.4003e-9]
  ]
}