{
  "reaction": {
    "lhs": [
      { "state": { "particle": "e", "charge": -1 }, "count": 1 },
      {
        "state": {
          "particle": "H2",
          "charge": 0,
          "descriptor": {
            "type": 1,
            "accuracy": 2,
            "e": "X",
            "Lambda": 0,
            "S": 0,
            "parity": "g",
            "v": 11
          }
        },
        "count": 1
      }
    ],
    "rhs": [
      { "state": { "particle": "e", "charge": -1 }, "count": 1 },
      {
        "state": {
          "particle": "H2",
          "charge": 0,
          "descriptor": {
            "type": 1,
            "accuracy": 2,
            "e": "J",
            "Lambda": 2,
            "S": 0,
            "parity": "g",
            "v": 13
          }
        },
        "count": 1
      }
    ],
    "type_tags": ["Electronic", "Vibrational"],
    "reversible": false
  },
  "threshold": 12.268,
  "data": [
    [12.268, 0],
    [13, 0.0000958975],
    [14, 0.000166384],
    [15, 0.000166014],
    [16, 0.000120847],
    [17, 0.000165198],
    [18, 0.000181059],
    [19, 0.000176171],
    [20, 0.000157213],
    [22, 0.000179871],
    [25, 0.000164231],
    [30, 0.000171205],
    [40, 0.00013321],
    [50, 0.000105207],
    [60, 0.0000932792],
    [70, 0.0000865875],
    [80, 0.0000795288],
    [100, 0.0000684867],
    [120, 0.0000572988],
    [140, 0.0000490069],
    [160, 0.0000428447]
  ]
}