{
  "reaction": {
    "lhs": [
      { "state": { "particle": "e", "charge": -1 }, "count": 1 },
      {
        "state": {
          "particle": "H2",
          "charge": 0,
          "descriptor": {
            "type": 1,
            "accuracy": 2,
            "e": "X",
            "Lambda": 0,
            "S": 0,
            "parity": "g",
            "v": 11
          }
        },
        "count": 1
      }
    ],
    "rhs": [
      { "state": { "particle": "e", "charge": -1 }, "count": 1 },
      {
        "state": {
          "particle": "H2",
          "charge": 0,
          "descriptor": {
            "type": 1,
            "accuracy": 2,
            "e": "H",
            "Lambda": 0,
            "S": 0,
            "parity": "g",
            "v": 39
          }
        },
        "count": 1
      }
    ],
    "type_tags": ["Electronic", "Vibrational"],
    "reversible": false
  },
  "threshold": 12.0675,
  "data": [
    [12.0675, 0],
    [13, 0.0000974176],
    [14, 0.000145416],
    [15, 0.000167018],
    [16, 0.000171201],
    [17, 0.00018098],
    [18, 0.000198297],
    [19, 0.000217874],
    [20, 0.00023584],
    [22, 0.00026365],
    [25, 0.000267472],
    [30, 0.000219894],
    [40, 0.000175953],
    [50, 0.0001591],
    [60, 0.000143332],
    [70, 0.000129462],
    [80, 0.000117509],
    [100, 0.0000939505],
    [120, 0.0000777017],
    [140, 0.0000661112],
    [160, 0.0000591048]
  ]
}