{
  "reaction": {
    "lhs": [
      { "state": { "particle": "e", "charge": -1 }, "count": 1 },
      {
        "state": {
          "particle": "H2",
          "charge": 0,
          "descriptor": {
            "type": 1,
            "accuracy": 2,
            "e": "X",
            "Lambda": 0,
            "S": 0,
            "parity": "g",
            "v": 11
          }
        },
        "count": 1
      }
    ],
    "rhs": [
      { "state": { "particle": "e", "charge": -1 }, "count": 1 },
      {
        "state": {
          "particle": "H2",
          "charge": 0,
          "descriptor": { "type": 1, "accuracy": 2, "e": "H", "Lambda": 0, "S": 0, "parity": "g", "v": 3 }
        },
        "count": 1
      }
    ],
    "type_tags": ["Electronic", "Vibrational"],
    "reversible": false
  },
  "threshold": 10.6742,
  "data": [
    [10.6742, 0],
    [11, 0.0000204056],
    [12, 0.0000270912],
    [13, 0.0000186379],
    [14, 0.00000742391],
    [15, 0.00000115694],
    [16, 9.79705e-7],
    [17, 9.19219e-7],
    [18, 0.00000154199],
    [19, 0.0000111328],
    [20, 0.0000270598],
    [22, 0.0000661843],
    [25, 0.0000755732],
    [30, 0.0000160398],
    [40, 0.00000476065],
    [50, 0.0000169374],
    [60, 0.00000973699],
    [70, 7.90304e-7],
    [80, 0.00000145818],
    [100, 7.49032e-7],
    [120, 4.56731e-7],
    [140, 1.8316e-7],
    [160, 7.25453e-9]
  ]
}