{
  "reaction": {
    "lhs": [
      { "state": { "particle": "e", "charge": -1 }, "count": 1 },
      {
        "state": {
          "particle": "H2",
          "charge": 0,
          "descriptor": {
            "type": 1,
            "accuracy": 2,
            "e": "X",
            "Lambda": 0,
            "S": 0,
            "parity": "g",
            "v": 11
          }
        },
        "count": 1
      }
    ],
    "rhs": [
      { "state": { "particle": "e", "charge": -1 }, "count": 1 },
      {
        "state": {
          "particle": "H2",
          "charge": 0,
          "descriptor": {
            "type": 1,
            "accuracy": 2,
            "e": "H",
            "Lambda": 0,
            "S": 0,
            "parity": "g",
            "v": 23
          }
        },
        "count": 1
      }
    ],
    "type_tags": ["Electronic", "Vibrational"],
    "reversible": false
  },
  "threshold": 11.6648,
  "data": [
    [11.6648, 0],
    [12, 0.0000012331],
    [13, 0.00000277638],
    [14, 0.00000343349],
    [15, 0.0000034506],
    [16, 0.0000034327],
    [17, 0.00000356169],
    [18, 0.0000038261],
    [19, 0.00000418097],
    [20, 0.00000456773],
    [22, 0.00000517623],
    [25, 0.00000520874],
    [30, 0.00000407075],
    [40, 0.00000323628],
    [50, 0.00000297095],
    [60, 0.00000259425],
    [70, 0.00000216141],
    [80, 0.00000175223],
    [100, 0.00000133458],
    [120, 0.00000106194],
    [140, 8.85836e-7],
    [160, 7.94848e-7]
  ]
}