{
  "reaction": {
    "lhs": [
      { "state": { "particle": "e", "charge": -1 }, "count": 1 },
      {
        "state": {
          "particle": "H2",
          "charge": 0,
          "descriptor": {
            "type": 1,
            "accuracy": 2,
            "e": "X",
            "Lambda": 0,
            "S": 0,
            "parity": "g",
            "v": 11
          }
        },
        "count": 1
      }
    ],
    "rhs": [
      { "state": { "particle": "e", "charge": -1 }, "count": 1 },
      {
        "state": {
          "particle": "H2",
          "charge": 0,
          "descriptor": {
            "type": 1,
            "accuracy": 2,
            "e": "H",
            "Lambda": 0,
            "S": 0,
            "parity": "g",
            "v": 68
          }
        },
        "count": 1
      }
    ],
    "type_tags": ["Electronic", "Vibrational"],
    "reversible": false
  },
  "threshold": -27.6103,
  "data": [
    [27.6103, 0],
    [6, 2.05423e-7],
    [8, 0.0000015527],
    [10, 0.00000313479],
    [11, 0.00000395267],
    [12, 0.00000496437],
    [13, 0.00000605005],
    [14, 0.00000745138],
    [15, 0.00000688006],
    [16, 0.0000048563],
    [17, 0.00000333181],
    [18, 0.00000254656],
    [19, 0.0000021151],
    [20, 0.00000169978],
    [22, 6.75994e-7],
    [25, 5.82472e-7],
    [30, 0.00000248663],
    [40, 0.00000234557],
    [50, 0.00000255736],
    [60, 0.0000039555],
    [70, 0.00000470064],
    [80, 0.00000387209],
    [100, 0.00000352324],
    [120, 0.00000288002],
    [140, 0.00000252643],
    [160, 0.00000240349]
  ]
}