{
  "reaction": {
    "lhs": [
      { "state": { "particle": "e", "charge": -1 }, "count": 1 },
      {
        "state": {
          "particle": "H2",
          "charge": 0,
          "descriptor": {
            "type": 1,
            "accuracy": 2,
            "e": "X",
            "Lambda": 0,
            "S": 0,
            "parity": "g",
            "v": 11
          }
        },
        "count": 1
      }
    ],
    "rhs": [
      { "state": { "particle": "e", "charge": -1 }, "count": 1 },
      {
        "state": {
          "particle": "H2",
          "charge": 0,
          "descriptor": { "type": 1, "accuracy": 2, "e": "i", "Lambda": 1, "S": 1, "parity": "g", "v": 3 }
        },
        "count": 1
      }
    ],
    "type_tags": ["Electronic", "Vibrational"],
    "reversible": false
  },
  "threshold": 10.5358,
  "data": [
    [10.5358, 0],
    [11, 0.0000234595],
    [12, 0.00000886208],
    [13, 0.0000162368],
    [14, 0.0000641563],
    [15, 0.0000458203],
    [16, 0.0000253803],
    [17, 0.000010384],
    [18, 0.00000421346],
    [19, 0.00000191395],
    [20, 0.00000149133],
    [22, 0.00000135237],
    [25, 0.0000015534],
    [30, 0.00000198772],
    [40, 4.10461e-7],
    [50, 3.7158e-7],
    [60, 3.65935e-7],
    [70, 3.65961e-7],
    [80, 3.66141e-7],
    [100, 2.05355e-7],
    [120, 3.82629e-8],
    [140, 2.703e-8],
    [160, 1.83359e-8]
  ]
}