{
  "reaction": {
    "lhs": [
      { "state": { "particle": "e", "charge": -1 }, "count": 1 },
      {
        "state": {
          "particle": "H2",
          "charge": 0,
          "descriptor": {
            "type": 1,
            "accuracy": 2,
            "e": "X",
            "Lambda": 0,
            "S": 0,
            "parity": "g",
            "v": 11
          }
        },
        "count": 1
      }
    ],
    "rhs": [
      { "state": { "particle": "e", "charge": -1 }, "count": 1 },
      {
        "state": {
          "particle": "H2",
          "charge": 0,
          "descriptor": {
            "type": 1,
            "accuracy": 2,
            "e": "c",
            "Lambda": 1,
            "S": 1,
            "parity": "u",
            "v": 19
          }
        },
        "count": 1
      }
    ],
    "type_tags": ["Electronic", "Vibrational"],
    "reversible": false
  },
  "threshold": 10.6008,
  "data": [
    [10.6008, 0],
    [11, 0.000777918],
    [12, 0.000896767],
    [13, 0.000837023],
    [14, 0.000776073],
    [15, 0.000706325],
    [16, 0.000634394],
    [17, 0.000565495],
    [18, 0.000501185],
    [19, 0.00044114],
    [20, 0.000392642],
    [22, 0.000323228],
    [25, 0.000251069],
    [30, 0.000162856],
    [40, 0.0000135517],
    [50, 0.0000076191],
    [60, 0.00000670352],
    [70, 0.0000051587],
    [80, 0.0000031467],
    [100, 0.00000151082],
    [120, 9.01375e-7],
    [140, 6.47505e-7],
    [160, 4.53756e-7]
  ]
}