{
  "reaction": {
    "lhs": [
      { "state": { "particle": "e", "charge": -1 }, "count": 1 },
      {
        "state": {
          "particle": "H2",
          "charge": 0,
          "descriptor": {
            "type": 1,
            "accuracy": 2,
            "e": "X",
            "Lambda": 0,
            "S": 0,
            "parity": "g",
            "v": 11
          }
        },
        "count": 1
      }
    ],
    "rhs": [
      { "state": { "particle": "e", "charge": -1 }, "count": 1 },
      {
        "state": {
          "particle": "H2",
          "charge": 0,
          "descriptor": {
            "type": 1,
            "accuracy": 2,
            "e": "B",
            "Lambda": 0,
            "S": 0,
            "parity": "u",
            "v": 16
          }
        },
        "count": 1
      }
    ],
    "type_tags": ["Electronic", "Vibrational"],
    "reversible": false
  },
  "threshold": 9.23848,
  "data": [
    [9.23848, 0],
    [10, 0.00131846],
    [11, 0.00230851],
    [12, 0.00302394],
    [13, 0.00353343],
    [14, 0.00396817],
    [15, 0.00436431],
    [16, 0.00472399],
    [17, 0.00504838],
    [18, 0.00533883],
    [19, 0.0055967],
    [20, 0.00582334],
    [22, 0.00618832],
    [25, 0.00653541],
    [30, 0.00673676],
    [40, 0.00685336],
    [50, 0.00664799],
    [60, 0.00640703],
    [70, 0.00623379],
    [80, 0.00606791],
    [100, 0.00561327],
    [120, 0.00508545],
    [140, 0.00460817],
    [160, 0.00420026]
  ]
}