{
  "reaction": {
    "lhs": [
      { "state": { "particle": "e", "charge": -1 }, "count": 1 },
      {
        "state": {
          "particle": "H2",
          "charge": 0,
          "descriptor": {
            "type": 1,
            "accuracy": 2,
            "e": "X",
            "Lambda": 0,
            "S": 0,
            "parity": "g",
            "v": 11
          }
        },
        "count": 1
      }
    ],
    "rhs": [
      { "state": { "particle": "e", "charge": -1 }, "count": 1 },
      {
        "state": {
          "particle": "H2",
          "charge": 0,
          "descriptor": {
            "type": 1,
            "accuracy": 2,
            "e": "j",
            "Lambda": 2,
            "S": 1,
            "parity": "g",
            "v": 11
          }
        },
        "count": 1
      }
    ],
    "type_tags": ["Electronic", "Vibrational"],
    "reversible": false
  },
  "threshold": 12.0701,
  "data": [
    [12.0701, 0],
    [13, 0.00114198],
    [14, 0.00117442],
    [15, 0.00111008],
    [16, 0.000927753],
    [17, 0.000742764],
    [18, 0.000638935],
    [19, 0.00057133],
    [20, 0.000517808],
    [22, 0.000419184],
    [25, 0.000303849],
    [30, 0.000190424],
    [40, 0.000144483],
    [50, 0.000103347],
    [60, 0.0000561884],
    [70, 0.000032638],
    [80, 0.0000196912],
    [100, 0.00000842617],
    [120, 0.00000614246],
    [140, 0.0000043582],
    [160, 0.00000300092]
  ]
}