{
  "reaction": {
    "lhs": [
      { "state": { "particle": "e", "charge": -1 }, "count": 1 },
      {
        "state": {
          "particle": "H2",
          "charge": 0,
          "descriptor": {
            "type": 1,
            "accuracy": 2,
            "e": "X",
            "Lambda": 0,
            "S": 0,
            "parity": "g",
            "v": 11
          }
        },
        "count": 1
      }
    ],
    "rhs": [
      { "state": { "particle": "e", "charge": -1 }, "count": 1 },
      {
        "state": {
          "particle": "H2",
          "charge": 0,
          "descriptor": { "type": 1, "accuracy": 2, "e": "J", "Lambda": 2, "S": 0, "parity": "g", "v": 2 }
        },
        "count": 1
      }
    ],
    "type_tags": ["Electronic", "Vibrational"],
    "reversible": false
  },
  "threshold": 10.396,
  "data": [
    [10.396, 0],
    [11, 0.0000791451],
    [12, 0.000170219],
    [13, 0.00000235299],
    [14, 0.00000406683],
    [15, 7.01447e-7],
    [16, 3.62911e-7],
    [17, 4.14026e-8],
    [18, 0.00000100241],
    [19, 0.00000233333],
    [20, 9.65539e-9],
    [22, 1.3191e-7],
    [25, 2.16619e-7],
    [30, 1.34517e-9],
    [40, 4.15502e-8],
    [50, 1.61647e-8],
    [60, 1.76845e-8],
    [70, 1.92043e-8],
    [80, 6.2923e-9],
    [100, 3.05567e-8],
    [120, 3.53257e-9],
    [140, 1.88734e-9],
    [160, 7.68018e-10]
  ]
}