{
  "reaction": {
    "lhs": [
      { "state": { "particle": "e", "charge": -1 }, "count": 1 },
      {
        "state": {
          "particle": "H2",
          "charge": 0,
          "descriptor": {
            "type": 1,
            "accuracy": 2,
            "e": "X",
            "Lambda": 0,
            "S": 0,
            "parity": "g",
            "v": 11
          }
        },
        "count": 1
      }
    ],
    "rhs": [
      { "state": { "particle": "e", "charge": -1 }, "count": 1 },
      {
        "state": {
          "particle": "H2",
          "charge": 0,
          "descriptor": {
            "type": 1,
            "accuracy": 2,
            "e": "EF",
            "Lambda": 0,
            "S": 0,
            "parity": "g",
            "v": 23
          }
        },
        "count": 1
      }
    ],
    "type_tags": ["Electronic", "Vibrational"],
    "reversible": false
  },
  "threshold": 10.1282,
  "data": [
    [10.1282, 0],
    [11, 0.000322172],
    [12, 0.000491131],
    [13, 0.000688667],
    [14, 0.000905712],
    [15, 0.000870896],
    [16, 0.000846889],
    [17, 0.000866087],
    [18, 0.000810258],
    [19, 0.000766989],
    [20, 0.000789915],
    [22, 0.000783166],
    [25, 0.000718815],
    [30, 0.000684233],
    [40, 0.000546187],
    [50, 0.000453004],
    [60, 0.00040652],
    [70, 0.000353202],
    [80, 0.000315368],
    [100, 0.000250705],
    [120, 0.000198081],
    [140, 0.000167067],
    [160, 0.000141657]
  ]
}