{
  "reaction": {
    "lhs": [
      { "state": { "particle": "e", "charge": -1 }, "count": 1 },
      {
        "state": {
          "particle": "H2",
          "charge": 0,
          "descriptor": {
            "type": 1,
            "accuracy": 2,
            "e": "X",
            "Lambda": 0,
            "S": 0,
            "parity": "g",
            "v": 11
          }
        },
        "count": 1
      }
    ],
    "rhs": [
      { "state": { "particle": "e", "charge": -1 }, "count": 1 },
      {
        "state": {
          "particle": "H2",
          "charge": 0,
          "descriptor": {
            "type": 1,
            "accuracy": 2,
            "e": "B",
            "Lambda": 0,
            "S": 0,
            "parity": "u",
            "v": 13
          }
        },
        "count": 1
      }
    ],
    "type_tags": ["Electronic", "Vibrational"],
    "reversible": false
  },
  "threshold": 8.91184,
  "data": [
    [8.91184, 0],
    [10, 0.0237403],
    [11, 0.037173],
    [12, 0.0464436],
    [13, 0.0532719],
    [14, 0.0588952],
    [15, 0.0636165],
    [16, 0.067505],
    [17, 0.0706465],
    [18, 0.0731255],
    [19, 0.0750271],
    [20, 0.0764368],
    [22, 0.0781199],
    [25, 0.0790819],
    [30, 0.0802388],
    [40, 0.0810489],
    [50, 0.07935],
    [60, 0.0768505],
    [70, 0.074239],
    [80, 0.071388],
    [100, 0.0653643],
    [120, 0.0594782],
    [140, 0.0542206],
    [160, 0.0496384]
  ]
}