{
  "reaction": {
    "lhs": [
      { "state": { "particle": "e", "charge": -1 }, "count": 1 },
      {
        "state": {
          "particle": "H2",
          "charge": 0,
          "descriptor": {
            "type": 1,
            "accuracy": 2,
            "e": "X",
            "Lambda": 0,
            "S": 0,
            "parity": "g",
            "v": 11
          }
        },
        "count": 1
      }
    ],
    "rhs": [
      { "state": { "particle": "e", "charge": -1 }, "count": 1 },
      {
        "state": {
          "particle": "H2",
          "charge": 0,
          "descriptor": {
            "type": 1,
            "accuracy": 2,
            "e": "j",
            "Lambda": 2,
            "S": 1,
            "parity": "g",
            "v": 16
          }
        },
        "count": 1
      }
    ],
    "type_tags": ["Electronic", "Vibrational"],
    "reversible": false
  },
  "threshold": 12.4694,
  "data": [
    [12.4694, 0],
    [13, 0.00000239176],
    [14, 0.00000236947],
    [15, 6.66458e-7],
    [16, 5.85662e-7],
    [17, 5.74105e-7],
    [18, 6.24761e-7],
    [19, 7.18835e-7],
    [20, 7.69491e-7],
    [22, 6.99533e-7],
    [25, 4.33155e-7],
    [30, 9.68199e-8],
    [40, 2.25447e-7],
    [50, 1.12726e-7],
    [60, 5.43539e-12],
    [70, 3.44794e-8],
    [80, 6.89533e-8],
    [100, 4.08366e-8],
    [120, 1.09198e-8],
    [140, 7.71905e-9],
    [160, 5.25102e-9]
  ]
}