{
  "reaction": {
    "lhs": [
      { "state": { "particle": "e", "charge": -1 }, "count": 1 },
      {
        "state": {
          "particle": "H2",
          "charge": 0,
          "descriptor": {
            "type": 1,
            "accuracy": 2,
            "e": "X",
            "Lambda": 0,
            "S": 0,
            "parity": "g",
            "v": 11
          }
        },
        "count": 1
      }
    ],
    "rhs": [
      { "state": { "particle": "e", "charge": -1 }, "count": 1 },
      {
        "state": {
          "particle": "H2",
          "charge": 0,
          "descriptor": {
            "type": 1,
            "accuracy": 2,
            "e": "H",
            "Lambda": 0,
            "S": 0,
            "parity": "g",
            "v": 17
          }
        },
        "count": 1
      }
    ],
    "type_tags": ["Electronic", "Vibrational"],
    "reversible": false
  },
  "threshold": 11.5247,
  "data": [
    [11.5247, 0],
    [12, 1.89094e-11],
    [13, 3.1121e-11],
    [14, 3.29946e-11],
    [15, 3.24324e-11],
    [16, 3.28839e-11],
    [17, 3.43352e-11],
    [18, 3.61522e-11],
    [19, 3.84757e-11],
    [20, 4.17812e-11],
    [22, 4.9236e-11],
    [25, 4.97275e-11],
    [30, 3.46984e-11],
    [40, 2.70681e-11],
    [50, 2.53526e-11],
    [60, 2.04645e-11],
    [70, 1.53713e-11],
    [80, 1.22706e-11],
    [100, 9.23547e-12],
    [120, 7.18871e-12],
    [140, 5.82462e-12],
    [160, 4.97475e-12]
  ]
}