{
  "reaction": {
    "lhs": [
      { "state": { "particle": "e", "charge": -1 }, "count": 1 },
      {
        "state": {
          "particle": "H2",
          "charge": 0,
          "descriptor": {
            "type": 1,
            "accuracy": 2,
            "e": "X",
            "Lambda": 0,
            "S": 0,
            "parity": "g",
            "v": 11
          }
        },
        "count": 1
      }
    ],
    "rhs": [
      { "state": { "particle": "e", "charge": -1 }, "count": 1 },
      {
        "state": {
          "particle": "H2",
          "charge": 0,
          "descriptor": {
            "type": 1,
            "accuracy": 2,
            "e": "c",
            "Lambda": 1,
            "S": 1,
            "parity": "u",
            "v": 16
          }
        },
        "count": 1
      }
    ],
    "type_tags": ["Electronic", "Vibrational"],
    "reversible": false
  },
  "threshold": 10.5515,
  "data": [
    [10.5515, 0],
    [11, 0.00434534],
    [12, 0.00587452],
    [13, 0.0052728],
    [14, 0.00480595],
    [15, 0.00418515],
    [16, 0.00374068],
    [17, 0.00336865],
    [18, 0.00299935],
    [19, 0.00265577],
    [20, 0.00237545],
    [22, 0.00196136],
    [25, 0.00151113],
    [30, 0.000962281],
    [40, 0.000175414],
    [50, 0.0000993787],
    [60, 0.000086296],
    [70, 0.0000653132],
    [80, 0.0000405827],
    [100, 0.0000194783],
    [120, 0.0000115837],
    [140, 0.00000832099],
    [160, 0.0000058307]
  ]
}