{
  "reaction": {
    "lhs": [
      { "state": { "particle": "e", "charge": -1 }, "count": 1 },
      {
        "state": {
          "particle": "H2",
          "charge": 0,
          "descriptor": {
            "type": 1,
            "accuracy": 2,
            "e": "X",
            "Lambda": 0,
            "S": 0,
            "parity": "g",
            "v": 11
          }
        },
        "count": 1
      }
    ],
    "rhs": [
      { "state": { "particle": "e", "charge": -1 }, "count": 1 },
      {
        "state": {
          "particle": "H2",
          "charge": 0,
          "descriptor": { "type": 1, "accuracy": 2, "e": "J", "Lambda": 2, "S": 0, "parity": "g", "v": 0 }
        },
        "count": 1
      }
    ],
    "type_tags": ["Electronic", "Vibrational"],
    "reversible": false
  },
  "threshold": 9.86058,
  "data": [
    [9.86058, 0],
    [10, 2.29029e-7],
    [11, 0.00000220347],
    [12, 0.00000331267],
    [13, 2.6296e-7],
    [14, 0.00000162947],
    [15, 0.00000124437],
    [16, 1.9543e-8],
    [17, 3.26859e-7],
    [18, 1.54392e-7],
    [19, 4.19939e-9],
    [20, 5.88862e-9],
    [22, 5.98589e-8],
    [25, 8.77766e-8],
    [30, 6.48405e-9],
    [40, 8.41962e-9],
    [50, 8.39263e-9],
    [60, 4.58181e-9],
    [70, 3.26777e-10],
    [80, 2.60401e-12],
    [100, 5.43811e-9],
    [120, 6.13113e-12],
    [140, 5.29574e-11],
    [160, 9.66146e-11]
  ]
}