{
  "reaction": {
    "lhs": [
      { "state": { "particle": "e", "charge": -1 }, "count": 1 },
      {
        "state": {
          "particle": "H2",
          "charge": 0,
          "descriptor": {
            "type": 1,
            "accuracy": 2,
            "e": "X",
            "Lambda": 0,
            "S": 0,
            "parity": "g",
            "v": 11
          }
        },
        "count": 1
      }
    ],
    "rhs": [
      { "state": { "particle": "e", "charge": -1 }, "count": 1 },
      {
        "state": {
          "particle": "H2",
          "charge": 0,
          "descriptor": {
            "type": 1,
            "accuracy": 2,
            "e": "j",
            "Lambda": 2,
            "S": 1,
            "parity": "g",
            "v": 17
          }
        },
        "count": 1
      }
    ],
    "type_tags": ["Electronic", "Vibrational"],
    "reversible": false
  },
  "threshold": 12.4899,
  "data": [
    [12.4899, 0],
    [13, 0.00000139871],
    [14, 0.00000141207],
    [15, 7.38583e-7],
    [16, 4.68196e-7],
    [17, 4.07558e-7],
    [18, 4.56017e-7],
    [19, 5.46013e-7],
    [20, 5.94472e-7],
    [22, 5.46054e-7],
    [25, 3.61693e-7],
    [30, 1.28914e-7],
    [40, 1.57431e-7],
    [50, 8.32975e-8],
    [60, 9.16393e-9],
    [70, 2.41921e-8],
    [80, 3.92203e-8],
    [100, 1.98509e-8],
    [120, 4.21608e-10],
    [140, 3.14601e-10],
    [160, 2.31305e-10]
  ]
}