{
  "reaction": {
    "lhs": [
      { "state": { "particle": "e", "charge": -1 }, "count": 1 },
      {
        "state": {
          "particle": "H2",
          "charge": 0,
          "descriptor": {
            "type": 1,
            "accuracy": 2,
            "e": "X",
            "Lambda": 0,
            "S": 0,
            "parity": "g",
            "v": 11
          }
        },
        "count": 1
      }
    ],
    "rhs": [
      { "state": { "particle": "e", "charge": -1 }, "count": 1 },
      {
        "state": {
          "particle": "H2",
          "charge": 0,
          "descriptor": {
            "type": 1,
            "accuracy": 2,
            "e": "j",
            "Lambda": 2,
            "S": 1,
            "parity": "g",
            "v": 10
          }
        },
        "count": 1
      }
    ],
    "type_tags": ["Electronic", "Vibrational"],
    "reversible": false
  },
  "threshold": 11.941,
  "data": [
    [11.941, 0],
    [12, 0.000438812],
    [13, 0.00106073],
    [14, 0.00103631],
    [15, 0.000887588],
    [16, 0.00074377],
    [17, 0.00062446],
    [18, 0.000553708],
    [19, 0.000509914],
    [20, 0.000472386],
    [22, 0.000389981],
    [25, 0.000275438],
    [30, 0.000153471],
    [40, 0.000115543],
    [50, 0.0000827345],
    [60, 0.000044541],
    [70, 0.0000276469],
    [80, 0.0000187135],
    [100, 0.000007591],
    [120, 0.00000408098],
    [140, 0.00000288608],
    [160, 0.00000196907]
  ]
}