{
  "reaction": {
    "lhs": [
      { "state": { "particle": "e", "charge": -1 }, "count": 1 },
      {
        "state": {
          "particle": "H2",
          "charge": 0,
          "descriptor": {
            "type": 1,
            "accuracy": 2,
            "e": "X",
            "Lambda": 0,
            "S": 0,
            "parity": "g",
            "v": 11
          }
        },
        "count": 1
      }
    ],
    "rhs": [
      { "state": { "particle": "e", "charge": -1 }, "count": 1 },
      {
        "state": {
          "particle": "H2",
          "charge": 0,
          "descriptor": { "type": 1, "accuracy": 2, "e": "H", "Lambda": 0, "S": 0, "parity": "g", "v": 2 }
        },
        "count": 1
      }
    ],
    "type_tags": ["Electronic", "Vibrational"],
    "reversible": false
  },
  "threshold": 10.4573,
  "data": [
    [10.4573, 0],
    [11, 0.00000635053],
    [12, 0.0000101256],
    [13, 0.00000958915],
    [14, 0.00000610705],
    [15, 0.00000398383],
    [16, 0.00000411632],
    [17, 0.00000390463],
    [18, 0.00000266027],
    [19, 0.00000196462],
    [20, 0.0000022931],
    [22, 0.00000505169],
    [25, 0.00000565947],
    [30, 3.53646e-7],
    [40, 2.67805e-8],
    [50, 0.00000145891],
    [60, 9.92971e-7],
    [70, 3.78333e-7],
    [80, 7.80556e-7],
    [100, 0.00000126529],
    [120, 7.0013e-7],
    [140, 5.69987e-7],
    [160, 5.032e-7]
  ]
}