{
  "reaction": {
    "lhs": [
      { "state": { "particle": "e", "charge": -1 }, "count": 1 },
      {
        "state": {
          "particle": "H2",
          "charge": 0,
          "descriptor": {
            "type": 1,
            "accuracy": 2,
            "e": "X",
            "Lambda": 0,
            "S": 0,
            "parity": "g",
            "v": 11
          }
        },
        "count": 1
      }
    ],
    "rhs": [
      { "state": { "particle": "e", "charge": -1 }, "count": 1 },
      {
        "state": {
          "particle": "H2",
          "charge": 0,
          "descriptor": {
            "type": 1,
            "accuracy": 2,
            "e": "H",
            "Lambda": 0,
            "S": 0,
            "parity": "g",
            "v": 61
          }
        },
        "count": 1
      }
    ],
    "type_tags": ["Electronic", "Vibrational"],
    "reversible": false
  },
  "threshold": 12.4874,
  "data": [
    [12.4874, 0],
    [13, 0.000024316],
    [14, 0.0000446632],
    [15, 0.0000515389],
    [16, 0.0000478],
    [17, 0.0000427172],
    [18, 0.0000393653],
    [19, 0.0000377169],
    [20, 0.0000361096],
    [22, 0.0000313969],
    [25, 0.0000307534],
    [30, 0.0000387438],
    [40, 0.0000331006],
    [50, 0.0000295024],
    [60, 0.0000330315],
    [70, 0.0000348297],
    [80, 0.0000300561],
    [100, 0.0000253999],
    [120, 0.0000209334],
    [140, 0.0000182538],
    [160, 0.0000164925]
  ]
}