{
  "reaction": {
    "lhs": [
      { "state": { "particle": "e", "charge": -1 }, "count": 1 },
      {
        "state": {
          "particle": "H2",
          "charge": 0,
          "descriptor": {
            "type": 1,
            "accuracy": 2,
            "e": "X",
            "Lambda": 0,
            "S": 0,
            "parity": "g",
            "v": 11
          }
        },
        "count": 1
      }
    ],
    "rhs": [
      { "state": { "particle": "e", "charge": -1 }, "count": 1 },
      {
        "state": {
          "particle": "H2",
          "charge": 0,
          "descriptor": {
            "type": 1,
            "accuracy": 2,
            "e": "H",
            "Lambda": 0,
            "S": 0,
            "parity": "g",
            "v": 25
          }
        },
        "count": 1
      }
    ],
    "type_tags": ["Electronic", "Vibrational"],
    "reversible": false
  },
  "threshold": 11.7253,
  "data": [
    [11.7253, 0],
    [12, 0.00000388584],
    [13, 0.00000923521],
    [14, 0.0000114325],
    [15, 0.0000114121],
    [16, 0.0000112853],
    [17, 0.000011685],
    [18, 0.0000125778],
    [19, 0.0000137559],
    [20, 0.0000150958],
    [22, 0.0000175151],
    [25, 0.0000176575],
    [30, 0.0000129846],
    [40, 0.0000102664],
    [50, 0.00000972235],
    [60, 0.00000841147],
    [70, 0.00000683552],
    [80, 0.00000548191],
    [100, 0.00000415032],
    [120, 0.00000328633],
    [140, 0.00000273618],
    [160, 0.00000246106]
  ]
}