{
  "reaction": {
    "lhs": [
      { "state": { "particle": "e", "charge": -1 }, "count": 1 },
      {
        "state": {
          "particle": "H2",
          "charge": 0,
          "descriptor": {
            "type": 1,
            "accuracy": 2,
            "e": "X",
            "Lambda": 0,
            "S": 0,
            "parity": "g",
            "v": 11
          }
        },
        "count": 1
      }
    ],
    "rhs": [
      { "state": { "particle": "e", "charge": -1 }, "count": 1 },
      {
        "state": {
          "particle": "H2",
          "charge": 0,
          "descriptor": {
            "type": 1,
            "accuracy": 2,
            "e": "a",
            "Lambda": 0,
            "S": 1,
            "parity": "g",
            "v": 15
          }
        },
        "count": 1
      }
    ],
    "type_tags": ["Electronic", "Vibrational"],
    "reversible": false
  },
  "threshold": 10.577,
  "data": [
    [10.577, 0],
    [11, 0.00134147],
    [12, 0.00172071],
    [13, 0.00157053],
    [14, 0.00142591],
    [15, 0.00123611],
    [16, 0.00104417],
    [17, 0.000872937],
    [18, 0.000741711],
    [19, 0.000635356],
    [20, 0.000552013],
    [22, 0.000427298],
    [25, 0.000300987],
    [30, 0.000172651],
    [40, 0.0000844262],
    [50, 0.0000564294],
    [60, 0.0000476709],
    [70, 0.0000346288],
    [80, 0.0000251279],
    [100, 0.0000134783],
    [120, 0.00000827682],
    [140, 0.00000599073],
    [160, 0.00000425292]
  ]
}