{
  "reaction": {
    "lhs": [
      { "state": { "particle": "e", "charge": -1 }, "count": 1 },
      {
        "state": {
          "particle": "H2",
          "charge": 0,
          "descriptor": {
            "type": 1,
            "accuracy": 2,
            "e": "X",
            "Lambda": 0,
            "S": 0,
            "parity": "g",
            "v": 11
          }
        },
        "count": 1
      }
    ],
    "rhs": [
      { "state": { "particle": "e", "charge": -1 }, "count": 1 },
      {
        "state": {
          "particle": "H2",
          "charge": 0,
          "descriptor": { "type": 1, "accuracy": 2, "e": "d", "Lambda": 1, "S": 1, "parity": "u", "v": 6 }
        },
        "count": 1
      }
    ],
    "type_tags": ["Electronic", "Vibrational"],
    "reversible": false
  },
  "threshold": 11.2217,
  "data": [
    [11.2217, 0],
    [12, 0.029064],
    [13, 0.037523],
    [14, 0.0326104],
    [15, 0.0201876],
    [16, 0.0202835],
    [17, 0.0203794],
    [18, 0.0192594],
    [19, 0.0169328],
    [20, 0.0149495],
    [22, 0.0126587],
    [25, 0.0101259],
    [30, 0.00715134],
    [40, 0.00384452],
    [50, 0.00240825],
    [60, 0.00166537],
    [70, 0.00100981],
    [80, 0.00059879],
    [100, 0.000226921],
    [120, 0.000152975],
    [140, 0.000109649],
    [160, 0.0000764904]
  ]
}