{
  "reaction": {
    "lhs": [
      { "state": { "particle": "e", "charge": -1 }, "count": 1 },
      {
        "state": {
          "particle": "H2",
          "charge": 0,
          "descriptor": {
            "type": 1,
            "accuracy": 2,
            "e": "X",
            "Lambda": 0,
            "S": 0,
            "parity": "g",
            "v": 11
          }
        },
        "count": 1
      }
    ],
    "rhs": [
      { "state": { "particle": "e", "charge": -1 }, "count": 1 },
      {
        "state": {
          "particle": "H2",
          "charge": 0,
          "descriptor": {
            "type": 1,
            "accuracy": 2,
            "e": "H",
            "Lambda": 0,
            "S": 0,
            "parity": "g",
            "v": 67
          }
        },
        "count": 1
      }
    ],
    "type_tags": ["Electronic", "Vibrational"],
    "reversible": false
  },
  "threshold": -27.6103,
  "data": [
    [27.6103, 0],
    [6, 5.0774e-7],
    [8, 5.96485e-7],
    [10, 6.99718e-7],
    [11, 0.00000217279],
    [12, 0.00000500034],
    [13, 0.0000076904],
    [14, 0.0000104065],
    [15, 0.0000102081],
    [16, 0.00000775417],
    [17, 0.00000584796],
    [18, 0.00000473657],
    [19, 0.0000041334],
    [20, 0.00000351526],
    [22, 0.00000191231],
    [25, 0.00000172966],
    [30, 0.00000463909],
    [40, 0.00000425807],
    [50, 0.00000423015],
    [60, 0.00000603126],
    [70, 0.00000702433],
    [80, 0.0000058515],
    [100, 0.00000522407],
    [120, 0.00000428257],
    [140, 0.00000375239],
    [160, 0.00000352149]
  ]
}