{
  "reaction": {
    "lhs": [
      { "state": { "particle": "e", "charge": -1 }, "count": 1 },
      {
        "state": {
          "particle": "H2",
          "charge": 0,
          "descriptor": {
            "type": 1,
            "accuracy": 2,
            "e": "X",
            "Lambda": 0,
            "S": 0,
            "parity": "g",
            "v": 11
          }
        },
        "count": 1
      }
    ],
    "rhs": [
      { "state": { "particle": "e", "charge": -1 }, "count": 1 },
      {
        "state": {
          "particle": "H2",
          "charge": 0,
          "descriptor": {
            "type": 1,
            "accuracy": 2,
            "e": "B",
            "Lambda": 0,
            "S": 0,
            "parity": "u",
            "v": 26
          }
        },
        "count": 1
      }
    ],
    "type_tags": ["Electronic", "Vibrational"],
    "reversible": false
  },
  "threshold": 10.1161,
  "data": [
    [10.1161, 0],
    [11, 0.00000139072],
    [12, 0.00000360322],
    [13, 0.00000606234],
    [14, 0.00000959632],
    [15, 0.0000142802],
    [16, 0.0000199206],
    [17, 0.0000263167],
    [18, 0.0000332675],
    [19, 0.0000405742],
    [20, 0.0000480354],
    [22, 0.0000626203],
    [25, 0.0000806514],
    [30, 0.0000948134],
    [40, 0.000103156],
    [50, 0.000102979],
    [60, 0.000103155],
    [70, 0.000104227],
    [80, 0.000105963],
    [100, 0.000102419],
    [120, 0.0000930476],
    [140, 0.0000840214],
    [160, 0.0000764429]
  ]
}