{
  "reaction": {
    "lhs": [
      { "state": { "particle": "e", "charge": -1 }, "count": 1 },
      {
        "state": {
          "particle": "H2",
          "charge": 0,
          "descriptor": {
            "type": 1,
            "accuracy": 2,
            "e": "X",
            "Lambda": 0,
            "S": 0,
            "parity": "g",
            "v": 11
          }
        },
        "count": 1
      }
    ],
    "rhs": [
      { "state": { "particle": "e", "charge": -1 }, "count": 1 },
      {
        "state": {
          "particle": "H2",
          "charge": 0,
          "descriptor": {
            "type": 1,
            "accuracy": 2,
            "e": "a",
            "Lambda": 0,
            "S": 1,
            "parity": "g",
            "v": 16
          }
        },
        "count": 1
      }
    ],
    "type_tags": ["Electronic", "Vibrational"],
    "reversible": false
  },
  "threshold": 10.5891,
  "data": [
    [10.5891, 0],
    [11, 0.000477878],
    [12, 0.000614681],
    [13, 0.000563143],
    [14, 0.000512817],
    [15, 0.000450983],
    [16, 0.000380008],
    [17, 0.000314846],
    [18, 0.000266942],
    [19, 0.000228866],
    [20, 0.000199093],
    [22, 0.000154128],
    [25, 0.000108615],
    [30, 0.0000623371],
    [40, 0.0000300945],
    [50, 0.0000198201],
    [60, 0.0000171524],
    [70, 0.0000128272],
    [80, 0.00000901725],
    [100, 0.00000483541],
    [120, 0.00000297282],
    [140, 0.00000214239],
    [160, 0.00000151131]
  ]
}