{
  "reaction": {
    "lhs": [
      { "state": { "particle": "e", "charge": -1 }, "count": 1 },
      {
        "state": {
          "particle": "H2",
          "charge": 0,
          "descriptor": {
            "type": 1,
            "accuracy": 2,
            "e": "X",
            "Lambda": 0,
            "S": 0,
            "parity": "g",
            "v": 11
          }
        },
        "count": 1
      }
    ],
    "rhs": [
      { "state": { "particle": "e", "charge": -1 }, "count": 1 },
      {
        "state": {
          "particle": "H2",
          "charge": 0,
          "descriptor": { "type": 1, "accuracy": 2, "e": "B", "Lambda": 0, "S": 0, "parity": "u", "v": 2 }
        },
        "count": 1
      }
    ],
    "type_tags": ["Electronic", "Vibrational"],
    "reversible": false
  },
  "threshold": 7.42776,
  "data": [
    [7.42776, 0],
    [8, 0.0109412],
    [10, 0.026381],
    [11, 0.0282562],
    [12, 0.0279962],
    [13, 0.0273283],
    [14, 0.0269003],
    [15, 0.0268648],
    [16, 0.0269871],
    [17, 0.0274054],
    [18, 0.0280033],
    [19, 0.0287374],
    [20, 0.029561],
    [22, 0.0312886],
    [25, 0.0333669],
    [30, 0.0340793],
    [40, 0.0349689],
    [50, 0.0352023],
    [60, 0.034771],
    [70, 0.033454],
    [80, 0.0317732],
    [100, 0.0287564],
    [120, 0.0262601],
    [140, 0.024069],
    [160, 0.0221241]
  ]
}