{
  "reaction": {
    "lhs": [
      { "state": { "particle": "e", "charge": -1 }, "count": 1 },
      {
        "state": {
          "particle": "H2",
          "charge": 0,
          "descriptor": {
            "type": 1,
            "accuracy": 2,
            "e": "X",
            "Lambda": 0,
            "S": 0,
            "parity": "g",
            "v": 11
          }
        },
        "count": 1
      }
    ],
    "rhs": [
      { "state": { "particle": "e", "charge": -1 }, "count": 1 },
      {
        "state": {
          "particle": "H2",
          "charge": 0,
          "descriptor": { "type": 1, "accuracy": 2, "e": "j", "Lambda": 2, "S": 1, "parity": "g", "v": 2 }
        },
        "count": 1
      }
    ],
    "type_tags": ["Electronic", "Vibrational"],
    "reversible": false
  },
  "threshold": 10.4003,
  "data": [
    [10.4003, 0],
    [11, 2.10018e-8],
    [12, 1.2115e-8],
    [13, 0.000001841],
    [14, 4.60342e-7],
    [15, 2.04536e-8],
    [16, 6.61207e-7],
    [17, 0.00000130196],
    [18, 0.00000127989],
    [19, 0.00000122332],
    [20, 0.00000114671],
    [22, 9.27115e-7],
    [25, 4.90824e-7],
    [30, 2.80466e-8],
    [40, 1.28306e-8],
    [50, 8.22403e-9],
    [60, 3.91376e-9],
    [70, 3.8973e-9],
    [80, 3.89493e-9],
    [100, 2.47742e-9],
    [120, 9.09008e-10],
    [140, 6.4133e-10],
    [160, 4.36195e-10]
  ]
}