{
  "reaction": {
    "lhs": [
      { "state": { "particle": "e", "charge": -1 }, "count": 1 },
      {
        "state": {
          "particle": "H2",
          "charge": 0,
          "descriptor": {
            "type": 1,
            "accuracy": 2,
            "e": "X",
            "Lambda": 0,
            "S": 0,
            "parity": "g",
            "v": 11
          }
        },
        "count": 1
      }
    ],
    "rhs": [
      { "state": { "particle": "e", "charge": -1 }, "count": 1 },
      {
        "state": {
          "particle": "H2",
          "charge": 0,
          "descriptor": {
            "type": 1,
            "accuracy": 2,
            "e": "D",
            "Lambda": 1,
            "S": 0,
            "parity": "u",
            "v": 14
          }
        },
        "count": 1
      }
    ],
    "type_tags": ["Electronic", "Vibrational"],
    "reversible": false
  },
  "threshold": 12.39,
  "data": [
    [12.39, 0],
    [13, 0.0000275903],
    [14, 0.0000774515],
    [15, 0.000122433],
    [16, 0.000155075],
    [17, 0.000182832],
    [18, 0.000214262],
    [19, 0.000251396],
    [20, 0.000290027],
    [22, 0.000351461],
    [25, 0.000396196],
    [30, 0.000430606],
    [40, 0.000496715],
    [50, 0.000548796],
    [60, 0.000583073],
    [70, 0.000590132],
    [80, 0.000584672],
    [100, 0.000560366],
    [120, 0.00052724],
    [140, 0.000495638],
    [160, 0.000467463]
  ]
}