{
  "reaction": {
    "lhs": [
      { "state": { "particle": "e", "charge": -1 }, "count": 1 },
      {
        "state": {
          "particle": "H2",
          "charge": 0,
          "descriptor": { "type": 1, "accuracy": 2, "e": "X", "Lambda": 0, "S": 0, "parity": "g", "v": 9 }
        },
        "count": 1
      }
    ],
    "rhs": [
      { "state": { "particle": "e", "charge": -1 }, "count": 1 },
      {
        "state": {
          "particle": "H2",
          "charge": 0,
          "descriptor": { "type": 1, "accuracy": 2, "e": "B", "Lambda": 0, "S": 0, "parity": "u", "v": 8 }
        },
        "count": 1
      }
    ],
    "type_tags": ["Electronic", "Vibrational"],
    "reversible": false
  },
  "threshold": 8.76171,
  "data": [
    [8.76171, 0],
    [10, 1.24127e-7],
    [11, 2.243e-7],
    [12, 3.24399e-7],
    [13, 4.24385e-7],
    [14, 5.24237e-7],
    [15, 6.2391e-7],
    [16, 7.23381e-7],
    [17, 8.22608e-7],
    [18, 9.21566e-7],
    [19, 0.00000102021],
    [20, 0.00000111853],
    [22, 0.000001314],
    [25, 0.00000160384],
    [30, 0.00000207569],
    [40, 0.00000296251],
    [50, 0.00000374583],
    [60, 0.00000439252],
    [70, 0.00000486948],
    [80, 0.00000514356],
    [100, 0.00000508115],
    [120, 0.00000459314],
    [140, 0.00000410991],
    [160, 0.00000370983]
  ]
}