{
  "reaction": {
    "lhs": [
      { "state": { "particle": "e", "charge": -1 }, "count": 1 },
      {
        "state": {
          "particle": "H2",
          "charge": 0,
          "descriptor": { "type": 1, "accuracy": 2, "e": "X", "Lambda": 0, "S": 0, "parity": "g", "v": 9 }
        },
        "count": 1
      }
    ],
    "rhs": [
      { "state": { "particle": "e", "charge": -1 }, "count": 1 },
      {
        "state": {
          "particle": "H2",
          "charge": 0,
          "descriptor": { "type": 1, "accuracy": 2, "e": "H", "Lambda": 0, "S": 0, "parity": "g", "v": 5 }
        },
        "count": 1
      }
    ],
    "type_tags": ["Electronic", "Vibrational"],
    "reversible": false
  },
  "threshold": 11.529,
  "data": [
    [11.529, 0],
    [12, 0.00264326],
    [13, 0.00511811],
    [14, 0.00643676],
    [15, 0.00676976],
    [16, 0.00699551],
    [17, 0.00748811],
    [18, 0.00814972],
    [19, 0.00878488],
    [20, 0.0092579],
    [22, 0.00969351],
    [25, 0.00975164],
    [30, 0.00915357],
    [40, 0.0078188],
    [50, 0.00687154],
    [60, 0.00618016],
    [70, 0.00553581],
    [80, 0.00482738],
    [100, 0.00383062],
    [120, 0.00317674],
    [140, 0.00272327],
    [160, 0.00243647]
  ]
}