{
  "reaction": {
    "lhs": [
      { "state": { "particle": "e", "charge": -1 }, "count": 1 },
      {
        "state": {
          "particle": "H2",
          "charge": 0,
          "descriptor": { "type": 1, "accuracy": 2, "e": "X", "Lambda": 0, "S": 0, "parity": "g", "v": 9 }
        },
        "count": 1
      }
    ],
    "rhs": [
      { "state": { "particle": "e", "charge": -1 }, "count": 1 },
      {
        "state": {
          "particle": "H2",
          "charge": 0,
          "descriptor": {
            "type": 1,
            "accuracy": 2,
            "e": "H",
            "Lambda": 0,
            "S": 0,
            "parity": "g",
            "v": 55
          }
        },
        "count": 1
      }
    ],
    "type_tags": ["Electronic", "Vibrational"],
    "reversible": false
  },
  "threshold": 12.9073,
  "data": [
    [12.9073, 0],
    [13, 0.0000311476],
    [14, 0.0000699381],
    [15, 0.000105761],
    [16, 0.00012408],
    [17, 0.000119715],
    [18, 0.000110853],
    [19, 0.000107051],
    [20, 0.00010762],
    [22, 0.000110155],
    [25, 0.000110529],
    [30, 0.000104833],
    [40, 0.0000928011],
    [50, 0.0000849973],
    [60, 0.000079479],
    [70, 0.000073557],
    [80, 0.0000658923],
    [100, 0.0000545392],
    [120, 0.0000466858],
    [140, 0.0000411708],
    [160, 0.0000365978]
  ]
}