{
  "reaction": {
    "lhs": [
      { "state": { "particle": "e", "charge": -1 }, "count": 1 },
      {
        "state": {
          "particle": "H2",
          "charge": 0,
          "descriptor": { "type": 1, "accuracy": 2, "e": "X", "Lambda": 0, "S": 0, "parity": "g", "v": 9 }
        },
        "count": 1
      }
    ],
    "rhs": [
      { "state": { "particle": "e", "charge": -1 }, "count": 1 },
      {
        "state": {
          "particle": "H2",
          "charge": 0,
          "descriptor": {
            "type": 1,
            "accuracy": 2,
            "e": "a",
            "Lambda": 0,
            "S": 1,
            "parity": "g",
            "v": 15
          }
        },
        "count": 1
      }
    ],
    "type_tags": ["Electronic", "Vibrational"],
    "reversible": false
  },
  "threshold": 11.0431,
  "data": [
    [11.0431, 0],
    [12, 0.0000169035],
    [13, 0.0000117291],
    [14, 0.0000137704],
    [15, 0.00000975654],
    [16, 0.00000852861],
    [17, 0.00000782013],
    [18, 0.00000566895],
    [19, 0.00000319516],
    [20, 0.00000201206],
    [22, 0.00000206314],
    [25, 0.00000225761],
    [30, 0.00000250317],
    [40, 0.00000202171],
    [50, 0.00000102127],
    [60, 3.48109e-7],
    [70, 3.45452e-7],
    [80, 3.4507e-7],
    [100, 2.50033e-7],
    [120, 1.33589e-7],
    [140, 9.58783e-8],
    [160, 6.74237e-8]
  ]
}