{
  "reaction": {
    "lhs": [
      { "state": { "particle": "e", "charge": -1 }, "count": 1 },
      {
        "state": {
          "particle": "H2",
          "charge": 0,
          "descriptor": { "type": 1, "accuracy": 2, "e": "X", "Lambda": 0, "S": 0, "parity": "g", "v": 9 }
        },
        "count": 1
      }
    ],
    "rhs": [
      { "state": { "particle": "e", "charge": -1 }, "count": 1 },
      {
        "state": {
          "particle": "H2",
          "charge": 0,
          "descriptor": {
            "type": 1,
            "accuracy": 2,
            "e": "j",
            "Lambda": 2,
            "S": 1,
            "parity": "g",
            "v": 15
          }
        },
        "count": 1
      }
    ],
    "type_tags": ["Electronic", "Vibrational"],
    "reversible": false
  },
  "threshold": 12.8929,
  "data": [
    [12.8929, 0],
    [13, 0.0000539726],
    [14, 0.000127528],
    [15, 0.000146018],
    [16, 0.00014599],
    [17, 0.000145797],
    [18, 0.000133431],
    [19, 0.000108163],
    [20, 0.0000867444],
    [22, 0.0000650573],
    [25, 0.0000497176],
    [30, 0.0000390368],
    [40, 0.0000207082],
    [50, 0.0000138462],
    [60, 0.0000106946],
    [70, 0.00000652285],
    [80, 0.00000372008],
    [100, 0.00000205886],
    [120, 0.00000168673],
    [140, 0.00000129996],
    [160, 0.00000100705]
  ]
}