{
  "reaction": {
    "lhs": [
      { "state": { "particle": "e", "charge": -1 }, "count": 1 },
      {
        "state": {
          "particle": "H2",
          "charge": 0,
          "descriptor": { "type": 1, "accuracy": 2, "e": "X", "Lambda": 0, "S": 0, "parity": "g", "v": 9 }
        },
        "count": 1
      }
    ],
    "rhs": [
      { "state": { "particle": "e", "charge": -1 }, "count": 1 },
      {
        "state": {
          "particle": "H2",
          "charge": 0,
          "descriptor": {
            "type": 1,
            "accuracy": 2,
            "e": "g",
            "Lambda": 0,
            "S": 1,
            "parity": "g",
            "v": 10
          }
        },
        "count": 1
      }
    ],
    "type_tags": ["Electronic", "Vibrational"],
    "reversible": false
  },
  "threshold": 12.4369,
  "data": [
    [12.4369, 0],
    [13, 0.00000437159],
    [14, 0.0000118124],
    [15, 0.00000316769],
    [16, 0.00000352118],
    [17, 0.00000387467],
    [18, 0.00000287675],
    [19, 0.00000102346],
    [20, 2.55404e-8],
    [22, 1.15128e-7],
    [25, 4.56786e-7],
    [30, 8.92657e-7],
    [40, 8.98825e-7],
    [50, 5.18488e-7],
    [60, 1.38152e-7],
    [70, 3.30152e-7],
    [80, 5.22152e-7],
    [100, 3.55275e-7],
    [120, 1.61974e-7],
    [140, 1.15267e-7],
    [160, 7.97245e-8]
  ]
}