{
  "reaction": {
    "lhs": [
      { "state": { "particle": "e", "charge": -1 }, "count": 1 },
      {
        "state": {
          "particle": "H2",
          "charge": 0,
          "descriptor": { "type": 1, "accuracy": 2, "e": "X", "Lambda": 0, "S": 0, "parity": "g", "v": 9 }
        },
        "count": 1
      }
    ],
    "rhs": [
      { "state": { "particle": "e", "charge": -1 }, "count": 1 },
      {
        "state": {
          "particle": "H2",
          "charge": 0,
          "descriptor": {
            "type": 1,
            "accuracy": 2,
            "e": "GK",
            "Lambda": 0,
            "S": 0,
            "parity": "g",
            "v": 8
          }
        },
        "count": 1
      }
    ],
    "type_tags": ["Electronic", "Vibrational"],
    "reversible": false
  },
  "threshold": 11.0616,
  "data": [
    [11.0616, 0],
    [12, 0.00208363],
    [13, 0.00318466],
    [14, 0.00341906],
    [15, 0.00443488],
    [16, 0.00475259],
    [17, 0.00474314],
    [18, 0.00477633],
    [19, 0.00468627],
    [20, 0.00467364],
    [22, 0.00463651],
    [25, 0.00433206],
    [30, 0.00394954],
    [40, 0.00334896],
    [50, 0.00301267],
    [60, 0.00301874],
    [70, 0.00306044],
    [80, 0.00328284],
    [100, 0.00287361],
    [120, 0.00246234],
    [140, 0.00213131],
    [160, 0.00182861]
  ]
}