{
  "reaction": {
    "lhs": [
      { "state": { "particle": "e", "charge": -1 }, "count": 1 },
      {
        "state": {
          "particle": "H2",
          "charge": 0,
          "descriptor": { "type": 1, "accuracy": 2, "e": "X", "Lambda": 0, "S": 0, "parity": "g", "v": 9 }
        },
        "count": 1
      }
    ],
    "rhs": [
      { "state": { "particle": "e", "charge": -1 }, "count": 1 },
      {
        "state": {
          "particle": "H2",
          "charge": 0,
          "descriptor": {
            "type": 1,
            "accuracy": 2,
            "e": "j",
            "Lambda": 2,
            "S": 1,
            "parity": "g",
            "v": 13
          }
        },
        "count": 1
      }
    ],
    "type_tags": ["Electronic", "Vibrational"],
    "reversible": false
  },
  "threshold": 12.7484,
  "data": [
    [12.7484, 0],
    [13, 0.000255766],
    [14, 0.000421164],
    [15, 0.000432198],
    [16, 0.000425016],
    [17, 0.000400476],
    [18, 0.000350817],
    [19, 0.00028859],
    [20, 0.000239772],
    [22, 0.000185994],
    [25, 0.000142649],
    [30, 0.000106381],
    [40, 0.0000575436],
    [50, 0.0000364684],
    [60, 0.0000257546],
    [70, 0.0000166088],
    [80, 0.0000109706],
    [100, 0.00000521791],
    [120, 0.0000035143],
    [140, 0.00000249152],
    [160, 0.00000171425]
  ]
}