{
  "reaction": {
    "lhs": [
      { "state": { "particle": "e", "charge": -1 }, "count": 1 },
      {
        "state": {
          "particle": "H2",
          "charge": 0,
          "descriptor": { "type": 1, "accuracy": 2, "e": "X", "Lambda": 0, "S": 0, "parity": "g", "v": 9 }
        },
        "count": 1
      }
    ],
    "rhs": [
      { "state": { "particle": "e", "charge": -1 }, "count": 1 },
      {
        "state": {
          "particle": "H2",
          "charge": 0,
          "descriptor": { "type": 1, "accuracy": 2, "e": "c", "Lambda": 1, "S": 1, "parity": "u", "v": 9 }
        },
        "count": 1
      }
    ],
    "type_tags": ["Electronic", "Vibrational"],
    "reversible": false
  },
  "threshold": 10.25,
  "data": [
    [10.25, 0],
    [11, 0.00100523],
    [12, 0.00000289649],
    [13, 0.0000692488],
    [14, 0.000214962],
    [15, 0.0002298],
    [16, 0.000186643],
    [17, 0.000122557],
    [18, 0.0000805497],
    [19, 0.0000463857],
    [20, 0.0000322827],
    [22, 0.0000347767],
    [25, 0.0000442731],
    [30, 0.0000562636],
    [40, 0.00000413917],
    [50, 0.00000462435],
    [60, 0.00000510953],
    [70, 0.00000321008],
    [80, 0.00000108563],
    [100, 5.76625e-7],
    [120, 4.83968e-7],
    [140, 4.19971e-7],
    [160, 3.61772e-7]
  ]
}