{
  "reaction": {
    "lhs": [
      { "state": { "particle": "e", "charge": -1 }, "count": 1 },
      {
        "state": {
          "particle": "H2",
          "charge": 0,
          "descriptor": { "type": 1, "accuracy": 2, "e": "X", "Lambda": 0, "S": 0, "parity": "g", "v": 9 }
        },
        "count": 1
      }
    ],
    "rhs": [
      { "state": { "particle": "e", "charge": -1 }, "count": 1 },
      {
        "state": {
          "particle": "H2",
          "charge": 0,
          "descriptor": { "type": 1, "accuracy": 2, "e": "i", "Lambda": 1, "S": 1, "parity": "g", "v": 3 }
        },
        "count": 1
      }
    ],
    "type_tags": ["Electronic", "Vibrational"],
    "reversible": false
  },
  "threshold": 11.0019,
  "data": [
    [11.0019, 0],
    [12, 0.0038368],
    [13, 0.00398806],
    [14, 0.00286678],
    [15, 0.00250464],
    [16, 0.00229188],
    [17, 0.00210803],
    [18, 0.00195033],
    [19, 0.00181602],
    [20, 0.00170233],
    [22, 0.00152581],
    [25, 0.00134671],
    [30, 0.00109266],
    [40, 0.000760808],
    [50, 0.000499605],
    [60, 0.000294918],
    [70, 0.00015762],
    [80, 0.0000833378],
    [100, 0.0000345299],
    [120, 0.0000250096],
    [140, 0.0000178493],
    [160, 0.0000123939]
  ]
}