{
  "reaction": {
    "lhs": [
      { "state": { "particle": "e", "charge": -1 }, "count": 1 },
      {
        "state": {
          "particle": "H2",
          "charge": 0,
          "descriptor": { "type": 1, "accuracy": 2, "e": "X", "Lambda": 0, "S": 0, "parity": "g", "v": 9 }
        },
        "count": 1
      }
    ],
    "rhs": [
      { "state": { "particle": "e", "charge": -1 }, "count": 1 },
      {
        "state": {
          "particle": "H2",
          "charge": 0,
          "descriptor": {
            "type": 1,
            "accuracy": 2,
            "e": "d",
            "Lambda": 1,
            "S": 1,
            "parity": "u",
            "v": 14
          }
        },
        "count": 1
      }
    ],
    "type_tags": ["Electronic", "Vibrational"],
    "reversible": false
  },
  "threshold": 12.8055,
  "data": [
    [12.8055, 0],
    [13, 0.00149896],
    [14, 0.001612],
    [15, 0.00152742],
    [16, 0.00150965],
    [17, 0.00148996],
    [18, 0.00141023],
    [19, 0.00128973],
    [20, 0.00114003],
    [22, 0.000897049],
    [25, 0.000736119],
    [30, 0.000538248],
    [40, 0.000249838],
    [50, 0.000153307],
    [60, 0.000127498],
    [70, 0.0000957771],
    [80, 0.000073023],
    [100, 0.0000385316],
    [120, 0.0000208478],
    [140, 0.0000149488],
    [160, 0.0000104468]
  ]
}