{
  "reaction": {
    "lhs": [
      { "state": { "particle": "e", "charge": -1 }, "count": 1 },
      {
        "state": {
          "particle": "H2",
          "charge": 0,
          "descriptor": { "type": 1, "accuracy": 2, "e": "X", "Lambda": 0, "S": 0, "parity": "g", "v": 9 }
        },
        "count": 1
      }
    ],
    "rhs": [
      { "state": { "particle": "e", "charge": -1 }, "count": 1 },
      {
        "state": {
          "particle": "H2",
          "charge": 0,
          "descriptor": {
            "type": 1,
            "accuracy": 2,
            "e": "D",
            "Lambda": 1,
            "S": 0,
            "parity": "u",
            "v": 11
          }
        },
        "count": 1
      }
    ],
    "type_tags": ["Electronic", "Vibrational"],
    "reversible": false
  },
  "threshold": 12.5857,
  "data": [
    [12.5857, 0],
    [13, 0.000190565],
    [14, 0.000270778],
    [15, 0.000288958],
    [16, 0.00029676],
    [17, 0.000327829],
    [18, 0.000367414],
    [19, 0.000407128],
    [20, 0.000446457],
    [22, 0.000522644],
    [25, 0.000603783],
    [30, 0.000714852],
    [40, 0.000916946],
    [50, 0.00104805],
    [60, 0.0011175],
    [70, 0.00112996],
    [80, 0.00111412],
    [100, 0.00106299],
    [120, 0.00100102],
    [140, 0.000942331],
    [160, 0.000889747]
  ]
}