{
  "reaction": {
    "lhs": [
      { "state": { "particle": "e", "charge": -1 }, "count": 1 },
      {
        "state": {
          "particle": "H2",
          "charge": 0,
          "descriptor": { "type": 1, "accuracy": 2, "e": "X", "Lambda": 0, "S": 0, "parity": "g", "v": 9 }
        },
        "count": 1
      }
    ],
    "rhs": [
      { "state": { "particle": "e", "charge": -1 }, "count": 1 },
      {
        "state": {
          "particle": "H2",
          "charge": 0,
          "descriptor": { "type": 1, "accuracy": 2, "e": "h", "Lambda": 0, "S": 1, "parity": "g", "v": 1 }
        },
        "count": 1
      }
    ],
    "type_tags": ["Electronic", "Vibrational"],
    "reversible": false
  },
  "threshold": 10.482,
  "data": [
    [10.482, 0],
    [11, 0.000151723],
    [12, 0.00000245075],
    [13, 0.0000146478],
    [14, 0.0000105664],
    [15, 0.00000722442],
    [16, 0.000006527],
    [17, 0.00000637904],
    [18, 0.00000612183],
    [19, 0.0000057321],
    [20, 0.00000530537],
    [22, 0.00000428856],
    [25, 0.0000024441],
    [30, 6.16318e-7],
    [40, 0.00000115471],
    [50, 6.44844e-7],
    [60, 9.3082e-8],
    [70, 4.52686e-8],
    [80, 3.71434e-8],
    [100, 2.44194e-8],
    [120, 1.39333e-8],
    [140, 1.00955e-8],
    [160, 7.1931e-9]
  ]
}