{
  "reaction": {
    "lhs": [
      { "state": { "particle": "e", "charge": -1 }, "count": 1 },
      {
        "state": {
          "particle": "H2",
          "charge": 0,
          "descriptor": { "type": 1, "accuracy": 2, "e": "X", "Lambda": 0, "S": 0, "parity": "g", "v": 9 }
        },
        "count": 1
      }
    ],
    "rhs": [
      { "state": { "particle": "e", "charge": -1 }, "count": 1 },
      {
        "state": {
          "particle": "H2",
          "charge": 0,
          "descriptor": {
            "type": 1,
            "accuracy": 2,
            "e": "Bp",
            "Lambda": 0,
            "S": 0,
            "parity": "u",
            "v": 4
          }
        },
        "count": 1
      }
    ],
    "type_tags": ["Electronic", "Vibrational"],
    "reversible": false
  },
  "threshold": 10.8837,
  "data": [
    [10.8837, 0],
    [11, 0.010363],
    [12, 0.0298526],
    [13, 0.042145],
    [14, 0.0473278],
    [15, 0.0489388],
    [16, 0.0502212],
    [17, 0.0517456],
    [18, 0.0527362],
    [19, 0.0529167],
    [20, 0.0526641],
    [22, 0.052295],
    [25, 0.0520737],
    [30, 0.0499852],
    [40, 0.0439262],
    [50, 0.04195],
    [60, 0.0409195],
    [70, 0.0383511],
    [80, 0.0359045],
    [100, 0.0317188],
    [120, 0.0278768],
    [140, 0.0246263],
    [160, 0.0219969]
  ]
}