{
  "reaction": {
    "lhs": [
      { "state": { "particle": "e", "charge": -1 }, "count": 1 },
      {
        "state": {
          "particle": "H2",
          "charge": 0,
          "descriptor": { "type": 1, "accuracy": 2, "e": "X", "Lambda": 0, "S": 0, "parity": "g", "v": 9 }
        },
        "count": 1
      }
    ],
    "rhs": [
      { "state": { "particle": "e", "charge": -1 }, "count": 1 },
      {
        "state": {
          "particle": "H2",
          "charge": 0,
          "descriptor": {
            "type": 1,
            "accuracy": 2,
            "e": "H",
            "Lambda": 0,
            "S": 0,
            "parity": "g",
            "v": 50
          }
        },
        "count": 1
      }
    ],
    "type_tags": ["Electronic", "Vibrational"],
    "reversible": false
  },
  "threshold": 12.8191,
  "data": [
    [12.8191, 0],
    [13, 0.0000177322],
    [14, 0.0000337982],
    [15, 0.0000530775],
    [16, 0.0000659786],
    [17, 0.0000642936],
    [18, 0.0000593432],
    [19, 0.0000582612],
    [20, 0.0000607363],
    [22, 0.0000667336],
    [25, 0.0000677401],
    [30, 0.000057425],
    [40, 0.0000496784],
    [50, 0.0000451522],
    [60, 0.0000386661],
    [70, 0.000032908],
    [80, 0.0000294985],
    [100, 0.0000237705],
    [120, 0.0000201623],
    [140, 0.0000175815],
    [160, 0.0000151961]
  ]
}