{
  "reaction": {
    "lhs": [
      { "state": { "particle": "e", "charge": -1 }, "count": 1 },
      {
        "state": {
          "particle": "H2",
          "charge": 0,
          "descriptor": { "type": 1, "accuracy": 2, "e": "X", "Lambda": 0, "S": 0, "parity": "g", "v": 9 }
        },
        "count": 1
      }
    ],
    "rhs": [
      { "state": { "particle": "e", "charge": -1 }, "count": 1 },
      {
        "state": {
          "particle": "H2",
          "charge": 0,
          "descriptor": {
            "type": 1,
            "accuracy": 2,
            "e": "H",
            "Lambda": 0,
            "S": 0,
            "parity": "g",
            "v": 10
          }
        },
        "count": 1
      }
    ],
    "type_tags": ["Electronic", "Vibrational"],
    "reversible": false
  },
  "threshold": 11.7568,
  "data": [
    [11.7568, 0],
    [12, 7.06061e-9],
    [13, 1.69989e-8],
    [14, 2.18066e-8],
    [15, 2.28317e-8],
    [16, 2.31033e-8],
    [17, 2.33961e-8],
    [18, 2.43287e-8],
    [19, 2.587e-8],
    [20, 2.76317e-8],
    [22, 3.05532e-8],
    [25, 3.07582e-8],
    [30, 2.51719e-8],
    [40, 2.01954e-8],
    [50, 1.81429e-8],
    [60, 1.59009e-8],
    [70, 1.35084e-8],
    [80, 1.1189e-8],
    [100, 8.59484e-9],
    [120, 6.87834e-9],
    [140, 5.79398e-9],
    [160, 5.11798e-9]
  ]
}