{
  "reaction": {
    "lhs": [
      { "state": { "particle": "e", "charge": -1 }, "count": 1 },
      {
        "state": {
          "particle": "H2",
          "charge": 0,
          "descriptor": { "type": 1, "accuracy": 2, "e": "X", "Lambda": 0, "S": 0, "parity": "g", "v": 9 }
        },
        "count": 1
      }
    ],
    "rhs": [
      { "state": { "particle": "e", "charge": -1 }, "count": 1 },
      {
        "state": {
          "particle": "H2",
          "charge": 0,
          "descriptor": {
            "type": 1,
            "accuracy": 2,
            "e": "Bp",
            "Lambda": 0,
            "S": 0,
            "parity": "u",
            "v": 2
          }
        },
        "count": 1
      }
    ],
    "type_tags": ["Electronic", "Vibrational"],
    "reversible": false
  },
  "threshold": 10.5314,
  "data": [
    [10.5314, 0],
    [11, 0.00483403],
    [12, 0.00533231],
    [13, 0.00540846],
    [14, 0.00561324],
    [15, 0.00577983],
    [16, 0.00592237],
    [17, 0.00593963],
    [18, 0.00568098],
    [19, 0.00523181],
    [20, 0.00485868],
    [22, 0.00465539],
    [25, 0.00467903],
    [30, 0.00441856],
    [40, 0.00367106],
    [50, 0.00343874],
    [60, 0.00333994],
    [70, 0.00306716],
    [80, 0.00282222],
    [100, 0.00252176],
    [120, 0.00210066],
    [140, 0.00171801],
    [160, 0.00143322]
  ]
}