{
  "reaction": {
    "lhs": [
      { "state": { "particle": "e", "charge": -1 }, "count": 1 },
      {
        "state": {
          "particle": "H2",
          "charge": 0,
          "descriptor": { "type": 1, "accuracy": 2, "e": "X", "Lambda": 0, "S": 0, "parity": "g", "v": 9 }
        },
        "count": 1
      }
    ],
    "rhs": [
      { "state": { "particle": "e", "charge": -1 }, "count": 1 },
      {
        "state": {
          "particle": "H2",
          "charge": 0,
          "descriptor": { "type": 1, "accuracy": 2, "e": "J", "Lambda": 2, "S": 0, "parity": "g", "v": 3 }
        },
        "count": 1
      }
    ],
    "type_tags": ["Electronic", "Vibrational"],
    "reversible": false
  },
  "threshold": 11.1033,
  "data": [
    [11.1033, 0],
    [12, 0.00103113],
    [13, 0.000490444],
    [14, 0.000800835],
    [15, 0.00020101],
    [16, 0.000482732],
    [17, 0.000463569],
    [18, 0.000439202],
    [19, 0.000535357],
    [20, 0.00071065],
    [22, 0.000737825],
    [25, 0.000714801],
    [30, 0.000559119],
    [40, 0.000482054],
    [50, 0.000399415],
    [60, 0.000329746],
    [70, 0.000272967],
    [80, 0.000241889],
    [100, 0.000181257],
    [120, 0.000158076],
    [140, 0.000134359],
    [160, 0.000117364]
  ]
}