{
  "reaction": {
    "lhs": [
      { "state": { "particle": "e", "charge": -1 }, "count": 1 },
      {
        "state": {
          "particle": "H2",
          "charge": 0,
          "descriptor": { "type": 1, "accuracy": 2, "e": "X", "Lambda": 0, "S": 0, "parity": "g", "v": 9 }
        },
        "count": 1
      }
    ],
    "rhs": [
      { "state": { "particle": "e", "charge": -1 }, "count": 1 },
      {
        "state": {
          "particle": "H2",
          "charge": 0,
          "descriptor": {
            "type": 1,
            "accuracy": 2,
            "e": "H",
            "Lambda": 0,
            "S": 0,
            "parity": "g",
            "v": 70
          }
        },
        "count": 1
      }
    ],
    "type_tags": ["Electronic", "Vibrational"],
    "reversible": false
  },
  "threshold": -28.0764,
  "data": [
    [28.0764, 0],
    [6, 0.0000059332],
    [8, 0.00000690571],
    [10, 0.00000803581],
    [11, 0.00000866431],
    [12, 0.00000933743],
    [13, 0.0000427982],
    [14, 0.0000889195],
    [15, 0.000128096],
    [16, 0.000139109],
    [17, 0.000130726],
    [18, 0.000120227],
    [19, 0.0001145],
    [20, 0.000111742],
    [22, 0.000106605],
    [25, 0.000105373],
    [30, 0.000111735],
    [40, 0.000102777],
    [50, 0.000097733],
    [60, 0.000100616],
    [70, 0.000100658],
    [80, 0.0000918856],
    [100, 0.0000785444],
    [120, 0.0000685913],
    [140, 0.0000613631],
    [160, 0.0000561928]
  ]
}