{
  "reaction": {
    "lhs": [
      { "state": { "particle": "e", "charge": -1 }, "count": 1 },
      {
        "state": {
          "particle": "H2",
          "charge": 0,
          "descriptor": { "type": 1, "accuracy": 2, "e": "X", "Lambda": 0, "S": 0, "parity": "g", "v": 9 }
        },
        "count": 1
      }
    ],
    "rhs": [
      { "state": { "particle": "e", "charge": -1 }, "count": 1 },
      {
        "state": {
          "particle": "H2",
          "charge": 0,
          "descriptor": {
            "type": 1,
            "accuracy": 2,
            "e": "c",
            "Lambda": 1,
            "S": 1,
            "parity": "u",
            "v": 18
          }
        },
        "count": 1
      }
    ],
    "type_tags": ["Electronic", "Vibrational"],
    "reversible": false
  },
  "threshold": 11.0619,
  "data": [
    [11.0619, 0],
    [12, 0.000450251],
    [13, 0.000480543],
    [14, 0.00050158],
    [15, 0.000441959],
    [16, 0.000415225],
    [17, 0.000395085],
    [18, 0.000362245],
    [19, 0.000326135],
    [20, 0.000295353],
    [22, 0.000249666],
    [25, 0.000195403],
    [30, 0.000122731],
    [40, 0.00000851401],
    [50, 0.00000483419],
    [60, 0.00000427447],
    [70, 0.00000331957],
    [80, 0.00000205551],
    [100, 0.00000100889],
    [120, 6.02803e-7],
    [140, 4.33288e-7],
    [160, 3.03999e-7]
  ]
}