{
  "reaction": {
    "lhs": [
      { "state": { "particle": "e", "charge": -1 }, "count": 1 },
      {
        "state": {
          "particle": "H2",
          "charge": 0,
          "descriptor": { "type": 1, "accuracy": 2, "e": "X", "Lambda": 0, "S": 0, "parity": "g", "v": 9 }
        },
        "count": 1
      }
    ],
    "rhs": [
      { "state": { "particle": "e", "charge": -1 }, "count": 1 },
      {
        "state": {
          "particle": "H2",
          "charge": 0,
          "descriptor": {
            "type": 1,
            "accuracy": 2,
            "e": "j",
            "Lambda": 2,
            "S": 1,
            "parity": "g",
            "v": 17
          }
        },
        "count": 1
      }
    ],
    "type_tags": ["Electronic", "Vibrational"],
    "reversible": false
  },
  "threshold": 12.956,
  "data": [
    [12.956, 0],
    [13, 0.00000424394],
    [14, 0.0000203893],
    [15, 0.0000234911],
    [16, 0.0000246143],
    [17, 0.0000247987],
    [18, 0.0000225292],
    [19, 0.0000179043],
    [20, 0.000014199],
    [22, 0.0000108085],
    [25, 0.00000830559],
    [30, 0.00000645656],
    [40, 0.00000347926],
    [50, 0.0000023844],
    [60, 0.00000187573],
    [70, 0.00000112056],
    [80, 6.10628e-7],
    [100, 3.5871e-7],
    [120, 3.06202e-7],
    [140, 2.55992e-7],
    [160, 2.13439e-7]
  ]
}