{
  "reaction": {
    "lhs": [
      { "state": { "particle": "e", "charge": -1 }, "count": 1 },
      {
        "state": {
          "particle": "H2",
          "charge": 0,
          "descriptor": { "type": 1, "accuracy": 2, "e": "X", "Lambda": 0, "S": 0, "parity": "g", "v": 9 }
        },
        "count": 1
      }
    ],
    "rhs": [
      { "state": { "particle": "e", "charge": -1 }, "count": 1 },
      {
        "state": {
          "particle": "H2",
          "charge": 0,
          "descriptor": {
            "type": 1,
            "accuracy": 2,
            "e": "H",
            "Lambda": 0,
            "S": 0,
            "parity": "g",
            "v": 57
          }
        },
        "count": 1
      }
    ],
    "type_tags": ["Electronic", "Vibrational"],
    "reversible": false
  },
  "threshold": 12.9299,
  "data": [
    [12.9299, 0],
    [13, 0.0000345975],
    [14, 0.0000803775],
    [15, 0.000120923],
    [16, 0.000140172],
    [17, 0.000134818],
    [18, 0.000124801],
    [19, 0.000120054],
    [20, 0.000119682],
    [22, 0.000120446],
    [25, 0.00012046],
    [30, 0.000117319],
    [40, 0.000104582],
    [50, 0.0000962483],
    [60, 0.0000918811],
    [70, 0.0000865385],
    [80, 0.0000776343],
    [100, 0.0000646721],
    [120, 0.0000555377],
    [140, 0.00004912],
    [160, 0.0000439471]
  ]
}