{
  "reaction": {
    "lhs": [
      { "state": { "particle": "e", "charge": -1 }, "count": 1 },
      {
        "state": {
          "particle": "H2",
          "charge": 0,
          "descriptor": { "type": 1, "accuracy": 2, "e": "X", "Lambda": 0, "S": 0, "parity": "g", "v": 9 }
        },
        "count": 1
      }
    ],
    "rhs": [
      { "state": { "particle": "e", "charge": -1 }, "count": 1 },
      {
        "state": {
          "particle": "H2",
          "charge": 0,
          "descriptor": { "type": 1, "accuracy": 2, "e": "d", "Lambda": 1, "S": 1, "parity": "u", "v": 5 }
        },
        "count": 1
      }
    ],
    "type_tags": ["Electronic", "Vibrational"],
    "reversible": false
  },
  "threshold": 11.4834,
  "data": [
    [11.4834, 0],
    [12, 0.0362348],
    [13, 0.0495336],
    [14, 0.0452176],
    [15, 0.032023],
    [16, 0.0295462],
    [17, 0.0290408],
    [18, 0.0274684],
    [19, 0.0247457],
    [20, 0.0223576],
    [22, 0.0191516],
    [25, 0.0151583],
    [30, 0.0101196],
    [40, 0.00512728],
    [50, 0.00331252],
    [60, 0.0025593],
    [70, 0.00167692],
    [80, 0.00106696],
    [100, 0.000466274],
    [120, 0.000289574],
    [140, 0.000207628],
    [160, 0.000145004]
  ]
}