{
  "reaction": {
    "lhs": [
      { "state": { "particle": "e", "charge": -1 }, "count": 1 },
      {
        "state": {
          "particle": "H2",
          "charge": 0,
          "descriptor": { "type": 1, "accuracy": 2, "e": "X", "Lambda": 0, "S": 0, "parity": "g", "v": 9 }
        },
        "count": 1
      }
    ],
    "rhs": [
      { "state": { "particle": "e", "charge": -1 }, "count": 1 },
      {
        "state": {
          "particle": "H2",
          "charge": 0,
          "descriptor": {
            "type": 1,
            "accuracy": 2,
            "e": "C",
            "Lambda": 1,
            "S": 0,
            "parity": "u",
            "v": 11
          }
        },
        "count": 1
      }
    ],
    "type_tags": ["Electronic", "Vibrational"],
    "reversible": false
  },
  "threshold": 10.9148,
  "data": [
    [10.9148, 0],
    [11, 0.000786173],
    [12, 0.00264338],
    [13, 0.0041616],
    [14, 0.00528778],
    [15, 0.00617676],
    [16, 0.0069793],
    [17, 0.00779832],
    [18, 0.00864805],
    [19, 0.00948349],
    [20, 0.0102524],
    [22, 0.0114954],
    [25, 0.0128289],
    [30, 0.0144516],
    [40, 0.0166641],
    [50, 0.0178783],
    [60, 0.0184018],
    [70, 0.0184163],
    [80, 0.0180839],
    [100, 0.0171131],
    [120, 0.0159746],
    [140, 0.0149187],
    [160, 0.0139941]
  ]
}