{
  "reaction": {
    "lhs": [
      { "state": { "particle": "e", "charge": -1 }, "count": 1 },
      {
        "state": {
          "particle": "H2",
          "charge": 0,
          "descriptor": { "type": 1, "accuracy": 2, "e": "X", "Lambda": 0, "S": 0, "parity": "g", "v": 9 }
        },
        "count": 1
      }
    ],
    "rhs": [
      { "state": { "particle": "e", "charge": -1 }, "count": 1 },
      {
        "state": {
          "particle": "H2",
          "charge": 0,
          "descriptor": { "type": 1, "accuracy": 2, "e": "H", "Lambda": 0, "S": 0, "parity": "g", "v": 2 }
        },
        "count": 1
      }
    ],
    "type_tags": ["Electronic", "Vibrational"],
    "reversible": false
  },
  "threshold": 10.9235,
  "data": [
    [10.9235, 0],
    [11, 0.0000387382],
    [12, 0.0000700809],
    [13, 0.0000713729],
    [14, 0.0000509639],
    [15, 0.0000393989],
    [16, 0.0000440798],
    [17, 0.0000598554],
    [18, 0.000079043],
    [19, 0.00010758],
    [20, 0.000149219],
    [22, 0.000248971],
    [25, 0.000281929],
    [30, 0.000151144],
    [40, 0.00010042],
    [50, 0.000109312],
    [60, 0.0000884385],
    [70, 0.0000699438],
    [80, 0.0000724798],
    [100, 0.000061526],
    [120, 0.0000490934],
    [140, 0.0000406604],
    [160, 0.0000324498]
  ]
}