{
  "reaction": {
    "lhs": [
      { "state": { "particle": "e", "charge": -1 }, "count": 1 },
      {
        "state": {
          "particle": "H2",
          "charge": 0,
          "descriptor": { "type": 1, "accuracy": 2, "e": "X", "Lambda": 0, "S": 0, "parity": "g", "v": 9 }
        },
        "count": 1
      }
    ],
    "rhs": [
      { "state": { "particle": "e", "charge": -1 }, "count": 1 },
      {
        "state": {
          "particle": "H2",
          "charge": 0,
          "descriptor": {
            "type": 1,
            "accuracy": 2,
            "e": "d",
            "Lambda": 1,
            "S": 1,
            "parity": "u",
            "v": 10
          }
        },
        "count": 1
      }
    ],
    "type_tags": ["Electronic", "Vibrational"],
    "reversible": false
  },
  "threshold": 12.3668,
  "data": [
    [12.3668, 0],
    [13, 0.00000106916],
    [14, 0.00000790022],
    [15, 0.00000348494],
    [16, 0.000001066],
    [17, 1.53396e-7],
    [18, 1.33816e-7],
    [19, 1.26625e-7],
    [20, 1.25523e-7],
    [22, 1.15233e-7],
    [25, 7.57485e-8],
    [30, 1.71149e-8],
    [40, 4.70396e-9],
    [50, 4.50793e-8],
    [60, 8.54547e-8],
    [70, 6.95104e-8],
    [80, 4.93404e-8],
    [100, 4.00782e-8],
    [120, 3.79324e-8],
    [140, 3.49496e-8],
    [160, 3.14141e-8]
  ]
}