{
  "reaction": {
    "lhs": [
      { "state": { "particle": "e", "charge": -1 }, "count": 1 },
      {
        "state": {
          "particle": "H2",
          "charge": 0,
          "descriptor": { "type": 1, "accuracy": 2, "e": "X", "Lambda": 0, "S": 0, "parity": "g", "v": 9 }
        },
        "count": 1
      }
    ],
    "rhs": [
      { "state": { "particle": "e", "charge": -1 }, "count": 1 },
      {
        "state": {
          "particle": "H2",
          "charge": 0,
          "descriptor": {
            "type": 1,
            "accuracy": 2,
            "e": "B",
            "Lambda": 0,
            "S": 0,
            "parity": "u",
            "v": 24
          }
        },
        "count": 1
      }
    ],
    "type_tags": ["Electronic", "Vibrational"],
    "reversible": false
  },
  "threshold": 10.4316,
  "data": [
    [10.4316, 0],
    [11, 0.00261253],
    [12, 0.00531891],
    [13, 0.00750321],
    [14, 0.0093027],
    [15, 0.010799],
    [16, 0.0120211],
    [17, 0.012999],
    [18, 0.0137633],
    [19, 0.0143446],
    [20, 0.0147735],
    [22, 0.015296],
    [25, 0.0157005],
    [30, 0.0165594],
    [40, 0.0174896],
    [50, 0.0174463],
    [60, 0.0171341],
    [70, 0.0167313],
    [80, 0.0162521],
    [100, 0.0151111],
    [120, 0.0138921],
    [140, 0.0127687],
    [160, 0.0117681]
  ]
}