{
  "reaction": {
    "lhs": [
      { "state": { "particle": "e", "charge": -1 }, "count": 1 },
      {
        "state": {
          "particle": "H2",
          "charge": 0,
          "descriptor": { "type": 1, "accuracy": 2, "e": "X", "Lambda": 0, "S": 0, "parity": "g", "v": 9 }
        },
        "count": 1
      }
    ],
    "rhs": [
      { "state": { "particle": "e", "charge": -1 }, "count": 1 },
      {
        "state": {
          "particle": "H2",
          "charge": 0,
          "descriptor": { "type": 1, "accuracy": 2, "e": "d", "Lambda": 1, "S": 1, "parity": "u", "v": 7 }
        },
        "count": 1
      }
    ],
    "type_tags": ["Electronic", "Vibrational"],
    "reversible": false
  },
  "threshold": 11.8785,
  "data": [
    [11.8785, 0],
    [12, 0.0035739],
    [13, 0.00843516],
    [14, 0.00811278],
    [15, 0.00616262],
    [16, 0.00524847],
    [17, 0.00476232],
    [18, 0.00441968],
    [19, 0.00423104],
    [20, 0.00404794],
    [22, 0.0035742],
    [25, 0.00285158],
    [30, 0.00183261],
    [40, 0.000870514],
    [50, 0.000554501],
    [60, 0.000449348],
    [70, 0.000309161],
    [80, 0.00021203],
    [100, 0.000100743],
    [120, 0.0000586034],
    [140, 0.0000420314],
    [160, 0.0000293727]
  ]
}