{
  "reaction": {
    "lhs": [
      { "state": { "particle": "e", "charge": -1 }, "count": 1 },
      {
        "state": {
          "particle": "H2",
          "charge": 0,
          "descriptor": { "type": 1, "accuracy": 2, "e": "X", "Lambda": 0, "S": 0, "parity": "g", "v": 9 }
        },
        "count": 1
      }
    ],
    "rhs": [
      { "state": { "particle": "e", "charge": -1 }, "count": 1 },
      {
        "state": {
          "particle": "H2",
          "charge": 0,
          "descriptor": {
            "type": 1,
            "accuracy": 2,
            "e": "EF",
            "Lambda": 0,
            "S": 0,
            "parity": "g",
            "v": 23
          }
        },
        "count": 1
      }
    ],
    "type_tags": ["Electronic", "Vibrational"],
    "reversible": false
  },
  "threshold": 10.5943,
  "data": [
    [10.5943, 0],
    [11, 0.000516026],
    [12, 0.00135137],
    [13, 0.000931336],
    [14, 0.000841862],
    [15, 0.00100271],
    [16, 0.00109725],
    [17, 0.0011734],
    [18, 0.00132185],
    [19, 0.00150046],
    [20, 0.00155001],
    [22, 0.00160018],
    [25, 0.00160922],
    [30, 0.00158819],
    [40, 0.00165261],
    [50, 0.00170408],
    [60, 0.00177128],
    [70, 0.00181883],
    [80, 0.00183949],
    [100, 0.00168319],
    [120, 0.00140014],
    [140, 0.00123732],
    [160, 0.00110818]
  ]
}