{
  "reaction": {
    "lhs": [
      { "state": { "particle": "e", "charge": -1 }, "count": 1 },
      {
        "state": {
          "particle": "H2",
          "charge": 0,
          "descriptor": { "type": 1, "accuracy": 2, "e": "X", "Lambda": 0, "S": 0, "parity": "g", "v": 9 }
        },
        "count": 1
      }
    ],
    "rhs": [
      { "state": { "particle": "e", "charge": -1 }, "count": 1 },
      {
        "state": {
          "particle": "H2",
          "charge": 0,
          "descriptor": { "type": 1, "accuracy": 2, "e": "g", "Lambda": 0, "S": 1, "parity": "g", "v": 6 }
        },
        "count": 1
      }
    ],
    "type_tags": ["Electronic", "Vibrational"],
    "reversible": false
  },
  "threshold": 11.7568,
  "data": [
    [11.7568, 0],
    [12, 0.0000141599],
    [13, 0.000111692],
    [14, 0.0000513462],
    [15, 0.000175053],
    [16, 0.000128167],
    [17, 0.0000633739],
    [18, 0.0000361331],
    [19, 0.0000222414],
    [20, 0.0000159975],
    [22, 0.00000896333],
    [25, 0.0000033661],
    [30, 0.00000153579],
    [40, 0.00000633429],
    [50, 0.00000317856],
    [60, 2.28299e-8],
    [70, 1.26389e-7],
    [80, 2.29949e-7],
    [100, 1.44254e-7],
    [120, 5.5287e-8],
    [140, 4.94594e-8],
    [160, 4.49482e-8]
  ]
}