{
  "reaction": {
    "lhs": [
      { "state": { "particle": "e", "charge": -1 }, "count": 1 },
      {
        "state": {
          "particle": "H2",
          "charge": 0,
          "descriptor": { "type": 1, "accuracy": 2, "e": "X", "Lambda": 0, "S": 0, "parity": "g", "v": 9 }
        },
        "count": 1
      }
    ],
    "rhs": [
      { "state": { "particle": "e", "charge": -1 }, "count": 1 },
      {
        "state": {
          "particle": "H2",
          "charge": 0,
          "descriptor": {
            "type": 1,
            "accuracy": 2,
            "e": "a",
            "Lambda": 0,
            "S": 1,
            "parity": "g",
            "v": 18
          }
        },
        "count": 1
      }
    ],
    "type_tags": ["Electronic", "Vibrational"],
    "reversible": false
  },
  "threshold": 11.0656,
  "data": [
    [11.0656, 0],
    [12, 0.00000715603],
    [13, 0.00000581359],
    [14, 0.00000599114],
    [15, 0.00000481264],
    [16, 0.00000419481],
    [17, 0.0000036863],
    [18, 0.00000285455],
    [19, 0.00000196344],
    [20, 0.00000146254],
    [22, 0.00000121225],
    [25, 0.00000102077],
    [30, 9.41447e-7],
    [40, 6.23452e-7],
    [50, 3.43213e-7],
    [60, 1.70641e-7],
    [70, 1.38597e-7],
    [80, 1.32597e-7],
    [100, 9.30229e-8],
    [120, 5.02595e-8],
    [140, 3.62211e-8],
    [160, 2.56142e-8]
  ]
}