{
  "reaction": {
    "lhs": [
      { "state": { "particle": "e", "charge": -1 }, "count": 1 },
      {
        "state": {
          "particle": "H2",
          "charge": 0,
          "descriptor": { "type": 1, "accuracy": 2, "e": "X", "Lambda": 0, "S": 0, "parity": "g", "v": 9 }
        },
        "count": 1
      }
    ],
    "rhs": [
      { "state": { "particle": "e", "charge": -1 }, "count": 1 },
      {
        "state": {
          "particle": "H2",
          "charge": 0,
          "descriptor": { "type": 1, "accuracy": 2, "e": "B", "Lambda": 0, "S": 0, "parity": "u", "v": 9 }
        },
        "count": 1
      }
    ],
    "type_tags": ["Electronic", "Vibrational"],
    "reversible": false
  },
  "threshold": 8.89245,
  "data": [
    [8.89245, 0],
    [10, 0.024663],
    [11, 0.0380591],
    [12, 0.0473991],
    [13, 0.054437],
    [14, 0.0602406],
    [15, 0.0650569],
    [16, 0.0689704],
    [17, 0.0720769],
    [18, 0.0744736],
    [19, 0.0762571],
    [20, 0.0775239],
    [22, 0.0788945],
    [25, 0.0794931],
    [30, 0.0806416],
    [40, 0.0815534],
    [50, 0.0799833],
    [60, 0.0775809],
    [70, 0.0749147],
    [80, 0.0719629],
    [100, 0.0658448],
    [120, 0.0599575],
    [140, 0.0547023],
    [160, 0.05011]
  ]
}