{
  "reaction": {
    "lhs": [
      { "state": { "particle": "e", "charge": -1 }, "count": 1 },
      {
        "state": {
          "particle": "H2",
          "charge": 0,
          "descriptor": { "type": 1, "accuracy": 2, "e": "X", "Lambda": 0, "S": 0, "parity": "g", "v": 9 }
        },
        "count": 1
      }
    ],
    "rhs": [
      { "state": { "particle": "e", "charge": -1 }, "count": 1 },
      {
        "state": {
          "particle": "H2",
          "charge": 0,
          "descriptor": {
            "type": 1,
            "accuracy": 2,
            "e": "H",
            "Lambda": 0,
            "S": 0,
            "parity": "g",
            "v": 11
          }
        },
        "count": 1
      }
    ],
    "type_tags": ["Electronic", "Vibrational"],
    "reversible": false
  },
  "threshold": 11.7978,
  "data": [
    [11.7978, 0],
    [12, 1.82593e-10],
    [13, 4.49561e-10],
    [14, 5.67638e-10],
    [15, 5.86869e-10],
    [16, 5.89911e-10],
    [17, 5.86292e-10],
    [18, 5.99357e-10],
    [19, 6.38386e-10],
    [20, 6.86123e-10],
    [22, 7.80833e-10],
    [25, 7.85533e-10],
    [30, 6.02731e-10],
    [40, 4.70934e-10],
    [50, 4.28572e-10],
    [60, 3.67597e-10],
    [70, 3.00666e-10],
    [80, 2.41846e-10],
    [100, 1.81746e-10],
    [120, 1.42496e-10],
    [140, 1.18641e-10],
    [160, 1.03574e-10]
  ]
}