{
  "reaction": {
    "lhs": [
      { "state": { "particle": "e", "charge": -1 }, "count": 1 },
      {
        "state": {
          "particle": "H2",
          "charge": 0,
          "descriptor": { "type": 1, "accuracy": 2, "e": "X", "Lambda": 0, "S": 0, "parity": "g", "v": 9 }
        },
        "count": 1
      }
    ],
    "rhs": [
      { "state": { "particle": "e", "charge": -1 }, "count": 1 },
      {
        "state": {
          "particle": "H2",
          "charge": 0,
          "descriptor": {
            "type": 1,
            "accuracy": 2,
            "e": "H",
            "Lambda": 0,
            "S": 0,
            "parity": "g",
            "v": 36
          }
        },
        "count": 1
      }
    ],
    "type_tags": ["Electronic", "Vibrational"],
    "reversible": false
  },
  "threshold": 12.4535,
  "data": [
    [12.4535, 0],
    [13, 0.0000705355],
    [14, 0.000127598],
    [15, 0.00014566],
    [16, 0.000136577],
    [17, 0.0001273],
    [18, 0.000123003],
    [19, 0.000119401],
    [20, 0.000113639],
    [22, 0.000100635],
    [25, 0.0000990132],
    [30, 0.000118821],
    [40, 0.00010099],
    [50, 0.0000901619],
    [60, 0.0000991372],
    [70, 0.000103632],
    [80, 0.0000902061],
    [100, 0.0000760523],
    [120, 0.0000632338],
    [140, 0.000055425],
    [160, 0.0000505541]
  ]
}