{
  "reaction": {
    "lhs": [
      { "state": { "particle": "e", "charge": -1 }, "count": 1 },
      {
        "state": {
          "particle": "H2",
          "charge": 0,
          "descriptor": { "type": 1, "accuracy": 2, "e": "X", "Lambda": 0, "S": 0, "parity": "g", "v": 9 }
        },
        "count": 1
      }
    ],
    "rhs": [
      { "state": { "particle": "e", "charge": -1 }, "count": 1 },
      {
        "state": {
          "particle": "H2",
          "charge": 0,
          "descriptor": { "type": 1, "accuracy": 2, "e": "g", "Lambda": 0, "S": 1, "parity": "g", "v": 7 }
        },
        "count": 1
      }
    ],
    "type_tags": ["Electronic", "Vibrational"],
    "reversible": false
  },
  "threshold": 11.9497,
  "data": [
    [11.9497, 0],
    [12, 0.0018296],
    [13, 0.00607683],
    [14, 0.00542093],
    [15, 0.00433453],
    [16, 0.00350226],
    [17, 0.00287857],
    [18, 0.00250825],
    [19, 0.00229657],
    [20, 0.00212236],
    [22, 0.00175404],
    [25, 0.00128719],
    [30, 0.000725602],
    [40, 0.000393627],
    [50, 0.000280908],
    [60, 0.000236128],
    [70, 0.000168516],
    [80, 0.000115685],
    [100, 0.0000594309],
    [120, 0.0000371761],
    [140, 0.0000267061],
    [160, 0.0000187439]
  ]
}