{
  "reaction": {
    "lhs": [
      { "state": { "particle": "e", "charge": -1 }, "count": 1 },
      {
        "state": {
          "particle": "H2",
          "charge": 0,
          "descriptor": { "type": 1, "accuracy": 2, "e": "X", "Lambda": 0, "S": 0, "parity": "g", "v": 9 }
        },
        "count": 1
      }
    ],
    "rhs": [
      { "state": { "particle": "e", "charge": -1 }, "count": 1 },
      {
        "state": {
          "particle": "H2",
          "charge": 0,
          "descriptor": {
            "type": 1,
            "accuracy": 2,
            "e": "EF",
            "Lambda": 0,
            "S": 0,
            "parity": "g",
            "v": 7
          }
        },
        "count": 1
      }
    ],
    "type_tags": ["Electronic", "Vibrational"],
    "reversible": false
  },
  "threshold": 9.26504,
  "data": [
    [9.26504, 0],
    [10, 0.027287],
    [11, 0.0337771],
    [12, 0.0409831],
    [13, 0.0508625],
    [14, 0.0535607],
    [15, 0.0548407],
    [16, 0.0540943],
    [17, 0.0504878],
    [18, 0.0497292],
    [19, 0.0495725],
    [20, 0.0483407],
    [22, 0.0456896],
    [25, 0.041682],
    [30, 0.0363689],
    [40, 0.0269852],
    [50, 0.0234194],
    [60, 0.021335],
    [70, 0.0182087],
    [80, 0.0157502],
    [100, 0.0123959],
    [120, 0.010277],
    [140, 0.00897598],
    [160, 0.00789174]
  ]
}