{
  "reaction": {
    "lhs": [
      { "state": { "particle": "e", "charge": -1 }, "count": 1 },
      {
        "state": {
          "particle": "H2",
          "charge": 0,
          "descriptor": { "type": 1, "accuracy": 2, "e": "X", "Lambda": 0, "S": 0, "parity": "g", "v": 9 }
        },
        "count": 1
      }
    ],
    "rhs": [
      { "state": { "particle": "e", "charge": -1 }, "count": 1 },
      {
        "state": {
          "particle": "H2",
          "charge": 0,
          "descriptor": {
            "type": 1,
            "accuracy": 2,
            "e": "H",
            "Lambda": 0,
            "S": 0,
            "parity": "g",
            "v": 40
          }
        },
        "count": 1
      }
    ],
    "type_tags": ["Electronic", "Vibrational"],
    "reversible": false
  },
  "threshold": 12.561,
  "data": [
    [12.561, 0],
    [13, 0.0000186037],
    [14, 0.0000302881],
    [15, 0.0000311545],
    [16, 0.0000249692],
    [17, 0.0000213196],
    [18, 0.0000199677],
    [19, 0.00001827],
    [20, 0.0000155416],
    [22, 0.0000101558],
    [25, 0.00000950393],
    [30, 0.0000179796],
    [40, 0.0000158992],
    [50, 0.0000152588],
    [60, 0.0000205056],
    [70, 0.0000236555],
    [80, 0.0000203389],
    [100, 0.0000178732],
    [120, 0.0000149837],
    [140, 0.000013341],
    [160, 0.0000126408]
  ]
}