{
  "reaction": {
    "lhs": [
      { "state": { "particle": "e", "charge": -1 }, "count": 1 },
      {
        "state": {
          "particle": "H2",
          "charge": 0,
          "descriptor": { "type": 1, "accuracy": 2, "e": "X", "Lambda": 0, "S": 0, "parity": "g", "v": 9 }
        },
        "count": 1
      }
    ],
    "rhs": [
      { "state": { "particle": "e", "charge": -1 }, "count": 1 },
      {
        "state": {
          "particle": "H2",
          "charge": 0,
          "descriptor": { "type": 1, "accuracy": 2, "e": "a", "Lambda": 0, "S": 1, "parity": "g", "v": 7 }
        },
        "count": 1
      }
    ],
    "type_tags": ["Electronic", "Vibrational"],
    "reversible": false
  },
  "threshold": 10.0311,
  "data": [
    [10.0311, 0],
    [11, 0.015988],
    [12, 0.0156185],
    [13, 0.0149464],
    [14, 0.0126714],
    [15, 0.0108112],
    [16, 0.00879027],
    [17, 0.00706994],
    [18, 0.00610944],
    [19, 0.00555322],
    [20, 0.0050965],
    [22, 0.00413305],
    [25, 0.00290328],
    [30, 0.00150339],
    [40, 0.000855681],
    [50, 0.000613596],
    [60, 0.000465032],
    [70, 0.000325658],
    [80, 0.000224975],
    [100, 0.000108599],
    [120, 0.0000627391],
    [140, 0.0000454262],
    [160, 0.0000321984]
  ]
}