{
  "reaction": {
    "lhs": [
      { "state": { "particle": "e", "charge": -1 }, "count": 1 },
      {
        "state": {
          "particle": "H2",
          "charge": 0,
          "descriptor": { "type": 1, "accuracy": 2, "e": "X", "Lambda": 0, "S": 0, "parity": "g", "v": 9 }
        },
        "count": 1
      }
    ],
    "rhs": [
      { "state": { "particle": "e", "charge": -1 }, "count": 1 },
      {
        "state": {
          "particle": "H2",
          "charge": 0,
          "descriptor": { "type": 1, "accuracy": 2, "e": "g", "Lambda": 0, "S": 1, "parity": "g", "v": 4 }
        },
        "count": 1
      }
    ],
    "type_tags": ["Electronic", "Vibrational"],
    "reversible": false
  },
  "threshold": 11.3265,
  "data": [
    [11.3265, 0],
    [12, 0.0157979],
    [13, 0.0175979],
    [14, 0.0113483],
    [15, 0.00842669],
    [16, 0.00698867],
    [17, 0.00617705],
    [18, 0.00559318],
    [19, 0.00524556],
    [20, 0.00492894],
    [22, 0.00418326],
    [25, 0.00309907],
    [30, 0.00169822],
    [40, 0.000970038],
    [50, 0.000670538],
    [60, 0.000524547],
    [70, 0.000389956],
    [80, 0.000296255],
    [100, 0.000139232],
    [120, 0.0000595073],
    [140, 0.0000428705],
    [160, 0.000030077]
  ]
}