{
  "reaction": {
    "lhs": [
      { "state": { "particle": "e", "charge": -1 }, "count": 1 },
      {
        "state": {
          "particle": "H2",
          "charge": 0,
          "descriptor": { "type": 1, "accuracy": 2, "e": "X", "Lambda": 0, "S": 0, "parity": "g", "v": 9 }
        },
        "count": 1
      }
    ],
    "rhs": [
      { "state": { "particle": "e", "charge": -1 }, "count": 1 },
      {
        "state": {
          "particle": "H2",
          "charge": 0,
          "descriptor": {
            "type": 1,
            "accuracy": 2,
            "e": "c",
            "Lambda": 1,
            "S": 1,
            "parity": "u",
            "v": 12
          }
        },
        "count": 1
      }
    ],
    "type_tags": ["Electronic", "Vibrational"],
    "reversible": false
  },
  "threshold": 10.6858,
  "data": [
    [10.6858, 0],
    [11, 0.015495],
    [12, 0.0182609],
    [13, 0.017258],
    [14, 0.0171908],
    [15, 0.0163608],
    [16, 0.0140995],
    [17, 0.0117884],
    [18, 0.0104192],
    [19, 0.0094691],
    [20, 0.00870142],
    [22, 0.00734623],
    [25, 0.00578867],
    [30, 0.00388454],
    [40, 0.00166354],
    [50, 0.00101692],
    [60, 0.000857284],
    [70, 0.000612642],
    [80, 0.000401142],
    [100, 0.000192854],
    [120, 0.000115841],
    [140, 0.0000832359],
    [160, 0.0000583576]
  ]
}