{
  "reaction": {
    "lhs": [
      { "state": { "particle": "e", "charge": -1 }, "count": 1 },
      {
        "state": {
          "particle": "H2",
          "charge": 0,
          "descriptor": { "type": 1, "accuracy": 2, "e": "X", "Lambda": 0, "S": 0, "parity": "g", "v": 9 }
        },
        "count": 1
      }
    ],
    "rhs": [
      { "state": { "particle": "e", "charge": -1 }, "count": 1 },
      {
        "state": {
          "particle": "H2",
          "charge": 0,
          "descriptor": {
            "type": 1,
            "accuracy": 2,
            "e": "C",
            "Lambda": 1,
            "S": 0,
            "parity": "u",
            "v": 10
          }
        },
        "count": 1
      }
    ],
    "type_tags": ["Electronic", "Vibrational"],
    "reversible": false
  },
  "threshold": 10.8011,
  "data": [
    [10.8011, 0],
    [11, 0.000231613],
    [12, 0.000506976],
    [13, 0.000741897],
    [14, 0.000923337],
    [15, 0.00105709],
    [16, 0.00115593],
    [17, 0.00123837],
    [18, 0.00131946],
    [19, 0.00140303],
    [20, 0.00148145],
    [22, 0.00159466],
    [25, 0.00172304],
    [30, 0.00197218],
    [40, 0.00235745],
    [50, 0.00255715],
    [60, 0.00261302],
    [70, 0.00261543],
    [80, 0.00257679],
    [100, 0.00243926],
    [120, 0.00227337],
    [140, 0.00212069],
    [160, 0.00198784]
  ]
}