{
  "reaction": {
    "lhs": [
      { "state": { "particle": "e", "charge": -1 }, "count": 1 },
      {
        "state": {
          "particle": "H2",
          "charge": 0,
          "descriptor": { "type": 1, "accuracy": 2, "e": "X", "Lambda": 0, "S": 0, "parity": "g", "v": 9 }
        },
        "count": 1
      }
    ],
    "rhs": [
      { "state": { "particle": "e", "charge": -1 }, "count": 1 },
      {
        "state": {
          "particle": "H2",
          "charge": 0,
          "descriptor": { "type": 1, "accuracy": 2, "e": "C", "Lambda": 1, "S": 0, "parity": "u", "v": 7 }
        },
        "count": 1
      }
    ],
    "type_tags": ["Electronic", "Vibrational"],
    "reversible": false
  },
  "threshold": 10.3407,
  "data": [
    [10.3407, 0],
    [11, 0.018535],
    [12, 0.0355831],
    [13, 0.0485749],
    [14, 0.0587951],
    [15, 0.0676956],
    [16, 0.0760624],
    [17, 0.0842363],
    [18, 0.0923162],
    [19, 0.100107],
    [20, 0.107197],
    [22, 0.11851],
    [25, 0.130284],
    [30, 0.143889],
    [40, 0.163323],
    [50, 0.174486],
    [60, 0.179184],
    [70, 0.178698],
    [80, 0.174687],
    [100, 0.164431],
    [120, 0.15289],
    [140, 0.142276],
    [160, 0.133047]
  ]
}