{
  "reaction": {
    "lhs": [
      { "state": { "particle": "e", "charge": -1 }, "count": 1 },
      {
        "state": {
          "particle": "H2",
          "charge": 0,
          "descriptor": { "type": 1, "accuracy": 2, "e": "X", "Lambda": 0, "S": 0, "parity": "g", "v": 9 }
        },
        "count": 1
      }
    ],
    "rhs": [
      { "state": { "particle": "e", "charge": -1 }, "count": 1 },
      {
        "state": {
          "particle": "H2",
          "charge": 0,
          "descriptor": { "type": 1, "accuracy": 2, "e": "I", "Lambda": 1, "S": 0, "parity": "g", "v": 3 }
        },
        "count": 1
      }
    ],
    "type_tags": ["Electronic", "Vibrational"],
    "reversible": false
  },
  "threshold": 10.9927,
  "data": [
    [10.9927, 0],
    [11, 3.82329e-7],
    [12, 0.00492258],
    [13, 0.00387193],
    [14, 0.00531945],
    [15, 0.00392755],
    [16, 0.00508939],
    [17, 0.00534043],
    [18, 0.0055197],
    [19, 0.00653228],
    [20, 0.00703614],
    [22, 0.00639642],
    [25, 0.00711425],
    [30, 0.00656659],
    [40, 0.00675692],
    [50, 0.00691493],
    [60, 0.00656423],
    [70, 0.00598549],
    [80, 0.00553807],
    [100, 0.0047747],
    [120, 0.00418172],
    [140, 0.0036993],
    [160, 0.00330581]
  ]
}