{
  "reaction": {
    "lhs": [
      { "state": { "particle": "e", "charge": -1 }, "count": 1 },
      {
        "state": {
          "particle": "H2",
          "charge": 0,
          "descriptor": { "type": 1, "accuracy": 2, "e": "X", "Lambda": 0, "S": 0, "parity": "g", "v": 9 }
        },
        "count": 1
      }
    ],
    "rhs": [
      { "state": { "particle": "e", "charge": -1 }, "count": 1 },
      {
        "state": {
          "particle": "H2",
          "charge": 0,
          "descriptor": { "type": 1, "accuracy": 2, "e": "e", "Lambda": 0, "S": 1, "parity": "u", "v": 2 }
        },
        "count": 1
      }
    ],
    "type_tags": ["Electronic", "Vibrational"],
    "reversible": false
  },
  "threshold": 10.1094,
  "data": [
    [10.1094, 0],
    [11, 0.000741316],
    [12, 0.000562982],
    [13, 0.000540185],
    [14, 0.000310607],
    [15, 0.000309827],
    [16, 0.000346106],
    [17, 0.000382385],
    [18, 0.000336898],
    [19, 0.00024681],
    [20, 0.000181678],
    [22, 0.000133904],
    [25, 0.0000962537],
    [30, 0.0000823792],
    [40, 0.000079555],
    [50, 0.0000573882],
    [60, 0.0000268821],
    [70, 0.0000163426],
    [80, 0.0000118769],
    [100, 0.0000057027],
    [120, 0.00000371226],
    [140, 0.00000267251],
    [160, 0.00000188097]
  ]
}