{
  "reaction": {
    "lhs": [
      { "state": { "particle": "e", "charge": -1 }, "count": 1 },
      {
        "state": {
          "particle": "H2",
          "charge": 0,
          "descriptor": { "type": 1, "accuracy": 2, "e": "X", "Lambda": 0, "S": 0, "parity": "g", "v": 9 }
        },
        "count": 1
      }
    ],
    "rhs": [
      { "state": { "particle": "e", "charge": -1 }, "count": 1 },
      {
        "state": {
          "particle": "H2",
          "charge": 0,
          "descriptor": { "type": 1, "accuracy": 2, "e": "B", "Lambda": 0, "S": 0, "parity": "u", "v": 0 }
        },
        "count": 1
      }
    ],
    "type_tags": ["Electronic", "Vibrational"],
    "reversible": false
  },
  "threshold": 7.57075,
  "data": [
    [7.57075, 0],
    [8, 0.00261758],
    [10, 0.00725843],
    [11, 0.00816562],
    [12, 0.00866617],
    [13, 0.00905369],
    [14, 0.00936287],
    [15, 0.00961323],
    [16, 0.00981011],
    [17, 0.00995991],
    [18, 0.010069],
    [19, 0.0101441],
    [20, 0.0101914],
    [22, 0.010229],
    [25, 0.01024],
    [30, 0.0103577],
    [40, 0.0103502],
    [50, 0.0102269],
    [60, 0.00999175],
    [70, 0.00955798],
    [80, 0.00904402],
    [100, 0.00815325],
    [120, 0.00743407],
    [140, 0.00680641],
    [160, 0.00624971]
  ]
}