{
  "reaction": {
    "lhs": [
      { "state": { "particle": "e", "charge": -1 }, "count": 1 },
      {
        "state": {
          "particle": "H2",
          "charge": 0,
          "descriptor": { "type": 1, "accuracy": 2, "e": "X", "Lambda": 0, "S": 0, "parity": "g", "v": 9 }
        },
        "count": 1
      }
    ],
    "rhs": [
      { "state": { "particle": "e", "charge": -1 }, "count": 1 },
      {
        "state": {
          "particle": "H2",
          "charge": 0,
          "descriptor": {
            "type": 1,
            "accuracy": 2,
            "e": "H",
            "Lambda": 0,
            "S": 0,
            "parity": "g",
            "v": 35
          }
        },
        "count": 1
      }
    ],
    "type_tags": ["Electronic", "Vibrational"],
    "reversible": false
  },
  "threshold": 12.4273,
  "data": [
    [12.4273, 0],
    [13, 0.0000896599],
    [14, 0.000161696],
    [15, 0.000186227],
    [16, 0.000177588],
    [17, 0.000167236],
    [18, 0.000162087],
    [19, 0.000158556],
    [20, 0.000152824],
    [22, 0.000139234],
    [25, 0.00013759],
    [30, 0.000158],
    [40, 0.000133522],
    [50, 0.000118571],
    [60, 0.000127237],
    [70, 0.000131088],
    [80, 0.000114305],
    [100, 0.0000958074],
    [120, 0.0000795254],
    [140, 0.0000695282],
    [160, 0.000063099]
  ]
}