{
  "reaction": {
    "lhs": [
      { "state": { "particle": "e", "charge": -1 }, "count": 1 },
      {
        "state": {
          "particle": "H2",
          "charge": 0,
          "descriptor": { "type": 1, "accuracy": 2, "e": "X", "Lambda": 0, "S": 0, "parity": "g", "v": 9 }
        },
        "count": 1
      }
    ],
    "rhs": [
      { "state": { "particle": "e", "charge": -1 }, "count": 1 },
      {
        "state": {
          "particle": "H2",
          "charge": 0,
          "descriptor": { "type": 1, "accuracy": 2, "e": "d", "Lambda": 1, "S": 1, "parity": "u", "v": 9 }
        },
        "count": 1
      }
    ],
    "type_tags": ["Electronic", "Vibrational"],
    "reversible": false
  },
  "threshold": 12.2182,
  "data": [
    [12.2182, 0],
    [13, 0.0027016],
    [14, 0.00175247],
    [15, 0.00175002],
    [16, 0.00171718],
    [17, 0.00163438],
    [18, 0.00150226],
    [19, 0.00134207],
    [20, 0.00120818],
    [22, 0.00102608],
    [25, 0.000822405],
    [30, 0.000576862],
    [40, 0.000278058],
    [50, 0.000183593],
    [60, 0.000154432],
    [70, 0.000110863],
    [80, 0.0000792484],
    [100, 0.0000402194],
    [120, 0.0000232624],
    [140, 0.000016677],
    [160, 0.0000116551]
  ]
}