{
  "reaction": {
    "lhs": [
      { "state": { "particle": "e", "charge": -1 }, "count": 1 },
      {
        "state": {
          "particle": "H2",
          "charge": 0,
          "descriptor": { "type": 1, "accuracy": 2, "e": "X", "Lambda": 0, "S": 0, "parity": "g", "v": 9 }
        },
        "count": 1
      }
    ],
    "rhs": [
      { "state": { "particle": "e", "charge": -1 }, "count": 1 },
      {
        "state": {
          "particle": "H2",
          "charge": 0,
          "descriptor": { "type": 1, "accuracy": 2, "e": "j", "Lambda": 2, "S": 1, "parity": "g", "v": 9 }
        },
        "count": 1
      }
    ],
    "type_tags": ["Electronic", "Vibrational"],
    "reversible": false
  },
  "threshold": 12.2628,
  "data": [
    [12.2628, 0],
    [13, 0.000871032],
    [14, 0.000881306],
    [15, 0.00107883],
    [16, 0.000924965],
    [17, 0.00070332],
    [18, 0.000590323],
    [19, 0.000512124],
    [20, 0.000453232],
    [22, 0.000362595],
    [25, 0.000279336],
    [30, 0.000198837],
    [40, 0.000112385],
    [50, 0.0000784184],
    [60, 0.0000603656],
    [70, 0.0000325485],
    [80, 0.0000147728],
    [100, 0.00000986359],
    [120, 0.00000900108],
    [140, 0.00000836003],
    [160, 0.00000755282]
  ]
}