{
  "reaction": {
    "lhs": [
      { "state": { "particle": "e", "charge": -1 }, "count": 1 },
      {
        "state": {
          "particle": "H2",
          "charge": 0,
          "descriptor": { "type": 1, "accuracy": 2, "e": "X", "Lambda": 0, "S": 0, "parity": "g", "v": 9 }
        },
        "count": 1
      }
    ],
    "rhs": [
      { "state": { "particle": "e", "charge": -1 }, "count": 1 },
      {
        "state": {
          "particle": "H2",
          "charge": 0,
          "descriptor": {
            "type": 1,
            "accuracy": 2,
            "e": "J",
            "Lambda": 2,
            "S": 0,
            "parity": "g",
            "v": 11
          }
        },
        "count": 1
      }
    ],
    "type_tags": ["Electronic", "Vibrational"],
    "reversible": false
  },
  "threshold": 12.5365,
  "data": [
    [12.5365, 0],
    [13, 0.0000218883],
    [14, 0.0000125152],
    [15, 0.0000337424],
    [16, 0.0000957774],
    [17, 0.0000432188],
    [18, 0.0000466509],
    [19, 0.0000558244],
    [20, 0.0000596018],
    [22, 0.0000735173],
    [25, 0.0000584781],
    [30, 0.0000604884],
    [40, 0.0000486314],
    [50, 0.000045346],
    [60, 0.0000395852],
    [70, 0.0000335393],
    [80, 0.0000291133],
    [100, 0.0000219801],
    [120, 0.0000187354],
    [140, 0.0000158299],
    [160, 0.0000138461]
  ]
}