{
  "reaction": {
    "lhs": [
      { "state": { "particle": "e", "charge": -1 }, "count": 1 },
      {
        "state": {
          "particle": "H2",
          "charge": 0,
          "descriptor": { "type": 1, "accuracy": 2, "e": "X", "Lambda": 0, "S": 0, "parity": "g", "v": 9 }
        },
        "count": 1
      }
    ],
    "rhs": [
      { "state": { "particle": "e", "charge": -1 }, "count": 1 },
      {
        "state": {
          "particle": "H2",
          "charge": 0,
          "descriptor": {
            "type": 1,
            "accuracy": 2,
            "e": "EF",
            "Lambda": 0,
            "S": 0,
            "parity": "g",
            "v": 5
          }
        },
        "count": 1
      }
    ],
    "type_tags": ["Electronic", "Vibrational"],
    "reversible": false
  },
  "threshold": 9.13174,
  "data": [
    [9.13174, 0],
    [10, 0.0336289],
    [11, 0.0429522],
    [12, 0.052877],
    [13, 0.0641323],
    [14, 0.0666658],
    [15, 0.0673248],
    [16, 0.065825],
    [17, 0.0608969],
    [18, 0.0592114],
    [19, 0.0586399],
    [20, 0.0571905],
    [22, 0.0540835],
    [25, 0.0493167],
    [30, 0.043146],
    [40, 0.0313344],
    [50, 0.0267857],
    [60, 0.0240638],
    [70, 0.0203105],
    [80, 0.017432],
    [100, 0.0136047],
    [120, 0.0112083],
    [140, 0.00974389],
    [160, 0.00852543]
  ]
}