{
  "reaction": {
    "lhs": [
      { "state": { "particle": "e", "charge": -1 }, "count": 1 },
      {
        "state": {
          "particle": "H2",
          "charge": 0,
          "descriptor": { "type": 1, "accuracy": 2, "e": "X", "Lambda": 0, "S": 0, "parity": "g", "v": 9 }
        },
        "count": 1
      }
    ],
    "rhs": [
      { "state": { "particle": "e", "charge": -1 }, "count": 1 },
      {
        "state": {
          "particle": "H2",
          "charge": 0,
          "descriptor": {
            "type": 1,
            "accuracy": 2,
            "e": "EF",
            "Lambda": 0,
            "S": 0,
            "parity": "g",
            "v": 13
          }
        },
        "count": 1
      }
    ],
    "type_tags": ["Electronic", "Vibrational"],
    "reversible": false
  },
  "threshold": 9.79941,
  "data": [
    [9.79941, 0],
    [10, 0.00138932],
    [11, 0.00434101],
    [12, 0.00520157],
    [13, 0.00776216],
    [14, 0.00821056],
    [15, 0.00813048],
    [16, 0.00769345],
    [17, 0.00782648],
    [18, 0.00780513],
    [19, 0.00781984],
    [20, 0.00772031],
    [22, 0.00733046],
    [25, 0.00678456],
    [30, 0.00626698],
    [40, 0.00506016],
    [50, 0.00452649],
    [60, 0.00423379],
    [70, 0.00381104],
    [80, 0.00348211],
    [100, 0.00287379],
    [120, 0.00234773],
    [140, 0.00203501],
    [160, 0.00178006]
  ]
}