{
  "reaction": {
    "lhs": [
      { "state": { "particle": "e", "charge": -1 }, "count": 1 },
      {
        "state": {
          "particle": "H2",
          "charge": 0,
          "descriptor": { "type": 1, "accuracy": 2, "e": "X", "Lambda": 0, "S": 0, "parity": "g", "v": 9 }
        },
        "count": 1
      }
    ],
    "rhs": [
      { "state": { "particle": "e", "charge": -1 }, "count": 1 },
      {
        "state": {
          "particle": "H2",
          "charge": 0,
          "descriptor": {
            "type": 1,
            "accuracy": 2,
            "e": "c",
            "Lambda": 1,
            "S": 1,
            "parity": "u",
            "v": 13
          }
        },
        "count": 1
      }
    ],
    "type_tags": ["Electronic", "Vibrational"],
    "reversible": false
  },
  "threshold": 10.7981,
  "data": [
    [10.7981, 0],
    [11, 0.0114253],
    [12, 0.012038],
    [13, 0.0114651],
    [14, 0.0119546],
    [15, 0.0113682],
    [16, 0.00976628],
    [17, 0.00814494],
    [18, 0.00723358],
    [19, 0.00663808],
    [20, 0.00615274],
    [22, 0.00524662],
    [25, 0.00417107],
    [30, 0.00281702],
    [40, 0.0011973],
    [50, 0.000727274],
    [60, 0.000611434],
    [70, 0.000436931],
    [80, 0.000287368],
    [100, 0.000138733],
    [120, 0.0000833596],
    [140, 0.0000599031],
    [160, 0.0000420074]
  ]
}