{
  "reaction": {
    "lhs": [
      { "state": { "particle": "e", "charge": -1 }, "count": 1 },
      {
        "state": {
          "particle": "H2",
          "charge": 0,
          "descriptor": { "type": 1, "accuracy": 2, "e": "X", "Lambda": 0, "S": 0, "parity": "g", "v": 9 }
        },
        "count": 1
      }
    ],
    "rhs": [
      { "state": { "particle": "e", "charge": -1 }, "count": 1 },
      {
        "state": {
          "particle": "H2",
          "charge": 0,
          "descriptor": {
            "type": 1,
            "accuracy": 2,
            "e": "GK",
            "Lambda": 0,
            "S": 0,
            "parity": "g",
            "v": 2
          }
        },
        "count": 1
      }
    ],
    "type_tags": ["Electronic", "Vibrational"],
    "reversible": false
  },
  "threshold": 10.4055,
  "data": [
    [10.4055, 0],
    [11, 0.00352241],
    [12, 0.0118279],
    [13, 0.0121186],
    [14, 0.014678],
    [15, 0.0169509],
    [16, 0.019309],
    [17, 0.0177241],
    [18, 0.0175551],
    [19, 0.0176752],
    [20, 0.0176418],
    [22, 0.0182147],
    [25, 0.0171114],
    [30, 0.0162167],
    [40, 0.01402],
    [50, 0.0131219],
    [60, 0.0129248],
    [70, 0.0128822],
    [80, 0.0126557],
    [100, 0.0109161],
    [120, 0.00957959],
    [140, 0.00837595],
    [160, 0.00781859]
  ]
}