{
  "reaction": {
    "lhs": [
      { "state": { "particle": "e", "charge": -1 }, "count": 1 },
      {
        "state": {
          "particle": "H2",
          "charge": 0,
          "descriptor": { "type": 1, "accuracy": 2, "e": "X", "Lambda": 0, "S": 0, "parity": "g", "v": 9 }
        },
        "count": 1
      }
    ],
    "rhs": [
      { "state": { "particle": "e", "charge": -1 }, "count": 1 },
      {
        "state": {
          "particle": "H2",
          "charge": 0,
          "descriptor": {
            "type": 1,
            "accuracy": 2,
            "e": "H",
            "Lambda": 0,
            "S": 0,
            "parity": "g",
            "v": 39
          }
        },
        "count": 1
      }
    ],
    "type_tags": ["Electronic", "Vibrational"],
    "reversible": false
  },
  "threshold": 12.5336,
  "data": [
    [12.5336, 0],
    [13, 0.0000276566],
    [14, 0.0000478847],
    [15, 0.0000514537],
    [16, 0.0000439381],
    [17, 0.0000390111],
    [18, 0.0000370582],
    [19, 0.0000347357],
    [20, 0.0000309721],
    [22, 0.0000232606],
    [25, 0.0000222869],
    [30, 0.0000343394],
    [40, 0.0000299258],
    [50, 0.0000276922],
    [60, 0.0000344182],
    [70, 0.0000383552],
    [80, 0.0000331319],
    [100, 0.0000286735],
    [120, 0.0000239806],
    [140, 0.000021236],
    [160, 0.0000198374]
  ]
}