{
  "reaction": {
    "lhs": [
      { "state": { "particle": "e", "charge": -1 }, "count": 1 },
      {
        "state": {
          "particle": "H2",
          "charge": 0,
          "descriptor": { "type": 1, "accuracy": 2, "e": "X", "Lambda": 0, "S": 0, "parity": "g", "v": 9 }
        },
        "count": 1
      }
    ],
    "rhs": [
      { "state": { "particle": "e", "charge": -1 }, "count": 1 },
      {
        "state": {
          "particle": "H2",
          "charge": 0,
          "descriptor": { "type": 1, "accuracy": 2, "e": "J", "Lambda": 2, "S": 0, "parity": "g", "v": 8 }
        },
        "count": 1
      }
    ],
    "type_tags": ["Electronic", "Vibrational"],
    "reversible": false
  },
  "threshold": 12.1056,
  "data": [
    [12.1056, 0],
    [13, 0.00111219],
    [14, 0.00156384],
    [15, 0.00154698],
    [16, 0.00146333],
    [17, 0.00162175],
    [18, 0.00161391],
    [19, 0.00172252],
    [20, 0.00173053],
    [22, 0.00191125],
    [25, 0.00182867],
    [30, 0.00176687],
    [40, 0.00141526],
    [50, 0.00115349],
    [60, 0.00100383],
    [70, 0.000899096],
    [80, 0.000817024],
    [100, 0.000676666],
    [120, 0.000569284],
    [140, 0.000486312],
    [160, 0.000425455]
  ]
}