{
  "reaction": {
    "lhs": [
      { "state": { "particle": "e", "charge": -1 }, "count": 1 },
      {
        "state": {
          "particle": "H2",
          "charge": 0,
          "descriptor": { "type": 1, "accuracy": 2, "e": "X", "Lambda": 0, "S": 0, "parity": "g", "v": 9 }
        },
        "count": 1
      }
    ],
    "rhs": [
      { "state": { "particle": "e", "charge": -1 }, "count": 1 },
      {
        "state": {
          "particle": "H2",
          "charge": 0,
          "descriptor": {
            "type": 1,
            "accuracy": 2,
            "e": "J",
            "Lambda": 2,
            "S": 0,
            "parity": "g",
            "v": 10
          }
        },
        "count": 1
      }
    ],
    "type_tags": ["Electronic", "Vibrational"],
    "reversible": false
  },
  "threshold": 12.4073,
  "data": [
    [12.4073, 0],
    [13, 0.0000294212],
    [14, 0.0000845276],
    [15, 0.0000739027],
    [16, 0.0000194192],
    [17, 0.0000576228],
    [18, 0.0000632563],
    [19, 0.0000609075],
    [20, 0.0000444224],
    [22, 0.0000406122],
    [25, 0.0000536248],
    [30, 0.0000532312],
    [40, 0.0000407469],
    [50, 0.000029376],
    [60, 0.0000260203],
    [70, 0.0000251858],
    [80, 0.0000237443],
    [100, 0.0000223742],
    [120, 0.000018505],
    [140, 0.0000160533],
    [160, 0.0000140584]
  ]
}