{
  "reaction": {
    "lhs": [
      { "state": { "particle": "e", "charge": -1 }, "count": 1 },
      {
        "state": {
          "particle": "H2",
          "charge": 0,
          "descriptor": { "type": 1, "accuracy": 2, "e": "X", "Lambda": 0, "S": 0, "parity": "g", "v": 9 }
        },
        "count": 1
      }
    ],
    "rhs": [
      { "state": { "particle": "e", "charge": -1 }, "count": 1 },
      {
        "state": {
          "particle": "H2",
          "charge": 0,
          "descriptor": {
            "type": 1,
            "accuracy": 2,
            "e": "H",
            "Lambda": 0,
            "S": 0,
            "parity": "g",
            "v": 46
          }
        },
        "count": 1
      }
    ],
    "type_tags": ["Electronic", "Vibrational"],
    "reversible": false
  },
  "threshold": 12.7224,
  "data": [
    [12.7224, 0],
    [13, 0.00000655273],
    [14, 0.00000677616],
    [15, 0.0000121122],
    [16, 0.0000176329],
    [17, 0.0000172594],
    [18, 0.0000154143],
    [19, 0.0000156196],
    [20, 0.000017826],
    [22, 0.0000229879],
    [25, 0.0000238938],
    [30, 0.0000155071],
    [40, 0.0000129075],
    [50, 0.000012131],
    [60, 0.00000829119],
    [70, 0.00000506555],
    [80, 0.00000464406],
    [100, 0.00000342966],
    [120, 0.00000287579],
    [140, 0.00000242884],
    [160, 0.00000189729]
  ]
}