{
  "reaction": {
    "lhs": [
      { "state": { "particle": "e", "charge": -1 }, "count": 1 },
      {
        "state": {
          "particle": "H2",
          "charge": 0,
          "descriptor": { "type": 1, "accuracy": 2, "e": "X", "Lambda": 0, "S": 0, "parity": "g", "v": 9 }
        },
        "count": 1
      }
    ],
    "rhs": [
      { "state": { "particle": "e", "charge": -1 }, "count": 1 },
      {
        "state": {
          "particle": "H2",
          "charge": 0,
          "descriptor": { "type": 1, "accuracy": 2, "e": "C", "Lambda": 1, "S": 0, "parity": "u", "v": 4 }
        },
        "count": 1
      }
    ],
    "type_tags": ["Electronic", "Vibrational"],
    "reversible": false
  },
  "threshold": 9.72555,
  "data": [
    [9.72555, 0],
    [10, 0.0276192],
    [11, 0.0674736],
    [12, 0.0984595],
    [13, 0.121611],
    [14, 0.140061],
    [15, 0.15606],
    [16, 0.171004],
    [17, 0.18591],
    [18, 0.201087],
    [19, 0.215587],
    [20, 0.228019],
    [22, 0.246327],
    [25, 0.266979],
    [30, 0.295749],
    [40, 0.339546],
    [50, 0.362778],
    [60, 0.369344],
    [70, 0.367061],
    [80, 0.3584],
    [100, 0.335859],
    [120, 0.311049],
    [140, 0.288506],
    [160, 0.269043]
  ]
}