{
  "reaction": {
    "lhs": [
      { "state": { "particle": "e", "charge": -1 }, "count": 1 },
      {
        "state": {
          "particle": "H2",
          "charge": 0,
          "descriptor": { "type": 1, "accuracy": 2, "e": "X", "Lambda": 0, "S": 0, "parity": "g", "v": 9 }
        },
        "count": 1
      }
    ],
    "rhs": [
      { "state": { "particle": "e", "charge": -1 }, "count": 1 },
      {
        "state": {
          "particle": "H2",
          "charge": 0,
          "descriptor": {
            "type": 1,
            "accuracy": 2,
            "e": "EF",
            "Lambda": 0,
            "S": 0,
            "parity": "g",
            "v": 19
          }
        },
        "count": 1
      }
    ],
    "type_tags": ["Electronic", "Vibrational"],
    "reversible": false
  },
  "threshold": 10.3,
  "data": [
    [10.3, 0],
    [11, 0.00422385],
    [12, 0.00650123],
    [13, 0.00755305],
    [14, 0.00792743],
    [15, 0.00856649],
    [16, 0.00916692],
    [17, 0.00969772],
    [18, 0.00949385],
    [19, 0.00957619],
    [20, 0.00965406],
    [22, 0.0094934],
    [25, 0.00916929],
    [30, 0.00841419],
    [40, 0.0071201],
    [50, 0.00666546],
    [60, 0.00642308],
    [70, 0.00596005],
    [80, 0.00555762],
    [100, 0.00470943],
    [120, 0.00389713],
    [140, 0.00341354],
    [160, 0.0030194]
  ]
}