{
  "reaction": {
    "lhs": [
      { "state": { "particle": "e", "charge": -1 }, "count": 1 },
      {
        "state": {
          "particle": "H2",
          "charge": 0,
          "descriptor": { "type": 1, "accuracy": 2, "e": "X", "Lambda": 0, "S": 0, "parity": "g", "v": 9 }
        },
        "count": 1
      }
    ],
    "rhs": [
      { "state": { "particle": "e", "charge": -1 }, "count": 1 },
      {
        "state": {
          "particle": "H2",
          "charge": 0,
          "descriptor": {
            "type": 1,
            "accuracy": 2,
            "e": "D",
            "Lambda": 1,
            "S": 0,
            "parity": "u",
            "v": 16
          }
        },
        "count": 1
      }
    ],
    "type_tags": ["Electronic", "Vibrational"],
    "reversible": false
  },
  "threshold": 12.9427,
  "data": [
    [12.9427, 0],
    [13, 0.0000453195],
    [14, 0.000206955],
    [15, 0.000323458],
    [16, 0.000394461],
    [17, 0.000451298],
    [18, 0.000515209],
    [19, 0.000589919],
    [20, 0.000669452],
    [22, 0.000814108],
    [25, 0.000952845],
    [30, 0.00109996],
    [40, 0.00132467],
    [50, 0.00147125],
    [60, 0.00157048],
    [70, 0.00160368],
    [80, 0.00158484],
    [100, 0.00152298],
    [120, 0.00143816],
    [140, 0.00135496],
    [160, 0.00128054]
  ]
}