{
  "reaction": {
    "lhs": [
      { "state": { "particle": "e", "charge": -1 }, "count": 1 },
      {
        "state": {
          "particle": "H2",
          "charge": 0,
          "descriptor": { "type": 1, "accuracy": 2, "e": "X", "Lambda": 0, "S": 0, "parity": "g", "v": 9 }
        },
        "count": 1
      }
    ],
    "rhs": [
      { "state": { "particle": "e", "charge": -1 }, "count": 1 },
      {
        "state": {
          "particle": "H2",
          "charge": 0,
          "descriptor": {
            "type": 1,
            "accuracy": 2,
            "e": "j",
            "Lambda": 2,
            "S": 1,
            "parity": "g",
            "v": 10
          }
        },
        "count": 1
      }
    ],
    "type_tags": ["Electronic", "Vibrational"],
    "reversible": false
  },
  "threshold": 12.4071,
  "data": [
    [12.4071, 0],
    [13, 0.0000193876],
    [14, 0.0000244966],
    [15, 0.0000531058],
    [16, 0.0000449514],
    [17, 0.0000328625],
    [18, 0.0000253744],
    [19, 0.0000193882],
    [20, 0.0000160142],
    [22, 0.0000133045],
    [25, 0.0000112627],
    [30, 0.0000103259],
    [40, 0.00000406488],
    [50, 0.00000421572],
    [60, 0.00000436655],
    [70, 0.00000233879],
    [80, 3.11038e-7],
    [100, 6.75494e-7],
    [120, 0.00000103995],
    [140, 0.00000101574],
    [160, 9.48813e-7]
  ]
}