{
  "reaction": {
    "lhs": [
      { "state": { "particle": "e", "charge": -1 }, "count": 1 },
      {
        "state": {
          "particle": "H2",
          "charge": 0,
          "descriptor": { "type": 1, "accuracy": 2, "e": "X", "Lambda": 0, "S": 0, "parity": "g", "v": 9 }
        },
        "count": 1
      }
    ],
    "rhs": [
      { "state": { "particle": "e", "charge": -1 }, "count": 1 },
      {
        "state": {
          "particle": "H2",
          "charge": 0,
          "descriptor": {
            "type": 1,
            "accuracy": 2,
            "e": "H",
            "Lambda": 0,
            "S": 0,
            "parity": "g",
            "v": 54
          }
        },
        "count": 1
      }
    ],
    "type_tags": ["Electronic", "Vibrational"],
    "reversible": false
  },
  "threshold": 12.8929,
  "data": [
    [12.8929, 0],
    [13, 0.0000289688],
    [14, 0.000063674],
    [15, 0.0000966541],
    [16, 0.000114252],
    [17, 0.000110418],
    [18, 0.000102241],
    [19, 0.000098998],
    [20, 0.000100025],
    [22, 0.000103448],
    [25, 0.000103991],
    [30, 0.0000970791],
    [40, 0.0000855668],
    [50, 0.0000781963],
    [60, 0.0000722147],
    [70, 0.0000661102],
    [80, 0.0000591929],
    [100, 0.0000488074],
    [120, 0.0000417083],
    [140, 0.0000367189],
    [160, 0.0000325137]
  ]
}