{
  "reaction": {
    "lhs": [
      { "state": { "particle": "e", "charge": -1 }, "count": 1 },
      {
        "state": {
          "particle": "H2",
          "charge": 0,
          "descriptor": { "type": 1, "accuracy": 2, "e": "X", "Lambda": 0, "S": 0, "parity": "g", "v": 9 }
        },
        "count": 1
      }
    ],
    "rhs": [
      { "state": { "particle": "e", "charge": -1 }, "count": 1 },
      {
        "state": {
          "particle": "H2",
          "charge": 0,
          "descriptor": {
            "type": 1,
            "accuracy": 2,
            "e": "H",
            "Lambda": 0,
            "S": 0,
            "parity": "g",
            "v": 32
          }
        },
        "count": 1
      }
    ],
    "type_tags": ["Electronic", "Vibrational"],
    "reversible": false
  },
  "threshold": 12.3497,
  "data": [
    [12.3497, 0],
    [13, 0.000155823],
    [14, 0.000273958],
    [15, 0.00032016],
    [16, 0.000315406],
    [17, 0.000302682],
    [18, 0.000297511],
    [19, 0.000296765],
    [20, 0.000294204],
    [22, 0.000284386],
    [25, 0.000283507],
    [30, 0.000296575],
    [40, 0.00024666],
    [50, 0.000217276],
    [60, 0.000221081],
    [70, 0.000220082],
    [80, 0.000192891],
    [100, 0.000159441],
    [120, 0.000131772],
    [140, 0.000114473],
    [160, 0.000102756]
  ]
}