{
  "reaction": {
    "lhs": [
      { "state": { "particle": "e", "charge": -1 }, "count": 1 },
      {
        "state": {
          "particle": "H2",
          "charge": 0,
          "descriptor": { "type": 1, "accuracy": 2, "e": "X", "Lambda": 0, "S": 0, "parity": "g", "v": 9 }
        },
        "count": 1
      }
    ],
    "rhs": [
      { "state": { "particle": "e", "charge": -1 }, "count": 1 },
      {
        "state": {
          "particle": "H2",
          "charge": 0,
          "descriptor": { "type": 1, "accuracy": 2, "e": "g", "Lambda": 0, "S": 1, "parity": "g", "v": 0 }
        },
        "count": 1
      }
    ],
    "type_tags": ["Electronic", "Vibrational"],
    "reversible": false
  },
  "threshold": 10.2754,
  "data": [
    [10.2754, 0],
    [11, 0.0000107319],
    [12, 0.00000147109],
    [13, 0.00000228667],
    [14, 1.40332e-8],
    [15, 0.00000172308],
    [16, 0.00000357397],
    [17, 0.00000463376],
    [18, 0.00000343859],
    [19, 0.00000121898],
    [20, 2.38113e-8],
    [22, 2.38342e-8],
    [25, 2.41668e-8],
    [30, 2.66503e-8],
    [40, 1.07942e-7],
    [50, 8.82156e-8],
    [60, 1.32247e-9],
    [70, 1.37217e-9],
    [80, 1.72005e-9],
    [100, 1.45388e-9],
    [120, 1.07792e-9],
    [140, 8.79656e-10],
    [160, 7.18984e-10]
  ]
}