{
  "reaction": {
    "lhs": [
      { "state": { "particle": "e", "charge": -1 }, "count": 1 },
      {
        "state": {
          "particle": "H2",
          "charge": 0,
          "descriptor": { "type": 1, "accuracy": 2, "e": "X", "Lambda": 0, "S": 0, "parity": "g", "v": 9 }
        },
        "count": 1
      }
    ],
    "rhs": [
      { "state": { "particle": "e", "charge": -1 }, "count": 1 },
      {
        "state": {
          "particle": "H2",
          "charge": 0,
          "descriptor": {
            "type": 1,
            "accuracy": 2,
            "e": "C",
            "Lambda": 1,
            "S": 0,
            "parity": "u",
            "v": 12
          }
        },
        "count": 1
      }
    ],
    "type_tags": ["Electronic", "Vibrational"],
    "reversible": false
  },
  "threshold": 11.0044,
  "data": [
    [11.0044, 0],
    [12, 0.00298399],
    [13, 0.00498283],
    [14, 0.0064491],
    [15, 0.00761768],
    [16, 0.00870313],
    [17, 0.00983147],
    [18, 0.0110031],
    [19, 0.0121491],
    [20, 0.013204],
    [22, 0.0149485],
    [25, 0.0168328],
    [30, 0.0189453],
    [40, 0.0217216],
    [50, 0.0232645],
    [60, 0.0239826],
    [70, 0.0240057],
    [80, 0.0235602],
    [100, 0.0223073],
    [120, 0.0208398],
    [140, 0.0194752],
    [160, 0.0182774]
  ]
}