{
  "reaction": {
    "lhs": [
      { "state": { "particle": "e", "charge": -1 }, "count": 1 },
      {
        "state": {
          "particle": "H2",
          "charge": 0,
          "descriptor": { "type": 1, "accuracy": 2, "e": "X", "Lambda": 0, "S": 0, "parity": "g", "v": 9 }
        },
        "count": 1
      }
    ],
    "rhs": [
      { "state": { "particle": "e", "charge": -1 }, "count": 1 },
      {
        "state": {
          "particle": "H2",
          "charge": 0,
          "descriptor": {
            "type": 1,
            "accuracy": 2,
            "e": "H",
            "Lambda": 0,
            "S": 0,
            "parity": "g",
            "v": 29
          }
        },
        "count": 1
      }
    ],
    "type_tags": ["Electronic", "Vibrational"],
    "reversible": false
  },
  "threshold": 12.2753,
  "data": [
    [12.2753, 0],
    [13, 0.000228905],
    [14, 0.0003887],
    [15, 0.000455625],
    [16, 0.000457852],
    [17, 0.000447169],
    [18, 0.000446257],
    [19, 0.00045312],
    [20, 0.000458839],
    [22, 0.000462036],
    [25, 0.00046327],
    [30, 0.000453753],
    [40, 0.000372238],
    [50, 0.000326798],
    [60, 0.000320088],
    [70, 0.000310315],
    [80, 0.000273489],
    [100, 0.00022358],
    [120, 0.000184167],
    [140, 0.000159138],
    [160, 0.000141823]
  ]
}