{
  "reaction": {
    "lhs": [
      { "state": { "particle": "e", "charge": -1 }, "count": 1 },
      {
        "state": {
          "particle": "H2",
          "charge": 0,
          "descriptor": { "type": 1, "accuracy": 2, "e": "X", "Lambda": 0, "S": 0, "parity": "g", "v": 9 }
        },
        "count": 1
      }
    ],
    "rhs": [
      { "state": { "particle": "e", "charge": -1 }, "count": 1 },
      {
        "state": {
          "particle": "H2",
          "charge": 0,
          "descriptor": {
            "type": 1,
            "accuracy": 2,
            "e": "B",
            "Lambda": 0,
            "S": 0,
            "parity": "u",
            "v": 14
          }
        },
        "count": 1
      }
    ],
    "type_tags": ["Electronic", "Vibrational"],
    "reversible": false
  },
  "threshold": 9.49031,
  "data": [
    [9.49031, 0],
    [10, 0.00427478],
    [11, 0.00898089],
    [12, 0.0125991],
    [13, 0.0154167],
    [14, 0.0177261],
    [15, 0.0196104],
    [16, 0.0211102],
    [17, 0.0222696],
    [18, 0.0231324],
    [19, 0.0237429],
    [20, 0.024145],
    [22, 0.0245004],
    [25, 0.024573],
    [30, 0.0251715],
    [40, 0.0257748],
    [50, 0.0254075],
    [60, 0.0246861],
    [70, 0.0239302],
    [80, 0.0230775],
    [100, 0.0212245],
    [120, 0.0193819],
    [140, 0.0177213],
    [160, 0.0162632]
  ]
}