{
  "reaction": {
    "lhs": [
      { "state": { "particle": "e", "charge": -1 }, "count": 1 },
      {
        "state": {
          "particle": "H2",
          "charge": 0,
          "descriptor": { "type": 1, "accuracy": 2, "e": "X", "Lambda": 0, "S": 0, "parity": "g", "v": 9 }
        },
        "count": 1
      }
    ],
    "rhs": [
      { "state": { "particle": "e", "charge": -1 }, "count": 1 },
      {
        "state": {
          "particle": "H2",
          "charge": 0,
          "descriptor": {
            "type": 1,
            "accuracy": 2,
            "e": "EF",
            "Lambda": 0,
            "S": 0,
            "parity": "g",
            "v": 29
          }
        },
        "count": 1
      }
    ],
    "type_tags": ["Electronic", "Vibrational"],
    "reversible": false
  },
  "threshold": 10.9526,
  "data": [
    [10.9526, 0],
    [11, 0.000348014],
    [12, 0.00182699],
    [13, 0.00179864],
    [14, 0.00129572],
    [15, 0.00166605],
    [16, 0.0018961],
    [17, 0.00204458],
    [18, 0.00201884],
    [19, 0.00209553],
    [20, 0.00218311],
    [22, 0.00227728],
    [25, 0.00222694],
    [30, 0.00211514],
    [40, 0.00198845],
    [50, 0.00197434],
    [60, 0.00197009],
    [70, 0.00192123],
    [80, 0.0018586],
    [100, 0.00165658],
    [120, 0.00141786],
    [140, 0.00126906],
    [160, 0.00114428]
  ]
}