{
  "reaction": {
    "lhs": [
      { "state": { "particle": "e", "charge": -1 }, "count": 1 },
      {
        "state": {
          "particle": "H2",
          "charge": 0,
          "descriptor": { "type": 1, "accuracy": 2, "e": "X", "Lambda": 0, "S": 0, "parity": "g", "v": 9 }
        },
        "count": 1
      }
    ],
    "rhs": [
      { "state": { "particle": "e", "charge": -1 }, "count": 1 },
      {
        "state": {
          "particle": "H2",
          "charge": 0,
          "descriptor": { "type": 1, "accuracy": 2, "e": "a", "Lambda": 0, "S": 1, "parity": "g", "v": 2 }
        },
        "count": 1
      }
    ],
    "type_tags": ["Electronic", "Vibrational"],
    "reversible": false
  },
  "threshold": 8.7907,
  "data": [
    [8.7907, 0],
    [10, 0.000118609],
    [11, 0.00000239286],
    [12, 0.00000860545],
    [13, 0.00000198995],
    [14, 1.12887e-7],
    [15, 0.00000293979],
    [16, 0.00000349067],
    [17, 0.00000357104],
    [18, 0.00000354902],
    [19, 0.00000347402],
    [20, 0.00000333262],
    [22, 0.00000281363],
    [25, 0.00000171555],
    [30, 5.4614e-7],
    [40, 0.00000250229],
    [50, 0.00000145236],
    [60, 2.57968e-7],
    [70, 9.52997e-8],
    [80, 6.46452e-8],
    [100, 2.438e-8],
    [120, 7.80979e-9],
    [140, 5.688e-9],
    [160, 4.04669e-9]
  ]
}