{
  "reaction": {
    "lhs": [
      { "state": { "particle": "e", "charge": -1 }, "count": 1 },
      {
        "state": {
          "particle": "H2",
          "charge": 0,
          "descriptor": { "type": 1, "accuracy": 2, "e": "X", "Lambda": 0, "S": 0, "parity": "g", "v": 9 }
        },
        "count": 1
      }
    ],
    "rhs": [
      { "state": { "particle": "e", "charge": -1 }, "count": 1 },
      {
        "state": {
          "particle": "H2",
          "charge": 0,
          "descriptor": {
            "type": 1,
            "accuracy": 2,
            "e": "B",
            "Lambda": 0,
            "S": 0,
            "parity": "u",
            "v": 11
          }
        },
        "count": 1
      }
    ],
    "type_tags": ["Electronic", "Vibrational"],
    "reversible": false
  },
  "threshold": 9.14257,
  "data": [
    [9.14257, 0],
    [10, 0.0208894],
    [11, 0.035411],
    [12, 0.0457785],
    [13, 0.0533694],
    [14, 0.0596853],
    [15, 0.0651024],
    [16, 0.069702],
    [17, 0.0735572],
    [18, 0.0767426],
    [19, 0.0793325],
    [20, 0.081401],
    [22, 0.0842708],
    [25, 0.0865205],
    [30, 0.0884212],
    [40, 0.0897952],
    [50, 0.087772],
    [60, 0.0849349],
    [70, 0.0822804],
    [80, 0.0795013],
    [100, 0.0731239],
    [120, 0.066491],
    [140, 0.0605283],
    [160, 0.0553599]
  ]
}