{
  "reaction": {
    "lhs": [
      { "state": { "particle": "e", "charge": -1 }, "count": 1 },
      {
        "state": {
          "particle": "H2",
          "charge": 0,
          "descriptor": { "type": 1, "accuracy": 2, "e": "X", "Lambda": 0, "S": 0, "parity": "g", "v": 9 }
        },
        "count": 1
      }
    ],
    "rhs": [
      { "state": { "particle": "e", "charge": -1 }, "count": 1 },
      {
        "state": {
          "particle": "H2",
          "charge": 0,
          "descriptor": {
            "type": 1,
            "accuracy": 2,
            "e": "H",
            "Lambda": 0,
            "S": 0,
            "parity": "g",
            "v": 58
          }
        },
        "count": 1
      }
    ],
    "type_tags": ["Electronic", "Vibrational"],
    "reversible": false
  },
  "threshold": 12.9382,
  "data": [
    [12.9382, 0],
    [13, 0.0000358397],
    [14, 0.0000844243],
    [15, 0.000126779],
    [16, 0.000146235],
    [17, 0.000140442],
    [18, 0.000129974],
    [19, 0.000124815],
    [20, 0.000124005],
    [22, 0.000123904],
    [25, 0.00012375],
    [30, 0.000121875],
    [40, 0.000108989],
    [50, 0.000100552],
    [60, 0.0000968389],
    [70, 0.0000918736],
    [80, 0.0000824946],
    [100, 0.0000689119],
    [120, 0.0000592684],
    [140, 0.0000524866],
    [160, 0.0000470882]
  ]
}