{
  "reaction": {
    "lhs": [
      { "state": { "particle": "e", "charge": -1 }, "count": 1 },
      {
        "state": {
          "particle": "H2",
          "charge": 0,
          "descriptor": { "type": 1, "accuracy": 2, "e": "X", "Lambda": 0, "S": 0, "parity": "g", "v": 9 }
        },
        "count": 1
      }
    ],
    "rhs": [
      { "state": { "particle": "e", "charge": -1 }, "count": 1 },
      {
        "state": {
          "particle": "H2",
          "charge": 0,
          "descriptor": {
            "type": 1,
            "accuracy": 2,
            "e": "D",
            "Lambda": 1,
            "S": 0,
            "parity": "u",
            "v": 17
          }
        },
        "count": 1
      }
    ],
    "type_tags": ["Electronic", "Vibrational"],
    "reversible": false
  },
  "threshold": 12.9559,
  "data": [
    [12.9559, 0],
    [13, 0.00000980593],
    [14, 0.0000488102],
    [15, 0.0000771174],
    [16, 0.0000943835],
    [17, 0.000108086],
    [18, 0.000123402],
    [19, 0.000141319],
    [20, 0.000160393],
    [22, 0.000195067],
    [25, 0.000228476],
    [30, 0.000263934],
    [40, 0.000317715],
    [50, 0.000352708],
    [60, 0.000376497],
    [70, 0.000384539],
    [80, 0.00038006],
    [100, 0.000365302],
    [120, 0.000344993],
    [140, 0.000325055],
    [160, 0.000307218]
  ]
}