{
  "reaction": {
    "lhs": [
      { "state": { "particle": "e", "charge": -1 }, "count": 1 },
      {
        "state": {
          "particle": "H2",
          "charge": 0,
          "descriptor": { "type": 1, "accuracy": 2, "e": "X", "Lambda": 0, "S": 0, "parity": "g", "v": 9 }
        },
        "count": 1
      }
    ],
    "rhs": [
      { "state": { "particle": "e", "charge": -1 }, "count": 1 },
      {
        "state": {
          "particle": "H2",
          "charge": 0,
          "descriptor": {
            "type": 1,
            "accuracy": 2,
            "e": "B",
            "Lambda": 0,
            "S": 0,
            "parity": "u",
            "v": 20
          }
        },
        "count": 1
      }
    ],
    "type_tags": ["Electronic", "Vibrational"],
    "reversible": false
  },
  "threshold": 10.0934,
  "data": [
    [10.0934, 0],
    [11, 0.000142036],
    [12, 0.000276377],
    [13, 0.000385405],
    [14, 0.000485251],
    [15, 0.000580767],
    [16, 0.000671799],
    [17, 0.000758113],
    [18, 0.000839459],
    [19, 0.000915608],
    [20, 0.000986323],
    [22, 0.00111051],
    [25, 0.00125011],
    [30, 0.0013716],
    [40, 0.00147237],
    [50, 0.00144026],
    [60, 0.00142013],
    [70, 0.00140239],
    [80, 0.00138419],
    [100, 0.00130343],
    [120, 0.00118918],
    [140, 0.00108258],
    [160, 0.000990669]
  ]
}