{
  "reaction": {
    "lhs": [
      { "state": { "particle": "e", "charge": -1 }, "count": 1 },
      {
        "state": {
          "particle": "H2",
          "charge": 0,
          "descriptor": { "type": 1, "accuracy": 2, "e": "X", "Lambda": 0, "S": 0, "parity": "g", "v": 9 }
        },
        "count": 1
      }
    ],
    "rhs": [
      { "state": { "particle": "e", "charge": -1 }, "count": 1 },
      {
        "state": {
          "particle": "H2",
          "charge": 0,
          "descriptor": {
            "type": 1,
            "accuracy": 2,
            "e": "H",
            "Lambda": 0,
            "S": 0,
            "parity": "g",
            "v": 48
          }
        },
        "count": 1
      }
    ],
    "type_tags": ["Electronic", "Vibrational"],
    "reversible": false
  },
  "threshold": 12.7736,
  "data": [
    [12.7736, 0],
    [13, 0.0000115546],
    [14, 0.0000185669],
    [15, 0.0000304648],
    [16, 0.0000399088],
    [17, 0.0000391085],
    [18, 0.0000358382],
    [19, 0.0000356047],
    [20, 0.0000382374],
    [22, 0.0000444043],
    [25, 0.0000454576],
    [30, 0.0000352079],
    [40, 0.0000300292],
    [50, 0.0000274091],
    [60, 0.0000217969],
    [70, 0.0000170223],
    [80, 0.0000153347],
    [100, 0.0000120634],
    [120, 0.0000101857],
    [140, 0.00000880112],
    [160, 0.00000740866]
  ]
}