{
  "reaction": {
    "lhs": [
      { "state": { "particle": "e", "charge": -1 }, "count": 1 },
      {
        "state": {
          "particle": "H2",
          "charge": 0,
          "descriptor": { "type": 1, "accuracy": 2, "e": "X", "Lambda": 0, "S": 0, "parity": "g", "v": 9 }
        },
        "count": 1
      }
    ],
    "rhs": [
      { "state": { "particle": "e", "charge": -1 }, "count": 1 },
      {
        "state": {
          "particle": "H2",
          "charge": 0,
          "descriptor": {
            "type": 1,
            "accuracy": 2,
            "e": "H",
            "Lambda": 0,
            "S": 0,
            "parity": "g",
            "v": 47
          }
        },
        "count": 1
      }
    ],
    "type_tags": ["Electronic", "Vibrational"],
    "reversible": false
  },
  "threshold": 12.7485,
  "data": [
    [12.7485, 0],
    [13, 0.00000881223],
    [14, 0.0000120303],
    [15, 0.0000204812],
    [16, 0.0000280046],
    [17, 0.0000274885],
    [18, 0.0000249786],
    [19, 0.0000250221],
    [20, 0.0000275211],
    [22, 0.0000333428],
    [25, 0.0000343477],
    [30, 0.0000247903],
    [40, 0.0000209347],
    [50, 0.000019273],
    [60, 0.0000144347],
    [70, 0.0000103698],
    [80, 0.00000939579],
    [100, 0.00000723101],
    [120, 0.00000608804],
    [140, 0.00000521872],
    [160, 0.00000428416]
  ]
}