{
  "reaction": {
    "lhs": [
      { "state": { "particle": "e", "charge": -1 }, "count": 1 },
      {
        "state": {
          "particle": "H2",
          "charge": 0,
          "descriptor": { "type": 1, "accuracy": 2, "e": "X", "Lambda": 0, "S": 0, "parity": "g", "v": 9 }
        },
        "count": 1
      }
    ],
    "rhs": [
      { "state": { "particle": "e", "charge": -1 }, "count": 1 },
      {
        "state": {
          "particle": "H2",
          "charge": 0,
          "descriptor": { "type": 1, "accuracy": 2, "e": "B", "Lambda": 0, "S": 0, "parity": "u", "v": 5 }
        },
        "count": 1
      }
    ],
    "type_tags": ["Electronic", "Vibrational"],
    "reversible": false
  },
  "threshold": 8.34606,
  "data": [
    [8.34606, 0],
    [10, 0.0134025],
    [11, 0.0167507],
    [12, 0.0185195],
    [13, 0.0197377],
    [14, 0.0208251],
    [15, 0.0218301],
    [16, 0.0227518],
    [17, 0.0235913],
    [18, 0.0243504],
    [19, 0.0250301],
    [20, 0.0256319],
    [22, 0.026608],
    [25, 0.0275246],
    [30, 0.0279745],
    [40, 0.0284218],
    [50, 0.0281538],
    [60, 0.0275805],
    [70, 0.0265547],
    [80, 0.0253405],
    [100, 0.023067],
    [120, 0.0210624],
    [140, 0.0192842],
    [160, 0.0177107]
  ]
}