{
  "reaction": {
    "lhs": [
      { "state": { "particle": "e", "charge": -1 }, "count": 1 },
      {
        "state": {
          "particle": "H2",
          "charge": 0,
          "descriptor": { "type": 1, "accuracy": 2, "e": "X", "Lambda": 0, "S": 0, "parity": "g", "v": 9 }
        },
        "count": 1
      }
    ],
    "rhs": [
      { "state": { "particle": "e", "charge": -1 }, "count": 1 },
      {
        "state": {
          "particle": "H2",
          "charge": 0,
          "descriptor": {
            "type": 1,
            "accuracy": 2,
            "e": "H",
            "Lambda": 0,
            "S": 0,
            "parity": "g",
            "v": 23
          }
        },
        "count": 1
      }
    ],
    "type_tags": ["Electronic", "Vibrational"],
    "reversible": false
  },
  "threshold": 12.1309,
  "data": [
    [12.1309, 0],
    [13, 0.00000214765],
    [14, 0.0000034058],
    [15, 0.00000396657],
    [16, 0.00000407394],
    [17, 0.00000411834],
    [18, 0.00000425676],
    [19, 0.00000446174],
    [20, 0.00000465612],
    [22, 0.00000493824],
    [25, 0.00000498646],
    [30, 0.0000044896],
    [40, 0.00000361323],
    [50, 0.00000317136],
    [60, 0.00000295617],
    [70, 0.00000276519],
    [80, 0.00000247209],
    [100, 0.00000199174],
    [120, 0.00000163717],
    [140, 0.00000140412],
    [160, 0.00000124308]
  ]
}