{
  "reaction": {
    "lhs": [
      { "state": { "particle": "e", "charge": -1 }, "count": 1 },
      {
        "state": {
          "particle": "H2",
          "charge": 0,
          "descriptor": { "type": 1, "accuracy": 2, "e": "X", "Lambda": 0, "S": 0, "parity": "g", "v": 9 }
        },
        "count": 1
      }
    ],
    "rhs": [
      { "state": { "particle": "e", "charge": -1 }, "count": 1 },
      {
        "state": {
          "particle": "H2",
          "charge": 0,
          "descriptor": {
            "type": 1,
            "accuracy": 2,
            "e": "H",
            "Lambda": 0,
            "S": 0,
            "parity": "g",
            "v": 52
          }
        },
        "count": 1
      }
    ],
    "type_tags": ["Electronic", "Vibrational"],
    "reversible": false
  },
  "threshold": 12.86,
  "data": [
    [12.86, 0],
    [13, 0.0000237514],
    [14, 0.0000494127],
    [15, 0.0000759222],
    [16, 0.0000915539],
    [17, 0.0000890229],
    [18, 0.0000819886],
    [19, 0.0000800655],
    [20, 0.0000819096],
    [22, 0.0000868822],
    [25, 0.0000876939],
    [30, 0.0000786488],
    [40, 0.0000687579],
    [50, 0.0000626027],
    [60, 0.0000560512],
    [70, 0.0000498776],
    [80, 0.0000446501],
    [100, 0.0000364729],
    [120, 0.0000310581],
    [140, 0.000027233],
    [160, 0.0000238807]
  ]
}