{
  "reaction": {
    "lhs": [
      { "state": { "particle": "e", "charge": -1 }, "count": 1 },
      {
        "state": {
          "particle": "H2",
          "charge": 0,
          "descriptor": { "type": 1, "accuracy": 2, "e": "X", "Lambda": 0, "S": 0, "parity": "g", "v": 9 }
        },
        "count": 1
      }
    ],
    "rhs": [
      { "state": { "particle": "e", "charge": -1 }, "count": 1 },
      {
        "state": {
          "particle": "H2",
          "charge": 0,
          "descriptor": {
            "type": 1,
            "accuracy": 2,
            "e": "H",
            "Lambda": 0,
            "S": 0,
            "parity": "g",
            "v": 27
          }
        },
        "count": 1
      }
    ],
    "type_tags": ["Electronic", "Vibrational"],
    "reversible": false
  },
  "threshold": 12.2259,
  "data": [
    [12.2259, 0],
    [13, 0.000118644],
    [14, 0.000197195],
    [15, 0.000230823],
    [16, 0.000233697],
    [17, 0.000230384],
    [18, 0.000232074],
    [19, 0.000237849],
    [20, 0.000243206],
    [22, 0.000249252],
    [25, 0.000250543],
    [30, 0.000238536],
    [40, 0.000194346],
    [50, 0.00017052],
    [60, 0.000164258],
    [70, 0.00015734],
    [80, 0.00013915],
    [100, 0.00011319],
    [120, 0.0000931225],
    [140, 0.0000802659],
    [160, 0.0000713388]
  ]
}