{
  "reaction": {
    "lhs": [
      { "state": { "particle": "e", "charge": -1 }, "count": 1 },
      {
        "state": {
          "particle": "H2",
          "charge": 0,
          "descriptor": { "type": 1, "accuracy": 2, "e": "X", "Lambda": 0, "S": 0, "parity": "g", "v": 9 }
        },
        "count": 1
      }
    ],
    "rhs": [
      { "state": { "particle": "e", "charge": -1 }, "count": 1 },
      {
        "state": {
          "particle": "H2",
          "charge": 0,
          "descriptor": {
            "type": 1,
            "accuracy": 2,
            "e": "H",
            "Lambda": 0,
            "S": 0,
            "parity": "g",
            "v": 64
          }
        },
        "count": 1
      }
    ],
    "type_tags": ["Electronic", "Vibrational"],
    "reversible": false
  },
  "threshold": 12.9586,
  "data": [
    [12.9586, 0],
    [13, 0.0000376039],
    [14, 0.0000939332],
    [15, 0.000140367],
    [16, 0.00015855],
    [17, 0.000150994],
    [18, 0.000139361],
    [19, 0.000132891],
    [20, 0.000130257],
    [22, 0.000126236],
    [25, 0.00012529],
    [30, 0.000129408],
    [40, 0.000117602],
    [50, 0.00011017],
    [60, 0.000110411],
    [70, 0.000108139],
    [80, 0.0000978072],
    [100, 0.0000827902],
    [120, 0.0000717977],
    [140, 0.0000639671],
    [160, 0.0000581049]
  ]
}