{
  "reaction": {
    "lhs": [
      { "state": { "particle": "e", "charge": -1 }, "count": 1 },
      {
        "state": {
          "particle": "H2",
          "charge": 0,
          "descriptor": { "type": 1, "accuracy": 2, "e": "X", "Lambda": 0, "S": 0, "parity": "g", "v": 9 }
        },
        "count": 1
      }
    ],
    "rhs": [
      { "state": { "particle": "e", "charge": -1 }, "count": 1 },
      {
        "state": {
          "particle": "H2",
          "charge": 0,
          "descriptor": { "type": 1, "accuracy": 2, "e": "e", "Lambda": 0, "S": 1, "parity": "u", "v": 7 }
        },
        "count": 1
      }
    ],
    "type_tags": ["Electronic", "Vibrational"],
    "reversible": false
  },
  "threshold": 11.0141,
  "data": [
    [11.0141, 0],
    [12, 0.00302039],
    [13, 0.00279905],
    [14, 0.00248874],
    [15, 0.0025876],
    [16, 0.00244077],
    [17, 0.00220706],
    [18, 0.00203438],
    [19, 0.0018727],
    [20, 0.00173526],
    [22, 0.00151365],
    [25, 0.00124373],
    [30, 0.000889823],
    [40, 0.000418195],
    [50, 0.000301914],
    [60, 0.000275461],
    [70, 0.000193636],
    [80, 0.00010159],
    [100, 0.0000416175],
    [120, 0.0000295331],
    [140, 0.0000214148],
    [160, 0.0000152186]
  ]
}