{
  "reaction": {
    "lhs": [
      { "state": { "particle": "e", "charge": -1 }, "count": 1 },
      {
        "state": {
          "particle": "H2",
          "charge": 0,
          "descriptor": { "type": 1, "accuracy": 2, "e": "X", "Lambda": 0, "S": 0, "parity": "g", "v": 9 }
        },
        "count": 1
      }
    ],
    "rhs": [
      { "state": { "particle": "e", "charge": -1 }, "count": 1 },
      {
        "state": {
          "particle": "H2",
          "charge": 0,
          "descriptor": { "type": 1, "accuracy": 2, "e": "J", "Lambda": 2, "S": 0, "parity": "g", "v": 0 }
        },
        "count": 1
      }
    ],
    "type_tags": ["Electronic", "Vibrational"],
    "reversible": false
  },
  "threshold": 10.3267,
  "data": [
    [10.3267, 0],
    [11, 0.00000374461],
    [12, 0.0000177822],
    [13, 0.000114866],
    [14, 1.07371e-7],
    [15, 1.35764e-7],
    [16, 3.55681e-9],
    [17, 6.55168e-7],
    [18, 7.87516e-8],
    [19, 2.84877e-7],
    [20, 3.0046e-8],
    [22, 3.71294e-7],
    [25, 2.04815e-7],
    [30, 5.64591e-12],
    [40, 1.12747e-8],
    [50, 6.85689e-9],
    [60, 1.81949e-8],
    [70, 2.95329e-8],
    [80, 1.27056e-9],
    [100, 6.46126e-8],
    [120, 1.64794e-9],
    [140, 1.92409e-9],
    [160, 2.68093e-9]
  ]
}