{
  "reaction": {
    "lhs": [
      { "state": { "particle": "e", "charge": -1 }, "count": 1 },
      {
        "state": {
          "particle": "H2",
          "charge": 0,
          "descriptor": { "type": 1, "accuracy": 2, "e": "X", "Lambda": 0, "S": 0, "parity": "g", "v": 9 }
        },
        "count": 1
      }
    ],
    "rhs": [
      { "state": { "particle": "e", "charge": -1 }, "count": 1 },
      {
        "state": {
          "particle": "H2",
          "charge": 0,
          "descriptor": {
            "type": 1,
            "accuracy": 2,
            "e": "H",
            "Lambda": 0,
            "S": 0,
            "parity": "g",
            "v": 61
          }
        },
        "count": 1
      }
    ],
    "type_tags": ["Electronic", "Vibrational"],
    "reversible": false
  },
  "threshold": 12.9535,
  "data": [
    [12.9535, 0],
    [13, 0.000037781],
    [14, 0.0000920475],
    [15, 0.000137766],
    [16, 0.00015703],
    [17, 0.000150174],
    [18, 0.00013882],
    [19, 0.000132756],
    [20, 0.000130835],
    [22, 0.000128446],
    [25, 0.000127837],
    [30, 0.000129392],
    [40, 0.000116719],
    [50, 0.000108511],
    [60, 0.000106854],
    [70, 0.000103211],
    [80, 0.0000929831],
    [100, 0.000078238],
    [120, 0.0000675832],
    [140, 0.00006005],
    [160, 0.0000542494]
  ]
}