{
  "reaction": {
    "lhs": [
      { "state": { "particle": "e", "charge": -1 }, "count": 1 },
      {
        "state": {
          "particle": "H2",
          "charge": 0,
          "descriptor": { "type": 1, "accuracy": 2, "e": "X", "Lambda": 0, "S": 0, "parity": "g", "v": 9 }
        },
        "count": 1
      }
    ],
    "rhs": [
      { "state": { "particle": "e", "charge": -1 }, "count": 1 },
      {
        "state": {
          "particle": "H2",
          "charge": 0,
          "descriptor": {
            "type": 1,
            "accuracy": 2,
            "e": "EF",
            "Lambda": 0,
            "S": 0,
            "parity": "g",
            "v": 32
          }
        },
        "count": 1
      }
    ],
    "type_tags": ["Electronic", "Vibrational"],
    "reversible": false
  },
  "threshold": 11.0614,
  "data": [
    [11.0614, 0],
    [12, 0.00074861],
    [13, 0.000850459],
    [14, 0.000564585],
    [15, 0.000736854],
    [16, 0.000826908],
    [17, 0.000856495],
    [18, 0.000851718],
    [19, 0.000911543],
    [20, 0.000981334],
    [22, 0.00099261],
    [25, 0.000999671],
    [30, 0.000979948],
    [40, 0.000967777],
    [50, 0.000971591],
    [60, 0.000975735],
    [70, 0.000967723],
    [80, 0.000952469],
    [100, 0.000859248],
    [120, 0.000734161],
    [140, 0.000656261],
    [160, 0.000590958]
  ]
}