{
  "reaction": {
    "lhs": [
      { "state": { "particle": "e", "charge": -1 }, "count": 1 },
      {
        "state": {
          "particle": "H2",
          "charge": 0,
          "descriptor": { "type": 1, "accuracy": 2, "e": "X", "Lambda": 0, "S": 0, "parity": "g", "v": 9 }
        },
        "count": 1
      }
    ],
    "rhs": [
      { "state": { "particle": "e", "charge": -1 }, "count": 1 },
      {
        "state": {
          "particle": "H2",
          "charge": 0,
          "descriptor": { "type": 1, "accuracy": 2, "e": "D", "Lambda": 1, "S": 0, "parity": "u", "v": 6 }
        },
        "count": 1
      }
    ],
    "type_tags": ["Electronic", "Vibrational"],
    "reversible": false
  },
  "threshold": 11.8121,
  "data": [
    [11.8121, 0],
    [12, 0.000215833],
    [13, 0.000499041],
    [14, 0.00068449],
    [15, 0.00083015],
    [16, 0.000984663],
    [17, 0.00114994],
    [18, 0.00134549],
    [19, 0.00157666],
    [20, 0.00180087],
    [22, 0.00207161],
    [25, 0.00220297],
    [30, 0.00237269],
    [40, 0.00288375],
    [50, 0.00326108],
    [60, 0.00348289],
    [70, 0.00352419],
    [80, 0.00349408],
    [100, 0.00333406],
    [120, 0.00312913],
    [140, 0.00293794],
    [160, 0.00276797]
  ]
}