{
  "reaction": {
    "lhs": [
      { "state": { "particle": "e", "charge": -1 }, "count": 1 },
      {
        "state": {
          "particle": "H2",
          "charge": 0,
          "descriptor": { "type": 1, "accuracy": 2, "e": "X", "Lambda": 0, "S": 0, "parity": "g", "v": 9 }
        },
        "count": 1
      }
    ],
    "rhs": [
      { "state": { "particle": "e", "charge": -1 }, "count": 1 },
      {
        "state": {
          "particle": "H2",
          "charge": 0,
          "descriptor": {
            "type": 1,
            "accuracy": 2,
            "e": "a",
            "Lambda": 0,
            "S": 1,
            "parity": "g",
            "v": 17
          }
        },
        "count": 1
      }
    ],
    "type_tags": ["Electronic", "Vibrational"],
    "reversible": false
  },
  "threshold": 11.0615,
  "data": [
    [11.0615, 0],
    [12, 0.0000104974],
    [13, 0.00000846498],
    [14, 0.00000890243],
    [15, 0.0000070147],
    [16, 0.00000610477],
    [17, 0.00000538793],
    [18, 0.00000413405],
    [19, 0.00000277952],
    [20, 0.00000204189],
    [22, 0.0000017362],
    [25, 0.00000150076],
    [30, 0.00000140758],
    [40, 9.60205e-7],
    [50, 5.22481e-7],
    [60, 2.48306e-7],
    [70, 2.06053e-7],
    [80, 1.98474e-7],
    [100, 1.40316e-7],
    [120, 7.54065e-8],
    [140, 5.43128e-8],
    [160, 3.83776e-8]
  ]
}