{
  "reaction": {
    "lhs": [
      { "state": { "particle": "e", "charge": -1 }, "count": 1 },
      {
        "state": {
          "particle": "H2",
          "charge": 0,
          "descriptor": { "type": 1, "accuracy": 2, "e": "X", "Lambda": 0, "S": 0, "parity": "g", "v": 9 }
        },
        "count": 1
      }
    ],
    "rhs": [
      { "state": { "particle": "e", "charge": -1 }, "count": 1 },
      {
        "state": {
          "particle": "H2",
          "charge": 0,
          "descriptor": { "type": 1, "accuracy": 2, "e": "D", "Lambda": 1, "S": 0, "parity": "u", "v": 0 }
        },
        "count": 1
      }
    ],
    "type_tags": ["Electronic", "Vibrational"],
    "reversible": false
  },
  "threshold": 10.3885,
  "data": [
    [10.3885, 0],
    [11, 0.00000719793],
    [12, 0.00000461632],
    [13, 0.00000180473],
    [14, 2.53002e-7],
    [15, 8.25165e-9],
    [16, 4.79943e-9],
    [17, 3.17613e-9],
    [18, 2.69142e-9],
    [19, 1.10613e-8],
    [20, 1.90076e-8],
    [22, 1.19508e-8],
    [25, 8.9173e-9],
    [30, 1.71392e-9],
    [40, 3.64564e-9],
    [50, 1.22378e-8],
    [60, 4.26027e-10],
    [70, 5.98815e-11],
    [80, 2.03325e-9],
    [100, 1.62943e-9],
    [120, 1.62943e-9],
    [140, 1.62943e-9],
    [160, 1.62943e-9]
  ]
}