{
  "reaction": {
    "lhs": [
      { "state": { "particle": "e", "charge": -1 }, "count": 1 },
      {
        "state": {
          "particle": "H2",
          "charge": 0,
          "descriptor": { "type": 1, "accuracy": 2, "e": "X", "Lambda": 0, "S": 0, "parity": "g", "v": 9 }
        },
        "count": 1
      }
    ],
    "rhs": [
      { "state": { "particle": "e", "charge": -1 }, "count": 1 },
      {
        "state": {
          "particle": "H2",
          "charge": 0,
          "descriptor": { "type": 1, "accuracy": 2, "e": "e", "Lambda": 0, "S": 1, "parity": "u", "v": 1 }
        },
        "count": 1
      }
    ],
    "type_tags": ["Electronic", "Vibrational"],
    "reversible": false
  },
  "threshold": 9.87001,
  "data": [
    [9.87001, 0],
    [10, 7.67531e-7],
    [11, 0.00000669681],
    [12, 0.0000130534],
    [13, 0.00000207045],
    [14, 1.43526e-7],
    [15, 6.18779e-8],
    [16, 0.00000218752],
    [17, 0.00000431316],
    [18, 0.00000388337],
    [19, 0.00000300116],
    [20, 0.00000227723],
    [22, 0.00000150057],
    [25, 7.06873e-7],
    [30, 2.39532e-7],
    [40, 0.00000261572],
    [50, 0.00000139177],
    [60, 1.30925e-7],
    [70, 8.82478e-8],
    [80, 8.17296e-8],
    [100, 5.727e-8],
    [120, 2.94374e-8],
    [140, 2.09153e-8],
    [160, 1.44678e-8]
  ]
}