{
  "reaction": {
    "lhs": [
      { "state": { "particle": "e", "charge": -1 }, "count": 1 },
      {
        "state": {
          "particle": "H2",
          "charge": 0,
          "descriptor": { "type": 1, "accuracy": 2, "e": "X", "Lambda": 0, "S": 0, "parity": "g", "v": 9 }
        },
        "count": 1
      }
    ],
    "rhs": [
      { "state": { "particle": "e", "charge": -1 }, "count": 1 },
      {
        "state": {
          "particle": "H2",
          "charge": 0,
          "descriptor": {
            "type": 1,
            "accuracy": 2,
            "e": "a",
            "Lambda": 0,
            "S": 1,
            "parity": "g",
            "v": 13
          }
        },
        "count": 1
      }
    ],
    "type_tags": ["Electronic", "Vibrational"],
    "reversible": false
  },
  "threshold": 10.9445,
  "data": [
    [10.9445, 0],
    [11, 0.00000107759],
    [12, 0.000258365],
    [13, 0.000355337],
    [14, 0.000274247],
    [15, 0.00028703],
    [16, 0.000250532],
    [17, 0.000199646],
    [18, 0.000179033],
    [19, 0.000168363],
    [20, 0.000158057],
    [22, 0.000129866],
    [25, 0.0000859031],
    [30, 0.0000303531],
    [40, 0.00000775705],
    [50, 0.0000080633],
    [60, 0.0000101964],
    [70, 0.00000763147],
    [80, 0.00000413838],
    [100, 0.00000194943],
    [120, 0.00000140375],
    [140, 0.00000102739],
    [160, 7.41385e-7]
  ]
}