{
  "reaction": {
    "lhs": [
      { "state": { "particle": "e", "charge": -1 }, "count": 1 },
      {
        "state": {
          "particle": "H2",
          "charge": 0,
          "descriptor": { "type": 1, "accuracy": 2, "e": "X", "Lambda": 0, "S": 0, "parity": "g", "v": 9 }
        },
        "count": 1
      }
    ],
    "rhs": [
      { "state": { "particle": "e", "charge": -1 }, "count": 1 },
      {
        "state": {
          "particle": "H2",
          "charge": 0,
          "descriptor": {
            "type": 1,
            "accuracy": 2,
            "e": "H",
            "Lambda": 0,
            "S": 0,
            "parity": "g",
            "v": 22
          }
        },
        "count": 1
      }
    ],
    "type_tags": ["Electronic", "Vibrational"],
    "reversible": false
  },
  "threshold": 12.1165,
  "data": [
    [12.1165, 0],
    [13, 3.27894e-8],
    [14, 5.13767e-8],
    [15, 5.98823e-8],
    [16, 6.1929e-8],
    [17, 6.34331e-8],
    [18, 6.63907e-8],
    [19, 7.01629e-8],
    [20, 7.36189e-8],
    [22, 7.86904e-8],
    [25, 7.95173e-8],
    [30, 7.06881e-8],
    [40, 5.69607e-8],
    [50, 5.01519e-8],
    [60, 4.63975e-8],
    [70, 4.31975e-8],
    [80, 3.89067e-8],
    [100, 3.1357e-8],
    [120, 2.5841e-8],
    [140, 2.2146e-8],
    [160, 1.95831e-8]
  ]
}