{
  "reaction": {
    "lhs": [
      { "state": { "particle": "e", "charge": -1 }, "count": 1 },
      {
        "state": {
          "particle": "H2",
          "charge": 0,
          "descriptor": { "type": 1, "accuracy": 2, "e": "X", "Lambda": 0, "S": 0, "parity": "g", "v": 9 }
        },
        "count": 1
      }
    ],
    "rhs": [
      { "state": { "particle": "e", "charge": -1 }, "count": 1 },
      {
        "state": {
          "particle": "H2",
          "charge": 0,
          "descriptor": {
            "type": 1,
            "accuracy": 2,
            "e": "EF",
            "Lambda": 0,
            "S": 0,
            "parity": "g",
            "v": 6
          }
        },
        "count": 1
      }
    ],
    "type_tags": ["Electronic", "Vibrational"],
    "reversible": false
  },
  "threshold": 9.22766,
  "data": [
    [9.22766, 0],
    [10, 0.00652648],
    [11, 0.0107921],
    [12, 0.0136114],
    [13, 0.0162321],
    [14, 0.0170569],
    [15, 0.0179502],
    [16, 0.0184788],
    [17, 0.0165012],
    [18, 0.0149002],
    [19, 0.0150077],
    [20, 0.0148913],
    [22, 0.0140865],
    [25, 0.0129562],
    [30, 0.0115145],
    [40, 0.00812984],
    [50, 0.00690216],
    [60, 0.00614415],
    [70, 0.00509053],
    [80, 0.00430867],
    [100, 0.00331144],
    [120, 0.00269171],
    [140, 0.00231685],
    [160, 0.00200584]
  ]
}