{
  "reaction": {
    "lhs": [
      { "state": { "particle": "e", "charge": -1 }, "count": 1 },
      {
        "state": {
          "particle": "H2",
          "charge": 0,
          "descriptor": { "type": 1, "accuracy": 2, "e": "X", "Lambda": 0, "S": 0, "parity": "g", "v": 9 }
        },
        "count": 1
      }
    ],
    "rhs": [
      { "state": { "particle": "e", "charge": -1 }, "count": 1 },
      {
        "state": {
          "particle": "H2",
          "charge": 0,
          "descriptor": { "type": 1, "accuracy": 2, "e": "C", "Lambda": 1, "S": 0, "parity": "u", "v": 1 }
        },
        "count": 1
      }
    ],
    "type_tags": ["Electronic", "Vibrational"],
    "reversible": false
  },
  "threshold": 8.96515,
  "data": [
    [8.96515, 0],
    [10, 9.20755e-8],
    [11, 1.80615e-7],
    [12, 2.68701e-7],
    [13, 3.56132e-7],
    [14, 4.4268e-7],
    [15, 5.28118e-7],
    [16, 6.12243e-7],
    [17, 6.94822e-7],
    [18, 7.75651e-7],
    [19, 8.54502e-7],
    [20, 9.3115e-7],
    [22, 0.000001077],
    [25, 0.00000127382],
    [30, 0.00000152878],
    [40, 0.00000181278],
    [50, 0.00000206934],
    [60, 0.00000205636],
    [70, 0.00000206974],
    [80, 0.00000202346],
    [100, 0.00000191054],
    [120, 0.00000169768],
    [140, 0.00000150058],
    [160, 0.00000135522]
  ]
}