{
  "reaction": {
    "lhs": [
      { "state": { "particle": "e", "charge": -1 }, "count": 1 },
      {
        "state": {
          "particle": "H2",
          "charge": 0,
          "descriptor": { "type": 1, "accuracy": 2, "e": "X", "Lambda": 0, "S": 0, "parity": "g", "v": 9 }
        },
        "count": 1
      }
    ],
    "rhs": [
      { "state": { "particle": "e", "charge": -1 }, "count": 1 },
      {
        "state": {
          "particle": "H2",
          "charge": 0,
          "descriptor": {
            "type": 1,
            "accuracy": 2,
            "e": "H",
            "Lambda": 0,
            "S": 0,
            "parity": "g",
            "v": 45
          }
        },
        "count": 1
      }
    ],
    "type_tags": ["Electronic", "Vibrational"],
    "reversible": false
  },
  "threshold": 12.6969,
  "data": [
    [12.6969, 0],
    [13, 0.00000502765],
    [14, 0.00000325029],
    [15, 0.0000059149],
    [16, 0.00000937871],
    [17, 0.00000897358],
    [18, 0.00000766883],
    [19, 0.00000786255],
    [20, 0.00000962832],
    [22, 0.0000137791],
    [25, 0.0000145696],
    [30, 0.00000786011],
    [40, 0.00000637662],
    [50, 0.00000637788],
    [60, 0.00000374641],
    [70, 0.00000146936],
    [80, 0.00000139201],
    [100, 9.1719e-7],
    [120, 7.61582e-7],
    [140, 6.16309e-7],
    [160, 4.1119e-7]
  ]
}