{
  "reaction": {
    "lhs": [
      { "state": { "particle": "e", "charge": -1 }, "count": 1 },
      {
        "state": {
          "particle": "H2",
          "charge": 0,
          "descriptor": { "type": 1, "accuracy": 2, "e": "X", "Lambda": 0, "S": 0, "parity": "g", "v": 9 }
        },
        "count": 1
      }
    ],
    "rhs": [
      { "state": { "particle": "e", "charge": -1 }, "count": 1 },
      {
        "state": {
          "particle": "H2",
          "charge": 0,
          "descriptor": {
            "type": 1,
            "accuracy": 2,
            "e": "EF",
            "Lambda": 0,
            "S": 0,
            "parity": "g",
            "v": 25
          }
        },
        "count": 1
      }
    ],
    "type_tags": ["Electronic", "Vibrational"],
    "reversible": false
  },
  "threshold": 10.7266,
  "data": [
    [10.7266, 0],
    [11, 0.0000898514],
    [12, 0.0000674663],
    [13, 0.0000931946],
    [14, 0.000111421],
    [15, 0.000129755],
    [16, 0.000153433],
    [17, 0.000191013],
    [18, 0.000146183],
    [19, 0.000114044],
    [20, 0.000100172],
    [22, 0.000095003],
    [25, 0.0000859316],
    [30, 0.0000619127],
    [40, 0.000026183],
    [50, 0.0000164673],
    [60, 0.0000106562],
    [70, 0.00000402617],
    [80, 8.37535e-7],
    [100, 1.21038e-8],
    [120, 1.71659e-7],
    [140, 1.69458e-7],
    [160, 1.63448e-7]
  ]
}