{
  "reaction": {
    "lhs": [
      { "state": { "particle": "e", "charge": -1 }, "count": 1 },
      {
        "state": {
          "particle": "H2",
          "charge": 0,
          "descriptor": { "type": 1, "accuracy": 2, "e": "X", "Lambda": 0, "S": 0, "parity": "g", "v": 9 }
        },
        "count": 1
      }
    ],
    "rhs": [
      { "state": { "particle": "e", "charge": -1 }, "count": 1 },
      {
        "state": {
          "particle": "H2",
          "charge": 0,
          "descriptor": { "type": 1, "accuracy": 2, "e": "H", "Lambda": 0, "S": 0, "parity": "g", "v": 0 }
        },
        "count": 1
      }
    ],
    "type_tags": ["Electronic", "Vibrational"],
    "reversible": false
  },
  "threshold": 10.3993,
  "data": [
    [10.3993, 0],
    [11, 0.00000227172],
    [12, 0.00000456578],
    [13, 0.00000549225],
    [14, 0.00000394225],
    [15, 0.00000206584],
    [16, 8.22081e-7],
    [17, 1.20212e-7],
    [18, 8.05157e-9],
    [19, 6.97626e-8],
    [20, 8.13744e-7],
    [22, 0.000003161],
    [25, 0.00000396522],
    [30, 7.61173e-7],
    [40, 0.00000137655],
    [50, 0.00000232697],
    [60, 0.00000121173],
    [70, 6.49509e-9],
    [80, 2.51616e-9],
    [100, 1.35498e-8],
    [120, 5.59402e-11],
    [140, 3.73742e-11],
    [160, 1.4261e-9]
  ]
}