{
  "reaction": {
    "lhs": [
      { "state": { "particle": "e", "charge": -1 }, "count": 1 },
      {
        "state": {
          "particle": "H2",
          "charge": 0,
          "descriptor": { "type": 1, "accuracy": 2, "e": "X", "Lambda": 0, "S": 0, "parity": "g", "v": 9 }
        },
        "count": 1
      }
    ],
    "rhs": [
      { "state": { "particle": "e", "charge": -1 }, "count": 1 },
      {
        "state": {
          "particle": "H2",
          "charge": 0,
          "descriptor": { "type": 1, "accuracy": 2, "e": "C", "Lambda": 1, "S": 0, "parity": "u", "v": 5 }
        },
        "count": 1
      }
    ],
    "type_tags": ["Electronic", "Vibrational"],
    "reversible": false
  },
  "threshold": 9.94682,
  "data": [
    [9.94682, 0],
    [10, 0.0276734],
    [11, 0.132604],
    [12, 0.214576],
    [13, 0.274662],
    [14, 0.322404],
    [15, 0.364726],
    [16, 0.404838],
    [17, 0.44444],
    [18, 0.484285],
    [19, 0.522796],
    [20, 0.557051],
    [22, 0.609653],
    [25, 0.665404],
    [30, 0.735893],
    [40, 0.840691],
    [50, 0.897372],
    [60, 0.916459],
    [70, 0.91161],
    [80, 0.890136],
    [100, 0.835373],
    [120, 0.774821],
    [140, 0.719537],
    [160, 0.671667]
  ]
}