{
  "reaction": {
    "lhs": [
      { "state": { "particle": "e", "charge": -1 }, "count": 1 },
      {
        "state": {
          "particle": "H2",
          "charge": 0,
          "descriptor": { "type": 1, "accuracy": 2, "e": "X", "Lambda": 0, "S": 0, "parity": "g", "v": 9 }
        },
        "count": 1
      }
    ],
    "rhs": [
      { "state": { "particle": "e", "charge": -1 }, "count": 1 },
      {
        "state": {
          "particle": "H2",
          "charge": 0,
          "descriptor": {
            "type": 1,
            "accuracy": 2,
            "e": "H",
            "Lambda": 0,
            "S": 0,
            "parity": "g",
            "v": 38
          }
        },
        "count": 1
      }
    ],
    "type_tags": ["Electronic", "Vibrational"],
    "reversible": false
  },
  "threshold": 12.5067,
  "data": [
    [12.5067, 0],
    [13, 0.0000392493],
    [14, 0.0000699578],
    [15, 0.0000774161],
    [16, 0.0000687561],
    [17, 0.0000626034],
    [18, 0.0000598169],
    [19, 0.000056915],
    [20, 0.0000522414],
    [22, 0.0000423778],
    [25, 0.0000411197],
    [30, 0.0000564288],
    [40, 0.0000486873],
    [50, 0.0000442445],
    [60, 0.0000521405],
    [70, 0.0000566197],
    [80, 0.0000490646],
    [100, 0.0000420051],
    [120, 0.0000350562],
    [140, 0.0000309183],
    [160, 0.0000285936]
  ]
}