{
  "reaction": {
    "lhs": [
      { "state": { "particle": "e", "charge": -1 }, "count": 1 },
      {
        "state": {
          "particle": "H2",
          "charge": 0,
          "descriptor": { "type": 1, "accuracy": 2, "e": "X", "Lambda": 0, "S": 0, "parity": "g", "v": 9 }
        },
        "count": 1
      }
    ],
    "rhs": [
      { "state": { "particle": "e", "charge": -1 }, "count": 1 },
      {
        "state": {
          "particle": "H2",
          "charge": 0,
          "descriptor": { "type": 1, "accuracy": 2, "e": "g", "Lambda": 0, "S": 1, "parity": "g", "v": 9 }
        },
        "count": 1
      }
    ],
    "type_tags": ["Electronic", "Vibrational"],
    "reversible": false
  },
  "threshold": 12.2904,
  "data": [
    [12.2904, 0],
    [13, 0.0011312],
    [14, 0.0011049],
    [15, 0.00136218],
    [16, 0.00121806],
    [17, 0.000986823],
    [18, 0.000806175],
    [19, 0.000634496],
    [20, 0.000504514],
    [22, 0.000347253],
    [25, 0.000225103],
    [30, 0.000147735],
    [40, 0.0000889293],
    [50, 0.0000654417],
    [60, 0.0000473332],
    [70, 0.0000289529],
    [80, 0.0000171997],
    [100, 0.0000119685],
    [120, 0.0000109286],
    [140, 0.0000099145],
    [160, 0.00000882884]
  ]
}