{
  "reaction": {
    "lhs": [
      { "state": { "particle": "e", "charge": -1 }, "count": 1 },
      {
        "state": {
          "particle": "H2",
          "charge": 0,
          "descriptor": { "type": 1, "accuracy": 2, "e": "X", "Lambda": 0, "S": 0, "parity": "g", "v": 7 }
        },
        "count": 1
      }
    ],
    "rhs": [
      { "state": { "particle": "e", "charge": -1 }, "count": 1 },
      {
        "state": {
          "particle": "H2",
          "charge": 0,
          "descriptor": {
            "type": 1,
            "accuracy": 2,
            "e": "B",
            "Lambda": 0,
            "S": 0,
            "parity": "u",
            "v": 15
          }
        },
        "count": 1
      }
    ],
    "type_tags": ["Electronic", "Vibrational"],
    "reversible": false
  },
  "threshold": 10.1984,
  "data": [
    [10.1984, 0],
    [11, 0.000441811],
    [12, 0.000760432],
    [13, 0.00102016],
    [14, 0.00122294],
    [15, 0.00137196],
    [16, 0.00147343],
    [17, 0.00153374],
    [18, 0.00155971],
    [19, 0.00155627],
    [20, 0.00153187],
    [22, 0.0014397],
    [25, 0.00129699],
    [30, 0.00126785],
    [40, 0.00130175],
    [50, 0.00131161],
    [60, 0.00127991],
    [70, 0.00123209],
    [80, 0.00117497],
    [100, 0.00107405],
    [120, 0.000991453],
    [140, 0.000917247],
    [160, 0.000849231]
  ]
}