{
  "reaction": {
    "lhs": [
      { "state": { "particle": "e", "charge": -1 }, "count": 1 },
      {
        "state": {
          "particle": "H2",
          "charge": 0,
          "descriptor": { "type": 1, "accuracy": 2, "e": "X", "Lambda": 0, "S": 0, "parity": "g", "v": 7 }
        },
        "count": 1
      }
    ],
    "rhs": [
      { "state": { "particle": "e", "charge": -1 }, "count": 1 },
      {
        "state": {
          "particle": "H2",
          "charge": 0,
          "descriptor": {
            "type": 1,
            "accuracy": 2,
            "e": "B",
            "Lambda": 0,
            "S": 0,
            "parity": "u",
            "v": 21
          }
        },
        "count": 1
      }
    ],
    "type_tags": ["Electronic", "Vibrational"],
    "reversible": false
  },
  "threshold": 10.7818,
  "data": [
    [10.7818, 0],
    [11, 0.00176228],
    [12, 0.00563243],
    [13, 0.00895434],
    [14, 0.011749],
    [15, 0.0141003],
    [16, 0.0160504],
    [17, 0.0176439],
    [18, 0.0189255],
    [19, 0.0199399],
    [20, 0.0207317],
    [22, 0.0218259],
    [25, 0.0229157],
    [30, 0.0249303],
    [40, 0.0268981],
    [50, 0.027004],
    [60, 0.0266927],
    [70, 0.0262112],
    [80, 0.0255953],
    [100, 0.0239653],
    [120, 0.0221091],
    [140, 0.0203726],
    [160, 0.0188148]
  ]
}