{
  "reaction": {
    "lhs": [
      { "state": { "particle": "e", "charge": -1 }, "count": 1 },
      {
        "state": {
          "particle": "H2",
          "charge": 0,
          "descriptor": { "type": 1, "accuracy": 2, "e": "X", "Lambda": 0, "S": 0, "parity": "g", "v": 7 }
        },
        "count": 1
      }
    ],
    "rhs": [
      { "state": { "particle": "e", "charge": -1 }, "count": 1 },
      {
        "state": {
          "particle": "H2",
          "charge": 0,
          "descriptor": {
            "type": 1,
            "accuracy": 2,
            "e": "H",
            "Lambda": 0,
            "S": 0,
            "parity": "g",
            "v": 23
          }
        },
        "count": 1
      }
    ],
    "type_tags": ["Electronic", "Vibrational"],
    "reversible": false
  },
  "threshold": 12.7301,
  "data": [
    [12.7301, 0],
    [13, 4.49392e-7],
    [14, 9.65528e-7],
    [15, 0.00000142079],
    [16, 0.00000158856],
    [17, 0.00000149373],
    [18, 0.00000136359],
    [19, 0.0000013031],
    [20, 0.00000129618],
    [22, 0.00000129606],
    [25, 0.00000130366],
    [30, 0.00000131124],
    [40, 0.00000117875],
    [50, 0.0000010631],
    [60, 9.92483e-7],
    [70, 9.15322e-7],
    [80, 8.05902e-7],
    [100, 6.62244e-7],
    [120, 5.69336e-7],
    [140, 5.03541e-7],
    [160, 4.55144e-7]
  ]
}