{
  "reaction": {
    "lhs": [
      { "state": { "particle": "e", "charge": -1 }, "count": 1 },
      {
        "state": {
          "particle": "H2",
          "charge": 0,
          "descriptor": { "type": 1, "accuracy": 2, "e": "X", "Lambda": 0, "S": 0, "parity": "g", "v": 7 }
        },
        "count": 1
      }
    ],
    "rhs": [
      { "state": { "particle": "e", "charge": -1 }, "count": 1 },
      {
        "state": {
          "particle": "H2",
          "charge": 0,
          "descriptor": { "type": 1, "accuracy": 2, "e": "B", "Lambda": 0, "S": 0, "parity": "u", "v": 2 }
        },
        "count": 1
      }
    ],
    "type_tags": ["Electronic", "Vibrational"],
    "reversible": false
  },
  "threshold": 8.49309,
  "data": [
    [8.49309, 0],
    [10, 0.0217969],
    [11, 0.028682],
    [12, 0.0329076],
    [13, 0.0361193],
    [14, 0.0388889],
    [15, 0.0412315],
    [16, 0.0431827],
    [17, 0.0447819],
    [18, 0.0460685],
    [19, 0.0470816],
    [20, 0.0478607],
    [22, 0.0488746],
    [25, 0.0496251],
    [30, 0.0505201],
    [40, 0.0510133],
    [50, 0.0502567],
    [60, 0.0489231],
    [70, 0.0471116],
    [80, 0.0450352],
    [100, 0.0410259],
    [120, 0.037401],
    [140, 0.0341848],
    [160, 0.0313547]
  ]
}