{
  "reaction": {
    "lhs": [
      { "state": { "particle": "e", "charge": -1 }, "count": 1 },
      {
        "state": {
          "particle": "H2",
          "charge": 0,
          "descriptor": { "type": 1, "accuracy": 2, "e": "X", "Lambda": 0, "S": 0, "parity": "g", "v": 7 }
        },
        "count": 1
      }
    ],
    "rhs": [
      { "state": { "particle": "e", "charge": -1 }, "count": 1 },
      {
        "state": {
          "particle": "H2",
          "charge": 0,
          "descriptor": {
            "type": 1,
            "accuracy": 2,
            "e": "H",
            "Lambda": 0,
            "S": 0,
            "parity": "g",
            "v": 49
          }
        },
        "count": 1
      }
    ],
    "type_tags": ["Electronic", "Vibrational"],
    "reversible": false
  },
  "threshold": 13.3955,
  "data": [
    [13.3955, 0],
    [14, 0.0000428022],
    [15, 0.0000700137],
    [16, 0.0000758894],
    [17, 0.0000670022],
    [18, 0.0000604273],
    [19, 0.0000618668],
    [20, 0.000066396],
    [22, 0.0000701764],
    [25, 0.0000695749],
    [30, 0.0000637238],
    [40, 0.0000584042],
    [50, 0.0000607944],
    [60, 0.0000663124],
    [70, 0.0000711848],
    [80, 0.0000722221],
    [100, 0.0000643777],
    [120, 0.0000571106],
    [140, 0.000050963],
    [160, 0.0000459533]
  ]
}