{
  "reaction": {
    "lhs": [
      { "state": { "particle": "e", "charge": -1 }, "count": 1 },
      {
        "state": {
          "particle": "H2",
          "charge": 0,
          "descriptor": { "type": 1, "accuracy": 2, "e": "X", "Lambda": 0, "S": 0, "parity": "g", "v": 7 }
        },
        "count": 1
      }
    ],
    "rhs": [
      { "state": { "particle": "e", "charge": -1 }, "count": 1 },
      {
        "state": {
          "particle": "H2",
          "charge": 0,
          "descriptor": {
            "type": 1,
            "accuracy": 2,
            "e": "c",
            "Lambda": 1,
            "S": 1,
            "parity": "u",
            "v": 15
          }
        },
        "count": 1
      }
    ],
    "type_tags": ["Electronic", "Vibrational"],
    "reversible": false
  },
  "threshold": 11.5647,
  "data": [
    [11.5647, 0],
    [12, 0.0050099],
    [13, 0.00431776],
    [14, 0.00425905],
    [15, 0.00433447],
    [16, 0.00401759],
    [17, 0.00353226],
    [18, 0.00321806],
    [19, 0.00294666],
    [20, 0.00271421],
    [22, 0.00231704],
    [25, 0.00182015],
    [30, 0.00115575],
    [40, 0.000266245],
    [50, 0.000141325],
    [60, 0.000117983],
    [70, 0.0000909017],
    [80, 0.0000633932],
    [100, 0.0000324512],
    [120, 0.0000179776],
    [140, 0.0000129221],
    [160, 0.00000906262]
  ]
}