{
  "reaction": {
    "lhs": [
      { "state": { "particle": "e", "charge": -1 }, "count": 1 },
      {
        "state": {
          "particle": "H2",
          "charge": 0,
          "descriptor": { "type": 1, "accuracy": 2, "e": "X", "Lambda": 0, "S": 0, "parity": "g", "v": 7 }
        },
        "count": 1
      }
    ],
    "rhs": [
      { "state": { "particle": "e", "charge": -1 }, "count": 1 },
      {
        "state": {
          "particle": "H2",
          "charge": 0,
          "descriptor": {
            "type": 1,
            "accuracy": 2,
            "e": "H",
            "Lambda": 0,
            "S": 0,
            "parity": "g",
            "v": 64
          }
        },
        "count": 1
      }
    ],
    "type_tags": ["Electronic", "Vibrational"],
    "reversible": false
  },
  "threshold": 13.5578,
  "data": [
    [13.5578, 0],
    [14, 0.00000181701],
    [15, 0.00000103915],
    [16, 0.00000116575],
    [17, 0.00000177561],
    [18, 0.00000187221],
    [19, 0.00000125136],
    [20, 5.41026e-7],
    [22, 4.92733e-8],
    [25, 3.88399e-8],
    [30, 5.12544e-7],
    [40, 4.22013e-7],
    [50, 8.23333e-8],
    [60, 2.34661e-8],
    [70, 4.60138e-8],
    [80, 1.43258e-8],
    [100, 2.85648e-8],
    [120, 3.21715e-8],
    [140, 1.89697e-8],
    [160, 3.5079e-10]
  ]
}