{
  "reaction": {
    "lhs": [
      { "state": { "particle": "e", "charge": -1 }, "count": 1 },
      {
        "state": {
          "particle": "H2",
          "charge": 0,
          "descriptor": { "type": 1, "accuracy": 2, "e": "X", "Lambda": 0, "S": 0, "parity": "g", "v": 7 }
        },
        "count": 1
      }
    ],
    "rhs": [
      { "state": { "particle": "e", "charge": -1 }, "count": 1 },
      {
        "state": {
          "particle": "H2",
          "charge": 0,
          "descriptor": {
            "type": 1,
            "accuracy": 2,
            "e": "H",
            "Lambda": 0,
            "S": 0,
            "parity": "g",
            "v": 57
          }
        },
        "count": 1
      }
    ],
    "type_tags": ["Electronic", "Vibrational"],
    "reversible": false
  },
  "threshold": 13.5291,
  "data": [
    [13.5291, 0],
    [14, 0.00000617029],
    [15, 0.00000924061],
    [16, 0.00000878384],
    [17, 0.00000628429],
    [18, 0.00000511036],
    [19, 0.00000631218],
    [20, 0.00000837178],
    [22, 0.000010635],
    [25, 0.0000105375],
    [30, 0.0000070444],
    [40, 0.00000647219],
    [50, 0.00000781256],
    [60, 0.00000874118],
    [70, 0.0000100946],
    [80, 0.000011907],
    [100, 0.0000109571],
    [120, 0.00000982606],
    [140, 0.0000086554],
    [160, 0.0000073535]
  ]
}