{
  "reaction": {
    "lhs": [
      { "state": { "particle": "e", "charge": -1 }, "count": 1 },
      {
        "state": {
          "particle": "H2",
          "charge": 0,
          "descriptor": { "type": 1, "accuracy": 2, "e": "X", "Lambda": 0, "S": 0, "parity": "g", "v": 7 }
        },
        "count": 1
      }
    ],
    "rhs": [
      { "state": { "particle": "e", "charge": -1 }, "count": 1 },
      {
        "state": {
          "particle": "H2",
          "charge": 0,
          "descriptor": {
            "type": 1,
            "accuracy": 2,
            "e": "C",
            "Lambda": 1,
            "S": 0,
            "parity": "u",
            "v": 13
          }
        },
        "count": 1
      }
    ],
    "type_tags": ["Electronic", "Vibrational"],
    "reversible": false
  },
  "threshold": 11.6641,
  "data": [
    [11.6641, 0],
    [12, 1.41769e-7],
    [13, 5.61782e-7],
    [14, 9.80967e-7],
    [15, 0.00000139876],
    [16, 0.00000181451],
    [17, 0.00000222759],
    [18, 0.00000263741],
    [19, 0.00000304339],
    [20, 0.00000344487],
    [22, 0.00000423198],
    [25, 0.00000536377],
    [30, 0.00000707911],
    [40, 0.00000959397],
    [50, 0.0000106196],
    [60, 0.0000107489],
    [70, 0.0000105753],
    [80, 0.0000100188],
    [100, 0.00000955835],
    [120, 0.0000093519],
    [140, 0.00000910376],
    [160, 0.00000882136]
  ]
}