{
  "reaction": {
    "lhs": [
      { "state": { "particle": "e", "charge": -1 }, "count": 1 },
      {
        "state": {
          "particle": "H2",
          "charge": 0,
          "descriptor": { "type": 1, "accuracy": 2, "e": "X", "Lambda": 0, "S": 0, "parity": "g", "v": 7 }
        },
        "count": 1
      }
    ],
    "rhs": [
      { "state": { "particle": "e", "charge": -1 }, "count": 1 },
      {
        "state": {
          "particle": "H2",
          "charge": 0,
          "descriptor": {
            "type": 1,
            "accuracy": 2,
            "e": "a",
            "Lambda": 0,
            "S": 1,
            "parity": "g",
            "v": 17
          }
        },
        "count": 1
      }
    ],
    "type_tags": ["Electronic", "Vibrational"],
    "reversible": false
  },
  "threshold": 11.6606,
  "data": [
    [11.6606, 0],
    [12, 0.000332784],
    [13, 0.000532917],
    [14, 0.000453103],
    [15, 0.00037068],
    [16, 0.000314089],
    [17, 0.000271273],
    [18, 0.00023738],
    [19, 0.000210947],
    [20, 0.000189307],
    [22, 0.000152705],
    [25, 0.000109697],
    [30, 0.0000598471],
    [40, 0.0000247036],
    [50, 0.00001461],
    [60, 0.0000121359],
    [70, 0.00000954084],
    [80, 0.00000777329],
    [100, 0.00000490092],
    [120, 0.0000031936],
    [140, 0.00000231738],
    [160, 0.00000165771]
  ]
}