{
  "reaction": {
    "lhs": [
      { "state": { "particle": "e", "charge": -1 }, "count": 1 },
      {
        "state": {
          "particle": "H2",
          "charge": 0,
          "descriptor": { "type": 1, "accuracy": 2, "e": "X", "Lambda": 0, "S": 0, "parity": "g", "v": 7 }
        },
        "count": 1
      }
    ],
    "rhs": [
      { "state": { "particle": "e", "charge": -1 }, "count": 1 },
      {
        "state": {
          "particle": "H2",
          "charge": 0,
          "descriptor": {
            "type": 1,
            "accuracy": 2,
            "e": "d",
            "Lambda": 1,
            "S": 1,
            "parity": "u",
            "v": 11
          }
        },
        "count": 1
      }
    ],
    "type_tags": ["Electronic", "Vibrational"],
    "reversible": false
  },
  "threshold": 13.0998,
  "data": [
    [13.0998, 0],
    [14, 0.000488255],
    [15, 0.000505768],
    [16, 0.00047701],
    [17, 0.000435344],
    [18, 0.000415159],
    [19, 0.000401238],
    [20, 0.000386084],
    [22, 0.000346826],
    [25, 0.000282383],
    [30, 0.000184898],
    [40, 0.000070431],
    [50, 0.0000472715],
    [60, 0.0000424157],
    [70, 0.000034724],
    [80, 0.0000264087],
    [100, 0.0000144417],
    [120, 0.00000760929],
    [140, 0.00000545549],
    [160, 0.00000381217]
  ]
}