{
  "reaction": {
    "lhs": [
      { "state": { "particle": "e", "charge": -1 }, "count": 1 },
      {
        "state": {
          "particle": "H2",
          "charge": 0,
          "descriptor": { "type": 1, "accuracy": 2, "e": "X", "Lambda": 0, "S": 0, "parity": "g", "v": 7 }
        },
        "count": 1
      }
    ],
    "rhs": [
      { "state": { "particle": "e", "charge": -1 }, "count": 1 },
      {
        "state": {
          "particle": "H2",
          "charge": 0,
          "descriptor": {
            "type": 1,
            "accuracy": 2,
            "e": "H",
            "Lambda": 0,
            "S": 0,
            "parity": "g",
            "v": 32
          }
        },
        "count": 1
      }
    ],
    "type_tags": ["Electronic", "Vibrational"],
    "reversible": false
  },
  "threshold": 12.9489,
  "data": [
    [12.9489, 0],
    [13, 0.0000917831],
    [14, 0.000232534],
    [15, 0.000344283],
    [16, 0.000376089],
    [17, 0.000350866],
    [18, 0.000320707],
    [19, 0.000304931],
    [20, 0.000297498],
    [22, 0.000282007],
    [25, 0.00027923],
    [30, 0.000302078],
    [40, 0.000276743],
    [50, 0.000260035],
    [60, 0.000267217],
    [70, 0.000267275],
    [80, 0.000242867],
    [100, 0.000206899],
    [120, 0.000180415],
    [140, 0.000161041],
    [160, 0.000148904]
  ]
}