{
  "reaction": {
    "lhs": [
      { "state": { "particle": "e", "charge": -1 }, "count": 1 },
      {
        "state": {
          "particle": "H2",
          "charge": 0,
          "descriptor": { "type": 1, "accuracy": 2, "e": "X", "Lambda": 0, "S": 0, "parity": "g", "v": 7 }
        },
        "count": 1
      }
    ],
    "rhs": [
      { "state": { "particle": "e", "charge": -1 }, "count": 1 },
      {
        "state": {
          "particle": "H2",
          "charge": 0,
          "descriptor": {
            "type": 1,
            "accuracy": 2,
            "e": "H",
            "Lambda": 0,
            "S": 0,
            "parity": "g",
            "v": 65
          }
        },
        "count": 1
      }
    ],
    "type_tags": ["Electronic", "Vibrational"],
    "reversible": false
  },
  "threshold": 13.5581,
  "data": [
    [13.5581, 0],
    [14, 0.00000205459],
    [15, 0.00000141414],
    [16, 0.00000186143],
    [17, 0.00000280388],
    [18, 0.00000297848],
    [19, 0.0000021285],
    [20, 0.00000111258],
    [22, 1.55845e-7],
    [25, 1.2161e-7],
    [30, 0.00000120712],
    [40, 0.00000102666],
    [50, 4.92859e-7],
    [60, 4.24353e-7],
    [70, 3.65593e-7],
    [80, 7.29747e-8],
    [100, 3.90021e-8],
    [120, 2.7921e-8],
    [140, 3.63599e-8],
    [160, 8.69635e-8]
  ]
}