{
  "reaction": {
    "lhs": [
      { "state": { "particle": "e", "charge": -1 }, "count": 1 },
      {
        "state": {
          "particle": "H2",
          "charge": 0,
          "descriptor": { "type": 1, "accuracy": 2, "e": "X", "Lambda": 0, "S": 0, "parity": "g", "v": 7 }
        },
        "count": 1
      }
    ],
    "rhs": [
      { "state": { "particle": "e", "charge": -1 }, "count": 1 },
      {
        "state": {
          "particle": "H2",
          "charge": 0,
          "descriptor": {
            "type": 1,
            "accuracy": 2,
            "e": "B",
            "Lambda": 0,
            "S": 0,
            "parity": "u",
            "v": 16
          }
        },
        "count": 1
      }
    ],
    "type_tags": ["Electronic", "Vibrational"],
    "reversible": false
  },
  "threshold": 10.3038,
  "data": [
    [10.3038, 0],
    [11, 0.00253725],
    [12, 0.00478262],
    [13, 0.00659165],
    [14, 0.00806892],
    [15, 0.00926634],
    [16, 0.0102134],
    [17, 0.0109392],
    [18, 0.0114731],
    [19, 0.0118444],
    [20, 0.0120825],
    [22, 0.0122761],
    [25, 0.0123003],
    [30, 0.0127519],
    [40, 0.0133696],
    [50, 0.0133315],
    [60, 0.0130752],
    [70, 0.0127312],
    [80, 0.0123247],
    [100, 0.0114202],
    [120, 0.0104974],
    [140, 0.00965196],
    [160, 0.00889726]
  ]
}