{
  "reaction": {
    "lhs": [
      { "state": { "particle": "e", "charge": -1 }, "count": 1 },
      {
        "state": {
          "particle": "H2",
          "charge": 0,
          "descriptor": { "type": 1, "accuracy": 2, "e": "X", "Lambda": 0, "S": 0, "parity": "g", "v": 7 }
        },
        "count": 1
      }
    ],
    "rhs": [
      { "state": { "particle": "e", "charge": -1 }, "count": 1 },
      {
        "state": {
          "particle": "H2",
          "charge": 0,
          "descriptor": { "type": 1, "accuracy": 2, "e": "C", "Lambda": 1, "S": 0, "parity": "u", "v": 1 }
        },
        "count": 1
      }
    ],
    "type_tags": ["Electronic", "Vibrational"],
    "reversible": false
  },
  "threshold": 9.56435,
  "data": [
    [9.56435, 0],
    [10, 0.000774885],
    [11, 0.00104432],
    [12, 0.00127488],
    [13, 0.00148232],
    [14, 0.00163258],
    [15, 0.00176002],
    [16, 0.001898],
    [17, 0.00205678],
    [18, 0.00221943],
    [19, 0.00235904],
    [20, 0.00246243],
    [22, 0.00260088],
    [25, 0.00279675],
    [30, 0.00311662],
    [40, 0.00357381],
    [50, 0.00384465],
    [60, 0.00391414],
    [70, 0.00388682],
    [80, 0.00378898],
    [100, 0.00354469],
    [120, 0.00327427],
    [140, 0.00302884],
    [160, 0.00281876]
  ]
}