{
  "reaction": {
    "lhs": [
      { "state": { "particle": "e", "charge": -1 }, "count": 1 },
      {
        "state": {
          "particle": "H2",
          "charge": 0,
          "descriptor": { "type": 1, "accuracy": 2, "e": "X", "Lambda": 0, "S": 0, "parity": "g", "v": 7 }
        },
        "count": 1
      }
    ],
    "rhs": [
      { "state": { "particle": "e", "charge": -1 }, "count": 1 },
      {
        "state": {
          "particle": "H2",
          "charge": 0,
          "descriptor": { "type": 1, "accuracy": 2, "e": "d", "Lambda": 1, "S": 1, "parity": "u", "v": 0 }
        },
        "count": 1
      }
    ],
    "type_tags": ["Electronic", "Vibrational"],
    "reversible": false
  },
  "threshold": 10.8423,
  "data": [
    [10.8423, 0],
    [11, 0.000774603],
    [12, 0.00000363428],
    [13, 0.00000211511],
    [14, 0.00000200602],
    [15, 0.00000284911],
    [16, 0.00000167253],
    [17, 3.41954e-7],
    [18, 1.25748e-7],
    [19, 4.61927e-8],
    [20, 3.29334e-8],
    [22, 2.71378e-8],
    [25, 2.25415e-8],
    [30, 2.10566e-8],
    [40, 1.67216e-7],
    [50, 9.49016e-8],
    [60, 1.54611e-8],
    [70, 7.36152e-9],
    [80, 5.94098e-9],
    [100, 3.3141e-9],
    [120, 1.36489e-9],
    [140, 9.80979e-10],
    [160, 6.86469e-10]
  ]
}