{
  "reaction": {
    "lhs": [
      { "state": { "particle": "e", "charge": -1 }, "count": 1 },
      {
        "state": {
          "particle": "H2",
          "charge": 0,
          "descriptor": { "type": 1, "accuracy": 2, "e": "X", "Lambda": 0, "S": 0, "parity": "g", "v": 7 }
        },
        "count": 1
      }
    ],
    "rhs": [
      { "state": { "particle": "e", "charge": -1 }, "count": 1 },
      {
        "state": {
          "particle": "H2",
          "charge": 0,
          "descriptor": {
            "type": 1,
            "accuracy": 2,
            "e": "j",
            "Lambda": 2,
            "S": 1,
            "parity": "g",
            "v": 12
          }
        },
        "count": 1
      }
    ],
    "type_tags": ["Electronic", "Vibrational"],
    "reversible": false
  },
  "threshold": 13.2495,
  "data": [
    [13.2495, 0],
    [14, 0.0000519611],
    [15, 0.0000525939],
    [16, 0.0000417373],
    [17, 0.0000308807],
    [18, 0.0000321147],
    [19, 0.0000344066],
    [20, 0.0000356406],
    [22, 0.000033308],
    [25, 0.0000243798],
    [30, 0.000012717],
    [40, 0.0000121809],
    [50, 0.0000106134],
    [60, 0.00000775912],
    [70, 0.00000420006],
    [80, 0.00000173661],
    [100, 0.00000125625],
    [120, 0.00000117621],
    [140, 0.00000111799],
    [160, 0.00000102599]
  ]
}