{
  "reaction": {
    "lhs": [
      { "state": { "particle": "e", "charge": -1 }, "count": 1 },
      {
        "state": {
          "particle": "H2",
          "charge": 0,
          "descriptor": { "type": 1, "accuracy": 2, "e": "X", "Lambda": 0, "S": 0, "parity": "g", "v": 7 }
        },
        "count": 1
      }
    ],
    "rhs": [
      { "state": { "particle": "e", "charge": -1 }, "count": 1 },
      {
        "state": {
          "particle": "H2",
          "charge": 0,
          "descriptor": {
            "type": 1,
            "accuracy": 2,
            "e": "EF",
            "Lambda": 0,
            "S": 0,
            "parity": "g",
            "v": 10
          }
        },
        "count": 1
      }
    ],
    "type_tags": ["Electronic", "Vibrational"],
    "reversible": false
  },
  "threshold": 10.1315,
  "data": [
    [10.1315, 0],
    [11, 0.0101964],
    [12, 0.0115025],
    [13, 0.00971755],
    [14, 0.0117896],
    [15, 0.0137834],
    [16, 0.014165],
    [17, 0.0137506],
    [18, 0.0145401],
    [19, 0.0161294],
    [20, 0.0157329],
    [22, 0.0150982],
    [25, 0.0142517],
    [30, 0.0129313],
    [40, 0.0118148],
    [50, 0.0116272],
    [60, 0.0116859],
    [70, 0.0111979],
    [80, 0.0106244],
    [100, 0.00927641],
    [120, 0.00791609],
    [140, 0.00708208],
    [160, 0.0063905]
  ]
}