{
  "reaction": {
    "lhs": [
      { "state": { "particle": "e", "charge": -1 }, "count": 1 },
      {
        "state": {
          "particle": "H2",
          "charge": 0,
          "descriptor": { "type": 1, "accuracy": 2, "e": "X", "Lambda": 0, "S": 0, "parity": "g", "v": 7 }
        },
        "count": 1
      }
    ],
    "rhs": [
      { "state": { "particle": "e", "charge": -1 }, "count": 1 },
      {
        "state": {
          "particle": "H2",
          "charge": 0,
          "descriptor": {
            "type": 1,
            "accuracy": 2,
            "e": "H",
            "Lambda": 0,
            "S": 0,
            "parity": "g",
            "v": 14
          }
        },
        "count": 1
      }
    ],
    "type_tags": ["Electronic", "Vibrational"],
    "reversible": false
  },
  "threshold": 12.4765,
  "data": [
    [12.4765, 0],
    [13, 0.000320674],
    [14, 0.000552909],
    [15, 0.000600687],
    [16, 0.000552609],
    [17, 0.000533025],
    [18, 0.000525769],
    [19, 0.000495093],
    [20, 0.000439109],
    [22, 0.000326099],
    [25, 0.000299686],
    [30, 0.000445361],
    [40, 0.000396449],
    [50, 0.000372994],
    [60, 0.000458649],
    [70, 0.000508502],
    [80, 0.000443276],
    [100, 0.000381566],
    [120, 0.000324521],
    [140, 0.000288706],
    [160, 0.000277055]
  ]
}