{
  "reaction": {
    "lhs": [
      { "state": { "particle": "e", "charge": -1 }, "count": 1 },
      {
        "state": {
          "particle": "H2",
          "charge": 0,
          "descriptor": { "type": 1, "accuracy": 2, "e": "X", "Lambda": 0, "S": 0, "parity": "g", "v": 7 }
        },
        "count": 1
      }
    ],
    "rhs": [
      { "state": { "particle": "e", "charge": -1 }, "count": 1 },
      {
        "state": {
          "particle": "H2",
          "charge": 0,
          "descriptor": { "type": 1, "accuracy": 2, "e": "a", "Lambda": 0, "S": 1, "parity": "g", "v": 3 }
        },
        "count": 1
      }
    ],
    "type_tags": ["Electronic", "Vibrational"],
    "reversible": false
  },
  "threshold": 9.66978,
  "data": [
    [9.66978, 0],
    [10, 0.0209247],
    [11, 0.0710344],
    [12, 0.0647631],
    [13, 0.0555717],
    [14, 0.0461473],
    [15, 0.0389869],
    [16, 0.0317681],
    [17, 0.0255442],
    [18, 0.0213324],
    [19, 0.0183008],
    [20, 0.0160024],
    [22, 0.0125086],
    [25, 0.00923816],
    [30, 0.0061909],
    [40, 0.00412069],
    [50, 0.00279202],
    [60, 0.00186766],
    [70, 0.00129541],
    [80, 0.000961716],
    [100, 0.000482212],
    [120, 0.000272589],
    [140, 0.000196915],
    [160, 0.000139128]
  ]
}