{
  "reaction": {
    "lhs": [
      { "state": { "particle": "e", "charge": -1 }, "count": 1 },
      {
        "state": {
          "particle": "H2",
          "charge": 0,
          "descriptor": { "type": 1, "accuracy": 2, "e": "X", "Lambda": 0, "S": 0, "parity": "g", "v": 7 }
        },
        "count": 1
      }
    ],
    "rhs": [
      { "state": { "particle": "e", "charge": -1 }, "count": 1 },
      {
        "state": {
          "particle": "H2",
          "charge": 0,
          "descriptor": {
            "type": 1,
            "accuracy": 2,
            "e": "GK",
            "Lambda": 0,
            "S": 0,
            "parity": "g",
            "v": 7
          }
        },
        "count": 1
      }
    ],
    "type_tags": ["Electronic", "Vibrational"],
    "reversible": false
  },
  "threshold": 11.5915,
  "data": [
    [11.5915, 0],
    [12, 0.00198793],
    [13, 0.00464365],
    [14, 0.00554262],
    [15, 0.00654826],
    [16, 0.00739504],
    [17, 0.0073465],
    [18, 0.00765107],
    [19, 0.00783423],
    [20, 0.00797888],
    [22, 0.00807369],
    [25, 0.00723225],
    [30, 0.00665479],
    [40, 0.00580993],
    [50, 0.0051849],
    [60, 0.0054041],
    [70, 0.00591236],
    [80, 0.00670489],
    [100, 0.00591093],
    [120, 0.00502285],
    [140, 0.00422321],
    [160, 0.00354495]
  ]
}