{
  "reaction": {
    "lhs": [
      { "state": { "particle": "e", "charge": -1 }, "count": 1 },
      {
        "state": {
          "particle": "H2",
          "charge": 0,
          "descriptor": { "type": 1, "accuracy": 2, "e": "X", "Lambda": 0, "S": 0, "parity": "g", "v": 7 }
        },
        "count": 1
      }
    ],
    "rhs": [
      { "state": { "particle": "e", "charge": -1 }, "count": 1 },
      {
        "state": {
          "particle": "H2",
          "charge": 0,
          "descriptor": { "type": 1, "accuracy": 2, "e": "i", "Lambda": 1, "S": 1, "parity": "g", "v": 3 }
        },
        "count": 1
      }
    ],
    "type_tags": ["Electronic", "Vibrational"],
    "reversible": false
  },
  "threshold": 11.6011,
  "data": [
    [11.6011, 0],
    [12, 0.00959332],
    [13, 0.0136627],
    [14, 0.0134082],
    [15, 0.0108052],
    [16, 0.0102574],
    [17, 0.0101408],
    [18, 0.00974934],
    [19, 0.00905529],
    [20, 0.00840064],
    [22, 0.00735197],
    [25, 0.00582486],
    [30, 0.00378234],
    [40, 0.00224796],
    [50, 0.00140538],
    [60, 0.000882222],
    [70, 0.000549315],
    [80, 0.000368794],
    [100, 0.000145766],
    [120, 0.000075482],
    [140, 0.0000536873],
    [160, 0.0000369394]
  ]
}