{
  "reaction": {
    "lhs": [
      { "state": { "particle": "e", "charge": -1 }, "count": 1 },
      {
        "state": {
          "particle": "H2",
          "charge": 0,
          "descriptor": { "type": 1, "accuracy": 2, "e": "X", "Lambda": 0, "S": 0, "parity": "g", "v": 7 }
        },
        "count": 1
      }
    ],
    "rhs": [
      { "state": { "particle": "e", "charge": -1 }, "count": 1 },
      {
        "state": {
          "particle": "H2",
          "charge": 0,
          "descriptor": {
            "type": 1,
            "accuracy": 2,
            "e": "j",
            "Lambda": 2,
            "S": 1,
            "parity": "g",
            "v": 11
          }
        },
        "count": 1
      }
    ],
    "type_tags": ["Electronic", "Vibrational"],
    "reversible": false
  },
  "threshold": 13.1355,
  "data": [
    [13.1355, 0],
    [14, 0.00030977],
    [15, 0.0003759],
    [16, 0.000355603],
    [17, 0.0003219],
    [18, 0.00029385],
    [19, 0.000265924],
    [20, 0.00024202],
    [22, 0.000203086],
    [25, 0.000153511],
    [30, 0.0000963852],
    [40, 0.0000691126],
    [50, 0.0000546065],
    [60, 0.0000403382],
    [70, 0.0000227084],
    [80, 0.0000107754],
    [100, 0.00000716268],
    [120, 0.00000651032],
    [140, 0.00000599532],
    [160, 0.00000538381]
  ]
}