{
  "reaction": {
    "lhs": [
      { "state": { "particle": "e", "charge": -1 }, "count": 1 },
      {
        "state": {
          "particle": "H2",
          "charge": 0,
          "descriptor": { "type": 1, "accuracy": 2, "e": "X", "Lambda": 0, "S": 0, "parity": "g", "v": 7 }
        },
        "count": 1
      }
    ],
    "rhs": [
      { "state": { "particle": "e", "charge": -1 }, "count": 1 },
      {
        "state": {
          "particle": "H2",
          "charge": 0,
          "descriptor": { "type": 1, "accuracy": 2, "e": "H", "Lambda": 0, "S": 0, "parity": "g", "v": 8 }
        },
        "count": 1
      }
    ],
    "type_tags": ["Electronic", "Vibrational"],
    "reversible": false
  },
  "threshold": 12.3013,
  "data": [
    [12.3013, 0],
    [13, 2.8344e-11],
    [14, 4.6752e-11],
    [15, 5.47432e-11],
    [16, 5.6592e-11],
    [17, 5.71801e-11],
    [18, 5.80892e-11],
    [19, 5.87683e-11],
    [20, 5.88327e-11],
    [22, 5.80469e-11],
    [25, 5.75393e-11],
    [30, 5.69852e-11],
    [40, 4.76296e-11],
    [50, 4.19036e-11],
    [60, 4.06406e-11],
    [70, 3.88633e-11],
    [80, 3.38172e-11],
    [100, 2.74442e-11],
    [120, 2.26832e-11],
    [140, 1.96243e-11],
    [160, 1.76213e-11]
  ]
}