{
  "reaction": {
    "lhs": [
      { "state": { "particle": "e", "charge": -1 }, "count": 1 },
      {
        "state": {
          "particle": "H2",
          "charge": 0,
          "descriptor": { "type": 1, "accuracy": 2, "e": "X", "Lambda": 0, "S": 0, "parity": "g", "v": 7 }
        },
        "count": 1
      }
    ],
    "rhs": [
      { "state": { "particle": "e", "charge": -1 }, "count": 1 },
      {
        "state": {
          "particle": "H2",
          "charge": 0,
          "descriptor": { "type": 1, "accuracy": 2, "e": "g", "Lambda": 0, "S": 1, "parity": "g", "v": 0 }
        },
        "count": 1
      }
    ],
    "type_tags": ["Electronic", "Vibrational"],
    "reversible": false
  },
  "threshold": 10.8746,
  "data": [
    [10.8746, 0],
    [11, 0.0000754508],
    [12, 6.72449e-8],
    [13, 0.0000494296],
    [14, 0.00000270909],
    [15, 0.000003586],
    [16, 0.00000322443],
    [17, 0.00000286285],
    [18, 0.0000069702],
    [19, 0.0000145981],
    [20, 0.0000187055],
    [22, 0.0000167647],
    [25, 0.00000937478],
    [30, 4.40685e-8],
    [40, 2.56827e-7],
    [50, 1.28429e-7],
    [60, 3.17172e-11],
    [70, 2.18372e-9],
    [80, 4.33572e-9],
    [100, 2.23465e-9],
    [120, 1.33581e-10],
    [140, 5.09969e-10],
    [160, 1.55057e-9]
  ]
}