{
  "reaction": {
    "lhs": [
      { "state": { "particle": "e", "charge": -1 }, "count": 1 },
      {
        "state": {
          "particle": "H2",
          "charge": 0,
          "descriptor": { "type": 1, "accuracy": 2, "e": "X", "Lambda": 0, "S": 0, "parity": "g", "v": 7 }
        },
        "count": 1
      }
    ],
    "rhs": [
      { "state": { "particle": "e", "charge": -1 }, "count": 1 },
      {
        "state": {
          "particle": "H2",
          "charge": 0,
          "descriptor": {
            "type": 1,
            "accuracy": 2,
            "e": "J",
            "Lambda": 2,
            "S": 0,
            "parity": "g",
            "v": 14
          }
        },
        "count": 1
      }
    ],
    "type_tags": ["Electronic", "Vibrational"],
    "reversible": false
  },
  "threshold": 13.3483,
  "data": [
    [13.3483, 0],
    [14, 1.99884e-7],
    [15, 1.85279e-10],
    [16, 3.80964e-7],
    [17, 0.00000503615],
    [18, 0.00000445087],
    [19, 0.0000033075],
    [20, 8.92821e-7],
    [22, 7.44404e-7],
    [25, 0.00000109632],
    [30, 0.00000132382],
    [40, 9.52145e-7],
    [50, 0.00000120498],
    [60, 9.22514e-7],
    [70, 6.40048e-7],
    [80, 6.55189e-7],
    [100, 6.02641e-7],
    [120, 3.50854e-7],
    [140, 3.15842e-7],
    [160, 2.89321e-7]
  ]
}