{
  "reaction": {
    "lhs": [
      { "state": { "particle": "e", "charge": -1 }, "count": 1 },
      {
        "state": {
          "particle": "H2",
          "charge": 0,
          "descriptor": { "type": 1, "accuracy": 2, "e": "X", "Lambda": 0, "S": 0, "parity": "g", "v": 7 }
        },
        "count": 1
      }
    ],
    "rhs": [
      { "state": { "particle": "e", "charge": -1 }, "count": 1 },
      {
        "state": {
          "particle": "H2",
          "charge": 0,
          "descriptor": {
            "type": 1,
            "accuracy": 2,
            "e": "c",
            "Lambda": 1,
            "S": 1,
            "parity": "u",
            "v": 10
          }
        },
        "count": 1
      }
    ],
    "type_tags": ["Electronic", "Vibrational"],
    "reversible": false
  },
  "threshold": 11.01,
  "data": [
    [11.01, 0],
    [12, 0.00601034],
    [13, 0.00652981],
    [14, 0.0068112],
    [15, 0.00557999],
    [16, 0.0052576],
    [17, 0.00518217],
    [18, 0.00488519],
    [19, 0.00437112],
    [20, 0.00391981],
    [22, 0.00331704],
    [25, 0.00257223],
    [30, 0.00159436],
    [40, 0.000344114],
    [50, 0.000197797],
    [60, 0.000171632],
    [70, 0.000129885],
    [80, 0.0000822371],
    [100, 0.0000403286],
    [120, 0.0000241815],
    [140, 0.0000173797],
    [160, 0.0000121924]
  ]
}