{
  "reaction": {
    "lhs": [
      { "state": { "particle": "e", "charge": -1 }, "count": 1 },
      {
        "state": {
          "particle": "H2",
          "charge": 0,
          "descriptor": { "type": 1, "accuracy": 2, "e": "X", "Lambda": 0, "S": 0, "parity": "g", "v": 7 }
        },
        "count": 1
      }
    ],
    "rhs": [
      { "state": { "particle": "e", "charge": -1 }, "count": 1 },
      {
        "state": {
          "particle": "H2",
          "charge": 0,
          "descriptor": { "type": 1, "accuracy": 2, "e": "D", "Lambda": 1, "S": 0, "parity": "u", "v": 7 }
        },
        "count": 1
      }
    ],
    "type_tags": ["Electronic", "Vibrational"],
    "reversible": false
  },
  "threshold": 12.596,
  "data": [
    [12.596, 0],
    [13, 0.000275892],
    [14, 0.000384138],
    [15, 0.000399809],
    [16, 0.00040631],
    [17, 0.000443592],
    [18, 0.000494996],
    [19, 0.000548026],
    [20, 0.000605247],
    [22, 0.000730594],
    [25, 0.000850411],
    [30, 0.000980605],
    [40, 0.00125397],
    [50, 0.00143568],
    [60, 0.00152963],
    [70, 0.00154846],
    [80, 0.00152442],
    [100, 0.00145403],
    [120, 0.0013693],
    [140, 0.00128868],
    [160, 0.00121663]
  ]
}