{
  "reaction": {
    "lhs": [
      { "state": { "particle": "e", "charge": -1 }, "count": 1 },
      {
        "state": {
          "particle": "H2",
          "charge": 0,
          "descriptor": { "type": 1, "accuracy": 2, "e": "X", "Lambda": 0, "S": 0, "parity": "g", "v": 7 }
        },
        "count": 1
      }
    ],
    "rhs": [
      { "state": { "particle": "e", "charge": -1 }, "count": 1 },
      {
        "state": {
          "particle": "H2",
          "charge": 0,
          "descriptor": { "type": 1, "accuracy": 2, "e": "I", "Lambda": 1, "S": 0, "parity": "g", "v": 0 }
        },
        "count": 1
      }
    ],
    "type_tags": ["Electronic", "Vibrational"],
    "reversible": false
  },
  "threshold": 10.8675,
  "data": [
    [10.8675, 0],
    [11, 4.21166e-16],
    [12, 0.0000730602],
    [13, 0.000136967],
    [14, 9.1298e-8],
    [15, 0.0000126646],
    [16, 0.00000937955],
    [17, 0.00000705371],
    [18, 0.00000707956],
    [19, 0.0000181742],
    [20, 0.0000135445],
    [22, 0.00000793311],
    [25, 0.00000614597],
    [30, 0.00000337221],
    [40, 0.0000100001],
    [50, 0.00000314873],
    [60, 0.00000479994],
    [70, 0.00000648297],
    [80, 0.00000650418],
    [100, 0.00000563092],
    [120, 0.00000491232],
    [140, 0.00000437832],
    [160, 0.0000039128]
  ]
}