{
  "reaction": {
    "lhs": [
      { "state": { "particle": "e", "charge": -1 }, "count": 1 },
      {
        "state": {
          "particle": "H2",
          "charge": 0,
          "descriptor": { "type": 1, "accuracy": 2, "e": "X", "Lambda": 0, "S": 0, "parity": "g", "v": 7 }
        },
        "count": 1
      }
    ],
    "rhs": [
      { "state": { "particle": "e", "charge": -1 }, "count": 1 },
      {
        "state": {
          "particle": "H2",
          "charge": 0,
          "descriptor": { "type": 1, "accuracy": 2, "e": "C", "Lambda": 1, "S": 0, "parity": "u", "v": 3 }
        },
        "count": 1
      }
    ],
    "type_tags": ["Electronic", "Vibrational"],
    "reversible": false
  },
  "threshold": 10.0874,
  "data": [
    [10.0874, 0],
    [11, 0.0956424],
    [12, 0.162987],
    [13, 0.211531],
    [14, 0.248673],
    [15, 0.28127],
    [16, 0.313583],
    [17, 0.346727],
    [18, 0.379963],
    [19, 0.411464],
    [20, 0.439203],
    [22, 0.481935],
    [25, 0.526905],
    [30, 0.581537],
    [40, 0.661689],
    [50, 0.705645],
    [60, 0.722454],
    [70, 0.71992],
    [80, 0.703637],
    [100, 0.66169],
    [120, 0.614333],
    [140, 0.570937],
    [160, 0.533311]
  ]
}