{
  "reaction": {
    "lhs": [
      { "state": { "particle": "e", "charge": -1 }, "count": 1 },
      {
        "state": {
          "particle": "H2",
          "charge": 0,
          "descriptor": { "type": 1, "accuracy": 2, "e": "X", "Lambda": 0, "S": 0, "parity": "g", "v": 7 }
        },
        "count": 1
      }
    ],
    "rhs": [
      { "state": { "particle": "e", "charge": -1 }, "count": 1 },
      {
        "state": {
          "particle": "H2",
          "charge": 0,
          "descriptor": {
            "type": 1,
            "accuracy": 2,
            "e": "Bp",
            "Lambda": 0,
            "S": 0,
            "parity": "u",
            "v": 5
          }
        },
        "count": 1
      }
    ],
    "type_tags": ["Electronic", "Vibrational"],
    "reversible": false
  },
  "threshold": 11.602,
  "data": [
    [11.602, 0],
    [12, 0.00104242],
    [13, 0.00240009],
    [14, 0.00310962],
    [15, 0.00328906],
    [16, 0.00339055],
    [17, 0.003624],
    [18, 0.00398616],
    [19, 0.00443787],
    [20, 0.00488479],
    [22, 0.00542748],
    [25, 0.00559919],
    [30, 0.00556417],
    [40, 0.00529633],
    [50, 0.00527186],
    [60, 0.00519938],
    [70, 0.00503859],
    [80, 0.00484713],
    [100, 0.00428017],
    [120, 0.00399603],
    [140, 0.00379775],
    [160, 0.00359124]
  ]
}