{
  "reaction": {
    "lhs": [
      { "state": { "particle": "e", "charge": -1 }, "count": 1 },
      {
        "state": {
          "particle": "H2",
          "charge": 0,
          "descriptor": { "type": 1, "accuracy": 2, "e": "X", "Lambda": 0, "S": 0, "parity": "g", "v": 7 }
        },
        "count": 1
      }
    ],
    "rhs": [
      { "state": { "particle": "e", "charge": -1 }, "count": 1 },
      {
        "state": {
          "particle": "H2",
          "charge": 0,
          "descriptor": {
            "type": 1,
            "accuracy": 2,
            "e": "H",
            "Lambda": 0,
            "S": 0,
            "parity": "g",
            "v": 52
          }
        },
        "count": 1
      }
    ],
    "type_tags": ["Electronic", "Vibrational"],
    "reversible": false
  },
  "threshold": 13.4592,
  "data": [
    [13.4592, 0],
    [14, 0.0000229075],
    [15, 0.0000377212],
    [16, 0.0000402277],
    [17, 0.0000342274],
    [18, 0.0000303536],
    [19, 0.0000322288],
    [20, 0.0000362315],
    [22, 0.0000401354],
    [25, 0.0000398262],
    [30, 0.0000338674],
    [40, 0.0000310072],
    [50, 0.0000333646],
    [60, 0.0000366344],
    [70, 0.0000399726],
    [80, 0.00004206],
    [100, 0.0000378286],
    [120, 0.0000336593],
    [140, 0.0000299539],
    [160, 0.000026628]
  ]
}