{
  "reaction": {
    "lhs": [
      { "state": { "particle": "e", "charge": -1 }, "count": 1 },
      {
        "state": {
          "particle": "H2",
          "charge": 0,
          "descriptor": { "type": 1, "accuracy": 2, "e": "X", "Lambda": 0, "S": 0, "parity": "g", "v": 7 }
        },
        "count": 1
      }
    ],
    "rhs": [
      { "state": { "particle": "e", "charge": -1 }, "count": 1 },
      {
        "state": {
          "particle": "H2",
          "charge": 0,
          "descriptor": { "type": 1, "accuracy": 2, "e": "H", "Lambda": 0, "S": 0, "parity": "g", "v": 5 }
        },
        "count": 1
      }
    ],
    "type_tags": ["Electronic", "Vibrational"],
    "reversible": false
  },
  "threshold": 12.1282,
  "data": [
    [12.1282, 0],
    [13, 0.00261403],
    [14, 0.00412213],
    [15, 0.00483712],
    [16, 0.00512484],
    [17, 0.00532767],
    [18, 0.00554361],
    [19, 0.00572825],
    [20, 0.00584955],
    [22, 0.00596958],
    [25, 0.00594863],
    [30, 0.0055802],
    [40, 0.00456175],
    [50, 0.00397778],
    [60, 0.00374442],
    [70, 0.00352738],
    [80, 0.00312605],
    [100, 0.00252257],
    [120, 0.00207501],
    [140, 0.00178429],
    [160, 0.00157405]
  ]
}