{
  "reaction": {
    "lhs": [
      { "state": { "particle": "e", "charge": -1 }, "count": 1 },
      {
        "state": {
          "particle": "H2",
          "charge": 0,
          "descriptor": { "type": 1, "accuracy": 2, "e": "X", "Lambda": 0, "S": 0, "parity": "g", "v": 7 }
        },
        "count": 1
      }
    ],
    "rhs": [
      { "state": { "particle": "e", "charge": -1 }, "count": 1 },
      {
        "state": {
          "particle": "H2",
          "charge": 0,
          "descriptor": { "type": 1, "accuracy": 2, "e": "g", "Lambda": 0, "S": 1, "parity": "g", "v": 1 }
        },
        "count": 1
      }
    ],
    "type_tags": ["Electronic", "Vibrational"],
    "reversible": false
  },
  "threshold": 11.1649,
  "data": [
    [11.1649, 0],
    [12, 0.0000281451],
    [13, 0.000186331],
    [14, 0.0000309703],
    [15, 0.0000785253],
    [16, 0.0000603136],
    [17, 0.0000421019],
    [18, 0.0000503431],
    [19, 0.0000656481],
    [20, 0.0000738893],
    [22, 0.0000681226],
    [25, 0.0000458898],
    [30, 0.000015507],
    [40, 0.0000123246],
    [50, 0.000010817],
    [60, 0.00000856054],
    [70, 0.00000628102],
    [80, 0.0000042548],
    [100, 0.0000018252],
    [120, 7.7944e-7],
    [140, 5.538e-7],
    [160, 3.80118e-7]
  ]
}