{
  "reaction": {
    "lhs": [
      { "state": { "particle": "e", "charge": -1 }, "count": 1 },
      {
        "state": {
          "particle": "H2",
          "charge": 0,
          "descriptor": { "type": 1, "accuracy": 2, "e": "X", "Lambda": 0, "S": 0, "parity": "g", "v": 7 }
        },
        "count": 1
      }
    ],
    "rhs": [
      { "state": { "particle": "e", "charge": -1 }, "count": 1 },
      {
        "state": {
          "particle": "H2",
          "charge": 0,
          "descriptor": { "type": 1, "accuracy": 2, "e": "d", "Lambda": 1, "S": 1, "parity": "u", "v": 5 }
        },
        "count": 1
      }
    ],
    "type_tags": ["Electronic", "Vibrational"],
    "reversible": false
  },
  "threshold": 12.0826,
  "data": [
    [12.0826, 0],
    [13, 0.0172564],
    [14, 0.0143063],
    [15, 0.013232],
    [16, 0.0120481],
    [17, 0.0109342],
    [18, 0.0100239],
    [19, 0.00923192],
    [20, 0.0085519],
    [22, 0.00737999],
    [25, 0.00589258],
    [30, 0.00397044],
    [40, 0.0019268],
    [50, 0.00124541],
    [60, 0.00101121],
    [70, 0.000710349],
    [80, 0.000501502],
    [100, 0.000247261],
    [120, 0.000142534],
    [140, 0.000102207],
    [160, 0.0000714268]
  ]
}