{
  "reaction": {
    "lhs": [
      { "state": { "particle": "e", "charge": -1 }, "count": 1 },
      {
        "state": {
          "particle": "H2",
          "charge": 0,
          "descriptor": { "type": 1, "accuracy": 2, "e": "X", "Lambda": 0, "S": 0, "parity": "g", "v": 7 }
        },
        "count": 1
      }
    ],
    "rhs": [
      { "state": { "particle": "e", "charge": -1 }, "count": 1 },
      {
        "state": {
          "particle": "H2",
          "charge": 0,
          "descriptor": {
            "type": 1,
            "accuracy": 2,
            "e": "H",
            "Lambda": 0,
            "S": 0,
            "parity": "g",
            "v": 47
          }
        },
        "count": 1
      }
    ],
    "type_tags": ["Electronic", "Vibrational"],
    "reversible": false
  },
  "threshold": 13.3477,
  "data": [
    [13.3477, 0],
    [14, 0.0000612502],
    [15, 0.0000991204],
    [16, 0.00010806],
    [17, 0.0000969218],
    [18, 0.0000878007],
    [19, 0.0000883389],
    [20, 0.0000927074],
    [22, 0.0000956025],
    [25, 0.0000947112],
    [30, 0.0000901113],
    [40, 0.0000826718],
    [50, 0.0000846266],
    [60, 0.000091903],
    [70, 0.0000978061],
    [80, 0.0000973584],
    [100, 0.0000863213],
    [120, 0.0000764393],
    [140, 0.0000682905],
    [160, 0.0000620136]
  ]
}