{
  "reaction": {
    "lhs": [
      { "state": { "particle": "e", "charge": -1 }, "count": 1 },
      {
        "state": {
          "particle": "H2",
          "charge": 0,
          "descriptor": { "type": 1, "accuracy": 2, "e": "X", "Lambda": 0, "S": 0, "parity": "g", "v": 7 }
        },
        "count": 1
      }
    ],
    "rhs": [
      { "state": { "particle": "e", "charge": -1 }, "count": 1 },
      {
        "state": {
          "particle": "H2",
          "charge": 0,
          "descriptor": {
            "type": 1,
            "accuracy": 2,
            "e": "g",
            "Lambda": 0,
            "S": 1,
            "parity": "g",
            "v": 10
          }
        },
        "count": 1
      }
    ],
    "type_tags": ["Electronic", "Vibrational"],
    "reversible": false
  },
  "threshold": 13.0361,
  "data": [
    [13.0361, 0],
    [14, 0.00102334],
    [15, 0.00105337],
    [16, 0.00102074],
    [17, 0.000940769],
    [18, 0.000813669],
    [19, 0.000660976],
    [20, 0.000541528],
    [22, 0.000407059],
    [25, 0.000297045],
    [30, 0.000208062],
    [40, 0.000121261],
    [50, 0.0000862369],
    [60, 0.0000677902],
    [70, 0.000044042],
    [80, 0.0000268077],
    [100, 0.0000152762],
    [120, 0.0000124797],
    [140, 0.00000927261],
    [160, 0.00000693679]
  ]
}