{
  "reaction": {
    "lhs": [
      { "state": { "particle": "e", "charge": -1 }, "count": 1 },
      {
        "state": {
          "particle": "H2",
          "charge": 0,
          "descriptor": { "type": 1, "accuracy": 2, "e": "X", "Lambda": 0, "S": 0, "parity": "g", "v": 7 }
        },
        "count": 1
      }
    ],
    "rhs": [
      { "state": { "particle": "e", "charge": -1 }, "count": 1 },
      {
        "state": {
          "particle": "H2",
          "charge": 0,
          "descriptor": { "type": 1, "accuracy": 2, "e": "j", "Lambda": 2, "S": 1, "parity": "g", "v": 8 }
        },
        "count": 1
      }
    ],
    "type_tags": ["Electronic", "Vibrational"],
    "reversible": false
  },
  "threshold": 12.7038,
  "data": [
    [12.7038, 0],
    [13, 0.000604428],
    [14, 0.000850416],
    [15, 0.00087466],
    [16, 0.000869049],
    [17, 0.000831956],
    [18, 0.000732342],
    [19, 0.000598645],
    [20, 0.000489692],
    [22, 0.000369467],
    [25, 0.000284023],
    [30, 0.000226372],
    [40, 0.000114703],
    [50, 0.0000694056],
    [60, 0.000048703],
    [70, 0.0000317674],
    [80, 0.0000221236],
    [100, 0.0000107377],
    [120, 0.00000679338],
    [140, 0.00000481437],
    [160, 0.00000330827]
  ]
}