{
  "reaction": {
    "lhs": [
      { "state": { "particle": "e", "charge": -1 }, "count": 1 },
      {
        "state": {
          "particle": "H2",
          "charge": 0,
          "descriptor": { "type": 1, "accuracy": 2, "e": "X", "Lambda": 0, "S": 0, "parity": "g", "v": 7 }
        },
        "count": 1
      }
    ],
    "rhs": [
      { "state": { "particle": "e", "charge": -1 }, "count": 1 },
      {
        "state": {
          "particle": "H2",
          "charge": 0,
          "descriptor": {
            "type": 1,
            "accuracy": 2,
            "e": "g",
            "Lambda": 0,
            "S": 1,
            "parity": "g",
            "v": 16
          }
        },
        "count": 1
      }
    ],
    "type_tags": ["Electronic", "Vibrational"],
    "reversible": false
  },
  "threshold": 13.5163,
  "data": [
    [13.5163, 0],
    [14, 0.0000433665],
    [15, 0.0000679033],
    [16, 0.0000721482],
    [17, 0.0000727648],
    [18, 0.0000640196],
    [19, 0.0000464529],
    [20, 0.000033068],
    [22, 0.0000220436],
    [25, 0.000013893],
    [30, 0.00000950485],
    [40, 0.00000598366],
    [50, 0.00000385986],
    [60, 0.00000190063],
    [70, 0.00000124563],
    [80, 0.0000010552],
    [100, 5.6254e-7],
    [120, 3.22301e-7],
    [140, 2.32898e-7],
    [160, 1.64774e-7]
  ]
}