{
  "reaction": {
    "lhs": [
      { "state": { "particle": "e", "charge": -1 }, "count": 1 },
      {
        "state": {
          "particle": "H2",
          "charge": 0,
          "descriptor": { "type": 1, "accuracy": 2, "e": "X", "Lambda": 0, "S": 0, "parity": "g", "v": 7 }
        },
        "count": 1
      }
    ],
    "rhs": [
      { "state": { "particle": "e", "charge": -1 }, "count": 1 },
      {
        "state": {
          "particle": "H2",
          "charge": 0,
          "descriptor": {
            "type": 1,
            "accuracy": 2,
            "e": "d",
            "Lambda": 1,
            "S": 1,
            "parity": "u",
            "v": 15
          }
        },
        "count": 1
      }
    ],
    "type_tags": ["Electronic", "Vibrational"],
    "reversible": false
  },
  "threshold": 13.4676,
  "data": [
    [13.4676, 0],
    [14, 0.0000516583],
    [15, 0.0000719833],
    [16, 0.0000847684],
    [17, 0.0000901957],
    [18, 0.0000833782],
    [19, 0.0000694233],
    [20, 0.0000580769],
    [22, 0.0000470665],
    [25, 0.0000378422],
    [30, 0.0000292727],
    [40, 0.0000155311],
    [50, 0.00000967495],
    [60, 0.00000690071],
    [70, 0.00000503787],
    [80, 0.00000407275],
    [100, 0.00000218346],
    [120, 0.00000117543],
    [140, 8.42925e-7],
    [160, 5.89237e-7]
  ]
}