{
  "reaction": {
    "lhs": [
      { "state": { "particle": "e", "charge": -1 }, "count": 1 },
      {
        "state": {
          "particle": "H2",
          "charge": 0,
          "descriptor": { "type": 1, "accuracy": 2, "e": "X", "Lambda": 0, "S": 0, "parity": "g", "v": 7 }
        },
        "count": 1
      }
    ],
    "rhs": [
      { "state": { "particle": "e", "charge": -1 }, "count": 1 },
      {
        "state": {
          "particle": "H2",
          "charge": 0,
          "descriptor": {
            "type": 1,
            "accuracy": 2,
            "e": "c",
            "Lambda": 1,
            "S": 1,
            "parity": "u",
            "v": 13
          }
        },
        "count": 1
      }
    ],
    "type_tags": ["Electronic", "Vibrational"],
    "reversible": false
  },
  "threshold": 11.3973,
  "data": [
    [11.3973, 0],
    [12, 0.00378875],
    [13, 0.00311046],
    [14, 0.00292403],
    [15, 0.0030575],
    [16, 0.00280552],
    [17, 0.00242275],
    [18, 0.00218081],
    [19, 0.00197607],
    [20, 0.00180545],
    [22, 0.001526],
    [25, 0.0011966],
    [30, 0.000771352],
    [40, 0.000182537],
    [50, 0.0000980896],
    [60, 0.0000822215],
    [70, 0.0000627241],
    [80, 0.0000427659],
    [100, 0.0000215652],
    [120, 0.0000121299],
    [140, 0.00000871702],
    [160, 0.00000611159]
  ]
}