{
  "reaction": {
    "lhs": [
      { "state": { "particle": "e", "charge": -1 }, "count": 1 },
      {
        "state": {
          "particle": "H2",
          "charge": 0,
          "descriptor": { "type": 1, "accuracy": 2, "e": "X", "Lambda": 0, "S": 0, "parity": "g", "v": 7 }
        },
        "count": 1
      }
    ],
    "rhs": [
      { "state": { "particle": "e", "charge": -1 }, "count": 1 },
      {
        "state": {
          "particle": "H2",
          "charge": 0,
          "descriptor": {
            "type": 1,
            "accuracy": 2,
            "e": "H",
            "Lambda": 0,
            "S": 0,
            "parity": "g",
            "v": 55
          }
        },
        "count": 1
      }
    ],
    "type_tags": ["Electronic", "Vibrational"],
    "reversible": false
  },
  "threshold": 13.5065,
  "data": [
    [13.5065, 0],
    [14, 0.0000108616],
    [15, 0.0000174287],
    [16, 0.0000176492],
    [17, 0.0000139101],
    [18, 0.0000120142],
    [19, 0.0000136295],
    [20, 0.0000165439],
    [22, 0.0000196217],
    [25, 0.0000194699],
    [30, 0.0000147709],
    [40, 0.0000135322],
    [50, 0.0000153549],
    [60, 0.0000170118],
    [70, 0.0000190488],
    [80, 0.0000211784],
    [100, 0.0000192721],
    [120, 0.0000172166],
    [140, 0.0000152485],
    [160, 0.0000132614]
  ]
}