{
  "reaction": {
    "lhs": [
      { "state": { "particle": "e", "charge": -1 }, "count": 1 },
      {
        "state": {
          "particle": "H2",
          "charge": 0,
          "descriptor": { "type": 1, "accuracy": 2, "e": "X", "Lambda": 0, "S": 0, "parity": "g", "v": 7 }
        },
        "count": 1
      }
    ],
    "rhs": [
      { "state": { "particle": "e", "charge": -1 }, "count": 1 },
      {
        "state": {
          "particle": "H2",
          "charge": 0,
          "descriptor": {
            "type": 1,
            "accuracy": 2,
            "e": "H",
            "Lambda": 0,
            "S": 0,
            "parity": "g",
            "v": 48
          }
        },
        "count": 1
      }
    ],
    "type_tags": ["Electronic", "Vibrational"],
    "reversible": false
  },
  "threshold": 13.3728,
  "data": [
    [13.3728, 0],
    [14, 0.0000515059],
    [15, 0.0000838362],
    [16, 0.0000911818],
    [17, 0.0000812034],
    [18, 0.0000734159],
    [19, 0.0000743625],
    [20, 0.0000789499],
    [22, 0.0000824038],
    [25, 0.0000816716],
    [30, 0.0000763135],
    [40, 0.0000699774],
    [50, 0.0000721983],
    [60, 0.000078586],
    [70, 0.0000839827],
    [80, 0.000084356],
    [100, 0.0000749942],
    [120, 0.0000664676],
    [140, 0.0000593504],
    [160, 0.0000537163]
  ]
}