{
  "reaction": {
    "lhs": [
      { "state": { "particle": "e", "charge": -1 }, "count": 1 },
      {
        "state": {
          "particle": "H2",
          "charge": 0,
          "descriptor": { "type": 1, "accuracy": 2, "e": "X", "Lambda": 0, "S": 0, "parity": "g", "v": 7 }
        },
        "count": 1
      }
    ],
    "rhs": [
      { "state": { "particle": "e", "charge": -1 }, "count": 1 },
      {
        "state": {
          "particle": "H2",
          "charge": 0,
          "descriptor": {
            "type": 1,
            "accuracy": 2,
            "e": "H",
            "Lambda": 0,
            "S": 0,
            "parity": "g",
            "v": 25
          }
        },
        "count": 1
      }
    ],
    "type_tags": ["Electronic", "Vibrational"],
    "reversible": false
  },
  "threshold": 12.7906,
  "data": [
    [12.7906, 0],
    [13, 0.00000248821],
    [14, 0.00000557119],
    [15, 0.00000818232],
    [16, 0.00000908056],
    [17, 0.00000854122],
    [18, 0.00000780918],
    [19, 0.00000744101],
    [20, 0.00000734162],
    [22, 0.000007208],
    [25, 0.00000721863],
    [30, 0.00000744487],
    [40, 0.00000672865],
    [50, 0.00000611408],
    [60, 0.00000585299],
    [70, 0.00000551668],
    [80, 0.00000488117],
    [100, 0.00000404614],
    [120, 0.00000348915],
    [140, 0.00000309327],
    [160, 0.0000028156]
  ]
}