{
  "reaction": {
    "lhs": [
      { "state": { "particle": "e", "charge": -1 }, "count": 1 },
      {
        "state": {
          "particle": "H2",
          "charge": 0,
          "descriptor": { "type": 1, "accuracy": 2, "e": "X", "Lambda": 0, "S": 0, "parity": "g", "v": 7 }
        },
        "count": 1
      }
    ],
    "rhs": [
      { "state": { "particle": "e", "charge": -1 }, "count": 1 },
      {
        "state": {
          "particle": "H2",
          "charge": 0,
          "descriptor": {
            "type": 1,
            "accuracy": 2,
            "e": "a",
            "Lambda": 0,
            "S": 1,
            "parity": "g",
            "v": 14
          }
        },
        "count": 1
      }
    ],
    "type_tags": ["Electronic", "Vibrational"],
    "reversible": false
  },
  "threshold": 11.609,
  "data": [
    [11.609, 0],
    [12, 0.00322544],
    [13, 0.00509807],
    [14, 0.00437984],
    [15, 0.00357869],
    [16, 0.00305008],
    [17, 0.002654],
    [18, 0.00232437],
    [19, 0.00205851],
    [20, 0.00184094],
    [22, 0.00148118],
    [25, 0.00106205],
    [30, 0.000579497],
    [40, 0.00023993],
    [50, 0.00014314],
    [60, 0.00011951],
    [70, 0.0000937878],
    [80, 0.0000755375],
    [100, 0.0000472409],
    [120, 0.0000307417],
    [140, 0.000022304],
    [160, 0.0000159484]
  ]
}