{
  "reaction": {
    "lhs": [
      { "state": { "particle": "e", "charge": -1 }, "count": 1 },
      {
        "state": {
          "particle": "H2",
          "charge": 0,
          "descriptor": { "type": 1, "accuracy": 2, "e": "X", "Lambda": 0, "S": 0, "parity": "g", "v": 7 }
        },
        "count": 1
      }
    ],
    "rhs": [
      { "state": { "particle": "e", "charge": -1 }, "count": 1 },
      {
        "state": {
          "particle": "H2",
          "charge": 0,
          "descriptor": {
            "type": 1,
            "accuracy": 2,
            "e": "EF",
            "Lambda": 0,
            "S": 0,
            "parity": "g",
            "v": 0
          }
        },
        "count": 1
      }
    ],
    "type_tags": ["Electronic", "Vibrational"],
    "reversible": false
  },
  "threshold": 9.287,
  "data": [
    [9.287, 0],
    [10, 0.0000156251],
    [11, 0.00000365969],
    [12, 0.00000640403],
    [13, 0.00000636461],
    [14, 0.00000626067],
    [15, 0.00000611372],
    [16, 0.00000594528],
    [17, 0.00000577683],
    [18, 0.00000562988],
    [19, 0.00000552594],
    [20, 0.00000548652],
    [22, 0.00000736814],
    [25, 0.00000432115],
    [30, 0.00000253981],
    [40, 0.0000019055],
    [50, 0.00000145824],
    [60, 0.00000136816],
    [70, 0.00000109765],
    [80, 7.94986e-7],
    [100, 5.0943e-7],
    [120, 5.91073e-7],
    [140, 5.81799e-7],
    [160, 5.5652e-7]
  ]
}