{
  "reaction": {
    "lhs": [
      { "state": { "particle": "e", "charge": -1 }, "count": 1 },
      {
        "state": {
          "particle": "H2",
          "charge": 0,
          "descriptor": { "type": 1, "accuracy": 2, "e": "X", "Lambda": 0, "S": 0, "parity": "g", "v": 7 }
        },
        "count": 1
      }
    ],
    "rhs": [
      { "state": { "particle": "e", "charge": -1 }, "count": 1 },
      {
        "state": {
          "particle": "H2",
          "charge": 0,
          "descriptor": { "type": 1, "accuracy": 2, "e": "h", "Lambda": 0, "S": 1, "parity": "g", "v": 2 }
        },
        "count": 1
      }
    ],
    "type_tags": ["Electronic", "Vibrational"],
    "reversible": false
  },
  "threshold": 11.3162,
  "data": [
    [11.3162, 0],
    [12, 0.0076699],
    [13, 0.00666554],
    [14, 0.00474869],
    [15, 0.00356374],
    [16, 0.00341001],
    [17, 0.00338276],
    [18, 0.00324128],
    [19, 0.00296924],
    [20, 0.00274147],
    [22, 0.00249534],
    [25, 0.00225672],
    [30, 0.00193212],
    [40, 0.00107563],
    [50, 0.000689484],
    [60, 0.000492055],
    [70, 0.000361302],
    [80, 0.000288812],
    [100, 0.000135632],
    [120, 0.0000538757],
    [140, 0.000038325],
    [160, 0.0000263579]
  ]
}