{
  "reaction": {
    "lhs": [
      { "state": { "particle": "e", "charge": -1 }, "count": 1 },
      {
        "state": {
          "particle": "H2",
          "charge": 0,
          "descriptor": { "type": 1, "accuracy": 2, "e": "X", "Lambda": 0, "S": 0, "parity": "g", "v": 7 }
        },
        "count": 1
      }
    ],
    "rhs": [
      { "state": { "particle": "e", "charge": -1 }, "count": 1 },
      {
        "state": {
          "particle": "H2",
          "charge": 0,
          "descriptor": { "type": 1, "accuracy": 2, "e": "g", "Lambda": 0, "S": 1, "parity": "g", "v": 2 }
        },
        "count": 1
      }
    ],
    "type_tags": ["Electronic", "Vibrational"],
    "reversible": false
  },
  "threshold": 11.4348,
  "data": [
    [11.4348, 0],
    [12, 0.00581216],
    [13, 0.00813442],
    [14, 0.0051306],
    [15, 0.00505168],
    [16, 0.00430059],
    [17, 0.00322707],
    [18, 0.00269226],
    [19, 0.00233161],
    [20, 0.00205754],
    [22, 0.00161516],
    [25, 0.00118242],
    [30, 0.000756723],
    [40, 0.000453732],
    [50, 0.000308423],
    [60, 0.000226657],
    [70, 0.000166852],
    [80, 0.000129021],
    [100, 0.0000612151],
    [120, 0.0000264654],
    [140, 0.0000190573],
    [160, 0.0000133625]
  ]
}