{
  "reaction": {
    "lhs": [
      { "state": { "particle": "e", "charge": -1 }, "count": 1 },
      {
        "state": {
          "particle": "H2",
          "charge": 0,
          "descriptor": { "type": 1, "accuracy": 2, "e": "X", "Lambda": 0, "S": 0, "parity": "g", "v": 7 }
        },
        "count": 1
      }
    ],
    "rhs": [
      { "state": { "particle": "e", "charge": -1 }, "count": 1 },
      {
        "state": {
          "particle": "H2",
          "charge": 0,
          "descriptor": { "type": 1, "accuracy": 2, "e": "J", "Lambda": 2, "S": 0, "parity": "g", "v": 3 }
        },
        "count": 1
      }
    ],
    "type_tags": ["Electronic", "Vibrational"],
    "reversible": false
  },
  "threshold": 11.7025,
  "data": [
    [11.7025, 0],
    [12, 0.00671846],
    [13, 0.00958495],
    [14, 0.00821231],
    [15, 0.00753345],
    [16, 0.00910289],
    [17, 0.00920961],
    [18, 0.00955612],
    [19, 0.0103318],
    [20, 0.00971954],
    [22, 0.0102867],
    [25, 0.0103779],
    [30, 0.00959521],
    [40, 0.00776162],
    [50, 0.0065594],
    [60, 0.00562917],
    [70, 0.00488238],
    [80, 0.00441395],
    [100, 0.0036218],
    [120, 0.00300398],
    [140, 0.00257305],
    [160, 0.00225393]
  ]
}