{
  "reaction": {
    "lhs": [
      { "state": { "particle": "e", "charge": -1 }, "count": 1 },
      {
        "state": {
          "particle": "H2",
          "charge": 0,
          "descriptor": { "type": 1, "accuracy": 2, "e": "X", "Lambda": 0, "S": 0, "parity": "g", "v": 7 }
        },
        "count": 1
      }
    ],
    "rhs": [
      { "state": { "particle": "e", "charge": -1 }, "count": 1 },
      {
        "state": {
          "particle": "H2",
          "charge": 0,
          "descriptor": {
            "type": 1,
            "accuracy": 2,
            "e": "B",
            "Lambda": 0,
            "S": 0,
            "parity": "u",
            "v": 10
          }
        },
        "count": 1
      }
    ],
    "type_tags": ["Electronic", "Vibrational"],
    "reversible": false
  },
  "threshold": 9.61857,
  "data": [
    [9.61857, 0],
    [10, 0.0105218],
    [11, 0.024632],
    [12, 0.0357677],
    [13, 0.0444492],
    [14, 0.0516161],
    [15, 0.0576128],
    [16, 0.0625322],
    [17, 0.066488],
    [18, 0.0695947],
    [19, 0.0719663],
    [20, 0.0737172],
    [22, 0.0758146],
    [25, 0.0771664],
    [30, 0.0794189],
    [40, 0.08174],
    [50, 0.080459],
    [60, 0.0782455],
    [70, 0.07605],
    [80, 0.0735867],
    [100, 0.0679026],
    [120, 0.0619784],
    [140, 0.0566151],
    [160, 0.0519232]
  ]
}