{
  "reaction": {
    "lhs": [
      { "state": { "particle": "e", "charge": -1 }, "count": 1 },
      {
        "state": {
          "particle": "H2",
          "charge": 0,
          "descriptor": { "type": 1, "accuracy": 2, "e": "X", "Lambda": 0, "S": 0, "parity": "g", "v": 7 }
        },
        "count": 1
      }
    ],
    "rhs": [
      { "state": { "particle": "e", "charge": -1 }, "count": 1 },
      {
        "state": {
          "particle": "H2",
          "charge": 0,
          "descriptor": { "type": 1, "accuracy": 2, "e": "j", "Lambda": 2, "S": 1, "parity": "g", "v": 3 }
        },
        "count": 1
      }
    ],
    "type_tags": ["Electronic", "Vibrational"],
    "reversible": false
  },
  "threshold": 11.703,
  "data": [
    [11.703, 0],
    [12, 0.00819756],
    [13, 0.013334],
    [14, 0.0122032],
    [15, 0.0113306],
    [16, 0.00962271],
    [17, 0.00792434],
    [18, 0.00684141],
    [19, 0.00604801],
    [20, 0.0054207],
    [22, 0.00438456],
    [25, 0.00325333],
    [30, 0.00205788],
    [40, 0.00138957],
    [50, 0.000879252],
    [60, 0.00041226],
    [70, 0.00023577],
    [80, 0.000172954],
    [100, 0.0000696872],
    [120, 0.0000371198],
    [140, 0.0000262839],
    [160, 0.0000179652]
  ]
}