{
  "reaction": {
    "lhs": [
      { "state": { "particle": "e", "charge": -1 }, "count": 1 },
      {
        "state": {
          "particle": "H2",
          "charge": 0,
          "descriptor": { "type": 1, "accuracy": 2, "e": "X", "Lambda": 0, "S": 0, "parity": "g", "v": 7 }
        },
        "count": 1
      }
    ],
    "rhs": [
      { "state": { "particle": "e", "charge": -1 }, "count": 1 },
      {
        "state": {
          "particle": "H2",
          "charge": 0,
          "descriptor": { "type": 1, "accuracy": 2, "e": "a", "Lambda": 0, "S": 1, "parity": "g", "v": 4 }
        },
        "count": 1
      }
    ],
    "type_tags": ["Electronic", "Vibrational"],
    "reversible": false
  },
  "threshold": 9.93361,
  "data": [
    [9.93361, 0],
    [10, 0.0105271],
    [11, 0.159764],
    [12, 0.148766],
    [13, 0.125944],
    [14, 0.10296],
    [15, 0.0874805],
    [16, 0.0734399],
    [17, 0.0616318],
    [18, 0.0532521],
    [19, 0.0469974],
    [20, 0.0419827],
    [22, 0.033536],
    [25, 0.0239211],
    [30, 0.0136897],
    [40, 0.00840857],
    [50, 0.00597219],
    [60, 0.00419903],
    [70, 0.00292511],
    [80, 0.00208589],
    [100, 0.00104697],
    [120, 0.000621937],
    [140, 0.00044963],
    [160, 0.000318234]
  ]
}