{
  "reaction": {
    "lhs": [
      { "state": { "particle": "e", "charge": -1 }, "count": 1 },
      {
        "state": {
          "particle": "H2",
          "charge": 0,
          "descriptor": { "type": 1, "accuracy": 2, "e": "X", "Lambda": 0, "S": 0, "parity": "g", "v": 7 }
        },
        "count": 1
      }
    ],
    "rhs": [
      { "state": { "particle": "e", "charge": -1 }, "count": 1 },
      {
        "state": {
          "particle": "H2",
          "charge": 0,
          "descriptor": { "type": 1, "accuracy": 2, "e": "h", "Lambda": 0, "S": 1, "parity": "g", "v": 3 }
        },
        "count": 1
      }
    ],
    "type_tags": ["Electronic", "Vibrational"],
    "reversible": false
  },
  "threshold": 11.5315,
  "data": [
    [11.5315, 0],
    [12, 0.00791585],
    [13, 0.00701074],
    [14, 0.007206],
    [15, 0.00579383],
    [16, 0.00598555],
    [17, 0.00617726],
    [18, 0.00606027],
    [19, 0.00579579],
    [20, 0.00551353],
    [22, 0.00497115],
    [25, 0.00406711],
    [30, 0.00276761],
    [40, 0.00173053],
    [50, 0.00110941],
    [60, 0.000711473],
    [70, 0.0005137],
    [80, 0.000422738],
    [100, 0.000209154],
    [120, 0.0000936102],
    [140, 0.000066493],
    [160, 0.000045685]
  ]
}