{
  "reaction": {
    "lhs": [
      { "state": { "particle": "e", "charge": -1 }, "count": 1 },
      {
        "state": {
          "particle": "H2",
          "charge": 0,
          "descriptor": { "type": 1, "accuracy": 2, "e": "X", "Lambda": 0, "S": 0, "parity": "g", "v": 7 }
        },
        "count": 1
      }
    ],
    "rhs": [
      { "state": { "particle": "e", "charge": -1 }, "count": 1 },
      {
        "state": {
          "particle": "H2",
          "charge": 0,
          "descriptor": { "type": 1, "accuracy": 2, "e": "a", "Lambda": 0, "S": 1, "parity": "g", "v": 7 }
        },
        "count": 1
      }
    ],
    "type_tags": ["Electronic", "Vibrational"],
    "reversible": false
  },
  "threshold": 10.6303,
  "data": [
    [10.6303, 0],
    [11, 0.0197305],
    [12, 0.0351368],
    [13, 0.0327586],
    [14, 0.0292451],
    [15, 0.0265261],
    [16, 0.0223762],
    [17, 0.018362],
    [18, 0.0156121],
    [19, 0.0134975],
    [20, 0.0118325],
    [22, 0.00921223],
    [25, 0.00645364],
    [30, 0.00355924],
    [40, 0.00166986],
    [50, 0.00113268],
    [60, 0.00100171],
    [70, 0.000756145],
    [80, 0.000515625],
    [100, 0.000275325],
    [120, 0.000172496],
    [140, 0.000124908],
    [160, 0.0000887522]
  ]
}