{
  "reaction": {
    "lhs": [
      { "state": { "particle": "e", "charge": -1 }, "count": 1 },
      {
        "state": {
          "particle": "H2",
          "charge": 0,
          "descriptor": { "type": 1, "accuracy": 2, "e": "X", "Lambda": 0, "S": 0, "parity": "g", "v": 7 }
        },
        "count": 1
      }
    ],
    "rhs": [
      { "state": { "particle": "e", "charge": -1 }, "count": 1 },
      {
        "state": {
          "particle": "H2",
          "charge": 0,
          "descriptor": { "type": 1, "accuracy": 2, "e": "g", "Lambda": 0, "S": 1, "parity": "g", "v": 5 }
        },
        "count": 1
      }
    ],
    "type_tags": ["Electronic", "Vibrational"],
    "reversible": false
  },
  "threshold": 12.1483,
  "data": [
    [12.1483, 0],
    [13, 0.0104945],
    [14, 0.0101325],
    [15, 0.00981128],
    [16, 0.00847588],
    [17, 0.00696903],
    [18, 0.00578716],
    [19, 0.00474333],
    [20, 0.00394791],
    [22, 0.0029144],
    [25, 0.00204439],
    [30, 0.0013302],
    [40, 0.000774424],
    [50, 0.000540061],
    [60, 0.000415604],
    [70, 0.000280452],
    [80, 0.000183305],
    [100, 0.0000984665],
    [120, 0.0000737342],
    [140, 0.0000532065],
    [160, 0.0000377415]
  ]
}