{
  "reaction": {
    "lhs": [
      { "state": { "particle": "e", "charge": -1 }, "count": 1 },
      {
        "state": {
          "particle": "H2",
          "charge": 0,
          "descriptor": { "type": 1, "accuracy": 2, "e": "X", "Lambda": 0, "S": 0, "parity": "g", "v": 7 }
        },
        "count": 1
      }
    ],
    "rhs": [
      { "state": { "particle": "e", "charge": -1 }, "count": 1 },
      {
        "state": {
          "particle": "H2",
          "charge": 0,
          "descriptor": { "type": 1, "accuracy": 2, "e": "d", "Lambda": 1, "S": 1, "parity": "u", "v": 8 }
        },
        "count": 1
      }
    ],
    "type_tags": ["Electronic", "Vibrational"],
    "reversible": false
  },
  "threshold": 12.6545,
  "data": [
    [12.6545, 0],
    [13, 0.00532126],
    [14, 0.00441894],
    [15, 0.00414572],
    [16, 0.00405977],
    [17, 0.00395874],
    [18, 0.00365866],
    [19, 0.00327855],
    [20, 0.00295808],
    [22, 0.00252138],
    [25, 0.00202259],
    [30, 0.00141165],
    [40, 0.000672474],
    [50, 0.00041965],
    [60, 0.00033299],
    [70, 0.000241373],
    [80, 0.000183945],
    [100, 0.000095251],
    [120, 0.0000520004],
    [140, 0.0000372895],
    [160, 0.0000260592]
  ]
}