{
  "reaction": {
    "lhs": [
      { "state": { "particle": "e", "charge": -1 }, "count": 1 },
      {
        "state": {
          "particle": "H2",
          "charge": 0,
          "descriptor": { "type": 1, "accuracy": 2, "e": "X", "Lambda": 0, "S": 0, "parity": "g", "v": 7 }
        },
        "count": 1
      }
    ],
    "rhs": [
      { "state": { "particle": "e", "charge": -1 }, "count": 1 },
      {
        "state": {
          "particle": "H2",
          "charge": 0,
          "descriptor": { "type": 1, "accuracy": 2, "e": "c", "Lambda": 1, "S": 1, "parity": "u", "v": 3 }
        },
        "count": 1
      }
    ],
    "type_tags": ["Electronic", "Vibrational"],
    "reversible": false
  },
  "threshold": 9.58403,
  "data": [
    [9.58403, 0],
    [10, 0.113623],
    [11, 0.32032],
    [12, 0.28673],
    [13, 0.23564],
    [14, 0.199594],
    [15, 0.183545],
    [16, 0.155435],
    [17, 0.128367],
    [18, 0.112297],
    [19, 0.101462],
    [20, 0.0927122],
    [22, 0.0768437],
    [25, 0.0582883],
    [30, 0.0364134],
    [40, 0.0179567],
    [50, 0.0118786],
    [60, 0.00969044],
    [70, 0.0063637],
    [80, 0.00389718],
    [100, 0.00170556],
    [120, 0.00112819],
    [140, 0.000809332],
    [160, 0.000566074]
  ]
}