{
  "reaction": {
    "lhs": [
      { "state": { "particle": "e", "charge": -1 }, "count": 1 },
      {
        "state": {
          "particle": "H2",
          "charge": 0,
          "descriptor": { "type": 1, "accuracy": 2, "e": "X", "Lambda": 0, "S": 0, "parity": "g", "v": 7 }
        },
        "count": 1
      }
    ],
    "rhs": [
      { "state": { "particle": "e", "charge": -1 }, "count": 1 },
      {
        "state": {
          "particle": "H2",
          "charge": 0,
          "descriptor": {
            "type": 1,
            "accuracy": 2,
            "e": "B",
            "Lambda": 0,
            "S": 0,
            "parity": "u",
            "v": 23
          }
        },
        "count": 1
      }
    ],
    "type_tags": ["Electronic", "Vibrational"],
    "reversible": false
  },
  "threshold": 10.9509,
  "data": [
    [10.9509, 0],
    [11, 0.000229709],
    [12, 0.00162178],
    [13, 0.00285268],
    [14, 0.00390332],
    [15, 0.00479163],
    [16, 0.00553357],
    [17, 0.00614543],
    [18, 0.00664324],
    [19, 0.00704321],
    [20, 0.00736149],
    [22, 0.0078175],
    [25, 0.00829258],
    [30, 0.00913283],
    [40, 0.00998928],
    [50, 0.0100876],
    [60, 0.0100062],
    [70, 0.00985805],
    [80, 0.00965336],
    [100, 0.00907524],
    [120, 0.00839535],
    [140, 0.00775289],
    [160, 0.00717245]
  ]
}