{
  "reaction": {
    "lhs": [
      { "state": { "particle": "e", "charge": -1 }, "count": 1 },
      {
        "state": {
          "particle": "H2",
          "charge": 0,
          "descriptor": { "type": 1, "accuracy": 2, "e": "X", "Lambda": 0, "S": 0, "parity": "g", "v": 7 }
        },
        "count": 1
      }
    ],
    "rhs": [
      { "state": { "particle": "e", "charge": -1 }, "count": 1 },
      {
        "state": {
          "particle": "H2",
          "charge": 0,
          "descriptor": {
            "type": 1,
            "accuracy": 2,
            "e": "H",
            "Lambda": 0,
            "S": 0,
            "parity": "g",
            "v": 43
          }
        },
        "count": 1
      }
    ],
    "type_tags": ["Electronic", "Vibrational"],
    "reversible": false
  },
  "threshold": 13.242,
  "data": [
    [13.242, 0],
    [14, 0.000111437],
    [15, 0.000175644],
    [16, 0.000192155],
    [17, 0.000175636],
    [18, 0.000159859],
    [19, 0.000156825],
    [20, 0.000159286],
    [22, 0.00015805],
    [25, 0.000156346],
    [30, 0.000157757],
    [40, 0.000144999],
    [50, 0.000144407],
    [60, 0.000155405],
    [70, 0.000162909],
    [80, 0.000157231],
    [100, 0.000138008],
    [120, 0.000121783],
    [140, 0.000108941],
    [160, 0.0000999479]
  ]
}