{
  "reaction": {
    "lhs": [
      { "state": { "particle": "e", "charge": -1 }, "count": 1 },
      {
        "state": {
          "particle": "H2",
          "charge": 0,
          "descriptor": { "type": 1, "accuracy": 2, "e": "X", "Lambda": 0, "S": 0, "parity": "g", "v": 7 }
        },
        "count": 1
      }
    ],
    "rhs": [
      { "state": { "particle": "e", "charge": -1 }, "count": 1 },
      {
        "state": {
          "particle": "H2",
          "charge": 0,
          "descriptor": { "type": 1, "accuracy": 2, "e": "a", "Lambda": 0, "S": 1, "parity": "g", "v": 8 }
        },
        "count": 1
      }
    ],
    "type_tags": ["Electronic", "Vibrational"],
    "reversible": false
  },
  "threshold": 10.8305,
  "data": [
    [10.8305, 0],
    [11, 0.00421732],
    [12, 0.00869146],
    [13, 0.00874468],
    [14, 0.00741852],
    [15, 0.00684585],
    [16, 0.00585656],
    [17, 0.00488844],
    [18, 0.00426531],
    [19, 0.00380576],
    [20, 0.00342449],
    [22, 0.00273588],
    [25, 0.00188687],
    [30, 0.000893264],
    [40, 0.000365578],
    [50, 0.000277665],
    [60, 0.000260415],
    [70, 0.000200912],
    [80, 0.00012737],
    [100, 0.0000670964],
    [120, 0.0000437206],
    [140, 0.0000316797],
    [160, 0.0000225399]
  ]
}