{
  "reaction": {
    "lhs": [
      { "state": { "particle": "e", "charge": -1 }, "count": 1 },
      {
        "state": {
          "particle": "H2",
          "charge": 0,
          "descriptor": { "type": 1, "accuracy": 2, "e": "X", "Lambda": 0, "S": 0, "parity": "g", "v": 7 }
        },
        "count": 1
      }
    ],
    "rhs": [
      { "state": { "particle": "e", "charge": -1 }, "count": 1 },
      {
        "state": {
          "particle": "H2",
          "charge": 0,
          "descriptor": {
            "type": 1,
            "accuracy": 2,
            "e": "H",
            "Lambda": 0,
            "S": 0,
            "parity": "g",
            "v": 29
          }
        },
        "count": 1
      }
    ],
    "type_tags": ["Electronic", "Vibrational"],
    "reversible": false
  },
  "threshold": 12.8745,
  "data": [
    [12.8745, 0],
    [13, 0.0000922275],
    [14, 0.000222404],
    [15, 0.000326347],
    [16, 0.000357688],
    [17, 0.000335801],
    [18, 0.000305549],
    [19, 0.000290966],
    [20, 0.000283922],
    [22, 0.000270855],
    [25, 0.00026895],
    [30, 0.000288579],
    [40, 0.000263234],
    [50, 0.000243784],
    [60, 0.000244756],
    [70, 0.000240069],
    [80, 0.000215457],
    [100, 0.000181696],
    [120, 0.00015775],
    [140, 0.000140501],
    [160, 0.000129422]
  ]
}