{
  "reaction": {
    "lhs": [
      { "state": { "particle": "e", "charge": -1 }, "count": 1 },
      {
        "state": {
          "particle": "H2",
          "charge": 0,
          "descriptor": { "type": 1, "accuracy": 2, "e": "X", "Lambda": 0, "S": 0, "parity": "g", "v": 7 }
        },
        "count": 1
      }
    ],
    "rhs": [
      { "state": { "particle": "e", "charge": -1 }, "count": 1 },
      {
        "state": {
          "particle": "H2",
          "charge": 0,
          "descriptor": { "type": 1, "accuracy": 2, "e": "g", "Lambda": 0, "S": 1, "parity": "g", "v": 6 }
        },
        "count": 1
      }
    ],
    "type_tags": ["Electronic", "Vibrational"],
    "reversible": false
  },
  "threshold": 12.356,
  "data": [
    [12.356, 0],
    [13, 0.000990488],
    [14, 0.0011341],
    [15, 0.00159321],
    [16, 0.00143327],
    [17, 0.00116553],
    [18, 0.000924363],
    [19, 0.000682024],
    [20, 0.000513466],
    [22, 0.000345084],
    [25, 0.000221992],
    [30, 0.000152996],
    [40, 0.0000869017],
    [50, 0.0000619977],
    [60, 0.0000495515],
    [70, 0.000029676],
    [80, 0.0000170257],
    [100, 0.0000135936],
    [120, 0.0000129931],
    [140, 0.0000124056],
    [160, 0.0000114418]
  ]
}