{
  "reaction": {
    "lhs": [
      { "state": { "particle": "e", "charge": -1 }, "count": 1 },
      {
        "state": {
          "particle": "H2",
          "charge": 0,
          "descriptor": { "type": 1, "accuracy": 2, "e": "X", "Lambda": 0, "S": 0, "parity": "g", "v": 7 }
        },
        "count": 1
      }
    ],
    "rhs": [
      { "state": { "particle": "e", "charge": -1 }, "count": 1 },
      {
        "state": {
          "particle": "H2",
          "charge": 0,
          "descriptor": { "type": 1, "accuracy": 2, "e": "D", "Lambda": 1, "S": 0, "parity": "u", "v": 0 }
        },
        "count": 1
      }
    ],
    "type_tags": ["Electronic", "Vibrational"],
    "reversible": false
  },
  "threshold": 10.9877,
  "data": [
    [10.9877, 0],
    [11, 3.54883e-9],
    [12, 2.69915e-7],
    [13, 5.36004e-7],
    [14, 8.01547e-7],
    [15, 0.0000010663],
    [16, 0.00000132993],
    [17, 0.00000159218],
    [18, 0.00000185281],
    [19, 0.00000211152],
    [20, 0.00000236806],
    [22, 0.00000287351],
    [25, 0.00000360846],
    [30, 0.00000475342],
    [40, 0.0000065707],
    [50, 0.00000746028],
    [60, 0.00000766355],
    [70, 0.00000760431],
    [80, 0.00000760597],
    [100, 0.00000705612],
    [120, 0.00000657999],
    [140, 0.00000620446],
    [160, 0.00000585643]
  ]
}