{
  "reaction": {
    "lhs": [
      { "state": { "particle": "e", "charge": -1 }, "count": 1 },
      {
        "state": {
          "particle": "H2",
          "charge": 0,
          "descriptor": { "type": 1, "accuracy": 2, "e": "X", "Lambda": 0, "S": 0, "parity": "g", "v": 7 }
        },
        "count": 1
      }
    ],
    "rhs": [
      { "state": { "particle": "e", "charge": -1 }, "count": 1 },
      {
        "state": {
          "particle": "H2",
          "charge": 0,
          "descriptor": {
            "type": 1,
            "accuracy": 2,
            "e": "H",
            "Lambda": 0,
            "S": 0,
            "parity": "g",
            "v": 46
          }
        },
        "count": 1
      }
    ],
    "type_tags": ["Electronic", "Vibrational"],
    "reversible": false
  },
  "threshold": 13.3216,
  "data": [
    [13.3216, 0],
    [14, 0.0000720373],
    [15, 0.000115847],
    [16, 0.0001265],
    [17, 0.00011414],
    [18, 0.000103578],
    [19, 0.000103441],
    [20, 0.000107538],
    [22, 0.000109706],
    [25, 0.000108641],
    [30, 0.000105087],
    [40, 0.000096461],
    [50, 0.0000979945],
    [60, 0.000106212],
    [70, 0.000112592],
    [80, 0.000111137],
    [100, 0.0000982883],
    [120, 0.0000869618],
    [140, 0.0000777258],
    [160, 0.0000707928]
  ]
}