{
  "reaction": {
    "lhs": [
      { "state": { "particle": "e", "charge": -1 }, "count": 1 },
      {
        "state": {
          "particle": "H2",
          "charge": 0,
          "descriptor": { "type": 1, "accuracy": 2, "e": "X", "Lambda": 0, "S": 0, "parity": "g", "v": 7 }
        },
        "count": 1
      }
    ],
    "rhs": [
      { "state": { "particle": "e", "charge": -1 }, "count": 1 },
      {
        "state": {
          "particle": "H2",
          "charge": 0,
          "descriptor": { "type": 1, "accuracy": 2, "e": "B", "Lambda": 0, "S": 0, "parity": "u", "v": 1 }
        },
        "count": 1
      }
    ],
    "type_tags": ["Electronic", "Vibrational"],
    "reversible": false
  },
  "threshold": 8.33383,
  "data": [
    [8.33383, 0],
    [10, 0.517182],
    [11, 0.679152],
    [12, 0.787214],
    [13, 0.862835],
    [14, 0.922612],
    [15, 0.971482],
    [16, 1.01051],
    [17, 1.04075],
    [18, 1.06326],
    [19, 1.07916],
    [20, 1.0895],
    [22, 1.098],
    [25, 1.09596],
    [30, 1.09868],
    [40, 1.09687],
    [50, 1.07291],
    [60, 1.0364],
    [70, 0.996881],
    [80, 0.95356],
    [100, 0.867698],
    [120, 0.788476],
    [140, 0.718424],
    [160, 0.657369]
  ]
}