{
  "reaction": {
    "lhs": [
      { "state": { "particle": "e", "charge": -1 }, "count": 1 },
      {
        "state": {
          "particle": "H2",
          "charge": 0,
          "descriptor": { "type": 1, "accuracy": 2, "e": "X", "Lambda": 0, "S": 0, "parity": "g", "v": 7 }
        },
        "count": 1
      }
    ],
    "rhs": [
      { "state": { "particle": "e", "charge": -1 }, "count": 1 },
      {
        "state": {
          "particle": "H2",
          "charge": 0,
          "descriptor": { "type": 1, "accuracy": 2, "e": "I", "Lambda": 1, "S": 0, "parity": "g", "v": 1 }
        },
        "count": 1
      }
    ],
    "type_tags": ["Electronic", "Vibrational"],
    "reversible": false
  },
  "threshold": 11.1293,
  "data": [
    [11.1293, 0],
    [12, 0.00124564],
    [13, 0.000277157],
    [14, 0.00081224],
    [15, 0.000459413],
    [16, 0.000542681],
    [17, 0.00058425],
    [18, 0.000737711],
    [19, 0.000864713],
    [20, 0.00069606],
    [22, 0.000799326],
    [25, 0.00100165],
    [30, 0.000682425],
    [40, 0.000738156],
    [50, 0.000724217],
    [60, 0.000663878],
    [70, 0.000586167],
    [80, 0.000559043],
    [100, 0.000482272],
    [120, 0.000418926],
    [140, 0.000367125],
    [160, 0.000327184]
  ]
}