{
  "reaction": {
    "lhs": [
      { "state": { "particle": "e", "charge": -1 }, "count": 1 },
      {
        "state": {
          "particle": "H2",
          "charge": 0,
          "descriptor": { "type": 1, "accuracy": 2, "e": "X", "Lambda": 0, "S": 0, "parity": "g", "v": 7 }
        },
        "count": 1
      }
    ],
    "rhs": [
      { "state": { "particle": "e", "charge": -1 }, "count": 1 },
      {
        "state": {
          "particle": "H2",
          "charge": 0,
          "descriptor": { "type": 1, "accuracy": 2, "e": "a", "Lambda": 0, "S": 1, "parity": "g", "v": 5 }
        },
        "count": 1
      }
    ],
    "type_tags": ["Electronic", "Vibrational"],
    "reversible": false
  },
  "threshold": 10.1816,
  "data": [
    [10.1816, 0],
    [11, 0.000276948],
    [12, 0.000512813],
    [13, 0.00103473],
    [14, 0.00117839],
    [15, 0.00115611],
    [16, 0.000847752],
    [17, 0.000513963],
    [18, 0.00043423],
    [19, 0.000406542],
    [20, 0.000395536],
    [22, 0.000349597],
    [25, 0.000240663],
    [30, 0.0000796027],
    [40, 0.000022258],
    [50, 0.0000242051],
    [60, 0.0000374405],
    [70, 0.0000260141],
    [80, 0.0000112931],
    [100, 0.00000372233],
    [120, 0.00000238063],
    [140, 0.0000017409],
    [160, 0.00000124909]
  ]
}