{
  "reaction": {
    "lhs": [
      { "state": { "particle": "e", "charge": -1 }, "count": 1 },
      {
        "state": {
          "particle": "H2",
          "charge": 0,
          "descriptor": { "type": 1, "accuracy": 2, "e": "X", "Lambda": 0, "S": 0, "parity": "g", "v": 7 }
        },
        "count": 1
      }
    ],
    "rhs": [
      { "state": { "particle": "e", "charge": -1 }, "count": 1 },
      {
        "state": {
          "particle": "H2",
          "charge": 0,
          "descriptor": { "type": 1, "accuracy": 2, "e": "C", "Lambda": 1, "S": 0, "parity": "u", "v": 9 }
        },
        "count": 1
      }
    ],
    "type_tags": ["Electronic", "Vibrational"],
    "reversible": false
  },
  "threshold": 11.2656,
  "data": [
    [11.2656, 0],
    [12, 0.00586183],
    [13, 0.0110691],
    [14, 0.0151172],
    [15, 0.0185951],
    [16, 0.0219961],
    [17, 0.0254534],
    [18, 0.0288793],
    [19, 0.0321651],
    [20, 0.0352634],
    [22, 0.040782],
    [25, 0.0469796],
    [30, 0.052902],
    [40, 0.0601504],
    [50, 0.0642319],
    [60, 0.0664747],
    [70, 0.0665882],
    [80, 0.0653254],
    [100, 0.0619325],
    [120, 0.0579926],
    [140, 0.0543075],
    [160, 0.0510533]
  ]
}