{
  "reaction": {
    "lhs": [
      { "state": { "particle": "e", "charge": -1 }, "count": 1 },
      {
        "state": {
          "particle": "H2",
          "charge": 0,
          "descriptor": { "type": 1, "accuracy": 2, "e": "X", "Lambda": 0, "S": 0, "parity": "g", "v": 7 }
        },
        "count": 1
      }
    ],
    "rhs": [
      { "state": { "particle": "e", "charge": -1 }, "count": 1 },
      {
        "state": {
          "particle": "H2",
          "charge": 0,
          "descriptor": {
            "type": 1,
            "accuracy": 2,
            "e": "J",
            "Lambda": 2,
            "S": 0,
            "parity": "g",
            "v": 13
          }
        },
        "count": 1
      }
    ],
    "type_tags": ["Electronic", "Vibrational"],
    "reversible": false
  },
  "threshold": 13.3333,
  "data": [
    [13.3333, 0],
    [14, 0.0000127984],
    [15, 0.0000138563],
    [16, 0.0000118763],
    [17, 0.00000240545],
    [18, 0.0000021246],
    [19, 0.00000301832],
    [20, 0.0000096688],
    [22, 0.0000114694],
    [25, 0.00000946048],
    [30, 0.00000984811],
    [40, 0.00000871278],
    [50, 0.00000591958],
    [60, 0.00000538443],
    [70, 0.00000527443],
    [80, 0.00000441801],
    [100, 0.00000385356],
    [120, 0.00000360039],
    [140, 0.00000307143],
    [160, 0.00000266164]
  ]
}