{
  "reaction": {
    "lhs": [
      { "state": { "particle": "e", "charge": -1 }, "count": 1 },
      {
        "state": {
          "particle": "H2",
          "charge": 0,
          "descriptor": { "type": 1, "accuracy": 2, "e": "X", "Lambda": 0, "S": 0, "parity": "g", "v": 7 }
        },
        "count": 1
      }
    ],
    "rhs": [
      { "state": { "particle": "e", "charge": -1 }, "count": 1 },
      {
        "state": {
          "particle": "H2",
          "charge": 0,
          "descriptor": { "type": 1, "accuracy": 2, "e": "e", "Lambda": 0, "S": 1, "parity": "u", "v": 5 }
        },
        "count": 1
      }
    ],
    "type_tags": ["Electronic", "Vibrational"],
    "reversible": false
  },
  "threshold": 11.3198,
  "data": [
    [11.3198, 0],
    [12, 0.00214987],
    [13, 0.00206494],
    [14, 0.00200599],
    [15, 0.00162915],
    [16, 0.00161159],
    [17, 0.00160884],
    [18, 0.00151883],
    [19, 0.00133265],
    [20, 0.00117358],
    [22, 0.000988721],
    [25, 0.000783278],
    [30, 0.000536066],
    [40, 0.000229918],
    [50, 0.000166159],
    [60, 0.000152643],
    [70, 0.000112746],
    [80, 0.0000664026],
    [100, 0.0000308409],
    [120, 0.0000196212],
    [140, 0.0000141965],
    [160, 0.0000100586]
  ]
}