{
  "reaction": {
    "lhs": [
      { "state": { "particle": "e", "charge": -1 }, "count": 1 },
      {
        "state": {
          "particle": "H2",
          "charge": 0,
          "descriptor": { "type": 1, "accuracy": 2, "e": "X", "Lambda": 0, "S": 0, "parity": "g", "v": 7 }
        },
        "count": 1
      }
    ],
    "rhs": [
      { "state": { "particle": "e", "charge": -1 }, "count": 1 },
      {
        "state": {
          "particle": "H2",
          "charge": 0,
          "descriptor": {
            "type": 1,
            "accuracy": 2,
            "e": "J",
            "Lambda": 2,
            "S": 0,
            "parity": "g",
            "v": 17
          }
        },
        "count": 1
      }
    ],
    "type_tags": ["Electronic", "Vibrational"],
    "reversible": false
  },
  "threshold": 13.5353,
  "data": [
    [13.5353, 0],
    [14, 0.00000129587],
    [15, 0.00000223934],
    [16, 0.00000374429],
    [17, 0.0000060082],
    [18, 0.00000515886],
    [19, 0.00000458581],
    [20, 0.00000437484],
    [22, 0.00000456859],
    [25, 0.00000458837],
    [30, 0.00000514713],
    [40, 0.00000422148],
    [50, 0.00000373671],
    [60, 0.00000316966],
    [70, 0.00000266323],
    [80, 0.00000242097],
    [100, 0.00000214594],
    [120, 0.00000167164],
    [140, 0.00000145146],
    [160, 0.00000128422]
  ]
}