{
  "reaction": {
    "lhs": [
      { "state": { "particle": "e", "charge": -1 }, "count": 1 },
      {
        "state": {
          "particle": "H2",
          "charge": 0,
          "descriptor": { "type": 1, "accuracy": 2, "e": "X", "Lambda": 0, "S": 0, "parity": "g", "v": 7 }
        },
        "count": 1
      }
    ],
    "rhs": [
      { "state": { "particle": "e", "charge": -1 }, "count": 1 },
      {
        "state": {
          "particle": "H2",
          "charge": 0,
          "descriptor": {
            "type": 1,
            "accuracy": 2,
            "e": "B",
            "Lambda": 0,
            "S": 0,
            "parity": "u",
            "v": 30
          }
        },
        "count": 1
      }
    ],
    "type_tags": ["Electronic", "Vibrational"],
    "reversible": false
  },
  "threshold": 11.4432,
  "data": [
    [11.4432, 0],
    [12, 0.00058928],
    [13, 0.00121603],
    [14, 0.00174026],
    [15, 0.00217567],
    [16, 0.00253171],
    [17, 0.0028176],
    [18, 0.00304249],
    [19, 0.00321561],
    [20, 0.00334618],
    [22, 0.00351643],
    [25, 0.00368287],
    [30, 0.00405099],
    [40, 0.00437976],
    [50, 0.00442083],
    [60, 0.00437714],
    [70, 0.00429452],
    [80, 0.0041876],
    [100, 0.00391912],
    [120, 0.00362258],
    [140, 0.00334498],
    [160, 0.0030943]
  ]
}