{
  "reaction": {
    "lhs": [
      { "state": { "particle": "e", "charge": -1 }, "count": 1 },
      {
        "state": {
          "particle": "H2",
          "charge": 0,
          "descriptor": { "type": 1, "accuracy": 2, "e": "X", "Lambda": 0, "S": 0, "parity": "g", "v": 7 }
        },
        "count": 1
      }
    ],
    "rhs": [
      { "state": { "particle": "e", "charge": -1 }, "count": 1 },
      {
        "state": {
          "particle": "H2",
          "charge": 0,
          "descriptor": { "type": 1, "accuracy": 2, "e": "g", "Lambda": 0, "S": 1, "parity": "g", "v": 3 }
        },
        "count": 1
      }
    ],
    "type_tags": ["Electronic", "Vibrational"],
    "reversible": false
  },
  "threshold": 11.688,
  "data": [
    [11.688, 0],
    [12, 0.0238514],
    [13, 0.0392852],
    [14, 0.0316184],
    [15, 0.0277581],
    [16, 0.0230417],
    [17, 0.0187333],
    [18, 0.0158404],
    [19, 0.0137088],
    [20, 0.0120476],
    [22, 0.00938331],
    [25, 0.00658521],
    [30, 0.00387221],
    [40, 0.00243973],
    [50, 0.00169758],
    [60, 0.00109082],
    [70, 0.000752046],
    [80, 0.000556101],
    [100, 0.000268376],
    [120, 0.000143559],
    [140, 0.000103969],
    [160, 0.0000736633]
  ]
}