{
  "reaction": {
    "lhs": [
      { "state": { "particle": "e", "charge": -1 }, "count": 1 },
      {
        "state": {
          "particle": "H2",
          "charge": 0,
          "descriptor": { "type": 1, "accuracy": 2, "e": "X", "Lambda": 0, "S": 0, "parity": "g", "v": 7 }
        },
        "count": 1
      }
    ],
    "rhs": [
      { "state": { "particle": "e", "charge": -1 }, "count": 1 },
      {
        "state": {
          "particle": "H2",
          "charge": 0,
          "descriptor": {
            "type": 1,
            "accuracy": 2,
            "e": "EF",
            "Lambda": 0,
            "S": 0,
            "parity": "g",
            "v": 27
          }
        },
        "count": 1
      }
    ],
    "type_tags": ["Electronic", "Vibrational"],
    "reversible": false
  },
  "threshold": 11.4462,
  "data": [
    [11.4462, 0],
    [12, 0.0000490699],
    [13, 0.000231508],
    [14, 0.000328119],
    [15, 0.000335115],
    [16, 0.00033883],
    [17, 0.000336091],
    [18, 0.000415754],
    [19, 0.000424407],
    [20, 0.000372011],
    [22, 0.000414911],
    [25, 0.000465544],
    [30, 0.000515771],
    [40, 0.000513753],
    [50, 0.000486846],
    [60, 0.000463217],
    [70, 0.000460941],
    [80, 0.00046488],
    [100, 0.00041982],
    [120, 0.000336673],
    [140, 0.000288581],
    [160, 0.000250114]
  ]
}