{
  "reaction": {
    "lhs": [
      { "state": { "particle": "e", "charge": -1 }, "count": 1 },
      {
        "state": {
          "particle": "H2",
          "charge": 0,
          "descriptor": { "type": 1, "accuracy": 2, "e": "X", "Lambda": 0, "S": 0, "parity": "g", "v": 7 }
        },
        "count": 1
      }
    ],
    "rhs": [
      { "state": { "particle": "e", "charge": -1 }, "count": 1 },
      {
        "state": {
          "particle": "H2",
          "charge": 0,
          "descriptor": {
            "type": 1,
            "accuracy": 2,
            "e": "EF",
            "Lambda": 0,
            "S": 0,
            "parity": "g",
            "v": 4
          }
        },
        "count": 1
      }
    ],
    "type_tags": ["Electronic", "Vibrational"],
    "reversible": false
  },
  "threshold": 9.5981,
  "data": [
    [9.5981, 0],
    [10, 0.000435878],
    [11, 0.000718163],
    [12, 0.000717063],
    [13, 0.000905158],
    [14, 0.0010035],
    [15, 0.00106288],
    [16, 0.00107542],
    [17, 0.00102342],
    [18, 0.000998413],
    [19, 0.000994643],
    [20, 0.000979145],
    [22, 0.000936211],
    [25, 0.000864925],
    [30, 0.000766428],
    [40, 0.000599096],
    [50, 0.000535702],
    [60, 0.000501524],
    [70, 0.000443638],
    [80, 0.000395367],
    [100, 0.00032203],
    [120, 0.000268424],
    [140, 0.000235786],
    [160, 0.000208767]
  ]
}