{
  "reaction": {
    "lhs": [
      { "state": { "particle": "e", "charge": -1 }, "count": 1 },
      {
        "state": {
          "particle": "H2",
          "charge": 0,
          "descriptor": { "type": 1, "accuracy": 2, "e": "X", "Lambda": 0, "S": 0, "parity": "g", "v": 7 }
        },
        "count": 1
      }
    ],
    "rhs": [
      { "state": { "particle": "e", "charge": -1 }, "count": 1 },
      {
        "state": {
          "particle": "H2",
          "charge": 0,
          "descriptor": {
            "type": 1,
            "accuracy": 2,
            "e": "d",
            "Lambda": 1,
            "S": 1,
            "parity": "u",
            "v": 16
          }
        },
        "count": 1
      }
    ],
    "type_tags": ["Electronic", "Vibrational"],
    "reversible": false
  },
  "threshold": 13.5063,
  "data": [
    [13.5063, 0],
    [14, 0.0000523494],
    [15, 0.0000616612],
    [16, 0.0000666757],
    [17, 0.0000704683],
    [18, 0.0000659536],
    [19, 0.0000566537],
    [20, 0.0000489355],
    [22, 0.0000408391],
    [25, 0.0000330479],
    [30, 0.0000246068],
    [40, 0.0000124036],
    [50, 0.00000767782],
    [60, 0.00000571914],
    [70, 0.00000424333],
    [80, 0.00000344953],
    [100, 0.00000186318],
    [120, 9.92662e-7],
    [140, 7.11852e-7],
    [160, 4.97589e-7]
  ]
}