{
  "reaction": {
    "lhs": [
      { "state": { "particle": "e", "charge": -1 }, "count": 1 },
      {
        "state": {
          "particle": "H2",
          "charge": 0,
          "descriptor": { "type": 1, "accuracy": 2, "e": "X", "Lambda": 0, "S": 0, "parity": "g", "v": 7 }
        },
        "count": 1
      }
    ],
    "rhs": [
      { "state": { "particle": "e", "charge": -1 }, "count": 1 },
      {
        "state": {
          "particle": "H2",
          "charge": 0,
          "descriptor": {
            "type": 1,
            "accuracy": 2,
            "e": "H",
            "Lambda": 0,
            "S": 0,
            "parity": "g",
            "v": 37
          }
        },
        "count": 1
      }
    ],
    "type_tags": ["Electronic", "Vibrational"],
    "reversible": false
  },
  "threshold": 13.0791,
  "data": [
    [13.0791, 0],
    [14, 0.000199725],
    [15, 0.000302972],
    [16, 0.000330907],
    [17, 0.000306679],
    [18, 0.000279891],
    [19, 0.000268467],
    [20, 0.000264682],
    [22, 0.000253223],
    [25, 0.000250251],
    [30, 0.000266821],
    [40, 0.000245353],
    [50, 0.000236356],
    [60, 0.000249361],
    [70, 0.000255489],
    [80, 0.000237721],
    [100, 0.000205551],
    [120, 0.00018033],
    [140, 0.000161289],
    [160, 0.000149153]
  ]
}