{
  "reaction": {
    "lhs": [
      { "state": { "particle": "e", "charge": -1 }, "count": 1 },
      {
        "state": {
          "particle": "H2",
          "charge": 0,
          "descriptor": { "type": 1, "accuracy": 2, "e": "X", "Lambda": 0, "S": 0, "parity": "g", "v": 7 }
        },
        "count": 1
      }
    ],
    "rhs": [
      { "state": { "particle": "e", "charge": -1 }, "count": 1 },
      {
        "state": {
          "particle": "H2",
          "charge": 0,
          "descriptor": {
            "type": 1,
            "accuracy": 2,
            "e": "B",
            "Lambda": 0,
            "S": 0,
            "parity": "u",
            "v": 27
          }
        },
        "count": 1
      }
    ],
    "type_tags": ["Electronic", "Vibrational"],
    "reversible": false
  },
  "threshold": 11.252,
  "data": [
    [11.252, 0],
    [12, 0.0000935602],
    [13, 0.000154545],
    [14, 0.00020184],
    [15, 0.000239252],
    [16, 0.000267961],
    [17, 0.000289063],
    [18, 0.00030366],
    [19, 0.000312857],
    [20, 0.000317762],
    [22, 0.000319112],
    [25, 0.000316535],
    [30, 0.000336297],
    [40, 0.000340829],
    [50, 0.000334969],
    [60, 0.00032595],
    [70, 0.000314379],
    [80, 0.000302092],
    [100, 0.000276802],
    [120, 0.00025235],
    [140, 0.000230506],
    [160, 0.000211418]
  ]
}