{
  "reaction": {
    "lhs": [
      { "state": { "particle": "e", "charge": -1 }, "count": 1 },
      {
        "state": {
          "particle": "H2",
          "charge": 0,
          "descriptor": { "type": 1, "accuracy": 2, "e": "X", "Lambda": 0, "S": 0, "parity": "g", "v": 7 }
        },
        "count": 1
      }
    ],
    "rhs": [
      { "state": { "particle": "e", "charge": -1 }, "count": 1 },
      {
        "state": {
          "particle": "H2",
          "charge": 0,
          "descriptor": {
            "type": 1,
            "accuracy": 2,
            "e": "EF",
            "Lambda": 0,
            "S": 0,
            "parity": "g",
            "v": 28
          }
        },
        "count": 1
      }
    ],
    "type_tags": ["Electronic", "Vibrational"],
    "reversible": false
  },
  "threshold": 11.5012,
  "data": [
    [11.5012, 0],
    [12, 2.10397e-7],
    [13, 0.0000471595],
    [14, 0.0000947087],
    [15, 0.0000869637],
    [16, 0.0000831406],
    [17, 0.0000840556],
    [18, 0.000125237],
    [19, 0.0001238],
    [20, 0.0000943818],
    [22, 0.000114509],
    [25, 0.000140139],
    [30, 0.000167476],
    [40, 0.000168318],
    [50, 0.000156824],
    [60, 0.000146052],
    [70, 0.000146174],
    [80, 0.000149622],
    [100, 0.000135057],
    [120, 0.000105043],
    [140, 0.0000852585],
    [160, 0.0000704052]
  ]
}