{
  "reaction": {
    "lhs": [
      { "state": { "particle": "e", "charge": -1 }, "count": 1 },
      {
        "state": {
          "particle": "H2",
          "charge": 0,
          "descriptor": { "type": 1, "accuracy": 2, "e": "X", "Lambda": 0, "S": 0, "parity": "g", "v": 7 }
        },
        "count": 1
      }
    ],
    "rhs": [
      { "state": { "particle": "e", "charge": -1 }, "count": 1 },
      {
        "state": {
          "particle": "H2",
          "charge": 0,
          "descriptor": { "type": 1, "accuracy": 2, "e": "c", "Lambda": 1, "S": 1, "parity": "u", "v": 5 }
        },
        "count": 1
      }
    ],
    "type_tags": ["Electronic", "Vibrational"],
    "reversible": false
  },
  "threshold": 10.0621,
  "data": [
    [10.0621, 0],
    [11, 0.0938786],
    [12, 0.0817766],
    [13, 0.0763676],
    [14, 0.0704478],
    [15, 0.0618992],
    [16, 0.0521541],
    [17, 0.0435936],
    [18, 0.0383725],
    [19, 0.0349323],
    [20, 0.0321634],
    [22, 0.0271243],
    [25, 0.0213072],
    [30, 0.0142033],
    [40, 0.00612142],
    [50, 0.00395219],
    [60, 0.0034385],
    [70, 0.00242567],
    [80, 0.00142844],
    [100, 0.000647466],
    [120, 0.000426328],
    [140, 0.000306141],
    [160, 0.000214527]
  ]
}