{
  "reaction": {
    "lhs": [
      { "state": { "particle": "e", "charge": -1 }, "count": 1 },
      {
        "state": {
          "particle": "H2",
          "charge": 0,
          "descriptor": { "type": 1, "accuracy": 2, "e": "X", "Lambda": 0, "S": 0, "parity": "g", "v": 7 }
        },
        "count": 1
      }
    ],
    "rhs": [
      { "state": { "particle": "e", "charge": -1 }, "count": 1 },
      {
        "state": {
          "particle": "H2",
          "charge": 0,
          "descriptor": {
            "type": 1,
            "accuracy": 2,
            "e": "H",
            "Lambda": 0,
            "S": 0,
            "parity": "g",
            "v": 39
          }
        },
        "count": 1
      }
    ],
    "type_tags": ["Electronic", "Vibrational"],
    "reversible": false
  },
  "threshold": 13.1328,
  "data": [
    [13.1328, 0],
    [14, 0.000171951],
    [15, 0.000263979],
    [16, 0.000288527],
    [17, 0.000266454],
    [18, 0.000243007],
    [19, 0.000234473],
    [20, 0.000232972],
    [22, 0.000224981],
    [25, 0.000222353],
    [30, 0.000233745],
    [40, 0.000215003],
    [50, 0.0002093],
    [60, 0.000222522],
    [70, 0.000229816],
    [80, 0.000216308],
    [100, 0.000187945],
    [120, 0.000165226],
    [140, 0.000147826],
    [160, 0.000136469]
  ]
}