{
  "reaction": {
    "lhs": [
      { "state": { "particle": "e", "charge": -1 }, "count": 1 },
      {
        "state": {
          "particle": "H2",
          "charge": 0,
          "descriptor": { "type": 1, "accuracy": 2, "e": "X", "Lambda": 0, "S": 0, "parity": "g", "v": 7 }
        },
        "count": 1
      }
    ],
    "rhs": [
      { "state": { "particle": "e", "charge": -1 }, "count": 1 },
      {
        "state": {
          "particle": "H2",
          "charge": 0,
          "descriptor": {
            "type": 1,
            "accuracy": 2,
            "e": "D",
            "Lambda": 1,
            "S": 0,
            "parity": "u",
            "v": 17
          }
        },
        "count": 1
      }
    ],
    "type_tags": ["Electronic", "Vibrational"],
    "reversible": false
  },
  "threshold": 13.5551,
  "data": [
    [13.5551, 0],
    [14, 6.481e-7],
    [15, 0.00000209124],
    [16, 0.00000352714],
    [17, 0.00000495079],
    [18, 0.00000635716],
    [19, 0.00000774135],
    [20, 0.00000909813],
    [22, 0.0000117098],
    [25, 0.0000152974],
    [30, 0.0000200624],
    [40, 0.000024876],
    [50, 0.0000277535],
    [60, 0.0000299471],
    [70, 0.0000309422],
    [80, 0.0000304615],
    [100, 0.0000292606],
    [120, 0.0000276982],
    [140, 0.0000261368],
    [160, 0.0000247377]
  ]
}