{
  "reaction": {
    "lhs": [
      { "state": { "particle": "e", "charge": -1 }, "count": 1 },
      {
        "state": {
          "particle": "H2",
          "charge": 0,
          "descriptor": { "type": 1, "accuracy": 2, "e": "X", "Lambda": 0, "S": 0, "parity": "g", "v": 7 }
        },
        "count": 1
      }
    ],
    "rhs": [
      { "state": { "particle": "e", "charge": -1 }, "count": 1 },
      {
        "state": {
          "particle": "H2",
          "charge": 0,
          "descriptor": {
            "type": 1,
            "accuracy": 2,
            "e": "B",
            "Lambda": 0,
            "S": 0,
            "parity": "u",
            "v": 28
          }
        },
        "count": 1
      }
    ],
    "type_tags": ["Electronic", "Vibrational"],
    "reversible": false
  },
  "threshold": 11.3193,
  "data": [
    [11.3193, 0],
    [12, 0.000276564],
    [13, 0.000506888],
    [14, 0.000694271],
    [15, 0.00084728],
    [16, 0.000969707],
    [17, 0.00106521],
    [18, 0.00113747],
    [19, 0.00119016],
    [20, 0.00122699],
    [22, 0.00126779],
    [25, 0.00130218],
    [30, 0.00141476],
    [40, 0.0014966],
    [50, 0.00149647],
    [60, 0.00147287],
    [70, 0.00143726],
    [80, 0.00139516],
    [100, 0.00129698],
    [120, 0.00119323],
    [140, 0.00109768],
    [160, 0.00101245]
  ]
}