{
  "reaction": {
    "lhs": [
      { "state": { "particle": "e", "charge": -1 }, "count": 1 },
      {
        "state": {
          "particle": "H2",
          "charge": 0,
          "descriptor": { "type": 1, "accuracy": 2, "e": "X", "Lambda": 0, "S": 0, "parity": "g", "v": 7 }
        },
        "count": 1
      }
    ],
    "rhs": [
      { "state": { "particle": "e", "charge": -1 }, "count": 1 },
      {
        "state": {
          "particle": "H2",
          "charge": 0,
          "descriptor": { "type": 1, "accuracy": 2, "e": "B", "Lambda": 0, "S": 0, "parity": "u", "v": 3 }
        },
        "count": 1
      }
    ],
    "type_tags": ["Electronic", "Vibrational"],
    "reversible": false
  },
  "threshold": 8.64799,
  "data": [
    [8.64799, 0],
    [10, 0.181594],
    [11, 0.254695],
    [12, 0.30378],
    [13, 0.338815],
    [14, 0.367183],
    [15, 0.391187],
    [16, 0.411052],
    [17, 0.427184],
    [18, 0.439994],
    [19, 0.449894],
    [20, 0.457295],
    [22, 0.466246],
    [25, 0.471228],
    [30, 0.475607],
    [40, 0.477515],
    [50, 0.46705],
    [60, 0.451259],
    [70, 0.435136],
    [80, 0.417659],
    [100, 0.381492],
    [120, 0.346801],
    [140, 0.315944],
    [160, 0.289085]
  ]
}