{
  "reaction": {
    "lhs": [
      { "state": { "particle": "e", "charge": -1 }, "count": 1 },
      {
        "state": {
          "particle": "H2",
          "charge": 0,
          "descriptor": { "type": 1, "accuracy": 2, "e": "X", "Lambda": 0, "S": 0, "parity": "g", "v": 7 }
        },
        "count": 1
      }
    ],
    "rhs": [
      { "state": { "particle": "e", "charge": -1 }, "count": 1 },
      {
        "state": {
          "particle": "H2",
          "charge": 0,
          "descriptor": {
            "type": 1,
            "accuracy": 2,
            "e": "g",
            "Lambda": 0,
            "S": 1,
            "parity": "g",
            "v": 17
          }
        },
        "count": 1
      }
    ],
    "type_tags": ["Electronic", "Vibrational"],
    "reversible": false
  },
  "threshold": 13.5426,
  "data": [
    [13.5426, 0],
    [14, 0.0000307936],
    [15, 0.0000492327],
    [16, 0.0000507194],
    [17, 0.0000509326],
    [18, 0.0000453073],
    [19, 0.0000338772],
    [20, 0.0000248105],
    [22, 0.0000166443],
    [25, 0.0000106235],
    [30, 0.00000725738],
    [40, 0.00000444269],
    [50, 0.0000028779],
    [60, 0.00000152777],
    [70, 0.00000100491],
    [80, 8.1211e-7],
    [100, 4.34673e-7],
    [120, 2.63248e-7],
    [140, 1.89896e-7],
    [160, 1.34117e-7]
  ]
}