{
  "reaction": {
    "lhs": [
      { "state": { "particle": "e", "charge": -1 }, "count": 1 },
      {
        "state": {
          "particle": "H2",
          "charge": 0,
          "descriptor": { "type": 1, "accuracy": 2, "e": "X", "Lambda": 0, "S": 0, "parity": "g", "v": 7 }
        },
        "count": 1
      }
    ],
    "rhs": [
      { "state": { "particle": "e", "charge": -1 }, "count": 1 },
      {
        "state": {
          "particle": "H2",
          "charge": 0,
          "descriptor": { "type": 1, "accuracy": 2, "e": "H", "Lambda": 0, "S": 0, "parity": "g", "v": 2 }
        },
        "count": 1
      }
    ],
    "type_tags": ["Electronic", "Vibrational"],
    "reversible": false
  },
  "threshold": 11.5227,
  "data": [
    [11.5227, 0],
    [12, 0.00337413],
    [13, 0.00612917],
    [14, 0.00725551],
    [15, 0.00769403],
    [16, 0.00804759],
    [17, 0.00829973],
    [18, 0.00842231],
    [19, 0.00846189],
    [20, 0.00855421],
    [22, 0.00897208],
    [25, 0.00915152],
    [30, 0.00842457],
    [40, 0.00680746],
    [50, 0.0056314],
    [60, 0.00474212],
    [70, 0.00396656],
    [80, 0.00322726],
    [100, 0.00241891],
    [120, 0.00191396],
    [140, 0.00160755],
    [160, 0.00140285]
  ]
}