{
  "reaction": {
    "lhs": [
      { "state": { "particle": "e", "charge": -1 }, "count": 1 },
      {
        "state": {
          "particle": "H2",
          "charge": 0,
          "descriptor": { "type": 1, "accuracy": 2, "e": "X", "Lambda": 0, "S": 0, "parity": "g", "v": 7 }
        },
        "count": 1
      }
    ],
    "rhs": [
      { "state": { "particle": "e", "charge": -1 }, "count": 1 },
      {
        "state": {
          "particle": "H2",
          "charge": 0,
          "descriptor": { "type": 1, "accuracy": 2, "e": "c", "Lambda": 1, "S": 1, "parity": "u", "v": 2 }
        },
        "count": 1
      }
    ],
    "type_tags": ["Electronic", "Vibrational"],
    "reversible": false
  },
  "threshold": 9.32348,
  "data": [
    [9.32348, 0],
    [10, 0.0321058],
    [11, 0.064128],
    [12, 0.0521294],
    [13, 0.040875],
    [14, 0.0366288],
    [15, 0.034247],
    [16, 0.0286411],
    [17, 0.0230206],
    [18, 0.0197194],
    [19, 0.0174758],
    [20, 0.0157002],
    [22, 0.0126051],
    [25, 0.0091568],
    [30, 0.00533606],
    [40, 0.00271606],
    [50, 0.00183977],
    [60, 0.00150581],
    [70, 0.000992997],
    [80, 0.000604424],
    [100, 0.00026211],
    [120, 0.000171763],
    [140, 0.000123155],
    [160, 0.0000860538]
  ]
}