{
  "reaction": {
    "lhs": [
      { "state": { "particle": "e", "charge": -1 }, "count": 1 },
      {
        "state": {
          "particle": "H2",
          "charge": 0,
          "descriptor": { "type": 1, "accuracy": 2, "e": "X", "Lambda": 0, "S": 0, "parity": "g", "v": 7 }
        },
        "count": 1
      }
    ],
    "rhs": [
      { "state": { "particle": "e", "charge": -1 }, "count": 1 },
      {
        "state": {
          "particle": "H2",
          "charge": 0,
          "descriptor": {
            "type": 1,
            "accuracy": 2,
            "e": "a",
            "Lambda": 0,
            "S": 1,
            "parity": "g",
            "v": 11
          }
        },
        "count": 1
      }
    ],
    "type_tags": ["Electronic", "Vibrational"],
    "reversible": false
  },
  "threshold": 11.3244,
  "data": [
    [11.3244, 0],
    [12, 0.00839039],
    [13, 0.00947607],
    [14, 0.00831746],
    [15, 0.00729601],
    [16, 0.00632979],
    [17, 0.00544937],
    [18, 0.00466661],
    [19, 0.00396555],
    [20, 0.00341469],
    [22, 0.00264492],
    [25, 0.00189284],
    [30, 0.00113862],
    [40, 0.000497436],
    [50, 0.000303008],
    [60, 0.000253932],
    [70, 0.000195749],
    [80, 0.000153166],
    [100, 0.0000923246],
    [120, 0.0000591812],
    [140, 0.0000429005],
    [160, 0.0000306052]
  ]
}