{
  "reaction": {
    "lhs": [
      { "state": { "particle": "e", "charge": -1 }, "count": 1 },
      {
        "state": {
          "particle": "H2",
          "charge": 0,
          "descriptor": { "type": 1, "accuracy": 2, "e": "X", "Lambda": 0, "S": 0, "parity": "g", "v": 7 }
        },
        "count": 1
      }
    ],
    "rhs": [
      { "state": { "particle": "e", "charge": -1 }, "count": 1 },
      {
        "state": {
          "particle": "H2",
          "charge": 0,
          "descriptor": {
            "type": 1,
            "accuracy": 2,
            "e": "J",
            "Lambda": 2,
            "S": 0,
            "parity": "g",
            "v": 11
          }
        },
        "count": 1
      }
    ],
    "type_tags": ["Electronic", "Vibrational"],
    "reversible": false
  },
  "threshold": 13.1357,
  "data": [
    [13.1357, 0],
    [14, 0.000185905],
    [15, 0.000288361],
    [16, 0.000300318],
    [17, 0.000228969],
    [18, 0.000222866],
    [19, 0.000234908],
    [20, 0.000283241],
    [22, 0.000310052],
    [25, 0.000301684],
    [30, 0.000314417],
    [40, 0.000261454],
    [50, 0.000208738],
    [60, 0.000182092],
    [70, 0.000163604],
    [80, 0.000143516],
    [100, 0.000126122],
    [120, 0.000105546],
    [140, 0.0000912648],
    [160, 0.0000800339]
  ]
}