{
  "reaction": {
    "lhs": [
      { "state": { "particle": "e", "charge": -1 }, "count": 1 },
      {
        "state": {
          "particle": "H2",
          "charge": 0,
          "descriptor": { "type": 1, "accuracy": 2, "e": "X", "Lambda": 0, "S": 0, "parity": "g", "v": 7 }
        },
        "count": 1
      }
    ],
    "rhs": [
      { "state": { "particle": "e", "charge": -1 }, "count": 1 },
      {
        "state": {
          "particle": "H2",
          "charge": 0,
          "descriptor": { "type": 1, "accuracy": 2, "e": "i", "Lambda": 1, "S": 1, "parity": "g", "v": 2 }
        },
        "count": 1
      }
    ],
    "type_tags": ["Electronic", "Vibrational"],
    "reversible": false
  },
  "threshold": 11.3751,
  "data": [
    [11.3751, 0],
    [12, 0.00749546],
    [13, 0.00759374],
    [14, 0.00722768],
    [15, 0.0061808],
    [16, 0.00569172],
    [17, 0.00538862],
    [18, 0.0050569],
    [19, 0.00475624],
    [20, 0.00447982],
    [22, 0.00394991],
    [25, 0.00319369],
    [30, 0.00217782],
    [40, 0.00131063],
    [50, 0.000818691],
    [60, 0.000504218],
    [70, 0.000301052],
    [80, 0.000189567],
    [100, 0.0000716932],
    [120, 0.0000436302],
    [140, 0.0000310481],
    [160, 0.0000213999]
  ]
}