{
  "reaction": {
    "lhs": [
      { "state": { "particle": "e", "charge": -1 }, "count": 1 },
      {
        "state": {
          "particle": "H2",
          "charge": 0,
          "descriptor": { "type": 1, "accuracy": 2, "e": "X", "Lambda": 0, "S": 0, "parity": "g", "v": 7 }
        },
        "count": 1
      }
    ],
    "rhs": [
      { "state": { "particle": "e", "charge": -1 }, "count": 1 },
      {
        "state": {
          "particle": "H2",
          "charge": 0,
          "descriptor": { "type": 1, "accuracy": 2, "e": "I", "Lambda": 1, "S": 0, "parity": "g", "v": 3 }
        },
        "count": 1
      }
    ],
    "type_tags": ["Electronic", "Vibrational"],
    "reversible": false
  },
  "threshold": 11.5919,
  "data": [
    [11.5919, 0],
    [12, 0.00391583],
    [13, 0.0092621],
    [14, 0.0116683],
    [15, 0.0120016],
    [16, 0.0131231],
    [17, 0.0130381],
    [18, 0.0146594],
    [19, 0.0154995],
    [20, 0.0153634],
    [22, 0.0162235],
    [25, 0.0149616],
    [30, 0.0138148],
    [40, 0.0136301],
    [50, 0.0129089],
    [60, 0.0119595],
    [70, 0.0109992],
    [80, 0.010234],
    [100, 0.00868164],
    [120, 0.00748353],
    [140, 0.00656313],
    [160, 0.00585849]
  ]
}