{
  "reaction": {
    "lhs": [
      { "state": { "particle": "e", "charge": -1 }, "count": 1 },
      {
        "state": {
          "particle": "H2",
          "charge": 0,
          "descriptor": { "type": 1, "accuracy": 2, "e": "X", "Lambda": 0, "S": 0, "parity": "g", "v": 7 }
        },
        "count": 1
      }
    ],
    "rhs": [
      { "state": { "particle": "e", "charge": -1 }, "count": 1 },
      {
        "state": {
          "particle": "H2",
          "charge": 0,
          "descriptor": { "type": 1, "accuracy": 2, "e": "C", "Lambda": 1, "S": 0, "parity": "u", "v": 4 }
        },
        "count": 1
      }
    ],
    "type_tags": ["Electronic", "Vibrational"],
    "reversible": false
  },
  "threshold": 10.3247,
  "data": [
    [10.3247, 0],
    [11, 0.0212045],
    [12, 0.0393563],
    [13, 0.0531856],
    [14, 0.0640768],
    [15, 0.0734974],
    [16, 0.0824097],
    [17, 0.0913133],
    [18, 0.100282],
    [19, 0.108946],
    [20, 0.11671],
    [22, 0.128734],
    [25, 0.141568],
    [30, 0.157531],
    [40, 0.179547],
    [50, 0.19216],
    [60, 0.197049],
    [70, 0.196337],
    [80, 0.191895],
    [100, 0.180531],
    [120, 0.167821],
    [140, 0.156147],
    [160, 0.145998]
  ]
}