{
  "reaction": {
    "lhs": [
      { "state": { "particle": "e", "charge": -1 }, "count": 1 },
      {
        "state": {
          "particle": "H2",
          "charge": 0,
          "descriptor": { "type": 1, "accuracy": 2, "e": "X", "Lambda": 0, "S": 0, "parity": "g", "v": 7 }
        },
        "count": 1
      }
    ],
    "rhs": [
      { "state": { "particle": "e", "charge": -1 }, "count": 1 },
      {
        "state": {
          "particle": "H2",
          "charge": 0,
          "descriptor": { "type": 1, "accuracy": 2, "e": "c", "Lambda": 1, "S": 1, "parity": "u", "v": 0 }
        },
        "count": 1
      }
    ],
    "type_tags": ["Electronic", "Vibrational"],
    "reversible": false
  },
  "threshold": 8.75768,
  "data": [
    [8.75768, 0],
    [10, 0.000728831],
    [11, 0.00000713388],
    [12, 0.00000380851],
    [13, 0.00000324326],
    [14, 1.27495e-7],
    [15, 8.43438e-8],
    [16, 4.65379e-8],
    [17, 9.6283e-9],
    [18, 0.0000014392],
    [19, 0.00000409412],
    [20, 0.00000552369],
    [22, 0.00000495045],
    [25, 0.00000276772],
    [30, 1.17504e-8],
    [40, 8.35604e-8],
    [50, 4.56013e-8],
    [60, 5.54075e-9],
    [70, 3.12602e-9],
    [80, 2.73713e-9],
    [100, 1.53373e-9],
    [120, 4.14596e-10],
    [140, 2.95854e-10],
    [160, 2.04229e-10]
  ]
}