{
  "reaction": {
    "lhs": [
      { "state": { "particle": "e", "charge": -1 }, "count": 1 },
      {
        "state": {
          "particle": "H2",
          "charge": 0,
          "descriptor": { "type": 1, "accuracy": 2, "e": "X", "Lambda": 0, "S": 0, "parity": "g", "v": 7 }
        },
        "count": 1
      }
    ],
    "rhs": [
      { "state": { "particle": "e", "charge": -1 }, "count": 1 },
      {
        "state": {
          "particle": "H2",
          "charge": 0,
          "descriptor": { "type": 1, "accuracy": 2, "e": "c", "Lambda": 1, "S": 1, "parity": "u", "v": 6 }
        },
        "count": 1
      }
    ],
    "type_tags": ["Electronic", "Vibrational"],
    "reversible": false
  },
  "threshold": 10.28,
  "data": [
    [10.28, 0],
    [11, 0.00178271],
    [12, 0.00000569367],
    [13, 0.000197487],
    [14, 0.000412764],
    [15, 0.000326653],
    [16, 0.000274211],
    [17, 0.000230157],
    [18, 0.000166872],
    [19, 0.000102149],
    [20, 0.0000724681],
    [22, 0.0000746132],
    [25, 0.0000827813],
    [30, 0.0000930945],
    [40, 0.00000951301],
    [50, 0.00000979925],
    [60, 0.0000100855],
    [70, 0.00000650069],
    [80, 0.00000239919],
    [100, 0.00000123728],
    [120, 0.00000101577],
    [140, 8.4601e-7],
    [160, 7.04901e-7]
  ]
}