{
  "reaction": {
    "lhs": [
      { "state": { "particle": "e", "charge": -1 }, "count": 1 },
      {
        "state": {
          "particle": "H2",
          "charge": 0,
          "descriptor": { "type": 1, "accuracy": 2, "e": "X", "Lambda": 0, "S": 0, "parity": "g", "v": 7 }
        },
        "count": 1
      }
    ],
    "rhs": [
      { "state": { "particle": "e", "charge": -1 }, "count": 1 },
      {
        "state": {
          "particle": "H2",
          "charge": 0,
          "descriptor": {
            "type": 1,
            "accuracy": 2,
            "e": "EF",
            "Lambda": 0,
            "S": 0,
            "parity": "g",
            "v": 30
          }
        },
        "count": 1
      }
    ],
    "type_tags": ["Electronic", "Vibrational"],
    "reversible": false
  },
  "threshold": 11.5969,
  "data": [
    [11.5969, 0],
    [12, 0.0000614083],
    [13, 0.0000271672],
    [14, 0.00000808019],
    [15, 0.000013035],
    [16, 0.0000192055],
    [17, 0.0000185722],
    [18, 0.00000760081],
    [19, 0.0000089072],
    [20, 0.0000188944],
    [22, 0.0000117949],
    [25, 0.00000641674],
    [30, 0.00000305382],
    [40, 0.00000257826],
    [50, 0.0000030836],
    [60, 0.00000383888],
    [70, 0.00000342097],
    [80, 0.00000256031],
    [100, 0.00000253297],
    [120, 0.00000299819],
    [140, 0.00000298931],
    [160, 0.00000296417]
  ]
}