{
  "reaction": {
    "lhs": [
      { "state": { "particle": "e", "charge": -1 }, "count": 1 },
      {
        "state": {
          "particle": "H2",
          "charge": 0,
          "descriptor": { "type": 1, "accuracy": 2, "e": "X", "Lambda": 0, "S": 0, "parity": "g", "v": 7 }
        },
        "count": 1
      }
    ],
    "rhs": [
      { "state": { "particle": "e", "charge": -1 }, "count": 1 },
      {
        "state": {
          "particle": "H2",
          "charge": 0,
          "descriptor": { "type": 1, "accuracy": 2, "e": "e", "Lambda": 0, "S": 1, "parity": "u", "v": 1 }
        },
        "count": 1
      }
    ],
    "type_tags": ["Electronic", "Vibrational"],
    "reversible": false
  },
  "threshold": 10.4692,
  "data": [
    [10.4692, 0],
    [11, 0.00216536],
    [12, 0.0029919],
    [13, 0.00237675],
    [14, 0.00196189],
    [15, 0.00178141],
    [16, 0.00169051],
    [17, 0.00161886],
    [18, 0.00151637],
    [19, 0.00140647],
    [20, 0.00130835],
    [22, 0.00114535],
    [25, 0.000929579],
    [30, 0.00062682],
    [40, 0.000199881],
    [50, 0.000181985],
    [60, 0.000179212],
    [70, 0.000130463],
    [80, 0.000064775],
    [100, 0.0000246835],
    [120, 0.0000166348],
    [140, 0.0000120551],
    [160, 0.00000854893]
  ]
}