{
  "reaction": {
    "lhs": [
      { "state": { "particle": "e", "charge": -1 }, "count": 1 },
      {
        "state": {
          "particle": "H2",
          "charge": 0,
          "descriptor": { "type": 1, "accuracy": 2, "e": "X", "Lambda": 0, "S": 0, "parity": "g", "v": 7 }
        },
        "count": 1
      }
    ],
    "rhs": [
      { "state": { "particle": "e", "charge": -1 }, "count": 1 },
      {
        "state": {
          "particle": "H2",
          "charge": 0,
          "descriptor": {
            "type": 1,
            "accuracy": 2,
            "e": "g",
            "Lambda": 0,
            "S": 1,
            "parity": "g",
            "v": 11
          }
        },
        "count": 1
      }
    ],
    "type_tags": ["Electronic", "Vibrational"],
    "reversible": false
  },
  "threshold": 13.1651,
  "data": [
    [13.1651, 0],
    [14, 0.000279858],
    [15, 0.000261897],
    [16, 0.000244195],
    [17, 0.000225539],
    [18, 0.000203171],
    [19, 0.000179603],
    [20, 0.0001602],
    [22, 0.000132661],
    [25, 0.000102168],
    [30, 0.0000673541],
    [40, 0.0000353036],
    [50, 0.0000261949],
    [60, 0.0000239746],
    [70, 0.0000162671],
    [80, 0.00000858298],
    [100, 0.00000535623],
    [120, 0.00000467047],
    [140, 0.00000397919],
    [160, 0.00000337383]
  ]
}