{
  "reaction": {
    "lhs": [
      { "state": { "particle": "e", "charge": -1 }, "count": 1 },
      {
        "state": {
          "particle": "H2",
          "charge": 0,
          "descriptor": { "type": 1, "accuracy": 2, "e": "X", "Lambda": 0, "S": 0, "parity": "g", "v": 7 }
        },
        "count": 1
      }
    ],
    "rhs": [
      { "state": { "particle": "e", "charge": -1 }, "count": 1 },
      {
        "state": {
          "particle": "H2",
          "charge": 0,
          "descriptor": {
            "type": 1,
            "accuracy": 2,
            "e": "C",
            "Lambda": 1,
            "S": 0,
            "parity": "u",
            "v": 12
          }
        },
        "count": 1
      }
    ],
    "type_tags": ["Electronic", "Vibrational"],
    "reversible": false
  },
  "threshold": 11.6036,
  "data": [
    [11.6036, 0],
    [12, 0.0000589611],
    [13, 0.000122802],
    [14, 0.000179877],
    [15, 0.00024123],
    [16, 0.000309074],
    [17, 0.000377853],
    [18, 0.000443784],
    [19, 0.000506016],
    [20, 0.000564777],
    [22, 0.000672166],
    [25, 0.000800642],
    [30, 0.000929769],
    [40, 0.00103961],
    [50, 0.00110458],
    [60, 0.00115382],
    [70, 0.00115516],
    [80, 0.00112952],
    [100, 0.00107364],
    [120, 0.00101254],
    [140, 0.000954467],
    [160, 0.000902055]
  ]
}