{
  "reaction": {
    "lhs": [
      { "state": { "particle": "e", "charge": -1 }, "count": 1 },
      {
        "state": {
          "particle": "H2",
          "charge": 0,
          "descriptor": { "type": 1, "accuracy": 2, "e": "X", "Lambda": 0, "S": 0, "parity": "g", "v": 6 }
        },
        "count": 1
      }
    ],
    "rhs": [
      { "state": { "particle": "e", "charge": -1 }, "count": 1 },
      {
        "state": {
          "particle": "H2",
          "charge": 0,
          "descriptor": { "type": 1, "accuracy": 2, "e": "H", "Lambda": 0, "S": 0, "parity": "g", "v": 2 }
        },
        "count": 1
      }
    ],
    "type_tags": ["Electronic", "Vibrational"],
    "reversible": false
  },
  "threshold": 11.8677,
  "data": [
    [11.8677, 0],
    [12, 0.00351764],
    [13, 0.0122026],
    [14, 0.0173072],
    [15, 0.0190127],
    [16, 0.018851],
    [17, 0.0181964],
    [18, 0.017886],
    [19, 0.0179373],
    [20, 0.01813],
    [22, 0.0184726],
    [25, 0.0186553],
    [30, 0.0181129],
    [40, 0.0152462],
    [50, 0.013409],
    [60, 0.0125404],
    [70, 0.0114141],
    [80, 0.00946271],
    [100, 0.00747906],
    [120, 0.00614005],
    [140, 0.00529173],
    [160, 0.0047797]
  ]
}