{
  "reaction": {
    "lhs": [
      { "state": { "particle": "e", "charge": -1 }, "count": 1 },
      {
        "state": {
          "particle": "H2",
          "charge": 0,
          "descriptor": { "type": 1, "accuracy": 2, "e": "X", "Lambda": 0, "S": 0, "parity": "g", "v": 6 }
        },
        "count": 1
      }
    ],
    "rhs": [
      { "state": { "particle": "e", "charge": -1 }, "count": 1 },
      {
        "state": {
          "particle": "H2",
          "charge": 0,
          "descriptor": { "type": 1, "accuracy": 2, "e": "B", "Lambda": 0, "S": 0, "parity": "u", "v": 3 }
        },
        "count": 1
      }
    ],
    "type_tags": ["Electronic", "Vibrational"],
    "reversible": false
  },
  "threshold": 8.99303,
  "data": [
    [8.99303, 0],
    [10, 0.0212898],
    [11, 0.0352984],
    [12, 0.0450327],
    [13, 0.0525168],
    [14, 0.0586825],
    [15, 0.063732],
    [16, 0.0677746],
    [17, 0.0709221],
    [18, 0.0732864],
    [19, 0.0749795],
    [20, 0.0761128],
    [22, 0.0771489],
    [25, 0.077298],
    [30, 0.0783614],
    [40, 0.0794567],
    [50, 0.0780564],
    [60, 0.075671],
    [70, 0.0731109],
    [80, 0.0703107],
    [100, 0.0644092],
    [120, 0.0586656],
    [140, 0.0535284],
    [160, 0.049039]
  ]
}