{
  "reaction": {
    "lhs": [
      { "state": { "particle": "e", "charge": -1 }, "count": 1 },
      {
        "state": {
          "particle": "H2",
          "charge": 0,
          "descriptor": { "type": 1, "accuracy": 2, "e": "X", "Lambda": 0, "S": 0, "parity": "g", "v": 6 }
        },
        "count": 1
      }
    ],
    "rhs": [
      { "state": { "particle": "e", "charge": -1 }, "count": 1 },
      {
        "state": {
          "particle": "H2",
          "charge": 0,
          "descriptor": {
            "type": 1,
            "accuracy": 2,
            "e": "C",
            "Lambda": 1,
            "S": 0,
            "parity": "u",
            "v": 12
          }
        },
        "count": 1
      }
    ],
    "type_tags": ["Electronic", "Vibrational"],
    "reversible": false
  },
  "threshold": 11.9487,
  "data": [
    [11.9487, 0],
    [12, 0.000315229],
    [13, 0.00151975],
    [14, 0.00246209],
    [15, 0.00320697],
    [16, 0.00388191],
    [17, 0.00455028],
    [18, 0.00521299],
    [19, 0.00585328],
    [20, 0.00646288],
    [22, 0.00757784],
    [25, 0.00890562],
    [30, 0.0102437],
    [40, 0.0118805],
    [50, 0.0127602],
    [60, 0.0132255],
    [70, 0.0133009],
    [80, 0.0131034],
    [100, 0.0124811],
    [120, 0.0117266],
    [140, 0.0110146],
    [160, 0.0103814]
  ]
}