{
  "reaction": {
    "lhs": [
      { "state": { "particle": "e", "charge": -1 }, "count": 1 },
      {
        "state": {
          "particle": "H2",
          "charge": 0,
          "descriptor": { "type": 1, "accuracy": 2, "e": "X", "Lambda": 0, "S": 0, "parity": "g", "v": 6 }
        },
        "count": 1
      }
    ],
    "rhs": [
      { "state": { "particle": "e", "charge": -1 }, "count": 1 },
      {
        "state": {
          "particle": "H2",
          "charge": 0,
          "descriptor": {
            "type": 1,
            "accuracy": 2,
            "e": "EF",
            "Lambda": 0,
            "S": 0,
            "parity": "g",
            "v": 30
          }
        },
        "count": 1
      }
    ],
    "type_tags": ["Electronic", "Vibrational"],
    "reversible": false
  },
  "threshold": 11.942,
  "data": [
    [11.942, 0],
    [12, 0.000263525],
    [13, 0.000990469],
    [14, 0.00110839],
    [15, 0.000996797],
    [16, 0.00116622],
    [17, 0.00119048],
    [18, 0.00118792],
    [19, 0.00123998],
    [20, 0.00124615],
    [22, 0.0012303],
    [25, 0.00126484],
    [30, 0.00129761],
    [40, 0.00128063],
    [50, 0.00124286],
    [60, 0.00120625],
    [70, 0.00117159],
    [80, 0.00114491],
    [100, 0.00103829],
    [120, 0.00088752],
    [140, 0.000790807],
    [160, 0.000708084]
  ]
}