{
  "reaction": {
    "lhs": [
      { "state": { "particle": "e", "charge": -1 }, "count": 1 },
      {
        "state": {
          "particle": "H2",
          "charge": 0,
          "descriptor": { "type": 1, "accuracy": 2, "e": "X", "Lambda": 0, "S": 0, "parity": "g", "v": 6 }
        },
        "count": 1
      }
    ],
    "rhs": [
      { "state": { "particle": "e", "charge": -1 }, "count": 1 },
      {
        "state": {
          "particle": "H2",
          "charge": 0,
          "descriptor": {
            "type": 1,
            "accuracy": 2,
            "e": "EF",
            "Lambda": 0,
            "S": 0,
            "parity": "g",
            "v": 12
          }
        },
        "count": 1
      }
    ],
    "type_tags": ["Electronic", "Vibrational"],
    "reversible": false
  },
  "threshold": 10.6572,
  "data": [
    [10.6572, 0],
    [11, 0.00123401],
    [12, 0.00294763],
    [13, 0.00305292],
    [14, 0.00331884],
    [15, 0.0038967],
    [16, 0.00388015],
    [17, 0.00385254],
    [18, 0.00432116],
    [19, 0.00484449],
    [20, 0.00484388],
    [22, 0.00485628],
    [25, 0.00482852],
    [30, 0.00479765],
    [40, 0.00474134],
    [50, 0.00470605],
    [60, 0.00473818],
    [70, 0.00476196],
    [80, 0.00475752],
    [100, 0.00428307],
    [120, 0.0035061],
    [140, 0.00295817],
    [160, 0.0025566]
  ]
}