{
  "reaction": {
    "lhs": [
      { "state": { "particle": "e", "charge": -1 }, "count": 1 },
      {
        "state": {
          "particle": "H2",
          "charge": 0,
          "descriptor": { "type": 1, "accuracy": 2, "e": "X", "Lambda": 0, "S": 0, "parity": "g", "v": 6 }
        },
        "count": 1
      }
    ],
    "rhs": [
      { "state": { "particle": "e", "charge": -1 }, "count": 1 },
      {
        "state": {
          "particle": "H2",
          "charge": 0,
          "descriptor": { "type": 1, "accuracy": 2, "e": "a", "Lambda": 0, "S": 1, "parity": "g", "v": 1 }
        },
        "count": 1
      }
    ],
    "type_tags": ["Electronic", "Vibrational"],
    "reversible": false
  },
  "threshold": 9.43863,
  "data": [
    [9.43863, 0],
    [10, 0.000462428],
    [11, 0.00121368],
    [12, 0.00158771],
    [13, 0.00101387],
    [14, 0.000830403],
    [15, 0.000765397],
    [16, 0.000604781],
    [17, 0.000440394],
    [18, 0.000328468],
    [19, 0.000244012],
    [20, 0.000200128],
    [22, 0.000169316],
    [25, 0.000145861],
    [30, 0.000135814],
    [40, 0.000096029],
    [50, 0.0000639375],
    [60, 0.0000394347],
    [70, 0.0000269302],
    [80, 0.0000205741],
    [100, 0.000010337],
    [120, 0.0000057601],
    [140, 0.00000415463],
    [160, 0.00000292835]
  ]
}