{
  "reaction": {
    "lhs": [
      { "state": { "particle": "e", "charge": -1 }, "count": 1 },
      {
        "state": {
          "particle": "H2",
          "charge": 0,
          "descriptor": { "type": 1, "accuracy": 2, "e": "X", "Lambda": 0, "S": 0, "parity": "g", "v": 6 }
        },
        "count": 1
      }
    ],
    "rhs": [
      { "state": { "particle": "e", "charge": -1 }, "count": 1 },
      {
        "state": {
          "particle": "H2",
          "charge": 0,
          "descriptor": {
            "type": 1,
            "accuracy": 2,
            "e": "c",
            "Lambda": 1,
            "S": 1,
            "parity": "u",
            "v": 17
          }
        },
        "count": 1
      }
    ],
    "type_tags": ["Electronic", "Vibrational"],
    "reversible": false
  },
  "threshold": 11.9925,
  "data": [
    [11.9925, 0],
    [12, 0.00234053],
    [13, 0.00241748],
    [14, 0.00358615],
    [15, 0.00329226],
    [16, 0.00307733],
    [17, 0.00289074],
    [18, 0.00270014],
    [19, 0.00251628],
    [20, 0.00234918],
    [22, 0.00205064],
    [25, 0.00164359],
    [30, 0.00104664],
    [40, 0.000110605],
    [50, 0.0000542943],
    [60, 0.0000452558],
    [70, 0.0000370837],
    [80, 0.000027127],
    [100, 0.0000143991],
    [120, 0.00000747445],
    [140, 0.00000537505],
    [160, 0.00000377105]
  ]
}