{
  "reaction": {
    "lhs": [
      { "state": { "particle": "e", "charge": -1 }, "count": 1 },
      {
        "state": {
          "particle": "H2",
          "charge": 0,
          "descriptor": { "type": 1, "accuracy": 2, "e": "X", "Lambda": 0, "S": 0, "parity": "g", "v": 6 }
        },
        "count": 1
      }
    ],
    "rhs": [
      { "state": { "particle": "e", "charge": -1 }, "count": 1 },
      {
        "state": {
          "particle": "H2",
          "charge": 0,
          "descriptor": { "type": 1, "accuracy": 2, "e": "h", "Lambda": 0, "S": 1, "parity": "g", "v": 2 }
        },
        "count": 1
      }
    ],
    "type_tags": ["Electronic", "Vibrational"],
    "reversible": false
  },
  "threshold": 11.6612,
  "data": [
    [11.6612, 0],
    [12, 0.0128144],
    [13, 0.00729878],
    [14, 0.00628798],
    [15, 0.00668826],
    [16, 0.00639162],
    [17, 0.00591586],
    [18, 0.0055585],
    [19, 0.00521976],
    [20, 0.00492492],
    [22, 0.00443364],
    [25, 0.0038114],
    [30, 0.00293849],
    [40, 0.00156018],
    [50, 0.000991093],
    [60, 0.000731205],
    [70, 0.000548672],
    [80, 0.000448183],
    [100, 0.000227028],
    [120, 0.000102922],
    [140, 0.0000730115],
    [160, 0.0000500774]
  ]
}