{
  "reaction": {
    "lhs": [
      { "state": { "particle": "e", "charge": -1 }, "count": 1 },
      {
        "state": {
          "particle": "H2",
          "charge": 0,
          "descriptor": { "type": 1, "accuracy": 2, "e": "X", "Lambda": 0, "S": 0, "parity": "g", "v": 6 }
        },
        "count": 1
      }
    ],
    "rhs": [
      { "state": { "particle": "e", "charge": -1 }, "count": 1 },
      {
        "state": {
          "particle": "H2",
          "charge": 0,
          "descriptor": { "type": 1, "accuracy": 2, "e": "J", "Lambda": 2, "S": 0, "parity": "g", "v": 9 }
        },
        "count": 1
      }
    ],
    "type_tags": ["Electronic", "Vibrational"],
    "reversible": false
  },
  "threshold": 13.2076,
  "data": [
    [13.2076, 0],
    [14, 0.000161128],
    [15, 0.000241829],
    [16, 0.000193782],
    [17, 0.00015812],
    [18, 0.000152411],
    [19, 0.000155488],
    [20, 0.000208439],
    [22, 0.000223624],
    [25, 0.000218588],
    [30, 0.000227789],
    [40, 0.000190354],
    [50, 0.000147754],
    [60, 0.000129413],
    [70, 0.000118195],
    [80, 0.000104084],
    [100, 0.0000894685],
    [120, 0.0000774271],
    [140, 0.0000666575],
    [160, 0.0000583265]
  ]
}