{
  "reaction": {
    "lhs": [
      { "state": { "particle": "e", "charge": -1 }, "count": 1 },
      {
        "state": {
          "particle": "H2",
          "charge": 0,
          "descriptor": { "type": 1, "accuracy": 2, "e": "X", "Lambda": 0, "S": 0, "parity": "g", "v": 6 }
        },
        "count": 1
      }
    ],
    "rhs": [
      { "state": { "particle": "e", "charge": -1 }, "count": 1 },
      {
        "state": {
          "particle": "H2",
          "charge": 0,
          "descriptor": { "type": 1, "accuracy": 2, "e": "D", "Lambda": 1, "S": 0, "parity": "u", "v": 8 }
        },
        "count": 1
      }
    ],
    "type_tags": ["Electronic", "Vibrational"],
    "reversible": false
  },
  "threshold": 13.1111,
  "data": [
    [13.1111, 0],
    [14, 0.00136324],
    [15, 0.00225889],
    [16, 0.00278347],
    [17, 0.00317512],
    [18, 0.00362473],
    [19, 0.00416009],
    [20, 0.00470831],
    [22, 0.00562547],
    [25, 0.00660034],
    [30, 0.00780996],
    [40, 0.00943269],
    [50, 0.0104433],
    [60, 0.0111413],
    [70, 0.0113773],
    [80, 0.0112798],
    [100, 0.0108699],
    [120, 0.0102772],
    [140, 0.0096939],
    [160, 0.00917011]
  ]
}