{
  "reaction": {
    "lhs": [
      { "state": { "particle": "e", "charge": -1 }, "count": 1 },
      {
        "state": {
          "particle": "H2",
          "charge": 0,
          "descriptor": { "type": 1, "accuracy": 2, "e": "X", "Lambda": 0, "S": 0, "parity": "g", "v": 6 }
        },
        "count": 1
      }
    ],
    "rhs": [
      { "state": { "particle": "e", "charge": -1 }, "count": 1 },
      {
        "state": {
          "particle": "H2",
          "charge": 0,
          "descriptor": { "type": 1, "accuracy": 2, "e": "d", "Lambda": 1, "S": 1, "parity": "u", "v": 7 }
        },
        "count": 1
      }
    ],
    "type_tags": ["Electronic", "Vibrational"],
    "reversible": false
  },
  "threshold": 12.8228,
  "data": [
    [12.8228, 0],
    [13, 0.00524042],
    [14, 0.00608728],
    [15, 0.00635118],
    [16, 0.00625679],
    [17, 0.00599768],
    [18, 0.00555566],
    [19, 0.00501185],
    [20, 0.00455136],
    [22, 0.00390951],
    [25, 0.00316573],
    [30, 0.00222976],
    [40, 0.00100603],
    [50, 0.00062177],
    [60, 0.000522846],
    [70, 0.00039667],
    [80, 0.000299412],
    [100, 0.000158275],
    [120, 0.0000859394],
    [140, 0.0000616198],
    [160, 0.0000430622]
  ]
}