{
  "reaction": {
    "lhs": [
      { "state": { "particle": "e", "charge": -1 }, "count": 1 },
      {
        "state": {
          "particle": "H2",
          "charge": 0,
          "descriptor": { "type": 1, "accuracy": 2, "e": "X", "Lambda": 0, "S": 0, "parity": "g", "v": 6 }
        },
        "count": 1
      }
    ],
    "rhs": [
      { "state": { "particle": "e", "charge": -1 }, "count": 1 },
      {
        "state": {
          "particle": "H2",
          "charge": 0,
          "descriptor": {
            "type": 1,
            "accuracy": 2,
            "e": "d",
            "Lambda": 1,
            "S": 1,
            "parity": "u",
            "v": 17
          }
        },
        "count": 1
      }
    ],
    "type_tags": ["Electronic", "Vibrational"],
    "reversible": false
  },
  "threshold": 13.875,
  "data": [
    [13.875, 0],
    [14, 0.0000901929],
    [15, 0.000164983],
    [16, 0.000164103],
    [17, 0.000156562],
    [18, 0.000153253],
    [19, 0.000146649],
    [20, 0.000139603],
    [22, 0.000125993],
    [25, 0.000103579],
    [30, 0.0000698304],
    [40, 0.0000315021],
    [50, 0.0000187667],
    [60, 0.0000150012],
    [70, 0.0000117484],
    [80, 0.0000101041],
    [100, 0.00000563155],
    [120, 0.0000028381],
    [140, 0.00000203542],
    [160, 0.00000142255]
  ]
}