{
  "reaction": {
    "lhs": [
      { "state": { "particle": "e", "charge": -1 }, "count": 1 },
      {
        "state": {
          "particle": "H2",
          "charge": 0,
          "descriptor": { "type": 1, "accuracy": 2, "e": "X", "Lambda": 0, "S": 0, "parity": "g", "v": 6 }
        },
        "count": 1
      }
    ],
    "rhs": [
      { "state": { "particle": "e", "charge": -1 }, "count": 1 },
      {
        "state": {
          "particle": "H2",
          "charge": 0,
          "descriptor": {
            "type": 1,
            "accuracy": 2,
            "e": "H",
            "Lambda": 0,
            "S": 0,
            "parity": "g",
            "v": 67
          }
        },
        "count": 1
      }
    ],
    "type_tags": ["Electronic", "Vibrational"],
    "reversible": false
  },
  "threshold": -29.0207,
  "data": [
    [29.0207, 0],
    [6, 0.00000346077],
    [8, 0.0000040082],
    [10, 0.00000464197],
    [11, 0.00000499357],
    [12, 0.00000536955],
    [13, 0.0000112867],
    [14, 0.0000327258],
    [15, 0.0000592524],
    [16, 0.0000800809],
    [17, 0.0000919071],
    [18, 0.0000934635],
    [19, 0.0000904476],
    [20, 0.0000871896],
    [22, 0.0000858054],
    [25, 0.0000859859],
    [30, 0.0000843764],
    [40, 0.0000747334],
    [50, 0.0000714786],
    [60, 0.0000738323],
    [70, 0.0000753634],
    [80, 0.0000720495],
    [100, 0.0000642649],
    [120, 0.0000574072],
    [140, 0.0000524173],
    [160, 0.0000482932]
  ]
}