{
  "reaction": {
    "lhs": [
      { "state": { "particle": "e", "charge": -1 }, "count": 1 },
      {
        "state": {
          "particle": "H2",
          "charge": 0,
          "descriptor": { "type": 1, "accuracy": 2, "e": "X", "Lambda": 0, "S": 0, "parity": "g", "v": 6 }
        },
        "count": 1
      }
    ],
    "rhs": [
      { "state": { "particle": "e", "charge": -1 }, "count": 1 },
      {
        "state": {
          "particle": "H2",
          "charge": 0,
          "descriptor": {
            "type": 1,
            "accuracy": 2,
            "e": "c",
            "Lambda": 1,
            "S": 1,
            "parity": "u",
            "v": 14
          }
        },
        "count": 1
      }
    ],
    "type_tags": ["Electronic", "Vibrational"],
    "reversible": false
  },
  "threshold": 11.8361,
  "data": [
    [11.8361, 0],
    [12, 0.0064702],
    [13, 0.00692556],
    [14, 0.0075449],
    [15, 0.0072391],
    [16, 0.00676622],
    [17, 0.00628454],
    [18, 0.00590684],
    [19, 0.00557456],
    [20, 0.00526146],
    [22, 0.00463272],
    [25, 0.00371065],
    [30, 0.00242666],
    [40, 0.00115096],
    [50, 0.00066356],
    [60, 0.000470072],
    [70, 0.000333547],
    [80, 0.000269974],
    [100, 0.000141519],
    [120, 0.0000754338],
    [140, 0.0000542368],
    [160, 0.0000380478]
  ]
}