{
  "reaction": {
    "lhs": [
      { "state": { "particle": "e", "charge": -1 }, "count": 1 },
      {
        "state": {
          "particle": "H2",
          "charge": 0,
          "descriptor": { "type": 1, "accuracy": 2, "e": "X", "Lambda": 0, "S": 0, "parity": "g", "v": 6 }
        },
        "count": 1
      }
    ],
    "rhs": [
      { "state": { "particle": "e", "charge": -1 }, "count": 1 },
      {
        "state": {
          "particle": "H2",
          "charge": 0,
          "descriptor": {
            "type": 1,
            "accuracy": 2,
            "e": "H",
            "Lambda": 0,
            "S": 0,
            "parity": "g",
            "v": 32
          }
        },
        "count": 1
      }
    ],
    "type_tags": ["Electronic", "Vibrational"],
    "reversible": false
  },
  "threshold": 13.294,
  "data": [
    [13.294, 0],
    [14, 0.0000577264],
    [15, 0.0000904683],
    [16, 0.0000933443],
    [17, 0.0000809099],
    [18, 0.0000742457],
    [19, 0.0000782351],
    [20, 0.000086268],
    [22, 0.0000942865],
    [25, 0.0000949668],
    [30, 0.0000854324],
    [40, 0.0000762933],
    [50, 0.0000785201],
    [60, 0.0000851114],
    [70, 0.0000915904],
    [80, 0.0000938429],
    [100, 0.0000840686],
    [120, 0.0000739251],
    [140, 0.0000657915],
    [160, 0.0000588373]
  ]
}