{
  "reaction": {
    "lhs": [
      { "state": { "particle": "e", "charge": -1 }, "count": 1 },
      {
        "state": {
          "particle": "H2",
          "charge": 0,
          "descriptor": { "type": 1, "accuracy": 2, "e": "X", "Lambda": 0, "S": 0, "parity": "g", "v": 6 }
        },
        "count": 1
      }
    ],
    "rhs": [
      { "state": { "particle": "e", "charge": -1 }, "count": 1 },
      {
        "state": {
          "particle": "H2",
          "charge": 0,
          "descriptor": { "type": 1, "accuracy": 2, "e": "J", "Lambda": 2, "S": 0, "parity": "g", "v": 4 }
        },
        "count": 1
      }
    ],
    "type_tags": ["Electronic", "Vibrational"],
    "reversible": false
  },
  "threshold": 12.276,
  "data": [
    [12.276, 0],
    [13, 0.00164727],
    [14, 0.00251785],
    [15, 0.00221114],
    [16, 0.00238327],
    [17, 0.00264792],
    [18, 0.00282033],
    [19, 0.00300877],
    [20, 0.00274231],
    [22, 0.00287324],
    [25, 0.00298408],
    [30, 0.00288846],
    [40, 0.00232185],
    [50, 0.00188481],
    [60, 0.00163729],
    [70, 0.0014644],
    [80, 0.00132591],
    [100, 0.00112971],
    [120, 0.000943718],
    [140, 0.000812391],
    [160, 0.000711745]
  ]
}