{
  "reaction": {
    "lhs": [
      { "state": { "particle": "e", "charge": -1 }, "count": 1 },
      {
        "state": {
          "particle": "H2",
          "charge": 0,
          "descriptor": { "type": 1, "accuracy": 2, "e": "X", "Lambda": 0, "S": 0, "parity": "g", "v": 6 }
        },
        "count": 1
      }
    ],
    "rhs": [
      { "state": { "particle": "e", "charge": -1 }, "count": 1 },
      {
        "state": {
          "particle": "H2",
          "charge": 0,
          "descriptor": { "type": 1, "accuracy": 2, "e": "g", "Lambda": 0, "S": 1, "parity": "g", "v": 5 }
        },
        "count": 1
      }
    ],
    "type_tags": ["Electronic", "Vibrational"],
    "reversible": false
  },
  "threshold": 12.4933,
  "data": [
    [12.4933, 0],
    [13, 0.000068661],
    [14, 0.000139516],
    [15, 0.000011141],
    [16, 0.0000178675],
    [17, 0.0000245939],
    [18, 0.0000224982],
    [19, 0.0000183229],
    [20, 0.000015236],
    [22, 0.000012811],
    [25, 0.0000108679],
    [30, 0.0000102166],
    [40, 0.0000134765],
    [50, 0.0000082186],
    [60, 0.00000296071],
    [70, 0.00000302141],
    [80, 0.00000308211],
    [100, 0.00000154185],
    [120, 1.37115e-9],
    [140, 9.84986e-10],
    [160, 6.84248e-10]
  ]
}