{
  "reaction": {
    "lhs": [
      { "state": { "particle": "e", "charge": -1 }, "count": 1 },
      {
        "state": {
          "particle": "H2",
          "charge": 0,
          "descriptor": { "type": 1, "accuracy": 2, "e": "X", "Lambda": 0, "S": 0, "parity": "g", "v": 6 }
        },
        "count": 1
      }
    ],
    "rhs": [
      { "state": { "particle": "e", "charge": -1 }, "count": 1 },
      {
        "state": {
          "particle": "H2",
          "charge": 0,
          "descriptor": {
            "type": 1,
            "accuracy": 2,
            "e": "j",
            "Lambda": 2,
            "S": 1,
            "parity": "g",
            "v": 11
          }
        },
        "count": 1
      }
    ],
    "type_tags": ["Electronic", "Vibrational"],
    "reversible": false
  },
  "threshold": 13.4805,
  "data": [
    [13.4805, 0],
    [14, 0.00000746843],
    [15, 0.0000253502],
    [16, 0.0000394297],
    [17, 0.0000464067],
    [18, 0.0000399776],
    [19, 0.0000274034],
    [20, 0.0000187536],
    [22, 0.000013456],
    [25, 0.00000950267],
    [30, 0.00000756879],
    [40, 0.00000198976],
    [50, 7.75957e-7],
    [60, 5.85699e-7],
    [70, 5.61105e-7],
    [80, 5.57344e-7],
    [100, 3.6329e-7],
    [120, 1.4601e-7],
    [140, 1.03352e-7],
    [160, 7.07416e-8]
  ]
}