{
  "reaction": {
    "lhs": [
      { "state": { "particle": "e", "charge": -1 }, "count": 1 },
      {
        "state": {
          "particle": "H2",
          "charge": 0,
          "descriptor": { "type": 1, "accuracy": 2, "e": "X", "Lambda": 0, "S": 0, "parity": "g", "v": 6 }
        },
        "count": 1
      }
    ],
    "rhs": [
      { "state": { "particle": "e", "charge": -1 }, "count": 1 },
      {
        "state": {
          "particle": "H2",
          "charge": 0,
          "descriptor": {
            "type": 1,
            "accuracy": 2,
            "e": "d",
            "Lambda": 1,
            "S": 1,
            "parity": "u",
            "v": 13
          }
        },
        "count": 1
      }
    ],
    "type_tags": ["Electronic", "Vibrational"],
    "reversible": false
  },
  "threshold": 13.6656,
  "data": [
    [13.6656, 0],
    [14, 0.000837672],
    [15, 0.00132093],
    [16, 0.00131208],
    [17, 0.00122069],
    [18, 0.00117208],
    [19, 0.00108643],
    [20, 0.00100745],
    [22, 0.000888633],
    [25, 0.00072447],
    [30, 0.000496796],
    [40, 0.000228438],
    [50, 0.000138733],
    [60, 0.000111149],
    [70, 0.0000855398],
    [80, 0.0000713974],
    [100, 0.0000392998],
    [120, 0.0000202868],
    [140, 0.0000145483],
    [160, 0.0000101681]
  ]
}