{
  "reaction": {
    "lhs": [
      { "state": { "particle": "e", "charge": -1 }, "count": 1 },
      {
        "state": {
          "particle": "H2",
          "charge": 0,
          "descriptor": { "type": 1, "accuracy": 2, "e": "X", "Lambda": 0, "S": 0, "parity": "g", "v": 6 }
        },
        "count": 1
      }
    ],
    "rhs": [
      { "state": { "particle": "e", "charge": -1 }, "count": 1 },
      {
        "state": {
          "particle": "H2",
          "charge": 0,
          "descriptor": {
            "type": 1,
            "accuracy": 2,
            "e": "B",
            "Lambda": 0,
            "S": 0,
            "parity": "u",
            "v": 20
          }
        },
        "count": 1
      }
    ],
    "type_tags": ["Electronic", "Vibrational"],
    "reversible": false
  },
  "threshold": 11.0376,
  "data": [
    [11.0376, 0],
    [12, 0.00050821],
    [13, 0.000959617],
    [14, 0.00135456],
    [15, 0.00169348],
    [16, 0.00198154],
    [17, 0.00222402],
    [18, 0.00242617],
    [19, 0.0025932],
    [20, 0.00273037],
    [22, 0.00293603],
    [25, 0.0031514],
    [30, 0.0034775],
    [40, 0.00386465],
    [50, 0.00392468],
    [60, 0.00391079],
    [70, 0.00386819],
    [80, 0.00380065],
    [100, 0.00358998],
    [120, 0.00333056],
    [140, 0.00308237],
    [160, 0.0028565]
  ]
}