{
  "reaction": {
    "lhs": [
      { "state": { "particle": "e", "charge": -1 }, "count": 1 },
      {
        "state": {
          "particle": "H2",
          "charge": 0,
          "descriptor": { "type": 1, "accuracy": 2, "e": "X", "Lambda": 0, "S": 0, "parity": "g", "v": 6 }
        },
        "count": 1
      }
    ],
    "rhs": [
      { "state": { "particle": "e", "charge": -1 }, "count": 1 },
      {
        "state": {
          "particle": "H2",
          "charge": 0,
          "descriptor": {
            "type": 1,
            "accuracy": 2,
            "e": "B",
            "Lambda": 0,
            "S": 0,
            "parity": "u",
            "v": 36
          }
        },
        "count": 1
      }
    ],
    "type_tags": ["Electronic", "Vibrational"],
    "reversible": false
  },
  "threshold": 12.0094,
  "data": [
    [12.0094, 0],
    [13, 0.000143528],
    [14, 0.000253775],
    [15, 0.000346825],
    [16, 0.000424408],
    [17, 0.000488239],
    [18, 0.000540052],
    [19, 0.000581555],
    [20, 0.000614479],
    [22, 0.000661451],
    [25, 0.000710559],
    [30, 0.000800162],
    [40, 0.000901871],
    [50, 0.000930772],
    [60, 0.000934716],
    [70, 0.000924201],
    [80, 0.000905879],
    [100, 0.00085662],
    [120, 0.000800458],
    [140, 0.000746057],
    [160, 0.000695147]
  ]
}