{
  "reaction": {
    "lhs": [
      { "state": { "particle": "e", "charge": -1 }, "count": 1 },
      {
        "state": {
          "particle": "H2",
          "charge": 0,
          "descriptor": { "type": 1, "accuracy": 2, "e": "X", "Lambda": 0, "S": 0, "parity": "g", "v": 6 }
        },
        "count": 1
      }
    ],
    "rhs": [
      { "state": { "particle": "e", "charge": -1 }, "count": 1 },
      {
        "state": {
          "particle": "H2",
          "charge": 0,
          "descriptor": {
            "type": 1,
            "accuracy": 2,
            "e": "EF",
            "Lambda": 0,
            "S": 0,
            "parity": "g",
            "v": 2
          }
        },
        "count": 1
      }
    ],
    "type_tags": ["Electronic", "Vibrational"],
    "reversible": false
  },
  "threshold": 9.80205,
  "data": [
    [9.80205, 0],
    [10, 0.00000803316],
    [11, 0.0000173631],
    [12, 0.0000173587],
    [13, 0.0000205029],
    [14, 0.0000233507],
    [15, 0.000025332],
    [16, 0.0000260537],
    [17, 0.0000252792],
    [18, 0.0000251389],
    [19, 0.0000255165],
    [20, 0.0000251847],
    [22, 0.0000241542],
    [25, 0.0000225475],
    [30, 0.000019983],
    [40, 0.0000163263],
    [50, 0.0000150019],
    [60, 0.0000143511],
    [70, 0.0000130153],
    [80, 0.0000118083],
    [100, 0.0000098145],
    [120, 0.00000824836],
    [140, 0.0000072909],
    [160, 0.0000064968]
  ]
}