{
  "reaction": {
    "lhs": [
      { "state": { "particle": "e", "charge": -1 }, "count": 1 },
      {
        "state": {
          "particle": "H2",
          "charge": 0,
          "descriptor": { "type": 1, "accuracy": 2, "e": "X", "Lambda": 0, "S": 0, "parity": "g", "v": 6 }
        },
        "count": 1
      }
    ],
    "rhs": [
      { "state": { "particle": "e", "charge": -1 }, "count": 1 },
      {
        "state": {
          "particle": "H2",
          "charge": 0,
          "descriptor": {
            "type": 1,
            "accuracy": 2,
            "e": "H",
            "Lambda": 0,
            "S": 0,
            "parity": "g",
            "v": 44
          }
        },
        "count": 1
      }
    ],
    "type_tags": ["Electronic", "Vibrational"],
    "reversible": false
  },
  "threshold": 13.6139,
  "data": [
    [13.6139, 0],
    [14, 0.00000494206],
    [15, 0.00000523196],
    [16, 0.00000794688],
    [17, 0.0000104707],
    [18, 0.0000104303],
    [19, 0.00000818566],
    [20, 0.00000569229],
    [22, 0.00000377992],
    [25, 0.00000375363],
    [30, 0.00000537106],
    [40, 0.0000047091],
    [50, 0.00000372068],
    [60, 0.00000352362],
    [70, 0.00000304041],
    [80, 0.00000182777],
    [100, 0.00000147718],
    [120, 0.00000125374],
    [140, 0.00000121055],
    [160, 0.00000133696]
  ]
}