{
  "reaction": {
    "lhs": [
      { "state": { "particle": "e", "charge": -1 }, "count": 1 },
      {
        "state": {
          "particle": "H2",
          "charge": 0,
          "descriptor": { "type": 1, "accuracy": 2, "e": "X", "Lambda": 0, "S": 0, "parity": "g", "v": 6 }
        },
        "count": 1
      }
    ],
    "rhs": [
      { "state": { "particle": "e", "charge": -1 }, "count": 1 },
      {
        "state": {
          "particle": "H2",
          "charge": 0,
          "descriptor": { "type": 1, "accuracy": 2, "e": "C", "Lambda": 1, "S": 0, "parity": "u", "v": 8 }
        },
        "count": 1
      }
    ],
    "type_tags": ["Electronic", "Vibrational"],
    "reversible": false
  },
  "threshold": 11.4567,
  "data": [
    [11.4567, 0],
    [12, 0.00190921],
    [13, 0.0039911],
    [14, 0.00569375],
    [15, 0.00722208],
    [16, 0.00874218],
    [17, 0.0102721],
    [18, 0.0117764],
    [19, 0.0132214],
    [20, 0.0145879],
    [22, 0.0170306],
    [25, 0.0198316],
    [30, 0.0225813],
    [40, 0.0256086],
    [50, 0.0273393],
    [60, 0.0283686],
    [70, 0.0284264],
    [80, 0.0278732],
    [100, 0.0264553],
    [120, 0.0248226],
    [140, 0.0232882],
    [160, 0.0219262]
  ]
}