{
  "reaction": {
    "lhs": [
      { "state": { "particle": "e", "charge": -1 }, "count": 1 },
      {
        "state": {
          "particle": "H2",
          "charge": 0,
          "descriptor": { "type": 1, "accuracy": 2, "e": "X", "Lambda": 0, "S": 0, "parity": "g", "v": 6 }
        },
        "count": 1
      }
    ],
    "rhs": [
      { "state": { "particle": "e", "charge": -1 }, "count": 1 },
      {
        "state": {
          "particle": "H2",
          "charge": 0,
          "descriptor": {
            "type": 1,
            "accuracy": 2,
            "e": "j",
            "Lambda": 2,
            "S": 1,
            "parity": "g",
            "v": 15
          }
        },
        "count": 1
      }
    ],
    "type_tags": ["Electronic", "Vibrational"],
    "reversible": false
  },
  "threshold": 13.8371,
  "data": [
    [13.8371, 0],
    [14, 0.0000388461],
    [15, 0.000082915],
    [16, 0.0000823052],
    [17, 0.0000768178],
    [18, 0.0000737351],
    [19, 0.0000678361],
    [20, 0.0000622513],
    [22, 0.0000532934],
    [25, 0.0000400321],
    [30, 0.0000231209],
    [40, 0.0000154402],
    [50, 0.0000116817],
    [60, 0.0000086534],
    [70, 0.00000573298],
    [80, 0.00000352917],
    [100, 0.00000181968],
    [120, 0.00000142144],
    [140, 0.00000101114],
    [160, 7.0242e-7]
  ]
}