{
  "reaction": {
    "lhs": [
      { "state": { "particle": "e", "charge": -1 }, "count": 1 },
      {
        "state": {
          "particle": "H2",
          "charge": 0,
          "descriptor": { "type": 1, "accuracy": 2, "e": "X", "Lambda": 0, "S": 0, "parity": "g", "v": 6 }
        },
        "count": 1
      }
    ],
    "rhs": [
      { "state": { "particle": "e", "charge": -1 }, "count": 1 },
      {
        "state": {
          "particle": "H2",
          "charge": 0,
          "descriptor": { "type": 1, "accuracy": 2, "e": "e", "Lambda": 0, "S": 1, "parity": "u", "v": 3 }
        },
        "count": 1
      }
    ],
    "type_tags": ["Electronic", "Vibrational"],
    "reversible": false
  },
  "threshold": 11.2759,
  "data": [
    [11.2759, 0],
    [12, 0.0000131515],
    [13, 0.0000416226],
    [14, 0.0000156124],
    [15, 0.00000111706],
    [16, 0.0000138296],
    [17, 0.0000265421],
    [18, 0.0000212444],
    [19, 0.0000111395],
    [20, 0.00000490961],
    [22, 0.00000263407],
    [25, 8.26425e-7],
    [30, 2.38927e-7],
    [40, 0.00000176704],
    [50, 9.23186e-7],
    [60, 6.19163e-8],
    [70, 4.17158e-8],
    [80, 3.86936e-8],
    [100, 1.9202e-8],
    [120, 1.63674e-10],
    [140, 1.26141e-10],
    [160, 9.69158e-11]
  ]
}