{
  "reaction": {
    "lhs": [
      { "state": { "particle": "e", "charge": -1 }, "count": 1 },
      {
        "state": {
          "particle": "H2",
          "charge": 0,
          "descriptor": { "type": 1, "accuracy": 2, "e": "X", "Lambda": 0, "S": 0, "parity": "g", "v": 6 }
        },
        "count": 1
      }
    ],
    "rhs": [
      { "state": { "particle": "e", "charge": -1 }, "count": 1 },
      {
        "state": {
          "particle": "H2",
          "charge": 0,
          "descriptor": { "type": 1, "accuracy": 2, "e": "h", "Lambda": 0, "S": 1, "parity": "g", "v": 1 }
        },
        "count": 1
      }
    ],
    "type_tags": ["Electronic", "Vibrational"],
    "reversible": false
  },
  "threshold": 11.4263,
  "data": [
    [11.4263, 0],
    [12, 0.00277112],
    [13, 0.00257322],
    [14, 0.00216028],
    [15, 0.00180348],
    [16, 0.00163042],
    [17, 0.00149519],
    [18, 0.00129817],
    [19, 0.00109545],
    [20, 0.000981501],
    [22, 0.000920439],
    [25, 0.000873819],
    [30, 0.000854244],
    [40, 0.000389642],
    [50, 0.000244403],
    [60, 0.000207108],
    [70, 0.000160822],
    [80, 0.000124286],
    [100, 0.0000592864],
    [120, 0.0000237072],
    [140, 0.0000168557],
    [160, 0.000011585]
  ]
}