{
  "reaction": {
    "lhs": [
      { "state": { "particle": "e", "charge": -1 }, "count": 1 },
      {
        "state": {
          "particle": "H2",
          "charge": 0,
          "descriptor": { "type": 1, "accuracy": 2, "e": "X", "Lambda": 0, "S": 0, "parity": "g", "v": 6 }
        },
        "count": 1
      }
    ],
    "rhs": [
      { "state": { "particle": "e", "charge": -1 }, "count": 1 },
      {
        "state": {
          "particle": "H2",
          "charge": 0,
          "descriptor": { "type": 1, "accuracy": 2, "e": "I", "Lambda": 1, "S": 0, "parity": "g", "v": 0 }
        },
        "count": 1
      }
    ],
    "type_tags": ["Electronic", "Vibrational"],
    "reversible": false
  },
  "threshold": 11.2125,
  "data": [
    [11.2125, 0],
    [12, 0.00012036],
    [13, 0.0000166625],
    [14, 0.000148198],
    [15, 0.0000991473],
    [16, 0.0000781386],
    [17, 0.000103374],
    [18, 0.000157694],
    [19, 0.000158902],
    [20, 0.000111315],
    [22, 0.000188797],
    [25, 0.000267892],
    [30, 0.000118115],
    [40, 0.000118207],
    [50, 0.000145056],
    [60, 0.000139554],
    [70, 0.000101575],
    [80, 0.0000967013],
    [100, 0.0000839467],
    [120, 0.0000723964],
    [140, 0.0000630902],
    [160, 0.0000561352]
  ]
}