{
  "reaction": {
    "lhs": [
      { "state": { "particle": "e", "charge": -1 }, "count": 1 },
      {
        "state": {
          "particle": "H2",
          "charge": 0,
          "descriptor": { "type": 1, "accuracy": 2, "e": "X", "Lambda": 0, "S": 0, "parity": "g", "v": 6 }
        },
        "count": 1
      }
    ],
    "rhs": [
      { "state": { "particle": "e", "charge": -1 }, "count": 1 },
      {
        "state": {
          "particle": "H2",
          "charge": 0,
          "descriptor": { "type": 1, "accuracy": 2, "e": "H", "Lambda": 0, "S": 0, "parity": "g", "v": 9 }
        },
        "count": 1
      }
    ],
    "type_tags": ["Electronic", "Vibrational"],
    "reversible": false
  },
  "threshold": 12.6592,
  "data": [
    [12.6592, 0],
    [13, 0.0002266],
    [14, 0.000449638],
    [15, 0.000663894],
    [16, 0.000721981],
    [17, 0.000645149],
    [18, 0.000560471],
    [19, 0.000519476],
    [20, 0.000513298],
    [22, 0.0005233],
    [25, 0.000543189],
    [30, 0.000561446],
    [40, 0.000504741],
    [50, 0.000435571],
    [60, 0.000381819],
    [70, 0.000335255],
    [80, 0.000291133],
    [100, 0.000231214],
    [120, 0.000200832],
    [140, 0.000177735],
    [160, 0.000160896]
  ]
}