{
  "reaction": {
    "lhs": [
      { "state": { "particle": "e", "charge": -1 }, "count": 1 },
      {
        "state": {
          "particle": "H2",
          "charge": 0,
          "descriptor": { "type": 1, "accuracy": 2, "e": "X", "Lambda": 0, "S": 0, "parity": "g", "v": 6 }
        },
        "count": 1
      }
    ],
    "rhs": [
      { "state": { "particle": "e", "charge": -1 }, "count": 1 },
      {
        "state": {
          "particle": "H2",
          "charge": 0,
          "descriptor": {
            "type": 1,
            "accuracy": 2,
            "e": "J",
            "Lambda": 2,
            "S": 0,
            "parity": "g",
            "v": 17
          }
        },
        "count": 1
      }
    ],
    "type_tags": ["Electronic", "Vibrational"],
    "reversible": false
  },
  "threshold": 13.8803,
  "data": [
    [13.8803, 0],
    [14, 0.00000933062],
    [15, 0.0000134738],
    [16, 0.0000229352],
    [17, 0.0000224563],
    [18, 0.0000219913],
    [19, 0.0000214254],
    [20, 0.000024593],
    [22, 0.0000249676],
    [25, 0.0000258935],
    [30, 0.0000282586],
    [40, 0.0000234896],
    [50, 0.0000203012],
    [60, 0.0000174985],
    [70, 0.0000150482],
    [80, 0.000013269],
    [100, 0.0000111227],
    [120, 0.00000944126],
    [140, 0.00000812654],
    [160, 0.00000714038]
  ]
}