{
  "reaction": {
    "lhs": [
      { "state": { "particle": "e", "charge": -1 }, "count": 1 },
      {
        "state": {
          "particle": "H2",
          "charge": 0,
          "descriptor": { "type": 1, "accuracy": 2, "e": "X", "Lambda": 0, "S": 0, "parity": "g", "v": 6 }
        },
        "count": 1
      }
    ],
    "rhs": [
      { "state": { "particle": "e", "charge": -1 }, "count": 1 },
      {
        "state": {
          "particle": "H2",
          "charge": 0,
          "descriptor": {
            "type": 1,
            "accuracy": 2,
            "e": "EF",
            "Lambda": 0,
            "S": 0,
            "parity": "g",
            "v": 22
          }
        },
        "count": 1
      }
    ],
    "type_tags": ["Electronic", "Vibrational"],
    "reversible": false
  },
  "threshold": 11.4686,
  "data": [
    [11.4686, 0],
    [12, 0.000018725],
    [13, 0.000206787],
    [14, 0.000257332],
    [15, 0.000274341],
    [16, 0.000265548],
    [17, 0.000266203],
    [18, 0.000338098],
    [19, 0.000350356],
    [20, 0.000303589],
    [22, 0.000363271],
    [25, 0.000421302],
    [30, 0.000479066],
    [40, 0.000487408],
    [50, 0.000466413],
    [60, 0.000445139],
    [70, 0.000444886],
    [80, 0.000451894],
    [100, 0.000408901],
    [120, 0.000327848],
    [140, 0.00028113],
    [160, 0.000243861]
  ]
}