{
  "reaction": {
    "lhs": [
      { "state": { "particle": "e", "charge": -1 }, "count": 1 },
      {
        "state": {
          "particle": "H2",
          "charge": 0,
          "descriptor": { "type": 1, "accuracy": 2, "e": "X", "Lambda": 0, "S": 0, "parity": "g", "v": 6 }
        },
        "count": 1
      }
    ],
    "rhs": [
      { "state": { "particle": "e", "charge": -1 }, "count": 1 },
      {
        "state": {
          "particle": "H2",
          "charge": 0,
          "descriptor": {
            "type": 1,
            "accuracy": 2,
            "e": "B",
            "Lambda": 0,
            "S": 0,
            "parity": "u",
            "v": 28
          }
        },
        "count": 1
      }
    ],
    "type_tags": ["Electronic", "Vibrational"],
    "reversible": false
  },
  "threshold": 11.6643,
  "data": [
    [11.6643, 0],
    [12, 0.00118271],
    [13, 0.00307079],
    [14, 0.0046951],
    [15, 0.00605914],
    [16, 0.00719168],
    [17, 0.00811854],
    [18, 0.00886552],
    [19, 0.00945846],
    [20, 0.00992306],
    [22, 0.0105704],
    [25, 0.0112241],
    [30, 0.0124336],
    [40, 0.0137131],
    [50, 0.0139759],
    [60, 0.0139284],
    [70, 0.013724],
    [80, 0.0134237],
    [100, 0.0126318],
    [120, 0.0117322],
    [140, 0.0108769],
    [160, 0.0100932]
  ]
}