{
  "reaction": {
    "lhs": [
      { "state": { "particle": "e", "charge": -1 }, "count": 1 },
      {
        "state": {
          "particle": "H2",
          "charge": 0,
          "descriptor": { "type": 1, "accuracy": 2, "e": "X", "Lambda": 0, "S": 0, "parity": "g", "v": 6 }
        },
        "count": 1
      }
    ],
    "rhs": [
      { "state": { "particle": "e", "charge": -1 }, "count": 1 },
      {
        "state": {
          "particle": "H2",
          "charge": 0,
          "descriptor": {
            "type": 1,
            "accuracy": 2,
            "e": "D",
            "Lambda": 1,
            "S": 0,
            "parity": "u",
            "v": 14
          }
        },
        "count": 1
      }
    ],
    "type_tags": ["Electronic", "Vibrational"],
    "reversible": false
  },
  "threshold": 13.8004,
  "data": [
    [13.8004, 0],
    [14, 0.000126553],
    [15, 0.000367481],
    [16, 0.000542166],
    [17, 0.000655349],
    [18, 0.000746205],
    [19, 0.000848464],
    [20, 0.000965947],
    [22, 0.0011951],
    [25, 0.00145185],
    [30, 0.00176808],
    [40, 0.00220168],
    [50, 0.00246406],
    [60, 0.00263344],
    [70, 0.00269552],
    [80, 0.00268623],
    [100, 0.00260097],
    [120, 0.00247007],
    [140, 0.00234026],
    [160, 0.00222194]
  ]
}