{
  "reaction": {
    "lhs": [
      { "state": { "particle": "e", "charge": -1 }, "count": 1 },
      {
        "state": {
          "particle": "H2",
          "charge": 0,
          "descriptor": { "type": 1, "accuracy": 2, "e": "X", "Lambda": 0, "S": 0, "parity": "g", "v": 6 }
        },
        "count": 1
      }
    ],
    "rhs": [
      { "state": { "particle": "e", "charge": -1 }, "count": 1 },
      {
        "state": {
          "particle": "H2",
          "charge": 0,
          "descriptor": {
            "type": 1,
            "accuracy": 2,
            "e": "Bp",
            "Lambda": 0,
            "S": 0,
            "parity": "u",
            "v": 0
          }
        },
        "count": 1
      }
    ],
    "type_tags": ["Electronic", "Vibrational"],
    "reversible": false
  },
  "threshold": 11.028,
  "data": [
    [11.028, 0],
    [12, 0.00117185],
    [13, 0.00213878],
    [14, 0.0026406],
    [15, 0.00275072],
    [16, 0.00275785],
    [17, 0.00279231],
    [18, 0.00287254],
    [19, 0.003015],
    [20, 0.00318136],
    [22, 0.00335559],
    [25, 0.00336857],
    [30, 0.00324593],
    [40, 0.00286884],
    [50, 0.00277988],
    [60, 0.00272461],
    [70, 0.00258319],
    [80, 0.00242983],
    [100, 0.00210878],
    [120, 0.00192761],
    [140, 0.00179297],
    [160, 0.00166656]
  ]
}