{
  "reaction": {
    "lhs": [
      { "state": { "particle": "e", "charge": -1 }, "count": 1 },
      {
        "state": {
          "particle": "H2",
          "charge": 0,
          "descriptor": { "type": 1, "accuracy": 2, "e": "X", "Lambda": 0, "S": 0, "parity": "g", "v": 6 }
        },
        "count": 1
      }
    ],
    "rhs": [
      { "state": { "particle": "e", "charge": -1 }, "count": 1 },
      {
        "state": {
          "particle": "H2",
          "charge": 0,
          "descriptor": {
            "type": 1,
            "accuracy": 2,
            "e": "B",
            "Lambda": 0,
            "S": 0,
            "parity": "u",
            "v": 32
          }
        },
        "count": 1
      }
    ],
    "type_tags": ["Electronic", "Vibrational"],
    "reversible": false
  },
  "threshold": 11.8952,
  "data": [
    [11.8952, 0],
    [12, 0.000447634],
    [13, 0.00179666],
    [14, 0.00297949],
    [15, 0.00397997],
    [16, 0.00481799],
    [17, 0.00551138],
    [18, 0.00607781],
    [19, 0.00653516],
    [20, 0.00690123],
    [22, 0.00743058],
    [25, 0.00798513],
    [30, 0.00894659],
    [40, 0.0100078],
    [50, 0.0102817],
    [60, 0.0102981],
    [70, 0.0101719],
    [80, 0.0099632],
    [100, 0.00940659],
    [120, 0.00877086],
    [140, 0.00815908],
    [160, 0.00759114]
  ]
}