{
  "reaction": {
    "lhs": [
      { "state": { "particle": "e", "charge": -1 }, "count": 1 },
      {
        "state": {
          "particle": "H2",
          "charge": 0,
          "descriptor": { "type": 1, "accuracy": 2, "e": "X", "Lambda": 0, "S": 0, "parity": "g", "v": 6 }
        },
        "count": 1
      }
    ],
    "rhs": [
      { "state": { "particle": "e", "charge": -1 }, "count": 1 },
      {
        "state": {
          "particle": "H2",
          "charge": 0,
          "descriptor": { "type": 1, "accuracy": 2, "e": "d", "Lambda": 1, "S": 1, "parity": "u", "v": 9 }
        },
        "count": 1
      }
    ],
    "type_tags": ["Electronic", "Vibrational"],
    "reversible": false
  },
  "threshold": 13.1624,
  "data": [
    [13.1624, 0],
    [14, 0.000328651],
    [15, 0.000314098],
    [16, 0.000266656],
    [17, 0.000232991],
    [18, 0.000235222],
    [19, 0.000239366],
    [20, 0.000241597],
    [22, 0.000231778],
    [25, 0.000191479],
    [30, 0.000116129],
    [40, 0.0000397378],
    [50, 0.0000282187],
    [60, 0.0000260241],
    [70, 0.0000218849],
    [80, 0.0000167603],
    [100, 0.0000092652],
    [120, 0.00000481043],
    [140, 0.00000344886],
    [160, 0.00000240988]
  ]
}