{
  "reaction": {
    "lhs": [
      { "state": { "particle": "e", "charge": -1 }, "count": 1 },
      {
        "state": {
          "particle": "H2",
          "charge": 0,
          "descriptor": { "type": 1, "accuracy": 2, "e": "X", "Lambda": 0, "S": 0, "parity": "g", "v": 6 }
        },
        "count": 1
      }
    ],
    "rhs": [
      { "state": { "particle": "e", "charge": -1 }, "count": 1 },
      {
        "state": {
          "particle": "H2",
          "charge": 0,
          "descriptor": {
            "type": 1,
            "accuracy": 2,
            "e": "J",
            "Lambda": 2,
            "S": 0,
            "parity": "g",
            "v": 14
          }
        },
        "count": 1
      }
    ],
    "type_tags": ["Electronic", "Vibrational"],
    "reversible": false
  },
  "threshold": 13.6933,
  "data": [
    [13.6933, 0],
    [14, 0.0000684611],
    [15, 0.0000904471],
    [16, 0.000157539],
    [17, 0.000159889],
    [18, 0.000149664],
    [19, 0.000141453],
    [20, 0.000164978],
    [22, 0.000169697],
    [25, 0.000170953],
    [30, 0.000188795],
    [40, 0.000157256],
    [50, 0.0001356],
    [60, 0.00011215],
    [70, 0.0000998602],
    [80, 0.0000888239],
    [100, 0.0000758923],
    [120, 0.0000630606],
    [140, 0.0000543453],
    [160, 0.0000478158]
  ]
}