{
  "reaction": {
    "lhs": [
      { "state": { "particle": "e", "charge": -1 }, "count": 1 },
      {
        "state": {
          "particle": "H2",
          "charge": 0,
          "descriptor": { "type": 1, "accuracy": 2, "e": "X", "Lambda": 0, "S": 0, "parity": "g", "v": 6 }
        },
        "count": 1
      }
    ],
    "rhs": [
      { "state": { "particle": "e", "charge": -1 }, "count": 1 },
      {
        "state": {
          "particle": "H2",
          "charge": 0,
          "descriptor": {
            "type": 1,
            "accuracy": 2,
            "e": "B",
            "Lambda": 0,
            "S": 0,
            "parity": "u",
            "v": 10
          }
        },
        "count": 1
      }
    ],
    "type_tags": ["Electronic", "Vibrational"],
    "reversible": false
  },
  "threshold": 9.96361,
  "data": [
    [9.96361, 0],
    [10, 0.00147056],
    [11, 0.00961809],
    [12, 0.016288],
    [13, 0.0213464],
    [14, 0.0255923],
    [15, 0.0292911],
    [16, 0.0324798],
    [17, 0.0352046],
    [18, 0.0375123],
    [19, 0.0394491],
    [20, 0.0410612],
    [22, 0.0434977],
    [25, 0.0458792],
    [30, 0.0485845],
    [40, 0.0508214],
    [50, 0.0500573],
    [60, 0.0489469],
    [70, 0.0478222],
    [80, 0.0465763],
    [100, 0.0432943],
    [120, 0.0395586],
    [140, 0.0361357],
    [160, 0.0331465]
  ]
}