{
  "reaction": {
    "lhs": [
      { "state": { "particle": "e", "charge": -1 }, "count": 1 },
      {
        "state": {
          "particle": "H2",
          "charge": 0,
          "descriptor": { "type": 1, "accuracy": 2, "e": "X", "Lambda": 0, "S": 0, "parity": "g", "v": 6 }
        },
        "count": 1
      }
    ],
    "rhs": [
      { "state": { "particle": "e", "charge": -1 }, "count": 1 },
      {
        "state": {
          "particle": "H2",
          "charge": 0,
          "descriptor": {
            "type": 1,
            "accuracy": 2,
            "e": "H",
            "Lambda": 0,
            "S": 0,
            "parity": "g",
            "v": 52
          }
        },
        "count": 1
      }
    ],
    "type_tags": ["Electronic", "Vibrational"],
    "reversible": false
  },
  "threshold": 13.8043,
  "data": [
    [13.8043, 0],
    [14, 0.0000180957],
    [15, 0.0000317829],
    [16, 0.0000469263],
    [17, 0.0000556498],
    [18, 0.000056251],
    [19, 0.0000517884],
    [20, 0.000047099],
    [22, 0.0000444196],
    [25, 0.0000446784],
    [30, 0.0000455269],
    [40, 0.0000400861],
    [50, 0.0000376844],
    [60, 0.0000386689],
    [70, 0.000038248],
    [80, 0.0000340495],
    [100, 0.0000300297],
    [120, 0.0000263834],
    [140, 0.0000241331],
    [160, 0.0000227369]
  ]
}