{
  "reaction": {
    "lhs": [
      { "state": { "particle": "e", "charge": -1 }, "count": 1 },
      {
        "state": {
          "particle": "H2",
          "charge": 0,
          "descriptor": { "type": 1, "accuracy": 2, "e": "X", "Lambda": 0, "S": 0, "parity": "g", "v": 6 }
        },
        "count": 1
      }
    ],
    "rhs": [
      { "state": { "particle": "e", "charge": -1 }, "count": 1 },
      {
        "state": {
          "particle": "H2",
          "charge": 0,
          "descriptor": {
            "type": 1,
            "accuracy": 2,
            "e": "j",
            "Lambda": 2,
            "S": 1,
            "parity": "g",
            "v": 14
          }
        },
        "count": 1
      }
    ],
    "type_tags": ["Electronic", "Vibrational"],
    "reversible": false
  },
  "threshold": 13.7741,
  "data": [
    [13.7741, 0],
    [14, 0.0000460232],
    [15, 0.000106878],
    [16, 0.000104953],
    [17, 0.000100628],
    [18, 0.0000947493],
    [19, 0.000087755],
    [20, 0.0000812123],
    [22, 0.0000694773],
    [25, 0.0000523045],
    [30, 0.0000300416],
    [40, 0.0000184825],
    [50, 0.00001317],
    [60, 0.0000100097],
    [70, 0.0000066055],
    [80, 0.0000041085],
    [100, 0.00000214131],
    [120, 0.00000167799],
    [140, 0.00000119406],
    [160, 8.30212e-7]
  ]
}