{
  "reaction": {
    "lhs": [
      { "state": { "particle": "e", "charge": -1 }, "count": 1 },
      {
        "state": {
          "particle": "H2",
          "charge": 0,
          "descriptor": { "type": 1, "accuracy": 2, "e": "X", "Lambda": 0, "S": 0, "parity": "g", "v": 6 }
        },
        "count": 1
      }
    ],
    "rhs": [
      { "state": { "particle": "e", "charge": -1 }, "count": 1 },
      {
        "state": {
          "particle": "H2",
          "charge": 0,
          "descriptor": {
            "type": 1,
            "accuracy": 2,
            "e": "B",
            "Lambda": 0,
            "S": 0,
            "parity": "u",
            "v": 24
          }
        },
        "count": 1
      }
    ],
    "type_tags": ["Electronic", "Vibrational"],
    "reversible": false
  },
  "threshold": 11.3758,
  "data": [
    [11.3758, 0],
    [12, 0.000867153],
    [13, 0.00170249],
    [14, 0.0023943],
    [15, 0.00296389],
    [16, 0.00342446],
    [17, 0.00378889],
    [18, 0.00407007],
    [19, 0.0042809],
    [20, 0.00443433],
    [22, 0.00462056],
    [25, 0.00479207],
    [30, 0.00524523],
    [40, 0.0056529],
    [50, 0.00569783],
    [60, 0.00563608],
    [70, 0.00552494],
    [80, 0.00538445],
    [100, 0.00503472],
    [120, 0.0046504],
    [140, 0.00429144],
    [160, 0.00396793]
  ]
}