{
  "reaction": {
    "lhs": [
      { "state": { "particle": "e", "charge": -1 }, "count": 1 },
      {
        "state": {
          "particle": "H2",
          "charge": 0,
          "descriptor": { "type": 1, "accuracy": 2, "e": "X", "Lambda": 0, "S": 0, "parity": "g", "v": 6 }
        },
        "count": 1
      }
    ],
    "rhs": [
      { "state": { "particle": "e", "charge": -1 }, "count": 1 },
      {
        "state": {
          "particle": "H2",
          "charge": 0,
          "descriptor": {
            "type": 1,
            "accuracy": 2,
            "e": "j",
            "Lambda": 2,
            "S": 1,
            "parity": "g",
            "v": 16
          }
        },
        "count": 1
      }
    ],
    "type_tags": ["Electronic", "Vibrational"],
    "reversible": false
  },
  "threshold": 13.8798,
  "data": [
    [13.8798, 0],
    [14, 0.0000239018],
    [15, 0.0000506988],
    [16, 0.0000503148],
    [17, 0.0000468147],
    [18, 0.0000448261],
    [19, 0.0000410624],
    [20, 0.0000375635],
    [22, 0.00003219],
    [25, 0.0000245017],
    [30, 0.000014669],
    [40, 0.00000966509],
    [50, 0.0000071779],
    [60, 0.00000553294],
    [70, 0.00000368234],
    [80, 0.00000226295],
    [100, 0.00000116014],
    [120, 8.97999e-7],
    [140, 6.38567e-7],
    [160, 4.4321e-7]
  ]
}