{
  "reaction": {
    "lhs": [
      { "state": { "particle": "e", "charge": -1 }, "count": 1 },
      {
        "state": {
          "particle": "H2",
          "charge": 0,
          "descriptor": { "type": 1, "accuracy": 2, "e": "X", "Lambda": 0, "S": 0, "parity": "g", "v": 6 }
        },
        "count": 1
      }
    ],
    "rhs": [
      { "state": { "particle": "e", "charge": -1 }, "count": 1 },
      {
        "state": {
          "particle": "H2",
          "charge": 0,
          "descriptor": {
            "type": 1,
            "accuracy": 2,
            "e": "H",
            "Lambda": 0,
            "S": 0,
            "parity": "g",
            "v": 58
          }
        },
        "count": 1
      }
    ],
    "type_tags": ["Electronic", "Vibrational"],
    "reversible": false
  },
  "threshold": 13.8824,
  "data": [
    [13.8824, 0],
    [14, 0.0000241379],
    [15, 0.0000467261],
    [16, 0.000068849],
    [17, 0.0000804794],
    [18, 0.0000818878],
    [19, 0.0000777401],
    [20, 0.000073356],
    [22, 0.0000713815],
    [25, 0.0000717009],
    [30, 0.0000707758],
    [40, 0.0000624258],
    [50, 0.0000595804],
    [60, 0.0000615009],
    [70, 0.0000619809],
    [80, 0.0000575727],
    [100, 0.0000511765],
    [120, 0.0000452854],
    [140, 0.0000413191],
    [160, 0.0000383664]
  ]
}