{
  "reaction": {
    "lhs": [
      { "state": { "particle": "e", "charge": -1 }, "count": 1 },
      {
        "state": {
          "particle": "H2",
          "charge": 0,
          "descriptor": { "type": 1, "accuracy": 2, "e": "X", "Lambda": 0, "S": 0, "parity": "g", "v": 6 }
        },
        "count": 1
      }
    ],
    "rhs": [
      { "state": { "particle": "e", "charge": -1 }, "count": 1 },
      {
        "state": {
          "particle": "H2",
          "charge": 0,
          "descriptor": {
            "type": 1,
            "accuracy": 2,
            "e": "Bp",
            "Lambda": 0,
            "S": 0,
            "parity": "u",
            "v": 4
          }
        },
        "count": 1
      }
    ],
    "type_tags": ["Electronic", "Vibrational"],
    "reversible": false
  },
  "threshold": 11.8279,
  "data": [
    [11.8279, 0],
    [12, 0.00161171],
    [13, 0.00322205],
    [14, 0.00442967],
    [15, 0.00511003],
    [16, 0.00545161],
    [17, 0.00575289],
    [18, 0.00607168],
    [19, 0.00635237],
    [20, 0.00659653],
    [22, 0.00702666],
    [25, 0.00733968],
    [30, 0.00743564],
    [40, 0.0071381],
    [50, 0.00711036],
    [60, 0.00707022],
    [70, 0.00685368],
    [80, 0.00659413],
    [100, 0.00598856],
    [120, 0.00544694],
    [140, 0.00498693],
    [160, 0.00459238]
  ]
}