{
  "reaction": {
    "lhs": [
      { "state": { "particle": "e", "charge": -1 }, "count": 1 },
      {
        "state": {
          "particle": "H2",
          "charge": 0,
          "descriptor": { "type": 1, "accuracy": 2, "e": "X", "Lambda": 0, "S": 0, "parity": "g", "v": 6 }
        },
        "count": 1
      }
    ],
    "rhs": [
      { "state": { "particle": "e", "charge": -1 }, "count": 1 },
      {
        "state": {
          "particle": "H2",
          "charge": 0,
          "descriptor": {
            "type": 1,
            "accuracy": 2,
            "e": "H",
            "Lambda": 0,
            "S": 0,
            "parity": "g",
            "v": 50
          }
        },
        "count": 1
      }
    ],
    "type_tags": ["Electronic", "Vibrational"],
    "reversible": false
  },
  "threshold": 13.7633,
  "data": [
    [13.7633, 0],
    [14, 0.0000149622],
    [15, 0.000024976],
    [16, 0.0000370865],
    [17, 0.0000444731],
    [18, 0.0000448548],
    [19, 0.0000405707],
    [20, 0.0000360442],
    [22, 0.000033227],
    [25, 0.0000334224],
    [30, 0.0000348691],
    [40, 0.0000306892],
    [50, 0.0000285136],
    [60, 0.0000291163],
    [70, 0.0000284755],
    [80, 0.0000246909],
    [100, 0.0000216612],
    [120, 0.0000189732],
    [140, 0.0000173973],
    [160, 0.0000165488]
  ]
}