{
  "reaction": {
    "lhs": [
      { "state": { "particle": "e", "charge": -1 }, "count": 1 },
      {
        "state": {
          "particle": "H2",
          "charge": 0,
          "descriptor": { "type": 1, "accuracy": 2, "e": "X", "Lambda": 0, "S": 0, "parity": "g", "v": 6 }
        },
        "count": 1
      }
    ],
    "rhs": [
      { "state": { "particle": "e", "charge": -1 }, "count": 1 },
      {
        "state": {
          "particle": "H2",
          "charge": 0,
          "descriptor": { "type": 1, "accuracy": 2, "e": "g", "Lambda": 0, "S": 1, "parity": "g", "v": 7 }
        },
        "count": 1
      }
    ],
    "type_tags": ["Electronic", "Vibrational"],
    "reversible": false
  },
  "threshold": 12.8939,
  "data": [
    [12.8939, 0],
    [13, 0.00108414],
    [14, 0.00322576],
    [15, 0.00314134],
    [16, 0.00295104],
    [17, 0.00268463],
    [18, 0.00229899],
    [19, 0.00185984],
    [20, 0.00151796],
    [22, 0.00112491],
    [25, 0.00080279],
    [30, 0.000547363],
    [40, 0.000336414],
    [50, 0.000233933],
    [60, 0.000171717],
    [70, 0.000112825],
    [80, 0.0000719343],
    [100, 0.0000386238],
    [120, 0.0000305595],
    [140, 0.0000219997],
    [160, 0.0000155726]
  ]
}