{
  "reaction": {
    "lhs": [
      { "state": { "particle": "e", "charge": -1 }, "count": 1 },
      {
        "state": {
          "particle": "H2",
          "charge": 0,
          "descriptor": { "type": 1, "accuracy": 2, "e": "X", "Lambda": 0, "S": 0, "parity": "g", "v": 6 }
        },
        "count": 1
      }
    ],
    "rhs": [
      { "state": { "particle": "e", "charge": -1 }, "count": 1 },
      {
        "state": {
          "particle": "H2",
          "charge": 0,
          "descriptor": {
            "type": 1,
            "accuracy": 2,
            "e": "C",
            "Lambda": 1,
            "S": 0,
            "parity": "u",
            "v": 11
          }
        },
        "count": 1
      }
    ],
    "type_tags": ["Electronic", "Vibrational"],
    "reversible": false
  },
  "threshold": 11.8591,
  "data": [
    [11.8591, 0],
    [12, 0.000332651],
    [13, 0.00131263],
    [14, 0.00207202],
    [15, 0.00265952],
    [16, 0.00318631],
    [17, 0.00370858],
    [18, 0.00422631],
    [19, 0.00472416],
    [20, 0.00519866],
    [22, 0.00607984],
    [25, 0.00713626],
    [30, 0.00812838],
    [40, 0.00941665],
    [50, 0.0101114],
    [60, 0.0104691],
    [70, 0.0105283],
    [80, 0.0103733],
    [100, 0.00987284],
    [120, 0.00926533],
    [140, 0.00869336],
    [160, 0.00818624]
  ]
}