{
  "reaction": {
    "lhs": [
      { "state": { "particle": "e", "charge": -1 }, "count": 1 },
      {
        "state": {
          "particle": "H2",
          "charge": 0,
          "descriptor": { "type": 1, "accuracy": 2, "e": "X", "Lambda": 0, "S": 0, "parity": "g", "v": 6 }
        },
        "count": 1
      }
    ],
    "rhs": [
      { "state": { "particle": "e", "charge": -1 }, "count": 1 },
      {
        "state": {
          "particle": "H2",
          "charge": 0,
          "descriptor": {
            "type": 1,
            "accuracy": 2,
            "e": "c",
            "Lambda": 1,
            "S": 1,
            "parity": "u",
            "v": 13
          }
        },
        "count": 1
      }
    ],
    "type_tags": ["Electronic", "Vibrational"],
    "reversible": false
  },
  "threshold": 11.7423,
  "data": [
    [11.7423, 0],
    [12, 0.00886976],
    [13, 0.00919206],
    [14, 0.00959866],
    [15, 0.00953466],
    [16, 0.00900426],
    [17, 0.00799374],
    [18, 0.00728464],
    [19, 0.00704812],
    [20, 0.0066656],
    [22, 0.00552974],
    [25, 0.00437426],
    [30, 0.00308414],
    [40, 0.00144132],
    [50, 0.00083192],
    [60, 0.000600328],
    [70, 0.000423753],
    [80, 0.000337152],
    [100, 0.000175433],
    [120, 0.0000947624],
    [140, 0.0000681282],
    [160, 0.0000477899]
  ]
}