{
  "reaction": {
    "lhs": [
      { "state": { "particle": "e", "charge": -1 }, "count": 1 },
      {
        "state": {
          "particle": "H2",
          "charge": 0,
          "descriptor": { "type": 1, "accuracy": 2, "e": "X", "Lambda": 0, "S": 0, "parity": "g", "v": 6 }
        },
        "count": 1
      }
    ],
    "rhs": [
      { "state": { "particle": "e", "charge": -1 }, "count": 1 },
      {
        "state": {
          "particle": "H2",
          "charge": 0,
          "descriptor": {
            "type": 1,
            "accuracy": 2,
            "e": "EF",
            "Lambda": 0,
            "S": 0,
            "parity": "g",
            "v": 1
          }
        },
        "count": 1
      }
    ],
    "type_tags": ["Electronic", "Vibrational"],
    "reversible": false
  },
  "threshold": 9.65393,
  "data": [
    [9.65393, 0],
    [10, 7.87301e-7],
    [11, 0.00000136223],
    [12, 0.00000136938],
    [13, 0.0000017078],
    [14, 0.00000189917],
    [15, 0.00000201311],
    [16, 0.00000204441],
    [17, 0.00000196222],
    [18, 0.00000193407],
    [19, 0.00000194307],
    [20, 0.00000192249],
    [22, 0.00000183126],
    [25, 0.0000016976],
    [30, 0.00000150131],
    [40, 0.00000119309],
    [50, 0.00000107635],
    [60, 0.00000101461],
    [70, 9.05716e-7],
    [80, 8.12814e-7],
    [100, 6.66719e-7],
    [120, 5.57525e-7],
    [140, 4.909e-7],
    [160, 4.35684e-7]
  ]
}