{
  "reaction": {
    "lhs": [
      { "state": { "particle": "e", "charge": -1 }, "count": 1 },
      {
        "state": {
          "particle": "H2",
          "charge": 0,
          "descriptor": { "type": 1, "accuracy": 2, "e": "X", "Lambda": 0, "S": 0, "parity": "g", "v": 6 }
        },
        "count": 1
      }
    ],
    "rhs": [
      { "state": { "particle": "e", "charge": -1 }, "count": 1 },
      {
        "state": {
          "particle": "H2",
          "charge": 0,
          "descriptor": {
            "type": 1,
            "accuracy": 2,
            "e": "g",
            "Lambda": 0,
            "S": 1,
            "parity": "g",
            "v": 17
          }
        },
        "count": 1
      }
    ],
    "type_tags": ["Electronic", "Vibrational"],
    "reversible": false
  },
  "threshold": 13.8877,
  "data": [
    [13.8877, 0],
    [14, 0.0000572475],
    [15, 0.0000892357],
    [16, 0.0000881689],
    [17, 0.0000839654],
    [18, 0.0000748993],
    [19, 0.0000634078],
    [20, 0.0000542306],
    [22, 0.0000435476],
    [25, 0.0000338674],
    [30, 0.0000245447],
    [40, 0.0000137527],
    [50, 0.0000092516],
    [60, 0.00000697267],
    [70, 0.00000470772],
    [80, 0.00000316598],
    [100, 0.00000166654],
    [120, 0.00000117729],
    [140, 8.42319e-7],
    [160, 5.89134e-7]
  ]
}