{
  "reaction": {
    "lhs": [
      { "state": { "particle": "e", "charge": -1 }, "count": 1 },
      {
        "state": {
          "particle": "H2",
          "charge": 0,
          "descriptor": { "type": 1, "accuracy": 2, "e": "X", "Lambda": 0, "S": 0, "parity": "g", "v": 6 }
        },
        "count": 1
      }
    ],
    "rhs": [
      { "state": { "particle": "e", "charge": -1 }, "count": 1 },
      {
        "state": {
          "particle": "H2",
          "charge": 0,
          "descriptor": {
            "type": 1,
            "accuracy": 2,
            "e": "H",
            "Lambda": 0,
            "S": 0,
            "parity": "g",
            "v": 27
          }
        },
        "count": 1
      }
    ],
    "type_tags": ["Electronic", "Vibrational"],
    "reversible": false
  },
  "threshold": 13.1701,
  "data": [
    [13.1701, 0],
    [14, 0.0000653998],
    [15, 0.00010048],
    [16, 0.000106764],
    [17, 0.0000962762],
    [18, 0.0000885772],
    [19, 0.0000892927],
    [20, 0.0000935291],
    [22, 0.0000975802],
    [25, 0.0000982302],
    [30, 0.0000939183],
    [40, 0.0000841624],
    [50, 0.0000840278],
    [60, 0.0000898409],
    [70, 0.0000943656],
    [80, 0.0000925848],
    [100, 0.0000818295],
    [120, 0.0000717179],
    [140, 0.000063977],
    [160, 0.0000580278]
  ]
}