{
  "reaction": {
    "lhs": [
      { "state": { "particle": "e", "charge": -1 }, "count": 1 },
      {
        "state": {
          "particle": "H2",
          "charge": 0,
          "descriptor": { "type": 1, "accuracy": 2, "e": "X", "Lambda": 0, "S": 0, "parity": "g", "v": 6 }
        },
        "count": 1
      }
    ],
    "rhs": [
      { "state": { "particle": "e", "charge": -1 }, "count": 1 },
      {
        "state": {
          "particle": "H2",
          "charge": 0,
          "descriptor": {
            "type": 1,
            "accuracy": 2,
            "e": "EF",
            "Lambda": 0,
            "S": 0,
            "parity": "g",
            "v": 21
          }
        },
        "count": 1
      }
    ],
    "type_tags": ["Electronic", "Vibrational"],
    "reversible": false
  },
  "threshold": 11.3961,
  "data": [
    [11.3961, 0],
    [12, 0.000261595],
    [13, 0.000805978],
    [14, 0.000881409],
    [15, 0.000966047],
    [16, 0.00099448],
    [17, 0.00100488],
    [18, 0.00114973],
    [19, 0.0011945],
    [20, 0.00112205],
    [22, 0.0012287],
    [25, 0.00134311],
    [30, 0.00144598],
    [40, 0.00144562],
    [50, 0.00139257],
    [60, 0.00134759],
    [70, 0.00133943],
    [80, 0.00134498],
    [100, 0.00121867],
    [120, 0.000990331],
    [140, 0.000857126],
    [160, 0.000750006]
  ]
}