{
  "reaction": {
    "lhs": [
      { "state": { "particle": "e", "charge": -1 }, "count": 1 },
      {
        "state": {
          "particle": "H2",
          "charge": 0,
          "descriptor": { "type": 1, "accuracy": 2, "e": "X", "Lambda": 0, "S": 0, "parity": "g", "v": 6 }
        },
        "count": 1
      }
    ],
    "rhs": [
      { "state": { "particle": "e", "charge": -1 }, "count": 1 },
      {
        "state": {
          "particle": "H2",
          "charge": 0,
          "descriptor": { "type": 1, "accuracy": 2, "e": "J", "Lambda": 2, "S": 0, "parity": "g", "v": 0 }
        },
        "count": 1
      }
    ],
    "type_tags": ["Electronic", "Vibrational"],
    "reversible": false
  },
  "threshold": 11.2709,
  "data": [
    [11.2709, 0],
    [12, 0.0000743382],
    [13, 0.000153352],
    [14, 0.0000711405],
    [15, 0.0000240264],
    [16, 0.0000216393],
    [17, 0.0000222031],
    [18, 0.0000314876],
    [19, 0.0000426523],
    [20, 0.0000325649],
    [22, 0.000046119],
    [25, 0.0000399093],
    [30, 0.0000319246],
    [40, 0.0000212011],
    [50, 0.0000233567],
    [60, 0.0000215603],
    [70, 0.0000181151],
    [80, 0.000014141],
    [100, 0.0000114067],
    [120, 0.00000937927],
    [140, 0.00000799676],
    [160, 0.0000070164]
  ]
}