{
  "reaction": {
    "lhs": [
      { "state": { "particle": "e", "charge": -1 }, "count": 1 },
      {
        "state": {
          "particle": "H2",
          "charge": 0,
          "descriptor": { "type": 1, "accuracy": 2, "e": "X", "Lambda": 0, "S": 0, "parity": "g", "v": 6 }
        },
        "count": 1
      }
    ],
    "rhs": [
      { "state": { "particle": "e", "charge": -1 }, "count": 1 },
      {
        "state": {
          "particle": "H2",
          "charge": 0,
          "descriptor": { "type": 1, "accuracy": 2, "e": "d", "Lambda": 1, "S": 1, "parity": "u", "v": 1 }
        },
        "count": 1
      }
    ],
    "type_tags": ["Electronic", "Vibrational"],
    "reversible": false
  },
  "threshold": 11.4659,
  "data": [
    [11.4659, 0],
    [12, 0.00541058],
    [13, 0.0055917],
    [14, 0.00565843],
    [15, 0.00566796],
    [16, 0.00502707],
    [17, 0.00405668],
    [18, 0.00343431],
    [19, 0.00290968],
    [20, 0.00251952],
    [22, 0.00203661],
    [25, 0.00169607],
    [30, 0.00142952],
    [40, 0.000760928],
    [50, 0.000469412],
    [60, 0.000321816],
    [70, 0.000204547],
    [80, 0.000135996],
    [100, 0.000060199],
    [120, 0.0000372522],
    [140, 0.00002672],
    [160, 0.0000186729]
  ]
}