{
  "reaction": {
    "lhs": [
      { "state": { "particle": "e", "charge": -1 }, "count": 1 },
      {
        "state": {
          "particle": "H2",
          "charge": 0,
          "descriptor": { "type": 1, "accuracy": 2, "e": "X", "Lambda": 0, "S": 0, "parity": "g", "v": 6 }
        },
        "count": 1
      }
    ],
    "rhs": [
      { "state": { "particle": "e", "charge": -1 }, "count": 1 },
      {
        "state": {
          "particle": "H2",
          "charge": 0,
          "descriptor": {
            "type": 1,
            "accuracy": 2,
            "e": "B",
            "Lambda": 0,
            "S": 0,
            "parity": "u",
            "v": 13
          }
        },
        "count": 1
      }
    ],
    "type_tags": ["Electronic", "Vibrational"],
    "reversible": false
  },
  "threshold": 10.3222,
  "data": [
    [10.3222, 0],
    [11, 0.00394194],
    [12, 0.00755288],
    [13, 0.010448],
    [14, 0.0128102],
    [15, 0.0147348],
    [16, 0.0162674],
    [17, 0.0174536],
    [18, 0.0183393],
    [19, 0.0189703],
    [20, 0.0193925],
    [22, 0.0197937],
    [25, 0.0199761],
    [30, 0.0208908],
    [40, 0.0219614],
    [50, 0.0218927],
    [60, 0.0214872],
    [70, 0.020944],
    [80, 0.0203009],
    [100, 0.0188349],
    [120, 0.0173132],
    [140, 0.0159157],
    [160, 0.0146695]
  ]
}