{
  "reaction": {
    "lhs": [
      { "state": { "particle": "e", "charge": -1 }, "count": 1 },
      {
        "state": {
          "particle": "H2",
          "charge": 0,
          "descriptor": { "type": 1, "accuracy": 2, "e": "X", "Lambda": 0, "S": 0, "parity": "g", "v": 6 }
        },
        "count": 1
      }
    ],
    "rhs": [
      { "state": { "particle": "e", "charge": -1 }, "count": 1 },
      {
        "state": {
          "particle": "H2",
          "charge": 0,
          "descriptor": {
            "type": 1,
            "accuracy": 2,
            "e": "B",
            "Lambda": 0,
            "S": 0,
            "parity": "u",
            "v": 19
          }
        },
        "count": 1
      }
    ],
    "type_tags": ["Electronic", "Vibrational"],
    "reversible": false
  },
  "threshold": 10.9453,
  "data": [
    [10.9453, 0],
    [11, 0.000320804],
    [12, 0.0019412],
    [13, 0.00338656],
    [14, 0.00462601],
    [15, 0.00567639],
    [16, 0.00655633],
    [17, 0.00728411],
    [18, 0.00787824],
    [19, 0.00835717],
    [20, 0.00873934],
    [22, 0.00928702],
    [25, 0.00984386],
    [30, 0.010783],
    [40, 0.0118005],
    [50, 0.0119148],
    [60, 0.0118218],
    [70, 0.0116493],
    [80, 0.01141],
    [100, 0.010729],
    [120, 0.00992478],
    [140, 0.00916451],
    [160, 0.00847791]
  ]
}