{
  "reaction": {
    "lhs": [
      { "state": { "particle": "e", "charge": -1 }, "count": 1 },
      {
        "state": {
          "particle": "H2",
          "charge": 0,
          "descriptor": { "type": 1, "accuracy": 2, "e": "X", "Lambda": 0, "S": 0, "parity": "g", "v": 6 }
        },
        "count": 1
      }
    ],
    "rhs": [
      { "state": { "particle": "e", "charge": -1 }, "count": 1 },
      {
        "state": {
          "particle": "H2",
          "charge": 0,
          "descriptor": { "type": 1, "accuracy": 2, "e": "C", "Lambda": 1, "S": 0, "parity": "u", "v": 1 }
        },
        "count": 1
      }
    ],
    "type_tags": ["Electronic", "Vibrational"],
    "reversible": false
  },
  "threshold": 9.90939,
  "data": [
    [9.90939, 0],
    [10, 0.00249054],
    [11, 0.00951373],
    [12, 0.0153962],
    [13, 0.0193551],
    [14, 0.0221278],
    [15, 0.0246022],
    [16, 0.0272057],
    [17, 0.0299572],
    [18, 0.0326997],
    [19, 0.0352652],
    [20, 0.0375302],
    [22, 0.0410538],
    [25, 0.0445756],
    [30, 0.0486257],
    [40, 0.0554818],
    [50, 0.0591333],
    [60, 0.0604329],
    [70, 0.0602033],
    [80, 0.0588582],
    [100, 0.0553031],
    [120, 0.0513058],
    [140, 0.0476492],
    [160, 0.0444793]
  ]
}