{
  "reaction": {
    "lhs": [
      { "state": { "particle": "e", "charge": -1 }, "count": 1 },
      {
        "state": {
          "particle": "H2",
          "charge": 0,
          "descriptor": { "type": 1, "accuracy": 2, "e": "X", "Lambda": 0, "S": 0, "parity": "g", "v": 6 }
        },
        "count": 1
      }
    ],
    "rhs": [
      { "state": { "particle": "e", "charge": -1 }, "count": 1 },
      {
        "state": {
          "particle": "H2",
          "charge": 0,
          "descriptor": {
            "type": 1,
            "accuracy": 2,
            "e": "d",
            "Lambda": 1,
            "S": 1,
            "parity": "u",
            "v": 10
          }
        },
        "count": 1
      }
    ],
    "type_tags": ["Electronic", "Vibrational"],
    "reversible": false
  },
  "threshold": 13.311,
  "data": [
    [13.311, 0],
    [14, 0.00000158543],
    [15, 0.00000187265],
    [16, 0.00000799176],
    [17, 0.0000140575],
    [18, 0.0000108006],
    [19, 0.00000472557],
    [20, 0.0000013756],
    [22, 0.00000114843],
    [25, 9.68261e-7],
    [30, 9.10058e-7],
    [40, 0.00000212974],
    [50, 0.00000130358],
    [60, 3.12011e-7],
    [70, 1.2833e-7],
    [80, 8.98339e-8],
    [100, 4.04234e-8],
    [120, 2.71193e-8],
    [140, 1.94664e-8],
    [160, 1.36349e-8]
  ]
}