{
  "reaction": {
    "lhs": [
      { "state": { "particle": "e", "charge": -1 }, "count": 1 },
      {
        "state": {
          "particle": "H2",
          "charge": 0,
          "descriptor": { "type": 1, "accuracy": 2, "e": "X", "Lambda": 0, "S": 0, "parity": "g", "v": 6 }
        },
        "count": 1
      }
    ],
    "rhs": [
      { "state": { "particle": "e", "charge": -1 }, "count": 1 },
      {
        "state": {
          "particle": "H2",
          "charge": 0,
          "descriptor": {
            "type": 1,
            "accuracy": 2,
            "e": "H",
            "Lambda": 0,
            "S": 0,
            "parity": "g",
            "v": 43
          }
        },
        "count": 1
      }
    ],
    "type_tags": ["Electronic", "Vibrational"],
    "reversible": false
  },
  "threshold": 13.587,
  "data": [
    [13.587, 0],
    [14, 0.0000039002],
    [15, 0.00000334099],
    [16, 0.00000473097],
    [17, 0.00000630988],
    [18, 0.00000622662],
    [19, 0.00000449096],
    [20, 0.0000026687],
    [22, 0.00000124692],
    [25, 0.00000119085],
    [30, 0.00000240799],
    [40, 0.0000021062],
    [50, 0.00000141229],
    [60, 0.00000122954],
    [70, 9.62931e-7],
    [80, 3.51547e-7],
    [100, 2.45345e-7],
    [120, 1.97352e-7],
    [140, 2.11256e-7],
    [160, 2.98855e-7]
  ]
}