{
  "reaction": {
    "lhs": [
      { "state": { "particle": "e", "charge": -1 }, "count": 1 },
      {
        "state": {
          "particle": "H2",
          "charge": 0,
          "descriptor": { "type": 1, "accuracy": 2, "e": "X", "Lambda": 0, "S": 0, "parity": "g", "v": 6 }
        },
        "count": 1
      }
    ],
    "rhs": [
      { "state": { "particle": "e", "charge": -1 }, "count": 1 },
      {
        "state": {
          "particle": "H2",
          "charge": 0,
          "descriptor": {
            "type": 1,
            "accuracy": 2,
            "e": "d",
            "Lambda": 1,
            "S": 1,
            "parity": "u",
            "v": 12
          }
        },
        "count": 1
      }
    ],
    "type_tags": ["Electronic", "Vibrational"],
    "reversible": false
  },
  "threshold": 13.5634,
  "data": [
    [13.5634, 0],
    [14, 0.00071965],
    [15, 0.00102195],
    [16, 0.00102114],
    [17, 0.00101528],
    [18, 0.000970089],
    [19, 0.000875337],
    [20, 0.000791926],
    [22, 0.00068607],
    [25, 0.000555925],
    [30, 0.000387632],
    [40, 0.00018478],
    [50, 0.00011329],
    [60, 0.000088354],
    [70, 0.0000669197],
    [80, 0.0000550792],
    [100, 0.0000300427],
    [120, 0.0000157295],
    [140, 0.0000112798],
    [160, 0.00000788393]
  ]
}