{
  "reaction": {
    "lhs": [
      { "state": { "particle": "e", "charge": -1 }, "count": 1 },
      {
        "state": {
          "particle": "H2",
          "charge": 0,
          "descriptor": { "type": 1, "accuracy": 2, "e": "X", "Lambda": 0, "S": 0, "parity": "g", "v": 6 }
        },
        "count": 1
      }
    ],
    "rhs": [
      { "state": { "particle": "e", "charge": -1 }, "count": 1 },
      {
        "state": {
          "particle": "H2",
          "charge": 0,
          "descriptor": {
            "type": 1,
            "accuracy": 2,
            "e": "a",
            "Lambda": 0,
            "S": 1,
            "parity": "g",
            "v": 10
          }
        },
        "count": 1
      }
    ],
    "type_tags": ["Electronic", "Vibrational"],
    "reversible": false
  },
  "threshold": 11.524,
  "data": [
    [11.524, 0],
    [12, 0.0157801],
    [13, 0.01976],
    [14, 0.0165434],
    [15, 0.0137714],
    [16, 0.0118272],
    [17, 0.0103049],
    [18, 0.00900976],
    [19, 0.00793092],
    [20, 0.00705182],
    [22, 0.00564077],
    [25, 0.00402793],
    [30, 0.00220026],
    [40, 0.000926428],
    [50, 0.000558279],
    [60, 0.000467743],
    [70, 0.000365178],
    [80, 0.000290532],
    [100, 0.000179475],
    [120, 0.000116343],
    [140, 0.0000843895],
    [160, 0.0000603004]
  ]
}