{
  "reaction": {
    "lhs": [
      { "state": { "particle": "e", "charge": -1 }, "count": 1 },
      {
        "state": {
          "particle": "H2",
          "charge": 0,
          "descriptor": { "type": 1, "accuracy": 2, "e": "X", "Lambda": 0, "S": 0, "parity": "g", "v": 6 }
        },
        "count": 1
      }
    ],
    "rhs": [
      { "state": { "particle": "e", "charge": -1 }, "count": 1 },
      {
        "state": {
          "particle": "H2",
          "charge": 0,
          "descriptor": { "type": 1, "accuracy": 2, "e": "e", "Lambda": 0, "S": 1, "parity": "u", "v": 1 }
        },
        "count": 1
      }
    ],
    "type_tags": ["Electronic", "Vibrational"],
    "reversible": false
  },
  "threshold": 10.8142,
  "data": [
    [10.8142, 0],
    [11, 0.0038176],
    [12, 0.0122687],
    [13, 0.0101481],
    [14, 0.010422],
    [15, 0.00987378],
    [16, 0.00869217],
    [17, 0.00758129],
    [18, 0.00712735],
    [19, 0.00696706],
    [20, 0.00678541],
    [22, 0.00614926],
    [25, 0.0051067],
    [30, 0.00349151],
    [40, 0.0013468],
    [50, 0.00105951],
    [60, 0.00100647],
    [70, 0.000727434],
    [80, 0.000372448],
    [100, 0.000149203],
    [120, 0.000102283],
    [140, 0.0000740317],
    [160, 0.0000524384]
  ]
}