{
  "reaction": {
    "lhs": [
      { "state": { "particle": "e", "charge": -1 }, "count": 1 },
      {
        "state": {
          "particle": "H2",
          "charge": 0,
          "descriptor": { "type": 1, "accuracy": 2, "e": "X", "Lambda": 0, "S": 0, "parity": "g", "v": 6 }
        },
        "count": 1
      }
    ],
    "rhs": [
      { "state": { "particle": "e", "charge": -1 }, "count": 1 },
      {
        "state": {
          "particle": "H2",
          "charge": 0,
          "descriptor": {
            "type": 1,
            "accuracy": 2,
            "e": "H",
            "Lambda": 0,
            "S": 0,
            "parity": "g",
            "v": 64
          }
        },
        "count": 1
      }
    ],
    "type_tags": ["Electronic", "Vibrational"],
    "reversible": false
  },
  "threshold": 13.9028,
  "data": [
    [13.9028, 0],
    [14, 0.0000255398],
    [15, 0.0000526073],
    [16, 0.0000779208],
    [17, 0.0000907327],
    [18, 0.0000928511],
    [19, 0.0000895043],
    [20, 0.0000857398],
    [22, 0.0000841555],
    [25, 0.000084351],
    [30, 0.0000827297],
    [40, 0.0000731623],
    [50, 0.0000700065],
    [60, 0.0000723397],
    [70, 0.0000736106],
    [80, 0.0000698491],
    [100, 0.0000622761],
    [120, 0.000055458],
    [140, 0.0000506107],
    [160, 0.0000467062]
  ]
}