{
  "reaction": {
    "lhs": [
      { "state": { "particle": "e", "charge": -1 }, "count": 1 },
      {
        "state": {
          "particle": "H2",
          "charge": 0,
          "descriptor": { "type": 1, "accuracy": 2, "e": "X", "Lambda": 0, "S": 0, "parity": "g", "v": 6 }
        },
        "count": 1
      }
    ],
    "rhs": [
      { "state": { "particle": "e", "charge": -1 }, "count": 1 },
      {
        "state": {
          "particle": "H2",
          "charge": 0,
          "descriptor": {
            "type": 1,
            "accuracy": 2,
            "e": "GK",
            "Lambda": 0,
            "S": 0,
            "parity": "g",
            "v": 1
          }
        },
        "count": 1
      }
    ],
    "type_tags": ["Electronic", "Vibrational"],
    "reversible": false
  },
  "threshold": 11.1783,
  "data": [
    [11.1783, 0],
    [12, 0.000378885],
    [13, 0.0000152423],
    [14, 0.000392982],
    [15, 0.000341015],
    [16, 0.000506069],
    [17, 0.000553865],
    [18, 0.000537453],
    [19, 0.000482844],
    [20, 0.000400601],
    [22, 0.000414524],
    [25, 0.00034787],
    [30, 0.000365026],
    [40, 0.000309047],
    [50, 0.000364168],
    [60, 0.000395793],
    [70, 0.000433903],
    [80, 0.000514961],
    [100, 0.000449036],
    [120, 0.000383215],
    [140, 0.000324052],
    [160, 0.000277594]
  ]
}