{
  "reaction": {
    "lhs": [
      { "state": { "particle": "e", "charge": -1 }, "count": 1 },
      {
        "state": {
          "particle": "H2",
          "charge": 0,
          "descriptor": { "type": 1, "accuracy": 2, "e": "X", "Lambda": 0, "S": 0, "parity": "g", "v": 6 }
        },
        "count": 1
      }
    ],
    "rhs": [
      { "state": { "particle": "e", "charge": -1 }, "count": 1 },
      {
        "state": {
          "particle": "H2",
          "charge": 0,
          "descriptor": {
            "type": 1,
            "accuracy": 2,
            "e": "J",
            "Lambda": 2,
            "S": 0,
            "parity": "g",
            "v": 12
          }
        },
        "count": 1
      }
    ],
    "type_tags": ["Electronic", "Vibrational"],
    "reversible": false
  },
  "threshold": 13.595,
  "data": [
    [13.595, 0],
    [14, 0.0000426033],
    [15, 0.0000534707],
    [16, 0.00010837],
    [17, 0.00011944],
    [18, 0.000104778],
    [19, 0.0000954761],
    [20, 0.00010656],
    [22, 0.000111616],
    [25, 0.000109073],
    [30, 0.000122861],
    [40, 0.000101932],
    [50, 0.0000894719],
    [60, 0.0000761522],
    [70, 0.0000643519],
    [80, 0.0000579698],
    [100, 0.0000510822],
    [120, 0.0000405943],
    [140, 0.0000351097],
    [160, 0.000030999]
  ]
}