{
  "reaction": {
    "lhs": [
      { "state": { "particle": "e", "charge": -1 }, "count": 1 },
      {
        "state": {
          "particle": "H2",
          "charge": 0,
          "descriptor": { "type": 1, "accuracy": 2, "e": "X", "Lambda": 0, "S": 0, "parity": "g", "v": 6 }
        },
        "count": 1
      }
    ],
    "rhs": [
      { "state": { "particle": "e", "charge": -1 }, "count": 1 },
      {
        "state": {
          "particle": "H2",
          "charge": 0,
          "descriptor": {
            "type": 1,
            "accuracy": 2,
            "e": "EF",
            "Lambda": 0,
            "S": 0,
            "parity": "g",
            "v": 31
          }
        },
        "count": 1
      }
    ],
    "type_tags": ["Electronic", "Vibrational"],
    "reversible": false
  },
  "threshold": 11.9794,
  "data": [
    [11.9794, 0],
    [12, 0.0000515419],
    [13, 0.00081881],
    [14, 0.000950577],
    [15, 0.000842227],
    [16, 0.000978032],
    [17, 0.000997883],
    [18, 0.000995128],
    [19, 0.00103571],
    [20, 0.00104371],
    [22, 0.00103692],
    [25, 0.00107138],
    [30, 0.00110215],
    [40, 0.0010905],
    [50, 0.00105919],
    [60, 0.00102673],
    [70, 0.000997098],
    [80, 0.00097441],
    [100, 0.000884424],
    [120, 0.00075679],
    [140, 0.000674637],
    [160, 0.000604219]
  ]
}