{
  "reaction": {
    "lhs": [
      { "state": { "particle": "e", "charge": -1 }, "count": 1 },
      {
        "state": {
          "particle": "H2",
          "charge": 0,
          "descriptor": { "type": 1, "accuracy": 2, "e": "X", "Lambda": 0, "S": 0, "parity": "g", "v": 6 }
        },
        "count": 1
      }
    ],
    "rhs": [
      { "state": { "particle": "e", "charge": -1 }, "count": 1 },
      {
        "state": {
          "particle": "H2",
          "charge": 0,
          "descriptor": { "type": 1, "accuracy": 2, "e": "j", "Lambda": 2, "S": 1, "parity": "g", "v": 1 }
        },
        "count": 1
      }
    ],
    "type_tags": ["Electronic", "Vibrational"],
    "reversible": false
  },
  "threshold": 11.5455,
  "data": [
    [11.5455, 0],
    [12, 0.00114842],
    [13, 0.00221726],
    [14, 0.00216806],
    [15, 0.00279334],
    [16, 0.00217017],
    [17, 0.00135843],
    [18, 0.00110641],
    [19, 0.0010207],
    [20, 0.000975362],
    [22, 0.000839549],
    [25, 0.000639622],
    [30, 0.000368152],
    [40, 0.000147081],
    [50, 0.0000636129],
    [60, 0.0000404956],
    [70, 0.0000312796],
    [80, 0.0000294498],
    [100, 0.0000162085],
    [120, 0.00000401652],
    [140, 0.00000284455],
    [160, 0.00000193941]
  ]
}