{
  "reaction": {
    "lhs": [
      { "state": { "particle": "e", "charge": -1 }, "count": 1 },
      {
        "state": {
          "particle": "H2",
          "charge": 0,
          "descriptor": { "type": 1, "accuracy": 2, "e": "X", "Lambda": 0, "S": 0, "parity": "g", "v": 6 }
        },
        "count": 1
      }
    ],
    "rhs": [
      { "state": { "particle": "e", "charge": -1 }, "count": 1 },
      {
        "state": {
          "particle": "H2",
          "charge": 0,
          "descriptor": {
            "type": 1,
            "accuracy": 2,
            "e": "c",
            "Lambda": 1,
            "S": 1,
            "parity": "u",
            "v": 16
          }
        },
        "count": 1
      }
    ],
    "type_tags": ["Electronic", "Vibrational"],
    "reversible": false
  },
  "threshold": 11.9619,
  "data": [
    [11.9619, 0],
    [12, 0.00435314],
    [13, 0.00428931],
    [14, 0.00601977],
    [15, 0.00568761],
    [16, 0.00526508],
    [17, 0.00484961],
    [18, 0.00451079],
    [19, 0.00421035],
    [20, 0.00393797],
    [22, 0.00343374],
    [25, 0.00274403],
    [30, 0.00174129],
    [40, 0.000232154],
    [50, 0.00011507],
    [60, 0.0000956411],
    [70, 0.0000776239],
    [80, 0.0000568096],
    [100, 0.0000300793],
    [120, 0.0000157038],
    [140, 0.0000112925],
    [160, 0.00000792248]
  ]
}