{
  "reaction": {
    "lhs": [
      { "state": { "particle": "e", "charge": -1 }, "count": 1 },
      {
        "state": {
          "particle": "H2",
          "charge": 0,
          "descriptor": { "type": 1, "accuracy": 2, "e": "X", "Lambda": 0, "S": 0, "parity": "g", "v": 6 }
        },
        "count": 1
      }
    ],
    "rhs": [
      { "state": { "particle": "e", "charge": -1 }, "count": 1 },
      {
        "state": {
          "particle": "H2",
          "charge": 0,
          "descriptor": {
            "type": 1,
            "accuracy": 2,
            "e": "GK",
            "Lambda": 0,
            "S": 0,
            "parity": "g",
            "v": 2
          }
        },
        "count": 1
      }
    ],
    "type_tags": ["Electronic", "Vibrational"],
    "reversible": false
  },
  "threshold": 11.3498,
  "data": [
    [11.3498, 0],
    [12, 0.0136578],
    [13, 0.0204931],
    [14, 0.0232341],
    [15, 0.0288826],
    [16, 0.0334612],
    [17, 0.0334782],
    [18, 0.0337411],
    [19, 0.0328829],
    [20, 0.0325075],
    [22, 0.0328375],
    [25, 0.0306605],
    [30, 0.0282987],
    [40, 0.0245887],
    [50, 0.0217459],
    [60, 0.0228662],
    [70, 0.0252186],
    [80, 0.0284103],
    [100, 0.0249553],
    [120, 0.021295],
    [140, 0.0180258],
    [160, 0.0153344]
  ]
}