{
  "reaction": {
    "lhs": [
      { "state": { "particle": "e", "charge": -1 }, "count": 1 },
      {
        "state": {
          "particle": "H2",
          "charge": 0,
          "descriptor": { "type": 1, "accuracy": 2, "e": "X", "Lambda": 0, "S": 0, "parity": "g", "v": 6 }
        },
        "count": 1
      }
    ],
    "rhs": [
      { "state": { "particle": "e", "charge": -1 }, "count": 1 },
      {
        "state": {
          "particle": "H2",
          "charge": 0,
          "descriptor": {
            "type": 1,
            "accuracy": 2,
            "e": "a",
            "Lambda": 0,
            "S": 1,
            "parity": "g",
            "v": 14
          }
        },
        "count": 1
      }
    ],
    "type_tags": ["Electronic", "Vibrational"],
    "reversible": false
  },
  "threshold": 11.954,
  "data": [
    [11.954, 0],
    [12, 0.000919969],
    [13, 0.00213292],
    [14, 0.00205804],
    [15, 0.00142884],
    [16, 0.00113359],
    [17, 0.00103255],
    [18, 0.000893643],
    [19, 0.000808614],
    [20, 0.000739345],
    [22, 0.000602321],
    [25, 0.00043465],
    [30, 0.000234811],
    [40, 0.0000963104],
    [50, 0.000052835],
    [60, 0.000041645],
    [70, 0.0000332484],
    [80, 0.0000303045],
    [100, 0.0000203085],
    [120, 0.0000132225],
    [140, 0.00000960321],
    [160, 0.00000688803]
  ]
}