{
  "reaction": {
    "lhs": [
      { "state": { "particle": "e", "charge": -1 }, "count": 1 },
      {
        "state": {
          "particle": "H2",
          "charge": 0,
          "descriptor": { "type": 1, "accuracy": 2, "e": "X", "Lambda": 0, "S": 0, "parity": "g", "v": 6 }
        },
        "count": 1
      }
    ],
    "rhs": [
      { "state": { "particle": "e", "charge": -1 }, "count": 1 },
      {
        "state": {
          "particle": "H2",
          "charge": 0,
          "descriptor": {
            "type": 1,
            "accuracy": 2,
            "e": "GK",
            "Lambda": 0,
            "S": 0,
            "parity": "g",
            "v": 3
          }
        },
        "count": 1
      }
    ],
    "type_tags": ["Electronic", "Vibrational"],
    "reversible": false
  },
  "threshold": 11.4536,
  "data": [
    [11.4536, 0],
    [12, 0.000124809],
    [13, 0.000222569],
    [14, 0.000147032],
    [15, 0.000268492],
    [16, 0.000453338],
    [17, 0.00053412],
    [18, 0.000549127],
    [19, 0.000421025],
    [20, 0.000354813],
    [22, 0.000320296],
    [25, 0.000312274],
    [30, 0.000352856],
    [40, 0.000308223],
    [50, 0.000253231],
    [60, 0.00041918],
    [70, 0.000727814],
    [80, 0.00106126],
    [100, 0.000959444],
    [120, 0.000796003],
    [140, 0.000645102],
    [160, 0.000526991]
  ]
}