{
  "reaction": {
    "lhs": [
      { "state": { "particle": "e", "charge": -1 }, "count": 1 },
      {
        "state": {
          "particle": "H2",
          "charge": 0,
          "descriptor": { "type": 1, "accuracy": 2, "e": "X", "Lambda": 0, "S": 0, "parity": "g", "v": 6 }
        },
        "count": 1
      }
    ],
    "rhs": [
      { "state": { "particle": "e", "charge": -1 }, "count": 1 },
      {
        "state": {
          "particle": "H2",
          "charge": 0,
          "descriptor": {
            "type": 1,
            "accuracy": 2,
            "e": "Bp",
            "Lambda": 0,
            "S": 0,
            "parity": "u",
            "v": 7
          }
        },
        "count": 1
      }
    ],
    "type_tags": ["Electronic", "Vibrational"],
    "reversible": false
  },
  "threshold": 12.0002,
  "data": [
    [12.0002, 0],
    [13, 0.000544054],
    [14, 0.000813685],
    [15, 0.000935339],
    [16, 0.000996316],
    [17, 0.00106832],
    [18, 0.00116349],
    [19, 0.00126967],
    [20, 0.00137362],
    [22, 0.00152662],
    [25, 0.00161162],
    [30, 0.0016432],
    [40, 0.00161042],
    [50, 0.001611],
    [60, 0.00159838],
    [70, 0.00155788],
    [80, 0.00150798],
    [100, 0.00136585],
    [120, 0.00125771],
    [140, 0.00116969],
    [160, 0.00109013]
  ]
}