{
  "reaction": {
    "lhs": [
      { "state": { "particle": "e", "charge": -1 }, "count": 1 },
      {
        "state": {
          "particle": "H2",
          "charge": 0,
          "descriptor": { "type": 1, "accuracy": 2, "e": "X", "Lambda": 0, "S": 0, "parity": "g", "v": 6 }
        },
        "count": 1
      }
    ],
    "rhs": [
      { "state": { "particle": "e", "charge": -1 }, "count": 1 },
      {
        "state": {
          "particle": "H2",
          "charge": 0,
          "descriptor": {
            "type": 1,
            "accuracy": 2,
            "e": "H",
            "Lambda": 0,
            "S": 0,
            "parity": "g",
            "v": 69
          }
        },
        "count": 1
      }
    ],
    "type_tags": ["Electronic", "Vibrational"],
    "reversible": false
  },
  "threshold": -29.0207,
  "data": [
    [29.0207, 0],
    [6, 0.00000300117],
    [8, 0.00000347591],
    [10, 0.00000402552],
    [11, 0.00000433043],
    [12, 0.00000465648],
    [13, 0.000010442],
    [14, 0.0000317254],
    [15, 0.0000582885],
    [16, 0.0000790374],
    [17, 0.000090744],
    [18, 0.000092393],
    [19, 0.0000896175],
    [20, 0.0000865461],
    [22, 0.0000851348],
    [25, 0.0000852411],
    [30, 0.0000838183],
    [40, 0.0000743223],
    [50, 0.0000710118],
    [60, 0.0000733285],
    [70, 0.0000749902],
    [80, 0.0000719776],
    [100, 0.0000642169],
    [120, 0.0000574813],
    [140, 0.0000525077],
    [160, 0.0000483394]
  ]
}