{
  "reaction": {
    "lhs": [
      { "state": { "particle": "e", "charge": -1 }, "count": 1 },
      {
        "state": {
          "particle": "H2",
          "charge": 0,
          "descriptor": { "type": 1, "accuracy": 2, "e": "X", "Lambda": 0, "S": 0, "parity": "g", "v": 6 }
        },
        "count": 1
      }
    ],
    "rhs": [
      { "state": { "particle": "e", "charge": -1 }, "count": 1 },
      {
        "state": {
          "particle": "H2",
          "charge": 0,
          "descriptor": { "type": 1, "accuracy": 2, "e": "d", "Lambda": 1, "S": 1, "parity": "u", "v": 3 }
        },
        "count": 1
      }
    ],
    "type_tags": ["Electronic", "Vibrational"],
    "reversible": false
  },
  "threshold": 11.9765,
  "data": [
    [11.9765, 0],
    [12, 0.0112986],
    [13, 0.0171032],
    [14, 0.0161039],
    [15, 0.0132466],
    [16, 0.0118076],
    [17, 0.0109147],
    [18, 0.0101123],
    [19, 0.00947433],
    [20, 0.00889698],
    [22, 0.00775265],
    [25, 0.00614811],
    [30, 0.00398938],
    [40, 0.00198469],
    [50, 0.00127022],
    [60, 0.000992594],
    [70, 0.000684047],
    [80, 0.00047794],
    [100, 0.000230067],
    [120, 0.000132787],
    [140, 0.0000952267],
    [160, 0.0000665398]
  ]
}