{
  "reaction": {
    "lhs": [
      { "state": { "particle": "e", "charge": -1 }, "count": 1 },
      {
        "state": {
          "particle": "H2",
          "charge": 0,
          "descriptor": { "type": 1, "accuracy": 2, "e": "X", "Lambda": 0, "S": 0, "parity": "g", "v": 6 }
        },
        "count": 1
      }
    ],
    "rhs": [
      { "state": { "particle": "e", "charge": -1 }, "count": 1 },
      {
        "state": {
          "particle": "H2",
          "charge": 0,
          "descriptor": {
            "type": 1,
            "accuracy": 2,
            "e": "B",
            "Lambda": 0,
            "S": 0,
            "parity": "u",
            "v": 26
          }
        },
        "count": 1
      }
    ],
    "type_tags": ["Electronic", "Vibrational"],
    "reversible": false
  },
  "threshold": 11.5265,
  "data": [
    [11.5265, 0],
    [12, 0.00128044],
    [13, 0.00287691],
    [14, 0.00422892],
    [15, 0.00535643],
    [16, 0.00628361],
    [17, 0.00703336],
    [18, 0.00762849],
    [19, 0.00809183],
    [20, 0.00844619],
    [22, 0.00891929],
    [25, 0.00938288],
    [30, 0.0103361],
    [40, 0.0112952],
    [50, 0.011457],
    [60, 0.0113825],
    [70, 0.0111945],
    [80, 0.010936],
    [100, 0.0102663],
    [120, 0.009513],
    [140, 0.00880183],
    [160, 0.00815506]
  ]
}