{
  "reaction": {
    "lhs": [
      { "state": { "particle": "e", "charge": -1 }, "count": 1 },
      {
        "state": {
          "particle": "H2",
          "charge": 0,
          "descriptor": { "type": 1, "accuracy": 2, "e": "X", "Lambda": 0, "S": 0, "parity": "g", "v": 6 }
        },
        "count": 1
      }
    ],
    "rhs": [
      { "state": { "particle": "e", "charge": -1 }, "count": 1 },
      {
        "state": {
          "particle": "H2",
          "charge": 0,
          "descriptor": { "type": 1, "accuracy": 2, "e": "c", "Lambda": 1, "S": 1, "parity": "u", "v": 1 }
        },
        "count": 1
      }
    ],
    "type_tags": ["Electronic", "Vibrational"],
    "reversible": false
  },
  "threshold": 9.3932,
  "data": [
    [9.3932, 0],
    [10, 0.0136455],
    [11, 0.029257],
    [12, 0.0252406],
    [13, 0.0236064],
    [14, 0.0216068],
    [15, 0.0173567],
    [16, 0.0140378],
    [17, 0.0114794],
    [18, 0.00981167],
    [19, 0.00872078],
    [20, 0.00785506],
    [22, 0.00629452],
    [25, 0.00452371],
    [30, 0.00252912],
    [40, 0.00114204],
    [50, 0.000799185],
    [60, 0.0007211],
    [70, 0.000514554],
    [80, 0.000288406],
    [100, 0.000124999],
    [120, 0.0000823652],
    [140, 0.0000590807],
    [160, 0.0000413101]
  ]
}