{
  "reaction": {
    "lhs": [
      { "state": { "particle": "e", "charge": -1 }, "count": 1 },
      {
        "state": {
          "particle": "H2",
          "charge": 0,
          "descriptor": { "type": 1, "accuracy": 2, "e": "X", "Lambda": 0, "S": 0, "parity": "g", "v": 6 }
        },
        "count": 1
      }
    ],
    "rhs": [
      { "state": { "particle": "e", "charge": -1 }, "count": 1 },
      {
        "state": {
          "particle": "H2",
          "charge": 0,
          "descriptor": { "type": 1, "accuracy": 2, "e": "e", "Lambda": 0, "S": 1, "parity": "u", "v": 4 }
        },
        "count": 1
      }
    ],
    "type_tags": ["Electronic", "Vibrational"],
    "reversible": false
  },
  "threshold": 11.4802,
  "data": [
    [11.4802, 0],
    [12, 0.00617057],
    [13, 0.00819817],
    [14, 0.00791917],
    [15, 0.00773157],
    [16, 0.00726394],
    [17, 0.00672783],
    [18, 0.00623538],
    [19, 0.00575638],
    [20, 0.00534329],
    [22, 0.00467053],
    [25, 0.00382797],
    [30, 0.00270553],
    [40, 0.00123349],
    [50, 0.000825988],
    [60, 0.000727987],
    [70, 0.00051753],
    [80, 0.000305433],
    [100, 0.000143436],
    [120, 0.0000977694],
    [140, 0.0000707864],
    [160, 0.0000502542]
  ]
}