{
  "reaction": {
    "lhs": [
      { "state": { "particle": "e", "charge": -1 }, "count": 1 },
      {
        "state": {
          "particle": "H2",
          "charge": 0,
          "descriptor": { "type": 1, "accuracy": 2, "e": "X", "Lambda": 0, "S": 0, "parity": "g", "v": 6 }
        },
        "count": 1
      }
    ],
    "rhs": [
      { "state": { "particle": "e", "charge": -1 }, "count": 1 },
      {
        "state": {
          "particle": "H2",
          "charge": 0,
          "descriptor": {
            "type": 1,
            "accuracy": 2,
            "e": "B",
            "Lambda": 0,
            "S": 0,
            "parity": "u",
            "v": 12
          }
        },
        "count": 1
      }
    ],
    "type_tags": ["Electronic", "Vibrational"],
    "reversible": false
  },
  "threshold": 10.2063,
  "data": [
    [10.2063, 0],
    [11, 0.000714176],
    [12, 0.00125333],
    [13, 0.0016854],
    [14, 0.00202339],
    [15, 0.00227609],
    [16, 0.00245343],
    [17, 0.00256535],
    [18, 0.00262204],
    [19, 0.00263247],
    [20, 0.00260824],
    [22, 0.00249239],
    [25, 0.00230117],
    [30, 0.00228572],
    [40, 0.00236061],
    [50, 0.00237055],
    [60, 0.00232096],
    [70, 0.0022409],
    [80, 0.00214594],
    [100, 0.00196979],
    [120, 0.00181687],
    [140, 0.00167855],
    [160, 0.00155257]
  ]
}