{
  "reaction": {
    "lhs": [
      { "state": { "particle": "e", "charge": -1 }, "count": 1 },
      {
        "state": {
          "particle": "H2",
          "charge": 0,
          "descriptor": { "type": 1, "accuracy": 2, "e": "X", "Lambda": 0, "S": 0, "parity": "g", "v": 6 }
        },
        "count": 1
      }
    ],
    "rhs": [
      { "state": { "particle": "e", "charge": -1 }, "count": 1 },
      {
        "state": {
          "particle": "H2",
          "charge": 0,
          "descriptor": { "type": 1, "accuracy": 2, "e": "H", "Lambda": 0, "S": 0, "parity": "g", "v": 5 }
        },
        "count": 1
      }
    ],
    "type_tags": ["Electronic", "Vibrational"],
    "reversible": false
  },
  "threshold": 12.4733,
  "data": [
    [12.4733, 0],
    [13, 0.000490534],
    [14, 0.000820169],
    [15, 0.000901059],
    [16, 0.000879642],
    [17, 0.000888068],
    [18, 0.000909341],
    [19, 0.000900361],
    [20, 0.000854057],
    [22, 0.000734354],
    [25, 0.000687671],
    [30, 0.00080113],
    [40, 0.000700558],
    [50, 0.00068068],
    [60, 0.000798404],
    [70, 0.000860585],
    [80, 0.000763134],
    [100, 0.000659538],
    [120, 0.000558986],
    [140, 0.000494205],
    [160, 0.000463394]
  ]
}