{
  "reaction": {
    "lhs": [
      { "state": { "particle": "e", "charge": -1 }, "count": 1 },
      {
        "state": {
          "particle": "H2",
          "charge": 0,
          "descriptor": { "type": 1, "accuracy": 2, "e": "X", "Lambda": 0, "S": 0, "parity": "g", "v": 6 }
        },
        "count": 1
      }
    ],
    "rhs": [
      { "state": { "particle": "e", "charge": -1 }, "count": 1 },
      {
        "state": {
          "particle": "H2",
          "charge": 0,
          "descriptor": { "type": 1, "accuracy": 2, "e": "J", "Lambda": 2, "S": 0, "parity": "g", "v": 5 }
        },
        "count": 1
      }
    ],
    "type_tags": ["Electronic", "Vibrational"],
    "reversible": false
  },
  "threshold": 12.4909,
  "data": [
    [12.4909, 0],
    [13, 0.0000380996],
    [14, 0.0000755142],
    [15, 1.76759e-7],
    [16, 0.00000256776],
    [17, 0.0000138899],
    [18, 0.00000802875],
    [19, 0.00000346846],
    [20, 0.0000111409],
    [22, 0.0000114858],
    [25, 0.00000799597],
    [30, 0.000011242],
    [40, 0.0000107653],
    [50, 0.00000569729],
    [60, 0.00000484753],
    [70, 0.00000472423],
    [80, 0.00000517324],
    [100, 0.00000645491],
    [120, 0.00000503337],
    [140, 0.0000044425],
    [160, 0.0000039235]
  ]
}