{
  "reaction": {
    "lhs": [
      { "state": { "particle": "e", "charge": -1 }, "count": 1 },
      {
        "state": {
          "particle": "H2",
          "charge": 0,
          "descriptor": { "type": 1, "accuracy": 2, "e": "X", "Lambda": 0, "S": 0, "parity": "g", "v": 6 }
        },
        "count": 1
      }
    ],
    "rhs": [
      { "state": { "particle": "e", "charge": -1 }, "count": 1 },
      {
        "state": {
          "particle": "H2",
          "charge": 0,
          "descriptor": {
            "type": 1,
            "accuracy": 2,
            "e": "H",
            "Lambda": 0,
            "S": 0,
            "parity": "g",
            "v": 23
          }
        },
        "count": 1
      }
    ],
    "type_tags": ["Electronic", "Vibrational"],
    "reversible": false
  },
  "threshold": 13.0751,
  "data": [
    [13.0751, 0],
    [14, 0.00000181091],
    [15, 0.00000272426],
    [16, 0.00000291029],
    [17, 0.00000265851],
    [18, 0.00000244253],
    [19, 0.0000024104],
    [20, 0.00000246092],
    [22, 0.0000025002],
    [25, 0.00000251463],
    [30, 0.00000249382],
    [40, 0.00000224224],
    [50, 0.00000219529],
    [60, 0.00000232239],
    [70, 0.0000024038],
    [80, 0.00000230069],
    [100, 0.00000201293],
    [120, 0.00000176052],
    [140, 0.00000157126],
    [160, 0.00000143508]
  ]
}