{
  "reaction": {
    "lhs": [
      { "state": { "particle": "e", "charge": -1 }, "count": 1 },
      {
        "state": {
          "particle": "H2",
          "charge": 0,
          "descriptor": { "type": 1, "accuracy": 2, "e": "X", "Lambda": 0, "S": 0, "parity": "g", "v": 6 }
        },
        "count": 1
      }
    ],
    "rhs": [
      { "state": { "particle": "e", "charge": -1 }, "count": 1 },
      {
        "state": {
          "particle": "H2",
          "charge": 0,
          "descriptor": {
            "type": 1,
            "accuracy": 2,
            "e": "H",
            "Lambda": 0,
            "S": 0,
            "parity": "g",
            "v": 25
          }
        },
        "count": 1
      }
    ],
    "type_tags": ["Electronic", "Vibrational"],
    "reversible": false
  },
  "threshold": 13.1357,
  "data": [
    [13.1357, 0],
    [14, 0.00000710281],
    [15, 0.000010802],
    [16, 0.0000115403],
    [17, 0.0000105074],
    [18, 0.00000965918],
    [19, 0.00000959937],
    [20, 0.00000987709],
    [22, 0.0000101226],
    [25, 0.000010184],
    [30, 0.00000997539],
    [40, 0.00000895584],
    [50, 0.00000882626],
    [60, 0.00000937172],
    [70, 0.00000975242],
    [80, 0.0000094115],
    [100, 0.00000826341],
    [120, 0.00000723218],
    [140, 0.00000645449],
    [160, 0.0000058833]
  ]
}