{
  "reaction": {
    "lhs": [
      { "state": { "particle": "e", "charge": -1 }, "count": 1 },
      {
        "state": {
          "particle": "H2",
          "charge": 0,
          "descriptor": { "type": 1, "accuracy": 2, "e": "X", "Lambda": 0, "S": 0, "parity": "g", "v": 6 }
        },
        "count": 1
      }
    ],
    "rhs": [
      { "state": { "particle": "e", "charge": -1 }, "count": 1 },
      {
        "state": {
          "particle": "H2",
          "charge": 0,
          "descriptor": {
            "type": 1,
            "accuracy": 2,
            "e": "H",
            "Lambda": 0,
            "S": 0,
            "parity": "g",
            "v": 45
          }
        },
        "count": 1
      }
    ],
    "type_tags": ["Electronic", "Vibrational"],
    "reversible": false
  },
  "threshold": 13.6411,
  "data": [
    [13.6411, 0],
    [14, 0.00000632987],
    [15, 0.0000077824],
    [16, 0.0000119435],
    [17, 0.0000153573],
    [18, 0.0000153909],
    [19, 0.0000125885],
    [20, 0.00000957972],
    [22, 0.00000733156],
    [25, 0.00000732144],
    [30, 0.00000918806],
    [40, 0.00000807665],
    [50, 0.00000682126],
    [60, 0.00000667145],
    [70, 0.00000603862],
    [80, 0.00000426625],
    [100, 0.00000358212],
    [120, 0.00000308276],
    [140, 0.000002902],
    [160, 0.00000299139]
  ]
}