{
  "reaction": {
    "lhs": [
      { "state": { "particle": "e", "charge": -1 }, "count": 1 },
      {
        "state": {
          "particle": "H2",
          "charge": 0,
          "descriptor": { "type": 1, "accuracy": 2, "e": "X", "Lambda": 0, "S": 0, "parity": "g", "v": 6 }
        },
        "count": 1
      }
    ],
    "rhs": [
      { "state": { "particle": "e", "charge": -1 }, "count": 1 },
      {
        "state": {
          "particle": "H2",
          "charge": 0,
          "descriptor": {
            "type": 1,
            "accuracy": 2,
            "e": "D",
            "Lambda": 1,
            "S": 0,
            "parity": "u",
            "v": 10
          }
        },
        "count": 1
      }
    ],
    "type_tags": ["Electronic", "Vibrational"],
    "reversible": false
  },
  "threshold": 13.4059,
  "data": [
    [13.4059, 0],
    [14, 0.00000143583],
    [15, 0.00000382997],
    [16, 0.00000620846],
    [17, 0.00000856123],
    [18, 0.0000108786],
    [19, 0.0000131507],
    [20, 0.0000153674],
    [22, 0.0000195958],
    [25, 0.000025277],
    [30, 0.0000323246],
    [40, 0.0000377146],
    [50, 0.0000414184],
    [60, 0.0000422034],
    [70, 0.0000412274],
    [80, 0.0000430437],
    [100, 0.0000427681],
    [120, 0.000040759],
    [140, 0.000038869],
    [160, 0.000037073]
  ]
}