{
  "reaction": {
    "lhs": [
      { "state": { "particle": "e", "charge": -1 }, "count": 1 },
      {
        "state": {
          "particle": "H2",
          "charge": 0,
          "descriptor": { "type": 1, "accuracy": 2, "e": "X", "Lambda": 0, "S": 0, "parity": "g", "v": 6 }
        },
        "count": 1
      }
    ],
    "rhs": [
      { "state": { "particle": "e", "charge": -1 }, "count": 1 },
      {
        "state": {
          "particle": "H2",
          "charge": 0,
          "descriptor": { "type": 1, "accuracy": 2, "e": "g", "Lambda": 0, "S": 1, "parity": "g", "v": 3 }
        },
        "count": 1
      }
    ],
    "type_tags": ["Electronic", "Vibrational"],
    "reversible": false
  },
  "threshold": 12.033,
  "data": [
    [12.033, 0],
    [13, 0.0128289],
    [14, 0.0121692],
    [15, 0.0103174],
    [16, 0.00869102],
    [17, 0.00730823],
    [18, 0.00622811],
    [19, 0.00535706],
    [20, 0.00467601],
    [22, 0.00365869],
    [25, 0.00263539],
    [30, 0.00160228],
    [40, 0.00088833],
    [50, 0.000630104],
    [60, 0.000515548],
    [70, 0.000357774],
    [80, 0.000237012],
    [100, 0.000122569],
    [120, 0.0000836355],
    [140, 0.0000601757],
    [160, 0.0000423961]
  ]
}