{
  "reaction": {
    "lhs": [
      { "state": { "particle": "e", "charge": -1 }, "count": 1 },
      {
        "state": {
          "particle": "H2",
          "charge": 0,
          "descriptor": { "type": 1, "accuracy": 2, "e": "X", "Lambda": 0, "S": 0, "parity": "g", "v": 6 }
        },
        "count": 1
      }
    ],
    "rhs": [
      { "state": { "particle": "e", "charge": -1 }, "count": 1 },
      {
        "state": {
          "particle": "H2",
          "charge": 0,
          "descriptor": {
            "type": 1,
            "accuracy": 2,
            "e": "H",
            "Lambda": 0,
            "S": 0,
            "parity": "g",
            "v": 61
          }
        },
        "count": 1
      }
    ],
    "type_tags": ["Electronic", "Vibrational"],
    "reversible": false
  },
  "threshold": 13.8978,
  "data": [
    [13.8978, 0],
    [14, 0.0000252855],
    [15, 0.0000506355],
    [16, 0.0000747815],
    [17, 0.000087192],
    [18, 0.0000889714],
    [19, 0.0000852071],
    [20, 0.0000811605],
    [22, 0.0000794601],
    [25, 0.0000797292],
    [30, 0.0000782955],
    [40, 0.0000691433],
    [50, 0.0000661355],
    [60, 0.000068326],
    [70, 0.000069239],
    [80, 0.0000650851],
    [100, 0.0000579751],
    [120, 0.0000514667],
    [140, 0.0000469549],
    [160, 0.0000434393]
  ]
}