{
  "reaction": {
    "lhs": [
      { "state": { "particle": "e", "charge": -1 }, "count": 1 },
      {
        "state": {
          "particle": "H2",
          "charge": 0,
          "descriptor": { "type": 1, "accuracy": 2, "e": "X", "Lambda": 0, "S": 0, "parity": "g", "v": 6 }
        },
        "count": 1
      }
    ],
    "rhs": [
      { "state": { "particle": "e", "charge": -1 }, "count": 1 },
      {
        "state": {
          "particle": "H2",
          "charge": 0,
          "descriptor": {
            "type": 1,
            "accuracy": 2,
            "e": "H",
            "Lambda": 0,
            "S": 0,
            "parity": "g",
            "v": 57
          }
        },
        "count": 1
      }
    ],
    "type_tags": ["Electronic", "Vibrational"],
    "reversible": false
  },
  "threshold": 13.8741,
  "data": [
    [13.8741, 0],
    [14, 0.0000234965],
    [15, 0.0000449057],
    [16, 0.0000661379],
    [17, 0.0000774123],
    [18, 0.0000786861],
    [19, 0.0000744283],
    [20, 0.0000699434],
    [22, 0.0000678604],
    [25, 0.0000681803],
    [30, 0.0000674947],
    [40, 0.0000595106],
    [50, 0.0000567225],
    [60, 0.000058523],
    [70, 0.0000588489],
    [80, 0.0000543921],
    [100, 0.0000483089],
    [120, 0.0000427011],
    [140, 0.0000389673],
    [160, 0.0000362405]
  ]
}