{
  "reaction": {
    "lhs": [
      { "state": { "particle": "e", "charge": -1 }, "count": 1 },
      {
        "state": {
          "particle": "H2",
          "charge": 0,
          "descriptor": { "type": 1, "accuracy": 2, "e": "X", "Lambda": 0, "S": 0, "parity": "g", "v": 6 }
        },
        "count": 1
      }
    ],
    "rhs": [
      { "state": { "particle": "e", "charge": -1 }, "count": 1 },
      {
        "state": {
          "particle": "H2",
          "charge": 0,
          "descriptor": {
            "type": 1,
            "accuracy": 2,
            "e": "EF",
            "Lambda": 0,
            "S": 0,
            "parity": "g",
            "v": 25
          }
        },
        "count": 1
      }
    ],
    "type_tags": ["Electronic", "Vibrational"],
    "reversible": false
  },
  "threshold": 11.6708,
  "data": [
    [11.6708, 0],
    [12, 0.000320299],
    [13, 0.000300748],
    [14, 0.000267745],
    [15, 0.000267961],
    [16, 0.000339596],
    [17, 0.000354609],
    [18, 0.000318505],
    [19, 0.000325609],
    [20, 0.000358595],
    [22, 0.00031685],
    [25, 0.000293895],
    [30, 0.000276456],
    [40, 0.00026211],
    [50, 0.000255934],
    [60, 0.000254291],
    [70, 0.000244328],
    [80, 0.000233822],
    [100, 0.000212705],
    [120, 0.000184311],
    [140, 0.000165848],
    [160, 0.000149951]
  ]
}