{
  "reaction": {
    "lhs": [
      { "state": { "particle": "e", "charge": -1 }, "count": 1 },
      {
        "state": {
          "particle": "H2",
          "charge": 0,
          "descriptor": { "type": 1, "accuracy": 2, "e": "X", "Lambda": 0, "S": 0, "parity": "g", "v": 6 }
        },
        "count": 1
      }
    ],
    "rhs": [
      { "state": { "particle": "e", "charge": -1 }, "count": 1 },
      {
        "state": {
          "particle": "H2",
          "charge": 0,
          "descriptor": {
            "type": 1,
            "accuracy": 2,
            "e": "g",
            "Lambda": 0,
            "S": 1,
            "parity": "g",
            "v": 13
          }
        },
        "count": 1
      }
    ],
    "type_tags": ["Electronic", "Vibrational"],
    "reversible": false
  },
  "threshold": 13.7053,
  "data": [
    [13.7053, 0],
    [14, 0.000219306],
    [15, 0.000383065],
    [16, 0.000377983],
    [17, 0.000357448],
    [18, 0.000312479],
    [19, 0.000255443],
    [20, 0.000210426],
    [22, 0.000159932],
    [25, 0.000117216],
    [30, 0.0000809174],
    [40, 0.000046142],
    [50, 0.0000298905],
    [60, 0.0000209365],
    [70, 0.0000139687],
    [80, 0.00000976602],
    [100, 0.00000518676],
    [120, 0.0000035957],
    [140, 0.00000258079],
    [160, 0.00000181316]
  ]
}