{
  "reaction": {
    "lhs": [
      { "state": { "particle": "e", "charge": -1 }, "count": 1 },
      {
        "state": {
          "particle": "H2",
          "charge": 0,
          "descriptor": { "type": 1, "accuracy": 2, "e": "X", "Lambda": 0, "S": 0, "parity": "g", "v": 6 }
        },
        "count": 1
      }
    ],
    "rhs": [
      { "state": { "particle": "e", "charge": -1 }, "count": 1 },
      {
        "state": {
          "particle": "H2",
          "charge": 0,
          "descriptor": { "type": 1, "accuracy": 2, "e": "e", "Lambda": 0, "S": 1, "parity": "u", "v": 0 }
        },
        "count": 1
      }
    ],
    "type_tags": ["Electronic", "Vibrational"],
    "reversible": false
  },
  "threshold": 10.558,
  "data": [
    [10.558, 0],
    [11, 0.00114379],
    [12, 0.000466153],
    [13, 0.000430481],
    [14, 0.000473875],
    [15, 0.000454862],
    [16, 0.00036399],
    [17, 0.000297359],
    [18, 0.000297078],
    [19, 0.000296974],
    [20, 0.000296959],
    [22, 0.000287558],
    [25, 0.000247885],
    [30, 0.000165174],
    [40, 0.0000278415],
    [50, 0.0000347807],
    [60, 0.0000417198],
    [70, 0.000029569],
    [80, 0.0000137148],
    [100, 0.00000527958],
    [120, 0.00000368161],
    [140, 0.00000267224],
    [160, 0.0000019002]
  ]
}