{
  "reaction": {
    "lhs": [
      { "state": { "particle": "e", "charge": -1 }, "count": 1 },
      {
        "state": {
          "particle": "H2",
          "charge": 0,
          "descriptor": { "type": 1, "accuracy": 2, "e": "X", "Lambda": 0, "S": 0, "parity": "g", "v": 6 }
        },
        "count": 1
      }
    ],
    "rhs": [
      { "state": { "particle": "e", "charge": -1 }, "count": 1 },
      {
        "state": {
          "particle": "H2",
          "charge": 0,
          "descriptor": {
            "type": 1,
            "accuracy": 2,
            "e": "EF",
            "Lambda": 0,
            "S": 0,
            "parity": "g",
            "v": 8
          }
        },
        "count": 1
      }
    ],
    "type_tags": ["Electronic", "Vibrational"],
    "reversible": false
  },
  "threshold": 10.3158,
  "data": [
    [10.3158, 0],
    [11, 0.00113145],
    [12, 0.00138795],
    [13, 0.00136896],
    [14, 0.00152571],
    [15, 0.00160906],
    [16, 0.0017593],
    [17, 0.00185943],
    [18, 0.00177232],
    [19, 0.00180897],
    [20, 0.00187754],
    [22, 0.00187769],
    [25, 0.0018041],
    [30, 0.00162609],
    [40, 0.00135912],
    [50, 0.00126027],
    [60, 0.00120922],
    [70, 0.0011163],
    [80, 0.00102986],
    [100, 0.000859974],
    [120, 0.000722665],
    [140, 0.000638598],
    [160, 0.000568798]
  ]
}