{
  "reaction": {
    "lhs": [
      { "state": { "particle": "e", "charge": -1 }, "count": 1 },
      {
        "state": {
          "particle": "H2",
          "charge": 0,
          "descriptor": { "type": 1, "accuracy": 2, "e": "X", "Lambda": 0, "S": 0, "parity": "g", "v": 6 }
        },
        "count": 1
      }
    ],
    "rhs": [
      { "state": { "particle": "e", "charge": -1 }, "count": 1 },
      {
        "state": {
          "particle": "H2",
          "charge": 0,
          "descriptor": { "type": 1, "accuracy": 2, "e": "D", "Lambda": 1, "S": 0, "parity": "u", "v": 6 }
        },
        "count": 1
      }
    ],
    "type_tags": ["Electronic", "Vibrational"],
    "reversible": false
  },
  "threshold": 12.7563,
  "data": [
    [12.7563, 0],
    [13, 0.00103432],
    [14, 0.00245432],
    [15, 0.00337683],
    [16, 0.00392904],
    [17, 0.00443602],
    [18, 0.00504211],
    [19, 0.00573752],
    [20, 0.00647201],
    [22, 0.0078197],
    [25, 0.00909373],
    [30, 0.0104678],
    [40, 0.0127141],
    [50, 0.0141665],
    [60, 0.0151459],
    [70, 0.0154567],
    [80, 0.0152226],
    [100, 0.0145857],
    [120, 0.0137519],
    [140, 0.0129368],
    [160, 0.0122111]
  ]
}