{
  "reaction": {
    "lhs": [
      { "state": { "particle": "e", "charge": -1 }, "count": 1 },
      {
        "state": {
          "particle": "H2",
          "charge": 0,
          "descriptor": { "type": 1, "accuracy": 2, "e": "X", "Lambda": 0, "S": 0, "parity": "g", "v": 6 }
        },
        "count": 1
      }
    ],
    "rhs": [
      { "state": { "particle": "e", "charge": -1 }, "count": 1 },
      {
        "state": {
          "particle": "H2",
          "charge": 0,
          "descriptor": {
            "type": 1,
            "accuracy": 2,
            "e": "EF",
            "Lambda": 0,
            "S": 0,
            "parity": "g",
            "v": 24
          }
        },
        "count": 1
      }
    ],
    "type_tags": ["Electronic", "Vibrational"],
    "reversible": false
  },
  "threshold": 11.606,
  "data": [
    [11.606, 0],
    [12, 0.000156442],
    [13, 0.0000779013],
    [14, 0.0000783048],
    [15, 0.0000796226],
    [16, 0.0000820161],
    [17, 0.0000866145],
    [18, 0.0000865028],
    [19, 0.0000857355],
    [20, 0.0000836637],
    [22, 0.0000605831],
    [25, 0.0000460284],
    [30, 0.0000354046],
    [40, 0.0000309867],
    [50, 0.0000309807],
    [60, 0.0000328454],
    [70, 0.0000305985],
    [80, 0.000027115],
    [100, 0.0000248787],
    [120, 0.0000232969],
    [140, 0.0000219247],
    [160, 0.0000205766]
  ]
}