{
  "reaction": {
    "lhs": [
      { "state": { "particle": "e", "charge": -1 }, "count": 1 },
      {
        "state": {
          "particle": "H2",
          "charge": 0,
          "descriptor": { "type": 1, "accuracy": 2, "e": "X", "Lambda": 0, "S": 0, "parity": "g", "v": 6 }
        },
        "count": 1
      }
    ],
    "rhs": [
      { "state": { "particle": "e", "charge": -1 }, "count": 1 },
      {
        "state": {
          "particle": "H2",
          "charge": 0,
          "descriptor": { "type": 1, "accuracy": 2, "e": "h", "Lambda": 0, "S": 1, "parity": "g", "v": 3 }
        },
        "count": 1
      }
    ],
    "type_tags": ["Electronic", "Vibrational"],
    "reversible": false
  },
  "threshold": 11.8765,
  "data": [
    [11.8765, 0],
    [12, 0.000478903],
    [13, 0.00119256],
    [14, 0.00113504],
    [15, 0.000802717],
    [16, 0.000775896],
    [17, 0.000771419],
    [18, 0.00076243],
    [19, 0.000741213],
    [20, 0.000709772],
    [22, 0.000624227],
    [25, 0.000469292],
    [30, 0.000273592],
    [40, 0.000212934],
    [50, 0.000136579],
    [60, 0.0000569977],
    [70, 0.0000378118],
    [80, 0.0000334511],
    [100, 0.0000195238],
    [120, 0.00000938098],
    [140, 0.00000674466],
    [160, 0.0000047314]
  ]
}