{
  "reaction": {
    "lhs": [
      { "state": { "particle": "e", "charge": -1 }, "count": 1 },
      {
        "state": {
          "particle": "H2",
          "charge": 0,
          "descriptor": { "type": 1, "accuracy": 2, "e": "X", "Lambda": 0, "S": 0, "parity": "g", "v": 6 }
        },
        "count": 1
      }
    ],
    "rhs": [
      { "state": { "particle": "e", "charge": -1 }, "count": 1 },
      {
        "state": {
          "particle": "H2",
          "charge": 0,
          "descriptor": { "type": 1, "accuracy": 2, "e": "D", "Lambda": 1, "S": 0, "parity": "u", "v": 3 }
        },
        "count": 1
      }
    ],
    "type_tags": ["Electronic", "Vibrational"],
    "reversible": false
  },
  "threshold": 12.1133,
  "data": [
    [12.1133, 0],
    [13, 0.0065961],
    [14, 0.00995669],
    [15, 0.0117062],
    [16, 0.0130662],
    [17, 0.0147827],
    [18, 0.0168456],
    [19, 0.019004],
    [20, 0.0210552],
    [22, 0.0243457],
    [25, 0.0276271],
    [30, 0.0316781],
    [40, 0.0385209],
    [50, 0.0431587],
    [60, 0.04618],
    [70, 0.0468285],
    [80, 0.0458967],
    [100, 0.0436927],
    [120, 0.0409983],
    [140, 0.0384109],
    [160, 0.0361286]
  ]
}