{
  "reaction": {
    "lhs": [
      { "state": { "particle": "e", "charge": -1 }, "count": 1 },
      {
        "state": {
          "particle": "H2",
          "charge": 0,
          "descriptor": { "type": 1, "accuracy": 2, "e": "X", "Lambda": 0, "S": 0, "parity": "g", "v": 6 }
        },
        "count": 1
      }
    ],
    "rhs": [
      { "state": { "particle": "e", "charge": -1 }, "count": 1 },
      {
        "state": {
          "particle": "H2",
          "charge": 0,
          "descriptor": { "type": 1, "accuracy": 2, "e": "j", "Lambda": 2, "S": 1, "parity": "g", "v": 3 }
        },
        "count": 1
      }
    ],
    "type_tags": ["Electronic", "Vibrational"],
    "reversible": false
  },
  "threshold": 12.048,
  "data": [
    [12.048, 0],
    [13, 0.00326516],
    [14, 0.00324208],
    [15, 0.0029355],
    [16, 0.00254979],
    [17, 0.00224112],
    [18, 0.00190528],
    [19, 0.00178765],
    [20, 0.00161703],
    [22, 0.00115464],
    [25, 0.000787773],
    [30, 0.000537222],
    [40, 0.00034758],
    [50, 0.000244349],
    [60, 0.000153547],
    [70, 0.0000920184],
    [80, 0.0000533622],
    [100, 0.0000218786],
    [120, 0.0000156311],
    [140, 0.0000110791],
    [160, 0.00000760973]
  ]
}