{
  "reaction": {
    "lhs": [
      { "state": { "particle": "e", "charge": -1 }, "count": 1 },
      {
        "state": {
          "particle": "H2",
          "charge": 0,
          "descriptor": { "type": 1, "accuracy": 2, "e": "X", "Lambda": 0, "S": 0, "parity": "g", "v": 6 }
        },
        "count": 1
      }
    ],
    "rhs": [
      { "state": { "particle": "e", "charge": -1 }, "count": 1 },
      {
        "state": {
          "particle": "H2",
          "charge": 0,
          "descriptor": {
            "type": 1,
            "accuracy": 2,
            "e": "H",
            "Lambda": 0,
            "S": 0,
            "parity": "g",
            "v": 30
          }
        },
        "count": 1
      }
    ],
    "type_tags": ["Electronic", "Vibrational"],
    "reversible": false
  },
  "threshold": 13.2436,
  "data": [
    [13.2436, 0],
    [14, 0.0000733212],
    [15, 0.000114242],
    [16, 0.000120347],
    [17, 0.000106802],
    [18, 0.0000978791],
    [19, 0.000101009],
    [20, 0.000108355],
    [22, 0.000115682],
    [25, 0.000116497],
    [30, 0.000107897],
    [40, 0.0000965508],
    [50, 0.0000979235],
    [60, 0.000105465],
    [70, 0.000112141],
    [80, 0.000112468],
    [100, 0.000100141],
    [120, 0.0000879175],
    [140, 0.0000783495],
    [160, 0.0000705668]
  ]
}