{
  "reaction": {
    "lhs": [
      { "state": { "particle": "e", "charge": -1 }, "count": 1 },
      {
        "state": {
          "particle": "H2",
          "charge": 0,
          "descriptor": { "type": 1, "accuracy": 2, "e": "X", "Lambda": 0, "S": 0, "parity": "g", "v": 6 }
        },
        "count": 1
      }
    ],
    "rhs": [
      { "state": { "particle": "e", "charge": -1 }, "count": 1 },
      {
        "state": {
          "particle": "H2",
          "charge": 0,
          "descriptor": {
            "type": 1,
            "accuracy": 2,
            "e": "H",
            "Lambda": 0,
            "S": 0,
            "parity": "g",
            "v": 68
          }
        },
        "count": 1
      }
    ],
    "type_tags": ["Electronic", "Vibrational"],
    "reversible": false
  },
  "threshold": -29.0207,
  "data": [
    [29.0207, 0],
    [6, 0.00000323215],
    [8, 0.00000374342],
    [10, 0.00000433532],
    [11, 0.0000046637],
    [12, 0.00000501485],
    [13, 0.0000108862],
    [14, 0.0000323276],
    [15, 0.0000589716],
    [16, 0.000079833],
    [17, 0.0000916387],
    [18, 0.0000932495],
    [19, 0.00009035],
    [20, 0.0000871805],
    [22, 0.0000857862],
    [25, 0.0000859263],
    [30, 0.0000843986],
    [40, 0.0000747949],
    [50, 0.0000715027],
    [60, 0.0000738469],
    [70, 0.0000754517],
    [80, 0.0000722651],
    [100, 0.0000644816],
    [120, 0.0000576598],
    [140, 0.0000526591],
    [160, 0.000048496]
  ]
}