{
  "reaction": {
    "lhs": [
      { "state": { "particle": "e", "charge": -1 }, "count": 1 },
      {
        "state": {
          "particle": "H2",
          "charge": 0,
          "descriptor": { "type": 1, "accuracy": 2, "e": "X", "Lambda": 0, "S": 0, "parity": "g", "v": 6 }
        },
        "count": 1
      }
    ],
    "rhs": [
      { "state": { "particle": "e", "charge": -1 }, "count": 1 },
      {
        "state": {
          "particle": "H2",
          "charge": 0,
          "descriptor": {
            "type": 1,
            "accuracy": 2,
            "e": "EF",
            "Lambda": 0,
            "S": 0,
            "parity": "g",
            "v": 29
          }
        },
        "count": 1
      }
    ],
    "type_tags": ["Electronic", "Vibrational"],
    "reversible": false
  },
  "threshold": 11.8969,
  "data": [
    [11.8969, 0],
    [12, 0.000373924],
    [13, 0.0010324],
    [14, 0.0011203],
    [15, 0.00102836],
    [16, 0.00120956],
    [17, 0.00123886],
    [18, 0.00123105],
    [19, 0.0012847],
    [20, 0.00129744],
    [22, 0.00127099],
    [25, 0.00129612],
    [30, 0.00132204],
    [40, 0.00130025],
    [50, 0.00126134],
    [60, 0.00122628],
    [70, 0.00119102],
    [80, 0.00116312],
    [100, 0.0010554],
    [120, 0.000900387],
    [140, 0.000801561],
    [160, 0.000717351]
  ]
}