{
  "reaction": {
    "lhs": [
      { "state": { "particle": "e", "charge": -1 }, "count": 1 },
      {
        "state": {
          "particle": "H2",
          "charge": 0,
          "descriptor": { "type": 1, "accuracy": 2, "e": "X", "Lambda": 0, "S": 0, "parity": "g", "v": 6 }
        },
        "count": 1
      }
    ],
    "rhs": [
      { "state": { "particle": "e", "charge": -1 }, "count": 1 },
      {
        "state": {
          "particle": "H2",
          "charge": 0,
          "descriptor": { "type": 1, "accuracy": 2, "e": "e", "Lambda": 0, "S": 1, "parity": "u", "v": 6 }
        },
        "count": 1
      }
    ],
    "type_tags": ["Electronic", "Vibrational"],
    "reversible": false
  },
  "threshold": 11.8265,
  "data": [
    [11.8265, 0],
    [12, 0.0000733338],
    [13, 0.000392265],
    [14, 0.000520153],
    [15, 0.00055358],
    [16, 0.000525511],
    [17, 0.00048541],
    [18, 0.0004681],
    [19, 0.000457472],
    [20, 0.000443289],
    [22, 0.000397721],
    [25, 0.000314778],
    [30, 0.000196226],
    [40, 0.000135501],
    [50, 0.0000894273],
    [60, 0.0000546467],
    [70, 0.0000344762],
    [80, 0.0000235411],
    [100, 0.0000125576],
    [120, 0.00000959735],
    [140, 0.00000696479],
    [160, 0.00000498199]
  ]
}