{
  "reaction": {
    "lhs": [
      { "state": { "particle": "e", "charge": -1 }, "count": 1 },
      {
        "state": {
          "particle": "H2",
          "charge": 0,
          "descriptor": { "type": 1, "accuracy": 2, "e": "X", "Lambda": 0, "S": 0, "parity": "g", "v": 6 }
        },
        "count": 1
      }
    ],
    "rhs": [
      { "state": { "particle": "e", "charge": -1 }, "count": 1 },
      {
        "state": {
          "particle": "H2",
          "charge": 0,
          "descriptor": { "type": 1, "accuracy": 2, "e": "i", "Lambda": 1, "S": 1, "parity": "g", "v": 3 }
        },
        "count": 1
      }
    ],
    "type_tags": ["Electronic", "Vibrational"],
    "reversible": false
  },
  "threshold": 11.9462,
  "data": [
    [11.9462, 0],
    [12, 0.000638228],
    [13, 0.001453],
    [14, 0.00130614],
    [15, 0.000994072],
    [16, 0.000995613],
    [17, 0.000997154],
    [18, 0.000984541],
    [19, 0.000953138],
    [20, 0.000912602],
    [22, 0.00081248],
    [25, 0.000626455],
    [30, 0.000356758],
    [40, 0.000206522],
    [50, 0.000135846],
    [60, 0.0000958068],
    [70, 0.00006222],
    [80, 0.0000404318],
    [100, 0.0000157747],
    [120, 0.0000077778],
    [140, 0.00000553054],
    [160, 0.00000380196]
  ]
}