{
  "reaction": {
    "lhs": [
      { "state": { "particle": "e", "charge": -1 }, "count": 1 },
      {
        "state": {
          "particle": "H2",
          "charge": 0,
          "descriptor": {
            "type": 1,
            "accuracy": 2,
            "e": "X",
            "Lambda": 0,
            "S": 0,
            "parity": "g",
            "v": 13
          }
        },
        "count": 1
      }
    ],
    "rhs": [
      { "state": { "particle": "e", "charge": -1 }, "count": 1 },
      {
        "state": {
          "particle": "H2",
          "charge": 0,
          "descriptor": {
            "type": 1,
            "accuracy": 2,
            "e": "B",
            "Lambda": 0,
            "S": 0,
            "parity": "u",
            "v": 16
          }
        },
        "count": 1
      }
    ],
    "type_tags": ["Electronic", "Vibrational"],
    "reversible": false
  },
  "threshold": 8.93344,
  "data": [
    [8.93344, 0],
    [10, 0.011349],
    [11, 0.0180335],
    [12, 0.0226549],
    [13, 0.0260293],
    [14, 0.0288069],
    [15, 0.0311499],
    [16, 0.0330911],
    [17, 0.0346704],
    [18, 0.0359283],
    [19, 0.0369047],
    [20, 0.0376396],
    [22, 0.0385456],
    [25, 0.0390967],
    [30, 0.0396557],
    [40, 0.0399804],
    [50, 0.0390593],
    [60, 0.0377707],
    [70, 0.0364851],
    [80, 0.0351028],
    [100, 0.0321489],
    [120, 0.0292347],
    [140, 0.0266312],
    [160, 0.0243667]
  ]
}