{
  "reaction": {
    "lhs": [
      { "state": { "particle": "e", "charge": -1 }, "count": 1 },
      {
        "state": {
          "particle": "H2",
          "charge": 0,
          "descriptor": {
            "type": 1,
            "accuracy": 2,
            "e": "X",
            "Lambda": 0,
            "S": 0,
            "parity": "g",
            "v": 13
          }
        },
        "count": 1
      }
    ],
    "rhs": [
      { "state": { "particle": "e", "charge": -1 }, "count": 1 },
      {
        "state": {
          "particle": "H2",
          "charge": 0,
          "descriptor": {
            "type": 1,
            "accuracy": 2,
            "e": "B",
            "Lambda": 0,
            "S": 0,
            "parity": "u",
            "v": 18
          }
        },
        "count": 1
      }
    ],
    "type_tags": ["Electronic", "Vibrational"],
    "reversible": false
  },
  "threshold": 9.13431,
  "data": [
    [9.13431, 0],
    [10, 0.00276406],
    [11, 0.00470103],
    [12, 0.00610015],
    [13, 0.00712514],
    [14, 0.00798286],
    [15, 0.00872551],
    [16, 0.009363],
    [17, 0.00990423],
    [18, 0.0103581],
    [19, 0.0107337],
    [20, 0.0110399],
    [22, 0.0114797],
    [25, 0.0118428],
    [30, 0.0121189],
    [40, 0.012279],
    [50, 0.0119557],
    [60, 0.011536],
    [70, 0.0111862],
    [80, 0.010828],
    [100, 0.00996897],
    [120, 0.0090488],
    [140, 0.00822138],
    [160, 0.00750825]
  ]
}