{
  "reaction": {
    "lhs": [
      { "state": { "particle": "e", "charge": -1 }, "count": 1 },
      {
        "state": {
          "particle": "H2",
          "charge": 0,
          "descriptor": {
            "type": 1,
            "accuracy": 2,
            "e": "X",
            "Lambda": 0,
            "S": 0,
            "parity": "g",
            "v": 13
          }
        },
        "count": 1
      }
    ],
    "rhs": [
      { "state": { "particle": "e", "charge": -1 }, "count": 1 },
      {
        "state": {
          "particle": "H2",
          "charge": 0,
          "descriptor": { "type": 1, "accuracy": 2, "e": "J", "Lambda": 2, "S": 0, "parity": "g", "v": 6 }
        },
        "count": 1
      }
    ],
    "type_tags": ["Electronic", "Vibrational"],
    "reversible": false
  },
  "threshold": 10.976,
  "data": [
    [10.976, 0],
    [11, 0.00000407689],
    [12, 0.000170055],
    [13, 0.000103645],
    [14, 0.000178632],
    [15, 0.000058364],
    [16, 0.0000971501],
    [17, 0.000117376],
    [18, 0.000157233],
    [19, 0.000171004],
    [20, 0.000167769],
    [22, 0.000153427],
    [25, 0.000184032],
    [30, 0.000132197],
    [40, 0.000118072],
    [50, 0.0000893016],
    [60, 0.0000701564],
    [70, 0.0000562388],
    [80, 0.0000483786],
    [100, 0.0000369569],
    [120, 0.000031817],
    [140, 0.0000276654],
    [160, 0.0000242413]
  ]
}