{
  "reaction": {
    "lhs": [
      { "state": { "particle": "e", "charge": -1 }, "count": 1 },
      {
        "state": {
          "particle": "H2",
          "charge": 0,
          "descriptor": {
            "type": 1,
            "accuracy": 2,
            "e": "X",
            "Lambda": 0,
            "S": 0,
            "parity": "g",
            "v": 13
          }
        },
        "count": 1
      }
    ],
    "rhs": [
      { "state": { "particle": "e", "charge": -1 }, "count": 1 },
      {
        "state": {
          "particle": "H2",
          "charge": 0,
          "descriptor": {
            "type": 1,
            "accuracy": 2,
            "e": "EF",
            "Lambda": 0,
            "S": 0,
            "parity": "g",
            "v": 4
          }
        },
        "count": 1
      }
    ],
    "type_tags": ["Electronic", "Vibrational"],
    "reversible": false
  },
  "threshold": 8.22774,
  "data": [
    [8.22774, 0],
    [10, 0.0251725],
    [11, 0.0261535],
    [12, 0.0356929],
    [13, 0.0366477],
    [14, 0.0361578],
    [15, 0.0341645],
    [16, 0.031596],
    [17, 0.0298985],
    [18, 0.0268028],
    [19, 0.0245717],
    [20, 0.0243691],
    [22, 0.0235806],
    [25, 0.0212054],
    [30, 0.0174789],
    [40, 0.0110735],
    [50, 0.00879112],
    [60, 0.00758437],
    [70, 0.00621925],
    [80, 0.00524232],
    [100, 0.00395009],
    [120, 0.00315105],
    [140, 0.00268863],
    [160, 0.00231787]
  ]
}