{
  "reaction": {
    "lhs": [
      { "state": { "particle": "e", "charge": -1 }, "count": 1 },
      {
        "state": {
          "particle": "H2",
          "charge": 0,
          "descriptor": {
            "type": 1,
            "accuracy": 2,
            "e": "X",
            "Lambda": 0,
            "S": 0,
            "parity": "g",
            "v": 13
          }
        },
        "count": 1
      }
    ],
    "rhs": [
      { "state": { "particle": "e", "charge": -1 }, "count": 1 },
      {
        "state": {
          "particle": "H2",
          "charge": 0,
          "descriptor": {
            "type": 1,
            "accuracy": 2,
            "e": "EF",
            "Lambda": 0,
            "S": 0,
            "parity": "g",
            "v": 1
          }
        },
        "count": 1
      }
    ],
    "type_tags": ["Electronic", "Vibrational"],
    "reversible": false
  },
  "threshold": 7.93852,
  "data": [
    [7.93852, 0],
    [8, 0.021441],
    [10, 0.499962],
    [11, 0.516358],
    [12, 0.495316],
    [13, 0.492787],
    [14, 0.477024],
    [15, 0.456666],
    [16, 0.431847],
    [17, 0.395438],
    [18, 0.358668],
    [19, 0.338735],
    [20, 0.326606],
    [22, 0.313173],
    [25, 0.291083],
    [30, 0.236348],
    [40, 0.167378],
    [50, 0.130261],
    [60, 0.10627],
    [70, 0.0890514],
    [80, 0.0763034],
    [100, 0.0592776],
    [120, 0.0486659],
    [140, 0.0424443],
    [160, 0.0374277]
  ]
}