{
  "reaction": {
    "lhs": [
      { "state": { "particle": "e", "charge": -1 }, "count": 1 },
      {
        "state": {
          "particle": "H2",
          "charge": 0,
          "descriptor": {
            "type": 1,
            "accuracy": 2,
            "e": "X",
            "Lambda": 0,
            "S": 0,
            "parity": "g",
            "v": 13
          }
        },
        "count": 1
      }
    ],
    "rhs": [
      { "state": { "particle": "e", "charge": -1 }, "count": 1 },
      {
        "state": {
          "particle": "H2",
          "charge": 0,
          "descriptor": { "type": 1, "accuracy": 2, "e": "B", "Lambda": 0, "S": 0, "parity": "u", "v": 4 }
        },
        "count": 1
      }
    ],
    "type_tags": ["Electronic", "Vibrational"],
    "reversible": false
  },
  "threshold": 7.42831,
  "data": [
    [7.42831, 0],
    [8, 0.00991211],
    [10, 0.0232728],
    [11, 0.0266373],
    [12, 0.0292245],
    [13, 0.0313224],
    [14, 0.0329643],
    [15, 0.0341961],
    [16, 0.0350641],
    [17, 0.0356144],
    [18, 0.035908],
    [19, 0.0359294],
    [20, 0.0358531],
    [22, 0.0352564],
    [25, 0.0341378],
    [30, 0.0334284],
    [40, 0.0324059],
    [50, 0.0314766],
    [60, 0.0303596],
    [70, 0.0288325],
    [80, 0.0271473],
    [100, 0.0243169],
    [120, 0.0221017],
    [140, 0.0201869],
    [160, 0.0184946]
  ]
}