{
  "reaction": {
    "lhs": [
      { "state": { "particle": "e", "charge": -1 }, "count": 1 },
      {
        "state": {
          "particle": "H2",
          "charge": 0,
          "descriptor": {
            "type": 1,
            "accuracy": 2,
            "e": "X",
            "Lambda": 0,
            "S": 0,
            "parity": "g",
            "v": 13
          }
        },
        "count": 1
      }
    ],
    "rhs": [
      { "state": { "particle": "e", "charge": -1 }, "count": 1 },
      {
        "state": {
          "particle": "H2",
          "charge": 0,
          "descriptor": {
            "type": 1,
            "accuracy": 2,
            "e": "GK",
            "Lambda": 0,
            "S": 0,
            "parity": "g",
            "v": 4
          }
        },
        "count": 1
      }
    ],
    "type_tags": ["Electronic", "Vibrational"],
    "reversible": false
  },
  "threshold": 9.87998,
  "data": [
    [9.87998, 0],
    [10, 0.0000060011],
    [11, 0.0000511118],
    [12, 1.24404e-7],
    [13, 0.0000180527],
    [14, 1.45392e-7],
    [15, 0.0000245814],
    [16, 0.000119105],
    [17, 0.00013924],
    [18, 0.0000621545],
    [19, 0.0000225978],
    [20, 0.0000101192],
    [22, 0.00000341529],
    [25, 0.00000625365],
    [30, 0.000101731],
    [40, 0.000580644],
    [50, 0.000744435],
    [60, 0.000829222],
    [70, 0.00085263],
    [80, 0.00084198],
    [100, 0.000745469],
    [120, 0.000653791],
    [140, 0.000560815],
    [160, 0.000527916]
  ]
}