{
  "reaction": {
    "lhs": [
      { "state": { "particle": "e", "charge": -1 }, "count": 1 },
      {
        "state": {
          "particle": "H2",
          "charge": 0,
          "descriptor": {
            "type": 1,
            "accuracy": 2,
            "e": "X",
            "Lambda": 0,
            "S": 0,
            "parity": "g",
            "v": 13
          }
        },
        "count": 1
      }
    ],
    "rhs": [
      { "state": { "particle": "e", "charge": -1 }, "count": 1 },
      {
        "state": {
          "particle": "H2",
          "charge": 0,
          "descriptor": { "type": 1, "accuracy": 2, "e": "C", "Lambda": 1, "S": 0, "parity": "u", "v": 4 }
        },
        "count": 1
      }
    ],
    "type_tags": ["Electronic", "Vibrational"],
    "reversible": false
  },
  "threshold": 8.95438,
  "data": [
    [8.95438, 0],
    [10, 3.18208e-7],
    [11, 6.21119e-7],
    [12, 9.22576e-7],
    [13, 0.00000122191],
    [14, 0.00000151837],
    [15, 0.00000181129],
    [16, 0.00000209992],
    [17, 0.00000238358],
    [18, 0.00000266159],
    [19, 0.0000029332],
    [20, 0.00000319774],
    [22, 0.0000037027],
    [25, 0.00000438939],
    [30, 0.00000529804],
    [40, 0.00000611596],
    [50, 0.00000613658],
    [60, 0.0000062879],
    [70, 0.0000061215],
    [80, 0.00000595402],
    [100, 0.00000552825],
    [120, 0.00000507493],
    [140, 0.00000468696],
    [160, 0.00000436692]
  ]
}