{
  "reaction": {
    "lhs": [
      { "state": { "particle": "e", "charge": -1 }, "count": 1 },
      {
        "state": {
          "particle": "H2",
          "charge": 0,
          "descriptor": {
            "type": 1,
            "accuracy": 2,
            "e": "X",
            "Lambda": 0,
            "S": 0,
            "parity": "g",
            "v": 13
          }
        },
        "count": 1
      }
    ],
    "rhs": [
      { "state": { "particle": "e", "charge": -1 }, "count": 1 },
      {
        "state": {
          "particle": "H2",
          "charge": 0,
          "descriptor": {
            "type": 1,
            "accuracy": 2,
            "e": "Bp",
            "Lambda": 0,
            "S": 0,
            "parity": "u",
            "v": 1
          }
        },
        "count": 1
      }
    ],
    "type_tags": ["Electronic", "Vibrational"],
    "reversible": false
  },
  "threshold": 9.54662,
  "data": [
    [9.54662, 0],
    [10, 1.02008e-8],
    [11, 2.6489e-8],
    [12, 3.75874e-8],
    [13, 3.45906e-8],
    [14, 2.21442e-8],
    [15, 1.34357e-8],
    [16, 2.56996e-8],
    [17, 6.51315e-8],
    [18, 1.16733e-7],
    [19, 1.4659e-7],
    [20, 1.38834e-7],
    [22, 1.08722e-7],
    [25, 6.05924e-8],
    [30, 8.03628e-8],
    [40, 2.21017e-8],
    [50, 6.04602e-9],
    [60, 3.40496e-9],
    [70, 4.78895e-10],
    [80, 7.03403e-11],
    [100, 4.43848e-10],
    [120, 4.43848e-10],
    [140, 4.43848e-10],
    [160, 4.43848e-10]
  ]
}