{
  "reaction": {
    "lhs": [
      { "state": { "particle": "e", "charge": -1 }, "count": 1 },
      {
        "state": {
          "particle": "H2",
          "charge": 0,
          "descriptor": {
            "type": 1,
            "accuracy": 2,
            "e": "X",
            "Lambda": 0,
            "S": 0,
            "parity": "g",
            "v": 13
          }
        },
        "count": 1
      }
    ],
    "rhs": [
      { "state": { "particle": "e", "charge": -1 }, "count": 1 },
      {
        "state": {
          "particle": "H2",
          "charge": 0,
          "descriptor": { "type": 1, "accuracy": 2, "e": "D", "Lambda": 1, "S": 0, "parity": "u", "v": 5 }
        },
        "count": 1
      }
    ],
    "type_tags": ["Electronic", "Vibrational"],
    "reversible": false
  },
  "threshold": 10.8414,
  "data": [
    [10.8414, 0],
    [11, 2.40741e-7],
    [12, 0.00000175707],
    [13, 0.00000327314],
    [14, 0.0000047888],
    [15, 0.00000630355],
    [16, 0.00000781729],
    [17, 0.00000932982],
    [18, 0.0000108409],
    [19, 0.0000123501],
    [20, 0.0000138574],
    [22, 0.000016865],
    [25, 0.0000213556],
    [30, 0.0000287676],
    [40, 0.0000425168],
    [50, 0.0000518858],
    [60, 0.0000557102],
    [70, 0.0000563593],
    [80, 0.0000562418],
    [100, 0.0000537301],
    [120, 0.000050042],
    [140, 0.00004662],
    [160, 0.000043645]
  ]
}