{
  "reaction": {
    "lhs": [
      { "state": { "particle": "e", "charge": -1 }, "count": 1 },
      {
        "state": {
          "particle": "H2",
          "charge": 0,
          "descriptor": {
            "type": 1,
            "accuracy": 2,
            "e": "X",
            "Lambda": 0,
            "S": 0,
            "parity": "g",
            "v": 13
          }
        },
        "count": 1
      }
    ],
    "rhs": [
      { "state": { "particle": "e", "charge": -1 }, "count": 1 },
      {
        "state": {
          "particle": "H2",
          "charge": 0,
          "descriptor": {
            "type": 1,
            "accuracy": 2,
            "e": "H",
            "Lambda": 0,
            "S": 0,
            "parity": "g",
            "v": 28
          }
        },
        "count": 1
      }
    ],
    "type_tags": ["Electronic", "Vibrational"],
    "reversible": false
  },
  "threshold": 11.4801,
  "data": [
    [11.4801, 0],
    [12, 0.0000058758],
    [13, 0.0000106205],
    [14, 0.000015762],
    [15, 0.0000217157],
    [16, 0.0000215577],
    [17, 0.0000172779],
    [18, 0.0000157894],
    [19, 0.0000249861],
    [20, 0.0000443469],
    [22, 0.0000881371],
    [25, 0.000119338],
    [30, 0.000121191],
    [40, 0.00019509],
    [50, 0.000246707],
    [60, 0.000252044],
    [70, 0.000241641],
    [80, 0.000237911],
    [100, 0.000228616],
    [120, 0.000216455],
    [140, 0.000200929],
    [160, 0.00018502]
  ]
}