{
  "reaction": {
    "lhs": [
      { "state": { "particle": "e", "charge": -1 }, "count": 1 },
      {
        "state": {
          "particle": "H2",
          "charge": 0,
          "descriptor": {
            "type": 1,
            "accuracy": 2,
            "e": "X",
            "Lambda": 0,
            "S": 0,
            "parity": "g",
            "v": 13
          }
        },
        "count": 1
      }
    ],
    "rhs": [
      { "state": { "particle": "e", "charge": -1 }, "count": 1 },
      {
        "state": {
          "particle": "H2",
          "charge": 0,
          "descriptor": {
            "type": 1,
            "accuracy": 2,
            "e": "EF",
            "Lambda": 0,
            "S": 0,
            "parity": "g",
            "v": 22
          }
        },
        "count": 1
      }
    ],
    "type_tags": ["Electronic", "Vibrational"],
    "reversible": false
  },
  "threshold": 9.75315,
  "data": [
    [9.75315, 0],
    [10, 0.00163739],
    [11, 0.00332858],
    [12, 0.00340518],
    [13, 0.00438011],
    [14, 0.00503201],
    [15, 0.00526609],
    [16, 0.00530248],
    [17, 0.00520723],
    [18, 0.00518733],
    [19, 0.00521268],
    [20, 0.00516779],
    [22, 0.00495841],
    [25, 0.00457318],
    [30, 0.00412772],
    [40, 0.00337249],
    [50, 0.00304506],
    [60, 0.00291785],
    [70, 0.00263716],
    [80, 0.00239448],
    [100, 0.00198608],
    [120, 0.00164792],
    [140, 0.00144376],
    [160, 0.00127568]
  ]
}