{
  "reaction": {
    "lhs": [
      { "state": { "particle": "e", "charge": -1 }, "count": 1 },
      {
        "state": {
          "particle": "H2",
          "charge": 0,
          "descriptor": {
            "type": 1,
            "accuracy": 2,
            "e": "X",
            "Lambda": 0,
            "S": 0,
            "parity": "g",
            "v": 13
          }
        },
        "count": 1
      }
    ],
    "rhs": [
      { "state": { "particle": "e", "charge": -1 }, "count": 1 },
      {
        "state": {
          "particle": "H2",
          "charge": 0,
          "descriptor": { "type": 1, "accuracy": 2, "e": "j", "Lambda": 2, "S": 1, "parity": "g", "v": 4 }
        },
        "count": 1
      }
    ],
    "type_tags": ["Electronic", "Vibrational"],
    "reversible": false
  },
  "threshold": 10.56,
  "data": [
    [10.56, 0],
    [11, 8.86891e-7],
    [12, 3.64651e-7],
    [13, 1.76567e-7],
    [14, 0.00000467646],
    [15, 0.00000236231],
    [16, 8.45023e-7],
    [17, 1.52719e-7],
    [18, 1.11078e-7],
    [19, 9.58831e-8],
    [20, 9.32017e-8],
    [22, 8.29917e-8],
    [25, 4.93553e-8],
    [30, 8.18042e-9],
    [40, 5.47338e-7],
    [50, 2.96579e-7],
    [60, 2.86624e-8],
    [70, 9.01282e-9],
    [80, 5.76333e-9],
    [100, 2.41075e-9],
    [120, 4.91355e-10],
    [140, 3.45599e-10],
    [160, 2.32652e-10]
  ]
}