{
  "reaction": {
    "lhs": [
      { "state": { "particle": "e", "charge": -1 }, "count": 1 },
      {
        "state": {
          "particle": "H2",
          "charge": 0,
          "descriptor": {
            "type": 1,
            "accuracy": 2,
            "e": "X",
            "Lambda": 0,
            "S": 0,
            "parity": "g",
            "v": 13
          }
        },
        "count": 1
      }
    ],
    "rhs": [
      { "state": { "particle": "e", "charge": -1 }, "count": 1 },
      {
        "state": {
          "particle": "H2",
          "charge": 0,
          "descriptor": {
            "type": 1,
            "accuracy": 2,
            "e": "D",
            "Lambda": 1,
            "S": 0,
            "parity": "u",
            "v": 17
          }
        },
        "count": 1
      }
    ],
    "type_tags": ["Electronic", "Vibrational"],
    "reversible": false
  },
  "threshold": 12.1847,
  "data": [
    [12.1847, 0],
    [13, 0.0000284803],
    [14, 0.0000457643],
    [15, 0.0000551699],
    [16, 0.0000625323],
    [17, 0.0000713013],
    [18, 0.0000818907],
    [19, 0.0000934616],
    [20, 0.000104654],
    [22, 0.000121966],
    [25, 0.000137637],
    [30, 0.000155101],
    [40, 0.000187317],
    [50, 0.000209974],
    [60, 0.000224265],
    [70, 0.000227176],
    [80, 0.000223652],
    [100, 0.000213375],
    [120, 0.000200397],
    [140, 0.000188004],
    [160, 0.00017703]
  ]
}