{
  "reaction": {
    "lhs": [
      { "state": { "particle": "e", "charge": -1 }, "count": 1 },
      {
        "state": {
          "particle": "H2",
          "charge": 0,
          "descriptor": {
            "type": 1,
            "accuracy": 2,
            "e": "X",
            "Lambda": 0,
            "S": 0,
            "parity": "g",
            "v": 13
          }
        },
        "count": 1
      }
    ],
    "rhs": [
      { "state": { "particle": "e", "charge": -1 }, "count": 1 },
      {
        "state": {
          "particle": "H2",
          "charge": 0,
          "descriptor": {
            "type": 1,
            "accuracy": 2,
            "e": "c",
            "Lambda": 1,
            "S": 1,
            "parity": "u",
            "v": 13
          }
        },
        "count": 1
      }
    ],
    "type_tags": ["Electronic", "Vibrational"],
    "reversible": false
  },
  "threshold": 10.0269,
  "data": [
    [10.0269, 0],
    [11, 0.00150684],
    [12, 0.000977349],
    [13, 0.00113379],
    [14, 0.00102595],
    [15, 0.000820972],
    [16, 0.000680583],
    [17, 0.000558129],
    [18, 0.000400481],
    [19, 0.000242227],
    [20, 0.000158419],
    [22, 0.000123697],
    [25, 0.0000969159],
    [30, 0.0000864198],
    [40, 0.0000070419],
    [50, 0.0000134738],
    [60, 0.0000199056],
    [70, 0.0000158765],
    [80, 0.0000102508],
    [100, 0.00000584946],
    [120, 0.00000401564],
    [140, 0.00000291387],
    [160, 0.00000208229]
  ]
}