{
  "reaction": {
    "lhs": [
      { "state": { "particle": "e", "charge": -1 }, "count": 1 },
      {
        "state": {
          "particle": "H2",
          "charge": 0,
          "descriptor": {
            "type": 1,
            "accuracy": 2,
            "e": "X",
            "Lambda": 0,
            "S": 0,
            "parity": "g",
            "v": 13
          }
        },
        "count": 1
      }
    ],
    "rhs": [
      { "state": { "particle": "e", "charge": -1 }, "count": 1 },
      {
        "state": {
          "particle": "H2",
          "charge": 0,
          "descriptor": {
            "type": 1,
            "accuracy": 2,
            "e": "d",
            "Lambda": 1,
            "S": 1,
            "parity": "u",
            "v": 18
          }
        },
        "count": 1
      }
    ],
    "type_tags": ["Electronic", "Vibrational"],
    "reversible": false
  },
  "threshold": 12.1752,
  "data": [
    [12.1752, 0],
    [13, 0.0000267116],
    [14, 0.0000186726],
    [15, 0.0000200491],
    [16, 0.0000197026],
    [17, 0.0000187564],
    [18, 0.0000171264],
    [19, 0.0000151278],
    [20, 0.000013499],
    [22, 0.0000114683],
    [25, 0.00000945488],
    [30, 0.0000070712],
    [40, 0.00000283007],
    [50, 0.00000195907],
    [60, 0.00000177542],
    [70, 0.00000137444],
    [80, 9.23835e-7],
    [100, 4.72071e-7],
    [120, 2.71542e-7],
    [140, 1.95111e-7],
    [160, 1.36822e-7]
  ]
}