{
  "reaction": {
    "lhs": [
      { "state": { "particle": "e", "charge": -1 }, "count": 1 },
      {
        "state": {
          "particle": "H2",
          "charge": 0,
          "descriptor": {
            "type": 1,
            "accuracy": 2,
            "e": "X",
            "Lambda": 0,
            "S": 0,
            "parity": "g",
            "v": 13
          }
        },
        "count": 1
      }
    ],
    "rhs": [
      { "state": { "particle": "e", "charge": -1 }, "count": 1 },
      {
        "state": {
          "particle": "H2",
          "charge": 0,
          "descriptor": { "type": 1, "accuracy": 2, "e": "h", "Lambda": 0, "S": 1, "parity": "g", "v": 0 }
        },
        "count": 1
      }
    ],
    "type_tags": ["Electronic", "Vibrational"],
    "reversible": false
  },
  "threshold": 9.46004,
  "data": [
    [9.46004, 0],
    [10, 0.00000103477],
    [11, 0.00000240383],
    [12, 5.56795e-8],
    [13, 1.7353e-7],
    [14, 1.98678e-7],
    [15, 2.99413e-8],
    [16, 4.00666e-9],
    [17, 2.52764e-10],
    [18, 9.05225e-8],
    [19, 2.58166e-7],
    [20, 3.48436e-7],
    [22, 3.17444e-7],
    [25, 1.99437e-7],
    [30, 5.04376e-8],
    [40, 2.37248e-7],
    [50, 1.18992e-7],
    [60, 4.64067e-10],
    [70, 1.46925e-10],
    [80, 1.01381e-10],
    [100, 6.81243e-11],
    [120, 3.57008e-11],
    [140, 3.86012e-11],
    [160, 4.662e-11]
  ]
}