{
  "reaction": {
    "lhs": [
      { "state": { "particle": "e", "charge": -1 }, "count": 1 },
      {
        "state": {
          "particle": "H2",
          "charge": 0,
          "descriptor": {
            "type": 1,
            "accuracy": 2,
            "e": "X",
            "Lambda": 0,
            "S": 0,
            "parity": "g",
            "v": 13
          }
        },
        "count": 1
      }
    ],
    "rhs": [
      { "state": { "particle": "e", "charge": -1 }, "count": 1 },
      {
        "state": {
          "particle": "H2",
          "charge": 0,
          "descriptor": {
            "type": 1,
            "accuracy": 2,
            "e": "H",
            "Lambda": 0,
            "S": 0,
            "parity": "g",
            "v": 69
          }
        },
        "count": 1
      }
    ],
    "type_tags": ["Electronic", "Vibrational"],
    "reversible": false
  },
  "threshold": -27.3053,
  "data": [
    [27.3053, 0],
    [6, 0.00000313325],
    [8, 0.0000036654],
    [10, 0.00000428569],
    [11, 0.00000463136],
    [12, 0.00000954393],
    [13, 0.0000373201],
    [14, 0.0000558936],
    [15, 0.0000635517],
    [16, 0.000063747],
    [17, 0.0000644857],
    [18, 0.0000677608],
    [19, 0.0000715082],
    [20, 0.0000736781],
    [22, 0.0000774862],
    [25, 0.0000766804],
    [30, 0.0000650699],
    [40, 0.0000523813],
    [50, 0.0000483614],
    [60, 0.0000462862],
    [70, 0.0000434026],
    [80, 0.0000383316],
    [100, 0.0000309457],
    [120, 0.0000255459],
    [140, 0.0000219158],
    [160, 0.0000196067]
  ]
}