{
  "reaction": {
    "lhs": [
      { "state": { "particle": "e", "charge": -1 }, "count": 1 },
      {
        "state": {
          "particle": "H2",
          "charge": 0,
          "descriptor": {
            "type": 1,
            "accuracy": 2,
            "e": "X",
            "Lambda": 0,
            "S": 0,
            "parity": "g",
            "v": 13
          }
        },
        "count": 1
      }
    ],
    "rhs": [
      { "state": { "particle": "e", "charge": -1 }, "count": 1 },
      {
        "state": {
          "particle": "H2",
          "charge": 0,
          "descriptor": { "type": 1, "accuracy": 2, "e": "e", "Lambda": 0, "S": 1, "parity": "u", "v": 1 }
        },
        "count": 1
      }
    ],
    "type_tags": ["Electronic", "Vibrational"],
    "reversible": false
  },
  "threshold": 9.09884,
  "data": [
    [9.09884, 0],
    [10, 7.85713e-7],
    [11, 0.0000013268],
    [12, 4.42277e-8],
    [13, 7.28422e-7],
    [14, 8.25834e-7],
    [15, 2.50746e-7],
    [16, 3.86923e-8],
    [17, 1.55889e-9],
    [18, 1.4481e-8],
    [19, 3.84793e-8],
    [20, 5.14014e-8],
    [22, 4.83827e-8],
    [25, 3.68885e-8],
    [30, 2.23756e-8],
    [40, 4.46431e-8],
    [50, 2.27319e-8],
    [60, 8.20749e-10],
    [70, 1.01243e-9],
    [80, 1.20411e-9],
    [100, 9.31448e-10],
    [120, 5.6918e-10],
    [140, 4.12198e-10],
    [160, 2.95139e-10]
  ]
}