{
  "reaction": {
    "lhs": [
      { "state": { "particle": "e", "charge": -1 }, "count": 1 },
      {
        "state": {
          "particle": "H2",
          "charge": 0,
          "descriptor": {
            "type": 1,
            "accuracy": 2,
            "e": "X",
            "Lambda": 0,
            "S": 0,
            "parity": "g",
            "v": 13
          }
        },
        "count": 1
      }
    ],
    "rhs": [
      { "state": { "particle": "e", "charge": -1 }, "count": 1 },
      {
        "state": {
          "particle": "H2",
          "charge": 0,
          "descriptor": {
            "type": 1,
            "accuracy": 2,
            "e": "B",
            "Lambda": 0,
            "S": 0,
            "parity": "u",
            "v": 34
          }
        },
        "count": 1
      }
    ],
    "type_tags": ["Electronic", "Vibrational"],
    "reversible": false
  },
  "threshold": 10.2602,
  "data": [
    [10.2602, 0],
    [11, 0.000151965],
    [12, 0.000268831],
    [13, 0.000358723],
    [14, 0.000431136],
    [15, 0.000489705],
    [16, 0.000535902],
    [17, 0.000571172],
    [18, 0.000596964],
    [19, 0.000614727],
    [20, 0.000625917],
    [22, 0.00063441],
    [25, 0.000634056],
    [30, 0.000654473],
    [40, 0.000679385],
    [50, 0.000677723],
    [60, 0.000661468],
    [70, 0.000642348],
    [80, 0.000620053],
    [100, 0.000572489],
    [120, 0.000525867],
    [140, 0.000483427],
    [160, 0.000445539]
  ]
}