{
  "reaction": {
    "lhs": [
      { "state": { "particle": "e", "charge": -1 }, "count": 1 },
      {
        "state": {
          "particle": "H2",
          "charge": 0,
          "descriptor": {
            "type": 1,
            "accuracy": 2,
            "e": "X",
            "Lambda": 0,
            "S": 0,
            "parity": "g",
            "v": 13
          }
        },
        "count": 1
      }
    ],
    "rhs": [
      { "state": { "particle": "e", "charge": -1 }, "count": 1 },
      {
        "state": {
          "particle": "H2",
          "charge": 0,
          "descriptor": { "type": 1, "accuracy": 2, "e": "g", "Lambda": 0, "S": 1, "parity": "g", "v": 2 }
        },
        "count": 1
      }
    ],
    "type_tags": ["Electronic", "Vibrational"],
    "reversible": false
  },
  "threshold": 10.0645,
  "data": [
    [10.0645, 0],
    [11, 6.85718e-8],
    [12, 1.07922e-8],
    [13, 3.03103e-7],
    [14, 0.0000020097],
    [15, 0.00000155839],
    [16, 0.00000146185],
    [17, 0.00000144117],
    [18, 0.000001166],
    [19, 6.59793e-7],
    [20, 3.33573e-7],
    [22, 1.72037e-7],
    [25, 4.35145e-8],
    [30, 1.50544e-9],
    [40, 1.84201e-7],
    [50, 1.02549e-7],
    [60, 1.26466e-8],
    [70, 3.23082e-9],
    [80, 1.6246e-9],
    [100, 6.20691e-10],
    [120, 4.49766e-10],
    [140, 3.66937e-10],
    [160, 3.03445e-10]
  ]
}