{
  "reaction": {
    "lhs": [
      { "state": { "particle": "e", "charge": -1 }, "count": 1 },
      {
        "state": {
          "particle": "H2",
          "charge": 0,
          "descriptor": {
            "type": 1,
            "accuracy": 2,
            "e": "X",
            "Lambda": 0,
            "S": 0,
            "parity": "g",
            "v": 13
          }
        },
        "count": 1
      }
    ],
    "rhs": [
      { "state": { "particle": "e", "charge": -1 }, "count": 1 },
      {
        "state": {
          "particle": "H2",
          "charge": 0,
          "descriptor": {
            "type": 1,
            "accuracy": 2,
            "e": "g",
            "Lambda": 0,
            "S": 1,
            "parity": "g",
            "v": 14
          }
        },
        "count": 1
      }
    ],
    "type_tags": ["Electronic", "Vibrational"],
    "reversible": false
  },
  "threshold": 12.0557,
  "data": [
    [12.0557, 0],
    [13, 0.000640327],
    [14, 0.00057353],
    [15, 0.0005382],
    [16, 0.0004639],
    [17, 0.000384929],
    [18, 0.000321578],
    [19, 0.000265768],
    [20, 0.00022289],
    [22, 0.000163708],
    [25, 0.000107248],
    [30, 0.0000707403],
    [40, 0.0000608508],
    [50, 0.0000455416],
    [60, 0.0000251639],
    [70, 0.000016913],
    [80, 0.0000126056],
    [100, 0.00000672728],
    [120, 0.00000432761],
    [140, 0.00000309971],
    [160, 0.00000216837]
  ]
}