{
  "reaction": {
    "lhs": [
      { "state": { "particle": "e", "charge": -1 }, "count": 1 },
      {
        "state": {
          "particle": "H2",
          "charge": 0,
          "descriptor": {
            "type": 1,
            "accuracy": 2,
            "e": "X",
            "Lambda": 0,
            "S": 0,
            "parity": "g",
            "v": 13
          }
        },
        "count": 1
      }
    ],
    "rhs": [
      { "state": { "particle": "e", "charge": -1 }, "count": 1 },
      {
        "state": {
          "particle": "H2",
          "charge": 0,
          "descriptor": { "type": 1, "accuracy": 2, "e": "d", "Lambda": 1, "S": 1, "parity": "u", "v": 3 }
        },
        "count": 1
      }
    ],
    "type_tags": ["Electronic", "Vibrational"],
    "reversible": false
  },
  "threshold": 10.2611,
  "data": [
    [10.2611, 0],
    [11, 0.00000120926],
    [12, 0.0000014745],
    [13, 0.00000146209],
    [14, 0.00000205029],
    [15, 6.91736e-7],
    [16, 1.42244e-7],
    [17, 1.67616e-8],
    [18, 4.77561e-8],
    [19, 1.05317e-7],
    [20, 1.36312e-7],
    [22, 1.32315e-7],
    [25, 1.15144e-7],
    [30, 7.70809e-8],
    [40, 1.1471e-9],
    [50, 3.66983e-10],
    [60, 2.55531e-10],
    [70, 6.38255e-10],
    [80, 1.02098e-9],
    [100, 5.12412e-10],
    [120, 3.84317e-12],
    [140, 4.06407e-12],
    [160, 4.6748e-12]
  ]
}