{
  "reaction": {
    "lhs": [
      { "state": { "particle": "e", "charge": -1 }, "count": 1 },
      {
        "state": {
          "particle": "H2",
          "charge": 0,
          "descriptor": {
            "type": 1,
            "accuracy": 2,
            "e": "X",
            "Lambda": 0,
            "S": 0,
            "parity": "g",
            "v": 13
          }
        },
        "count": 1
      }
    ],
    "rhs": [
      { "state": { "particle": "e", "charge": -1 }, "count": 1 },
      {
        "state": {
          "particle": "H2",
          "charge": 0,
          "descriptor": {
            "type": 1,
            "accuracy": 2,
            "e": "H",
            "Lambda": 0,
            "S": 0,
            "parity": "g",
            "v": 27
          }
        },
        "count": 1
      }
    ],
    "type_tags": ["Electronic", "Vibrational"],
    "reversible": false
  },
  "threshold": 11.4547,
  "data": [
    [11.4547, 0],
    [12, 0.0000135305],
    [13, 0.0000256095],
    [14, 0.0000357276],
    [15, 0.0000479369],
    [16, 0.000055746],
    [17, 0.0000573039],
    [18, 0.0000585937],
    [19, 0.0000670101],
    [20, 0.0000798646],
    [22, 0.000109312],
    [25, 0.000131467],
    [30, 0.000136336],
    [40, 0.000173664],
    [50, 0.000199481],
    [60, 0.000202199],
    [70, 0.000195465],
    [80, 0.00018971],
    [100, 0.000176764],
    [120, 0.000162637],
    [140, 0.00014712],
    [160, 0.000130576]
  ]
}