{
  "reaction": {
    "lhs": [
      { "state": { "particle": "e", "charge": -1 }, "count": 1 },
      {
        "state": {
          "particle": "H2",
          "charge": 0,
          "descriptor": {
            "type": 1,
            "accuracy": 2,
            "e": "X",
            "Lambda": 0,
            "S": 0,
            "parity": "g",
            "v": 13
          }
        },
        "count": 1
      }
    ],
    "rhs": [
      { "state": { "particle": "e", "charge": -1 }, "count": 1 },
      {
        "state": {
          "particle": "H2",
          "charge": 0,
          "descriptor": {
            "type": 1,
            "accuracy": 2,
            "e": "H",
            "Lambda": 0,
            "S": 0,
            "parity": "g",
            "v": 25
          }
        },
        "count": 1
      }
    ],
    "type_tags": ["Electronic", "Vibrational"],
    "reversible": false
  },
  "threshold": 11.4202,
  "data": [
    [11.4202, 0],
    [12, 0.00000559798],
    [13, 0.0000075243],
    [14, 0.00000800726],
    [15, 0.00000734345],
    [16, 0.00000658598],
    [17, 0.00000650004],
    [18, 0.00000705215],
    [19, 0.00000809618],
    [20, 0.00000969565],
    [22, 0.0000131397],
    [25, 0.0000147322],
    [30, 0.0000120364],
    [40, 0.0000108747],
    [50, 0.00000982198],
    [60, 0.00000729156],
    [70, 0.0000050375],
    [80, 0.00000415514],
    [100, 0.00000291202],
    [120, 0.00000231406],
    [140, 0.00000210927],
    [160, 0.00000225059]
  ]
}