{
  "reaction": {
    "lhs": [
      { "state": { "particle": "e", "charge": -1 }, "count": 1 },
      {
        "state": {
          "particle": "H2",
          "charge": 0,
          "descriptor": {
            "type": 1,
            "accuracy": 2,
            "e": "X",
            "Lambda": 0,
            "S": 0,
            "parity": "g",
            "v": 13
          }
        },
        "count": 1
      }
    ],
    "rhs": [
      { "state": { "particle": "e", "charge": -1 }, "count": 1 },
      {
        "state": {
          "particle": "H2",
          "charge": 0,
          "descriptor": {
            "type": 1,
            "accuracy": 2,
            "e": "H",
            "Lambda": 0,
            "S": 0,
            "parity": "g",
            "v": 46
          }
        },
        "count": 1
      }
    ],
    "type_tags": ["Electronic", "Vibrational"],
    "reversible": false
  },
  "threshold": 11.9512,
  "data": [
    [11.9512, 0],
    [12, 0.00000342911],
    [13, 0.00000407607],
    [14, 0.00000580202],
    [15, 0.00000751569],
    [16, 0.00000805992],
    [17, 0.00000826263],
    [18, 0.00000845304],
    [19, 0.0000090567],
    [20, 0.00000911974],
    [22, 0.0000060206],
    [25, 0.00000564114],
    [30, 0.0000127454],
    [40, 0.0000108601],
    [50, 0.00000670669],
    [60, 0.00000647589],
    [70, 0.0000077646],
    [80, 0.00000848447],
    [100, 0.00000714406],
    [120, 0.00000610937],
    [140, 0.00000533536],
    [160, 0.00000449325]
  ]
}