{
  "reaction": {
    "lhs": [
      { "state": { "particle": "e", "charge": -1 }, "count": 1 },
      {
        "state": {
          "particle": "H2",
          "charge": 0,
          "descriptor": {
            "type": 1,
            "accuracy": 2,
            "e": "X",
            "Lambda": 0,
            "S": 0,
            "parity": "g",
            "v": 13
          }
        },
        "count": 1
      }
    ],
    "rhs": [
      { "state": { "particle": "e", "charge": -1 }, "count": 1 },
      {
        "state": {
          "particle": "H2",
          "charge": 0,
          "descriptor": { "type": 1, "accuracy": 2, "e": "c", "Lambda": 1, "S": 1, "parity": "u", "v": 2 }
        },
        "count": 1
      }
    ],
    "type_tags": ["Electronic", "Vibrational"],
    "reversible": false
  },
  "threshold": 7.95312,
  "data": [
    [7.95312, 0],
    [8, 0.000050895],
    [10, 0.00000198844],
    [11, 0.00000301141],
    [12, 2.59673e-7],
    [13, 0.00000108615],
    [14, 2.34964e-8],
    [15, 4.0528e-7],
    [16, 3.36692e-7],
    [17, 2.68104e-7],
    [18, 5.24412e-7],
    [19, 0.00000100041],
    [20, 0.00000125672],
    [22, 0.00000112615],
    [25, 6.28957e-7],
    [30, 1.16934e-9],
    [40, 1.13713e-9],
    [50, 1.42021e-9],
    [60, 1.7033e-9],
    [70, 8.8851e-10],
    [80, 7.37209e-11],
    [100, 8.25109e-11],
    [120, 9.13009e-11],
    [140, 8.91768e-11],
    [160, 8.33044e-11]
  ]
}