{
  "reaction": {
    "lhs": [
      { "state": { "particle": "e", "charge": -1 }, "count": 1 },
      {
        "state": {
          "particle": "H2",
          "charge": 0,
          "descriptor": {
            "type": 1,
            "accuracy": 2,
            "e": "X",
            "Lambda": 0,
            "S": 0,
            "parity": "g",
            "v": 13
          }
        },
        "count": 1
      }
    ],
    "rhs": [
      { "state": { "particle": "e", "charge": -1 }, "count": 1 },
      {
        "state": {
          "particle": "H2",
          "charge": 0,
          "descriptor": {
            "type": 1,
            "accuracy": 2,
            "e": "d",
            "Lambda": 1,
            "S": 1,
            "parity": "u",
            "v": 19
          }
        },
        "count": 1
      }
    ],
    "type_tags": ["Electronic", "Vibrational"],
    "reversible": false
  },
  "threshold": 12.1842,
  "data": [
    [12.1842, 0],
    [13, 0.0000120166],
    [14, 0.00000822205],
    [15, 0.00000858147],
    [16, 0.00000855702],
    [17, 0.00000839002],
    [18, 0.00000782638],
    [19, 0.00000692409],
    [20, 0.00000601073],
    [22, 0.0000047696],
    [25, 0.00000392978],
    [30, 0.00000314047],
    [40, 0.00000127015],
    [50, 8.78109e-7],
    [60, 7.94795e-7],
    [70, 6.14535e-7],
    [80, 4.13308e-7],
    [100, 2.11267e-7],
    [120, 1.2172e-7],
    [140, 8.75263e-8],
    [160, 6.14494e-8]
  ]
}