{
  "reaction": {
    "lhs": [
      { "state": { "particle": "e", "charge": -1 }, "count": 1 },
      {
        "state": {
          "particle": "H2",
          "charge": 0,
          "descriptor": {
            "type": 1,
            "accuracy": 2,
            "e": "X",
            "Lambda": 0,
            "S": 0,
            "parity": "g",
            "v": 13
          }
        },
        "count": 1
      }
    ],
    "rhs": [
      { "state": { "particle": "e", "charge": -1 }, "count": 1 },
      {
        "state": {
          "particle": "H2",
          "charge": 0,
          "descriptor": {
            "type": 1,
            "accuracy": 2,
            "e": "H",
            "Lambda": 0,
            "S": 0,
            "parity": "g",
            "v": 23
          }
        },
        "count": 1
      }
    ],
    "type_tags": ["Electronic", "Vibrational"],
    "reversible": false
  },
  "threshold": 11.3597,
  "data": [
    [11.3597, 0],
    [12, 0.000061981],
    [13, 0.000099627],
    [14, 0.000122061],
    [15, 0.000137331],
    [16, 0.000150728],
    [17, 0.000163102],
    [18, 0.000174298],
    [19, 0.000184504],
    [20, 0.000194887],
    [22, 0.000217159],
    [25, 0.000231741],
    [30, 0.000224732],
    [40, 0.000230522],
    [50, 0.000229352],
    [60, 0.000213015],
    [70, 0.00019341],
    [80, 0.000178956],
    [100, 0.000154273],
    [120, 0.000134294],
    [140, 0.000118032],
    [160, 0.000103235]
  ]
}