{
  "reaction": {
    "lhs": [
      { "state": { "particle": "e", "charge": -1 }, "count": 1 },
      {
        "state": {
          "particle": "H2",
          "charge": 0,
          "descriptor": {
            "type": 1,
            "accuracy": 2,
            "e": "X",
            "Lambda": 0,
            "S": 0,
            "parity": "g",
            "v": 13
          }
        },
        "count": 1
      }
    ],
    "rhs": [
      { "state": { "particle": "e", "charge": -1 }, "count": 1 },
      {
        "state": {
          "particle": "H2",
          "charge": 0,
          "descriptor": {
            "type": 1,
            "accuracy": 2,
            "e": "H",
            "Lambda": 0,
            "S": 0,
            "parity": "g",
            "v": 44
          }
        },
        "count": 1
      }
    ],
    "type_tags": ["Electronic", "Vibrational"],
    "reversible": false
  },
  "threshold": 11.8985,
  "data": [
    [11.8985, 0],
    [12, 0.00000155282],
    [13, 0.00000151874],
    [14, 0.00000102876],
    [15, 5.94402e-7],
    [16, 3.29008e-7],
    [17, 2.60498e-7],
    [18, 3.07466e-7],
    [19, 4.49965e-7],
    [20, 5.63878e-7],
    [22, 8.36811e-7],
    [25, 0.00000107309],
    [30, 0.0000010569],
    [40, 8.33282e-7],
    [50, 5.58425e-7],
    [60, 4.2106e-7],
    [70, 6.81994e-7],
    [80, 0.0000013091],
    [100, 0.00000120173],
    [120, 0.00000117478],
    [140, 0.00000109974],
    [160, 8.67292e-7]
  ]
}