{
  "reaction": {
    "lhs": [
      { "state": { "particle": "e", "charge": -1 }, "count": 1 },
      {
        "state": {
          "particle": "H2",
          "charge": 0,
          "descriptor": {
            "type": 1,
            "accuracy": 2,
            "e": "X",
            "Lambda": 0,
            "S": 0,
            "parity": "g",
            "v": 13
          }
        },
        "count": 1
      }
    ],
    "rhs": [
      { "state": { "particle": "e", "charge": -1 }, "count": 1 },
      {
        "state": {
          "particle": "H2",
          "charge": 0,
          "descriptor": {
            "type": 1,
            "accuracy": 2,
            "e": "j",
            "Lambda": 2,
            "S": 1,
            "parity": "g",
            "v": 16
          }
        },
        "count": 1
      }
    ],
    "type_tags": ["Electronic", "Vibrational"],
    "reversible": false
  },
  "threshold": 12.1644,
  "data": [
    [12.1644, 0],
    [13, 0.0000426475],
    [14, 0.0000463586],
    [15, 0.0000484787],
    [16, 0.0000418148],
    [17, 0.0000320582],
    [18, 0.0000266591],
    [19, 0.00002261],
    [20, 0.0000195773],
    [22, 0.0000152598],
    [25, 0.0000115542],
    [30, 0.00000846723],
    [40, 0.00000621841],
    [50, 0.00000445447],
    [60, 0.00000268278],
    [70, 0.00000148938],
    [80, 8.02689e-7],
    [100, 4.24448e-7],
    [120, 3.4531e-7],
    [140, 2.71842e-7],
    [160, 2.14914e-7]
  ]
}