{
  "reaction": {
    "lhs": [
      { "state": { "particle": "e", "charge": -1 }, "count": 1 },
      {
        "state": {
          "particle": "H2",
          "charge": 0,
          "descriptor": {
            "type": 1,
            "accuracy": 2,
            "e": "X",
            "Lambda": 0,
            "S": 0,
            "parity": "g",
            "v": 13
          }
        },
        "count": 1
      }
    ],
    "rhs": [
      { "state": { "particle": "e", "charge": -1 }, "count": 1 },
      {
        "state": {
          "particle": "H2",
          "charge": 0,
          "descriptor": {
            "type": 1,
            "accuracy": 2,
            "e": "EF",
            "Lambda": 0,
            "S": 0,
            "parity": "g",
            "v": 21
          }
        },
        "count": 1
      }
    ],
    "type_tags": ["Electronic", "Vibrational"],
    "reversible": false
  },
  "threshold": 9.68072,
  "data": [
    [9.68072, 0],
    [10, 0.000968772],
    [11, 0.00200163],
    [12, 0.00203103],
    [13, 0.00253928],
    [14, 0.00306584],
    [15, 0.0030815],
    [16, 0.00302893],
    [17, 0.00297027],
    [18, 0.00297842],
    [19, 0.00295545],
    [20, 0.00288728],
    [22, 0.00280676],
    [25, 0.00260547],
    [30, 0.0023595],
    [40, 0.00190097],
    [50, 0.00168567],
    [60, 0.00160388],
    [70, 0.00145147],
    [80, 0.00132148],
    [100, 0.00109337],
    [120, 0.00089922],
    [140, 0.000783439],
    [160, 0.000688889]
  ]
}