{
  "reaction": {
    "lhs": [
      { "state": { "particle": "e", "charge": -1 }, "count": 1 },
      {
        "state": {
          "particle": "H2",
          "charge": 0,
          "descriptor": {
            "type": 1,
            "accuracy": 2,
            "e": "X",
            "Lambda": 0,
            "S": 0,
            "parity": "g",
            "v": 13
          }
        },
        "count": 1
      }
    ],
    "rhs": [
      { "state": { "particle": "e", "charge": -1 }, "count": 1 },
      {
        "state": {
          "particle": "H2",
          "charge": 0,
          "descriptor": {
            "type": 1,
            "accuracy": 2,
            "e": "H",
            "Lambda": 0,
            "S": 0,
            "parity": "g",
            "v": 10
          }
        },
        "count": 1
      }
    ],
    "type_tags": ["Electronic", "Vibrational"],
    "reversible": false
  },
  "threshold": 10.9856,
  "data": [
    [10.9856, 0],
    [11, 1.04628e-9],
    [12, 1.83908e-9],
    [13, 1.89804e-9],
    [14, 1.63285e-9],
    [15, 1.37493e-9],
    [16, 1.44855e-9],
    [17, 1.81458e-9],
    [18, 2.1975e-9],
    [19, 2.54585e-9],
    [20, 2.78329e-9],
    [22, 2.77625e-9],
    [25, 2.76747e-9],
    [30, 2.93476e-9],
    [40, 2.24298e-9],
    [50, 1.55372e-9],
    [60, 1.21652e-9],
    [70, 1.06822e-9],
    [80, 9.5849e-10],
    [100, 6.88246e-10],
    [120, 5.42722e-10],
    [140, 4.41556e-10],
    [160, 3.72975e-10]
  ]
}