{
  "reaction": {
    "lhs": [
      { "state": { "particle": "e", "charge": -1 }, "count": 1 },
      {
        "state": {
          "particle": "H2",
          "charge": 0,
          "descriptor": {
            "type": 1,
            "accuracy": 2,
            "e": "X",
            "Lambda": 0,
            "S": 0,
            "parity": "g",
            "v": 13
          }
        },
        "count": 1
      }
    ],
    "rhs": [
      { "state": { "particle": "e", "charge": -1 }, "count": 1 },
      {
        "state": {
          "particle": "H2",
          "charge": 0,
          "descriptor": {
            "type": 1,
            "accuracy": 2,
            "e": "Bp",
            "Lambda": 0,
            "S": 0,
            "parity": "u",
            "v": 0
          }
        },
        "count": 1
      }
    ],
    "type_tags": ["Electronic", "Vibrational"],
    "reversible": false
  },
  "threshold": 9.31263,
  "data": [
    [9.31263, 0],
    [10, 1.89761e-8],
    [11, 4.51819e-8],
    [12, 6.53379e-8],
    [13, 7.80357e-8],
    [14, 5.79635e-8],
    [15, 2.79005e-8],
    [16, 9.96689e-9],
    [17, 6.60724e-9],
    [18, 9.43178e-9],
    [19, 8.5804e-9],
    [20, 5.7507e-9],
    [22, 2.28987e-9],
    [25, 3.52869e-9],
    [30, 4.21719e-10],
    [40, 2.49341e-11],
    [50, 1.62483e-10],
    [60, 1.11685e-10],
    [70, 3.64411e-11],
    [80, 1.06263e-11],
    [100, 5.25695e-11],
    [120, 5.25695e-11],
    [140, 5.25695e-11],
    [160, 5.25695e-11]
  ]
}