{
  "reaction": {
    "lhs": [
      { "state": { "particle": "e", "charge": -1 }, "count": 1 },
      {
        "state": {
          "particle": "H2",
          "charge": 0,
          "descriptor": {
            "type": 1,
            "accuracy": 2,
            "e": "X",
            "Lambda": 0,
            "S": 0,
            "parity": "g",
            "v": 13
          }
        },
        "count": 1
      }
    ],
    "rhs": [
      { "state": { "particle": "e", "charge": -1 }, "count": 1 },
      {
        "state": {
          "particle": "H2",
          "charge": 0,
          "descriptor": {
            "type": 1,
            "accuracy": 2,
            "e": "g",
            "Lambda": 0,
            "S": 1,
            "parity": "g",
            "v": 12
          }
        },
        "count": 1
      }
    ],
    "type_tags": ["Electronic", "Vibrational"],
    "reversible": false
  },
  "threshold": 11.9035,
  "data": [
    [11.9035, 0],
    [12, 0.000814255],
    [13, 0.00327421],
    [14, 0.00276409],
    [15, 0.00249537],
    [16, 0.00204069],
    [17, 0.00161117],
    [18, 0.00137067],
    [19, 0.00122153],
    [20, 0.00110699],
    [22, 0.00090452],
    [25, 0.000691413],
    [30, 0.000464776],
    [40, 0.000295698],
    [50, 0.00020695],
    [60, 0.000150954],
    [70, 0.000105488],
    [80, 0.0000748212],
    [100, 0.0000374351],
    [120, 0.0000221303],
    [140, 0.0000158708],
    [160, 0.0000110984]
  ]
}