{
  "reaction": {
    "lhs": [
      { "state": { "particle": "e", "charge": -1 }, "count": 1 },
      {
        "state": {
          "particle": "H2",
          "charge": 0,
          "descriptor": {
            "type": 1,
            "accuracy": 2,
            "e": "X",
            "Lambda": 0,
            "S": 0,
            "parity": "g",
            "v": 13
          }
        },
        "count": 1
      }
    ],
    "rhs": [
      { "state": { "particle": "e", "charge": -1 }, "count": 1 },
      {
        "state": {
          "particle": "H2",
          "charge": 0,
          "descriptor": { "type": 1, "accuracy": 2, "e": "g", "Lambda": 0, "S": 1, "parity": "g", "v": 5 }
        },
        "count": 1
      }
    ],
    "type_tags": ["Electronic", "Vibrational"],
    "reversible": false
  },
  "threshold": 10.7779,
  "data": [
    [10.7779, 0],
    [11, 0.00000370175],
    [12, 0.0000122579],
    [13, 6.47793e-7],
    [14, 4.99609e-7],
    [15, 9.39478e-7],
    [16, 4.71762e-7],
    [17, 4.04569e-9],
    [18, 7.63326e-7],
    [19, 0.00000217342],
    [20, 0.0000029327],
    [22, 0.0000026367],
    [25, 0.00000150964],
    [30, 8.65867e-8],
    [40, 1.14091e-7],
    [50, 5.54916e-7],
    [60, 0.00000108886],
    [70, 0.00000107748],
    [80, 9.0668e-7],
    [100, 4.82399e-7],
    [120, 9.28608e-8],
    [140, 6.53228e-8],
    [160, 4.40073e-8]
  ]
}