{
  "reaction": {
    "lhs": [
      { "state": { "particle": "e", "charge": -1 }, "count": 1 },
      {
        "state": {
          "particle": "H2",
          "charge": 0,
          "descriptor": {
            "type": 1,
            "accuracy": 2,
            "e": "X",
            "Lambda": 0,
            "S": 0,
            "parity": "g",
            "v": 13
          }
        },
        "count": 1
      }
    ],
    "rhs": [
      { "state": { "particle": "e", "charge": -1 }, "count": 1 },
      {
        "state": {
          "particle": "H2",
          "charge": 0,
          "descriptor": {
            "type": 1,
            "accuracy": 2,
            "e": "B",
            "Lambda": 0,
            "S": 0,
            "parity": "u",
            "v": 21
          }
        },
        "count": 1
      }
    ],
    "type_tags": ["Electronic", "Vibrational"],
    "reversible": false
  },
  "threshold": 9.41141,
  "data": [
    [9.41141, 0],
    [10, 0.00108389],
    [11, 0.00214438],
    [12, 0.00293546],
    [13, 0.00353994],
    [14, 0.00403201],
    [15, 0.0044319],
    [16, 0.00474866],
    [17, 0.00499181],
    [18, 0.005171],
    [19, 0.00529584],
    [20, 0.00537594],
    [22, 0.00544087],
    [25, 0.00544256],
    [30, 0.00556104],
    [40, 0.00568416],
    [50, 0.00561286],
    [60, 0.00545929],
    [70, 0.005283],
    [80, 0.00508105],
    [100, 0.00466276],
    [120, 0.00426224],
    [140, 0.0039023],
    [160, 0.00358463]
  ]
}