{
  "reaction": {
    "lhs": [
      { "state": { "particle": "e", "charge": -1 }, "count": 1 },
      {
        "state": {
          "particle": "H2",
          "charge": 0,
          "descriptor": {
            "type": 1,
            "accuracy": 2,
            "e": "X",
            "Lambda": 0,
            "S": 0,
            "parity": "g",
            "v": 13
          }
        },
        "count": 1
      }
    ],
    "rhs": [
      { "state": { "particle": "e", "charge": -1 }, "count": 1 },
      {
        "state": {
          "particle": "H2",
          "charge": 0,
          "descriptor": { "type": 1, "accuracy": 2, "e": "j", "Lambda": 2, "S": 1, "parity": "g", "v": 7 }
        },
        "count": 1
      }
    ],
    "type_tags": ["Electronic", "Vibrational"],
    "reversible": false
  },
  "threshold": 11.1615,
  "data": [
    [11.1615, 0],
    [12, 0.00101062],
    [13, 0.0010185],
    [14, 0.000801724],
    [15, 0.000673022],
    [16, 0.000584248],
    [17, 0.000510736],
    [18, 0.000446429],
    [19, 0.000397386],
    [20, 0.000357118],
    [22, 0.000286405],
    [25, 0.000200233],
    [30, 0.000108308],
    [40, 0.0000675746],
    [50, 0.0000389948],
    [60, 0.0000182317],
    [70, 0.0000158896],
    [80, 0.0000154879],
    [100, 0.00000799028],
    [120, 6.19864e-7],
    [140, 4.39109e-7],
    [160, 2.98648e-7]
  ]
}