{
  "reaction": {
    "lhs": [
      { "state": { "particle": "e", "charge": -1 }, "count": 1 },
      {
        "state": {
          "particle": "H2",
          "charge": 0,
          "descriptor": {
            "type": 1,
            "accuracy": 2,
            "e": "X",
            "Lambda": 0,
            "S": 0,
            "parity": "g",
            "v": 13
          }
        },
        "count": 1
      }
    ],
    "rhs": [
      { "state": { "particle": "e", "charge": -1 }, "count": 1 },
      {
        "state": {
          "particle": "H2",
          "charge": 0,
          "descriptor": { "type": 1, "accuracy": 2, "e": "d", "Lambda": 1, "S": 1, "parity": "u", "v": 4 }
        },
        "count": 1
      }
    ],
    "type_tags": ["Electronic", "Vibrational"],
    "reversible": false
  },
  "threshold": 10.4937,
  "data": [
    [10.4937, 0],
    [11, 6.01386e-7],
    [12, 1.94972e-7],
    [13, 0.00000189563],
    [14, 0.0000023625],
    [15, 0.00000177043],
    [16, 8.18301e-7],
    [17, 2.09328e-7],
    [18, 2.87214e-7],
    [19, 4.31858e-7],
    [20, 5.09744e-7],
    [22, 4.61455e-7],
    [25, 2.77585e-7],
    [30, 4.54265e-8],
    [40, 1.32684e-7],
    [50, 7.36128e-8],
    [60, 9.46186e-9],
    [70, 3.67019e-9],
    [80, 2.67862e-9],
    [100, 1.65099e-9],
    [120, 1.01918e-9],
    [140, 7.31236e-10],
    [160, 5.13788e-10]
  ]
}