{
  "reaction": {
    "lhs": [
      { "state": { "particle": "e", "charge": -1 }, "count": 1 },
      {
        "state": {
          "particle": "H2",
          "charge": 0,
          "descriptor": {
            "type": 1,
            "accuracy": 2,
            "e": "X",
            "Lambda": 0,
            "S": 0,
            "parity": "g",
            "v": 13
          }
        },
        "count": 1
      }
    ],
    "rhs": [
      { "state": { "particle": "e", "charge": -1 }, "count": 1 },
      {
        "state": {
          "particle": "H2",
          "charge": 0,
          "descriptor": { "type": 1, "accuracy": 2, "e": "J", "Lambda": 2, "S": 0, "parity": "g", "v": 5 }
        },
        "count": 1
      }
    ],
    "type_tags": ["Electronic", "Vibrational"],
    "reversible": false
  },
  "threshold": 10.7755,
  "data": [
    [10.7755, 0],
    [11, 0.0000169182],
    [12, 0.0000802606],
    [13, 5.96818e-8],
    [14, 0.0000119649],
    [15, 6.90744e-8],
    [16, 0.00000373844],
    [17, 0.00000134029],
    [18, 5.81707e-7],
    [19, 0.00000323749],
    [20, 0.00000771116],
    [22, 0.0000107182],
    [25, 0.00000796952],
    [30, 0.00000535889],
    [40, 0.00000439494],
    [50, 0.00000422536],
    [60, 0.00000401981],
    [70, 0.00000372369],
    [80, 0.00000343595],
    [100, 0.0000021519],
    [120, 0.00000212946],
    [140, 0.00000169701],
    [160, 0.000001456]
  ]
}