{
  "reaction": {
    "lhs": [
      { "state": { "particle": "e", "charge": -1 }, "count": 1 },
      {
        "state": {
          "particle": "H2",
          "charge": 0,
          "descriptor": {
            "type": 1,
            "accuracy": 2,
            "e": "X",
            "Lambda": 0,
            "S": 0,
            "parity": "g",
            "v": 13
          }
        },
        "count": 1
      }
    ],
    "rhs": [
      { "state": { "particle": "e", "charge": -1 }, "count": 1 },
      {
        "state": {
          "particle": "H2",
          "charge": 0,
          "descriptor": {
            "type": 1,
            "accuracy": 2,
            "e": "a",
            "Lambda": 0,
            "S": 1,
            "parity": "g",
            "v": 16
          }
        },
        "count": 1
      }
    ],
    "type_tags": ["Electronic", "Vibrational"],
    "reversible": false
  },
  "threshold": 10.2841,
  "data": [
    [10.2841, 0],
    [11, 0.000239574],
    [12, 0.000227366],
    [13, 0.000186798],
    [14, 0.000132353],
    [15, 0.00011234],
    [16, 0.0000947057],
    [17, 0.000080047],
    [18, 0.0000696472],
    [19, 0.0000619261],
    [20, 0.000055715],
    [22, 0.0000452104],
    [25, 0.0000332455],
    [30, 0.0000199094],
    [40, 0.0000118695],
    [50, 0.00000749723],
    [60, 0.00000488534],
    [70, 0.00000351074],
    [80, 0.0000028885],
    [100, 0.00000156444],
    [120, 9.57827e-7],
    [140, 9.16649e-7],
    [160, 8.84704e-7]
  ]
}