{
  "reaction": {
    "lhs": [
      { "state": { "particle": "e", "charge": -1 }, "count": 1 },
      {
        "state": {
          "particle": "H2",
          "charge": 0,
          "descriptor": {
            "type": 1,
            "accuracy": 2,
            "e": "X",
            "Lambda": 0,
            "S": 0,
            "parity": "g",
            "v": 13
          }
        },
        "count": 1
      }
    ],
    "rhs": [
      { "state": { "particle": "e", "charge": -1 }, "count": 1 },
      {
        "state": {
          "particle": "H2",
          "charge": 0,
          "descriptor": {
            "type": 1,
            "accuracy": 2,
            "e": "d",
            "Lambda": 1,
            "S": 1,
            "parity": "u",
            "v": 10
          }
        },
        "count": 1
      }
    ],
    "type_tags": ["Electronic", "Vibrational"],
    "reversible": false
  },
  "threshold": 11.5956,
  "data": [
    [11.5956, 0],
    [12, 0.015551],
    [13, 0.0133288],
    [14, 0.013658],
    [15, 0.0106734],
    [16, 0.00999187],
    [17, 0.00984194],
    [18, 0.00882226],
    [19, 0.0069838],
    [20, 0.00564124],
    [22, 0.00460391],
    [25, 0.00384296],
    [30, 0.00342606],
    [40, 0.0027474],
    [50, 0.00171465],
    [60, 0.0007851],
    [70, 0.000399189],
    [80, 0.000253432],
    [100, 0.0000896194],
    [120, 0.0000593672],
    [140, 0.0000423017],
    [160, 0.0000292195]
  ]
}