{
  "reaction": {
    "lhs": [
      { "state": { "particle": "e", "charge": -1 }, "count": 1 },
      {
        "state": {
          "particle": "H2",
          "charge": 0,
          "descriptor": {
            "type": 1,
            "accuracy": 2,
            "e": "X",
            "Lambda": 0,
            "S": 0,
            "parity": "g",
            "v": 13
          }
        },
        "count": 1
      }
    ],
    "rhs": [
      { "state": { "particle": "e", "charge": -1 }, "count": 1 },
      {
        "state": {
          "particle": "H2",
          "charge": 0,
          "descriptor": {
            "type": 1,
            "accuracy": 2,
            "e": "GK",
            "Lambda": 0,
            "S": 0,
            "parity": "g",
            "v": 2
          }
        },
        "count": 1
      }
    ],
    "type_tags": ["Electronic", "Vibrational"],
    "reversible": false
  },
  "threshold": 9.63436,
  "data": [
    [9.63436, 0],
    [10, 0.000293755],
    [11, 0.000917311],
    [12, 0.000758093],
    [13, 0.000748742],
    [14, 0.000746784],
    [15, 0.000905191],
    [16, 0.000933917],
    [17, 0.000878088],
    [18, 0.00083304],
    [19, 0.000880373],
    [20, 0.000886037],
    [22, 0.000844674],
    [25, 0.000888369],
    [30, 0.000910344],
    [40, 0.000713752],
    [50, 0.000739769],
    [60, 0.000780135],
    [70, 0.00080575],
    [80, 0.000750574],
    [100, 0.000645896],
    [120, 0.000577367],
    [140, 0.000534413],
    [160, 0.000503116]
  ]
}