{
  "reaction": {
    "lhs": [
      { "state": { "particle": "e", "charge": -1 }, "count": 1 },
      {
        "state": {
          "particle": "H2",
          "charge": 0,
          "descriptor": {
            "type": 1,
            "accuracy": 2,
            "e": "X",
            "Lambda": 0,
            "S": 0,
            "parity": "g",
            "v": 13
          }
        },
        "count": 1
      }
    ],
    "rhs": [
      { "state": { "particle": "e", "charge": -1 }, "count": 1 },
      {
        "state": {
          "particle": "H2",
          "charge": 0,
          "descriptor": {
            "type": 1,
            "accuracy": 2,
            "e": "EF",
            "Lambda": 0,
            "S": 0,
            "parity": "g",
            "v": 28
          }
        },
        "count": 1
      }
    ],
    "type_tags": ["Electronic", "Vibrational"],
    "reversible": false
  },
  "threshold": 10.1308,
  "data": [
    [10.1308, 0],
    [11, 0.000363721],
    [12, 0.000522008],
    [13, 0.000639114],
    [14, 0.000754601],
    [15, 0.00077067],
    [16, 0.000792623],
    [17, 0.000805948],
    [18, 0.000771372],
    [19, 0.000753047],
    [20, 0.000780547],
    [22, 0.000759691],
    [25, 0.000708242],
    [30, 0.000661645],
    [40, 0.000541279],
    [50, 0.000475107],
    [60, 0.000442125],
    [70, 0.000397489],
    [80, 0.000361941],
    [100, 0.000297083],
    [120, 0.000241145],
    [140, 0.000207867],
    [160, 0.000180664]
  ]
}