{
  "reaction": {
    "lhs": [
      { "state": { "particle": "e", "charge": -1 }, "count": 1 },
      {
        "state": {
          "particle": "H2",
          "charge": 0,
          "descriptor": {
            "type": 1,
            "accuracy": 2,
            "e": "X",
            "Lambda": 0,
            "S": 0,
            "parity": "g",
            "v": 13
          }
        },
        "count": 1
      }
    ],
    "rhs": [
      { "state": { "particle": "e", "charge": -1 }, "count": 1 },
      {
        "state": {
          "particle": "H2",
          "charge": 0,
          "descriptor": {
            "type": 1,
            "accuracy": 2,
            "e": "B",
            "Lambda": 0,
            "S": 0,
            "parity": "u",
            "v": 29
          }
        },
        "count": 1
      }
    ],
    "type_tags": ["Electronic", "Vibrational"],
    "reversible": false
  },
  "threshold": 10.0127,
  "data": [
    [10.0127, 0],
    [11, 0.000217654],
    [12, 0.000381815],
    [13, 0.000513501],
    [14, 0.000627782],
    [15, 0.000729742],
    [16, 0.00082012],
    [17, 0.000899745],
    [18, 0.000969468],
    [19, 0.00103012],
    [20, 0.00108252],
    [22, 0.00116596],
    [25, 0.00125023],
    [30, 0.00133049],
    [40, 0.00140659],
    [50, 0.00138266],
    [60, 0.00135471],
    [70, 0.00132971],
    [80, 0.0013029],
    [100, 0.00121819],
    [120, 0.0011124],
    [140, 0.00101465],
    [160, 0.000929776]
  ]
}