{
  "reaction": {
    "lhs": [
      { "state": { "particle": "e", "charge": -1 }, "count": 1 },
      {
        "state": {
          "particle": "H2",
          "charge": 0,
          "descriptor": {
            "type": 1,
            "accuracy": 2,
            "e": "X",
            "Lambda": 0,
            "S": 0,
            "parity": "g",
            "v": 13
          }
        },
        "count": 1
      }
    ],
    "rhs": [
      { "state": { "particle": "e", "charge": -1 }, "count": 1 },
      {
        "state": {
          "particle": "H2",
          "charge": 0,
          "descriptor": {
            "type": 1,
            "accuracy": 2,
            "e": "H",
            "Lambda": 0,
            "S": 0,
            "parity": "g",
            "v": 26
          }
        },
        "count": 1
      }
    ],
    "type_tags": ["Electronic", "Vibrational"],
    "reversible": false
  },
  "threshold": 11.4349,
  "data": [
    [11.4349, 0],
    [12, 0.00000263505],
    [13, 0.00000575144],
    [14, 0.00000845563],
    [15, 0.0000117068],
    [16, 0.000014487],
    [17, 0.0000158392],
    [18, 0.0000165081],
    [19, 0.0000173479],
    [20, 0.0000181249],
    [22, 0.0000200046],
    [25, 0.0000222966],
    [30, 0.000024809],
    [40, 0.0000296291],
    [50, 0.000033161],
    [60, 0.0000349929],
    [70, 0.0000353127],
    [80, 0.0000345031],
    [100, 0.0000323825],
    [120, 0.000029535],
    [140, 0.0000261671],
    [160, 0.0000221389]
  ]
}