{
  "reaction": {
    "lhs": [
      { "state": { "particle": "e", "charge": -1 }, "count": 1 },
      {
        "state": {
          "particle": "H2",
          "charge": 0,
          "descriptor": {
            "type": 1,
            "accuracy": 2,
            "e": "X",
            "Lambda": 0,
            "S": 0,
            "parity": "g",
            "v": 13
          }
        },
        "count": 1
      }
    ],
    "rhs": [
      { "state": { "particle": "e", "charge": -1 }, "count": 1 },
      {
        "state": {
          "particle": "H2",
          "charge": 0,
          "descriptor": { "type": 1, "accuracy": 2, "e": "e", "Lambda": 0, "S": 1, "parity": "u", "v": 4 }
        },
        "count": 1
      }
    ],
    "type_tags": ["Electronic", "Vibrational"],
    "reversible": false
  },
  "threshold": 9.76478,
  "data": [
    [9.76478, 0],
    [10, 9.24209e-7],
    [11, 0.00000420506],
    [12, 2.34887e-7],
    [13, 0.00000339037],
    [14, 0.00000233154],
    [15, 7.92585e-7],
    [16, 1.92017e-7],
    [17, 6.68982e-8],
    [18, 1.81561e-7],
    [19, 4.24762e-7],
    [20, 6.45317e-7],
    [22, 9.78495e-7],
    [25, 0.00000146822],
    [30, 0.00000189402],
    [40, 1.35997e-7],
    [50, 1.74929e-8],
    [60, 5.04495e-10],
    [70, 5.09207e-10],
    [80, 5.4222e-10],
    [100, 6.30017e-9],
    [120, 1.20581e-8],
    [140, 1.1793e-8],
    [160, 1.10602e-8]
  ]
}