{
  "reaction": {
    "lhs": [
      { "state": { "particle": "e", "charge": -1 }, "count": 1 },
      {
        "state": {
          "particle": "H2",
          "charge": 0,
          "descriptor": {
            "type": 1,
            "accuracy": 2,
            "e": "X",
            "Lambda": 0,
            "S": 0,
            "parity": "g",
            "v": 13
          }
        },
        "count": 1
      }
    ],
    "rhs": [
      { "state": { "particle": "e", "charge": -1 }, "count": 1 },
      {
        "state": {
          "particle": "H2",
          "charge": 0,
          "descriptor": {
            "type": 1,
            "accuracy": 2,
            "e": "B",
            "Lambda": 0,
            "S": 0,
            "parity": "u",
            "v": 19
          }
        },
        "count": 1
      }
    ],
    "type_tags": ["Electronic", "Vibrational"],
    "reversible": false
  },
  "threshold": 9.22985,
  "data": [
    [9.22985, 0],
    [10, 0.000308481],
    [11, 0.000543073],
    [12, 0.000717556],
    [13, 0.000844017],
    [14, 0.000953303],
    [15, 0.00105403],
    [16, 0.00114656],
    [17, 0.001231],
    [18, 0.00130751],
    [19, 0.00137621],
    [20, 0.00143729],
    [22, 0.00153711],
    [25, 0.00163327],
    [30, 0.00168577],
    [40, 0.00171373],
    [50, 0.00165406],
    [60, 0.00158925],
    [70, 0.00154936],
    [80, 0.00151389],
    [100, 0.00140398],
    [120, 0.00126868],
    [140, 0.00114611],
    [160, 0.00104227]
  ]
}