{
  "reaction": {
    "lhs": [
      { "state": { "particle": "e", "charge": -1 }, "count": 1 },
      {
        "state": {
          "particle": "H2",
          "charge": 0,
          "descriptor": {
            "type": 1,
            "accuracy": 2,
            "e": "X",
            "Lambda": 0,
            "S": 0,
            "parity": "g",
            "v": 13
          }
        },
        "count": 1
      }
    ],
    "rhs": [
      { "state": { "particle": "e", "charge": -1 }, "count": 1 },
      {
        "state": {
          "particle": "H2",
          "charge": 0,
          "descriptor": {
            "type": 1,
            "accuracy": 2,
            "e": "H",
            "Lambda": 0,
            "S": 0,
            "parity": "g",
            "v": 62
          }
        },
        "count": 1
      }
    ],
    "type_tags": ["Electronic", "Vibrational"],
    "reversible": false
  },
  "threshold": 12.1849,
  "data": [
    [12.1849, 0],
    [13, 0.0000466395],
    [14, 0.0000732066],
    [15, 0.0000838222],
    [16, 0.0000844827],
    [17, 0.0000863961],
    [18, 0.000092494],
    [19, 0.0000997149],
    [20, 0.000107247],
    [22, 0.000120793],
    [25, 0.000121972],
    [30, 0.000095838],
    [40, 0.0000775529],
    [50, 0.0000739457],
    [60, 0.0000684492],
    [70, 0.0000612336],
    [80, 0.0000531812],
    [100, 0.0000425545],
    [120, 0.0000350871],
    [140, 0.0000298564],
    [160, 0.0000267528]
  ]
}