{
  "reaction": {
    "lhs": [
      { "state": { "particle": "e", "charge": -1 }, "count": 1 },
      {
        "state": {
          "particle": "H2",
          "charge": 0,
          "descriptor": {
            "type": 1,
            "accuracy": 2,
            "e": "X",
            "Lambda": 0,
            "S": 0,
            "parity": "g",
            "v": 13
          }
        },
        "count": 1
      }
    ],
    "rhs": [
      { "state": { "particle": "e", "charge": -1 }, "count": 1 },
      {
        "state": {
          "particle": "H2",
          "charge": 0,
          "descriptor": { "type": 1, "accuracy": 2, "e": "a", "Lambda": 0, "S": 1, "parity": "g", "v": 3 }
        },
        "count": 1
      }
    ],
    "type_tags": ["Electronic", "Vibrational"],
    "reversible": false
  },
  "threshold": 8.29942,
  "data": [
    [8.29942, 0],
    [10, 0.00000223654],
    [11, 0.00000193636],
    [12, 5.65571e-8],
    [13, 9.1577e-7],
    [14, 6.99913e-7],
    [15, 3.03737e-7],
    [16, 1.36891e-7],
    [17, 6.70132e-8],
    [18, 2.2178e-8],
    [19, 5.26136e-9],
    [20, 2.64812e-9],
    [22, 1.03358e-8],
    [25, 3.9608e-8],
    [30, 7.65678e-8],
    [40, 1.7073e-13],
    [50, 1.65912e-8],
    [60, 3.31823e-8],
    [70, 1.82536e-8],
    [80, 2.64091e-9],
    [100, 1.06502e-9],
    [120, 8.16196e-10],
    [140, 7.33112e-10],
    [160, 6.47635e-10]
  ]
}