{
  "reaction": {
    "lhs": [
      { "state": { "particle": "e", "charge": -1 }, "count": 1 },
      {
        "state": {
          "particle": "H2",
          "charge": 0,
          "descriptor": {
            "type": 1,
            "accuracy": 2,
            "e": "X",
            "Lambda": 0,
            "S": 0,
            "parity": "g",
            "v": 13
          }
        },
        "count": 1
      }
    ],
    "rhs": [
      { "state": { "particle": "e", "charge": -1 }, "count": 1 },
      {
        "state": {
          "particle": "H2",
          "charge": 0,
          "descriptor": { "type": 1, "accuracy": 2, "e": "D", "Lambda": 1, "S": 0, "parity": "u", "v": 6 }
        },
        "count": 1
      }
    ],
    "type_tags": ["Electronic", "Vibrational"],
    "reversible": false
  },
  "threshold": 11.0409,
  "data": [
    [11.0409, 0],
    [12, 0.000367185],
    [13, 0.000534986],
    [14, 0.000587439],
    [15, 0.00058914],
    [16, 0.000623225],
    [17, 0.000680322],
    [18, 0.000721697],
    [19, 0.000744509],
    [20, 0.000774057],
    [22, 0.000886745],
    [25, 0.00107583],
    [30, 0.001319],
    [40, 0.00158423],
    [50, 0.00176411],
    [60, 0.00191572],
    [70, 0.00193218],
    [80, 0.00184098],
    [100, 0.00172345],
    [120, 0.00160426],
    [140, 0.00148832],
    [160, 0.00138829]
  ]
}