{
  "reaction": {
    "lhs": [
      { "state": { "particle": "e", "charge": -1 }, "count": 1 },
      {
        "state": {
          "particle": "H2",
          "charge": 0,
          "descriptor": {
            "type": 1,
            "accuracy": 2,
            "e": "X",
            "Lambda": 0,
            "S": 0,
            "parity": "g",
            "v": 13
          }
        },
        "count": 1
      }
    ],
    "rhs": [
      { "state": { "particle": "e", "charge": -1 }, "count": 1 },
      {
        "state": {
          "particle": "H2",
          "charge": 0,
          "descriptor": {
            "type": 1,
            "accuracy": 2,
            "e": "H",
            "Lambda": 0,
            "S": 0,
            "parity": "g",
            "v": 33
          }
        },
        "count": 1
      }
    ],
    "type_tags": ["Electronic", "Vibrational"],
    "reversible": false
  },
  "threshold": 11.6043,
  "data": [
    [11.6043, 0],
    [12, 0.0000957732],
    [13, 0.000216018],
    [14, 0.000278478],
    [15, 0.000296136],
    [16, 0.000313717],
    [17, 0.000334311],
    [18, 0.000356681],
    [19, 0.000375851],
    [20, 0.00037824],
    [22, 0.000355542],
    [25, 0.000349541],
    [30, 0.000382058],
    [40, 0.000297094],
    [50, 0.000225672],
    [60, 0.000210257],
    [70, 0.000204563],
    [80, 0.000177992],
    [100, 0.000137381],
    [120, 0.000113164],
    [140, 0.0000971407],
    [160, 0.0000871138]
  ]
}