{
  "reaction": {
    "lhs": [
      { "state": { "particle": "e", "charge": -1 }, "count": 1 },
      {
        "state": {
          "particle": "H2",
          "charge": 0,
          "descriptor": {
            "type": 1,
            "accuracy": 2,
            "e": "X",
            "Lambda": 0,
            "S": 0,
            "parity": "g",
            "v": 13
          }
        },
        "count": 1
      }
    ],
    "rhs": [
      { "state": { "particle": "e", "charge": -1 }, "count": 1 },
      {
        "state": {
          "particle": "H2",
          "charge": 0,
          "descriptor": {
            "type": 1,
            "accuracy": 2,
            "e": "c",
            "Lambda": 1,
            "S": 1,
            "parity": "u",
            "v": 14
          }
        },
        "count": 1
      }
    ],
    "type_tags": ["Electronic", "Vibrational"],
    "reversible": false
  },
  "threshold": 10.1207,
  "data": [
    [10.1207, 0],
    [11, 1.12864e-12],
    [12, 2.57921e-12],
    [13, 3.07283e-12],
    [14, 1.8013e-12],
    [15, 1.31609e-12],
    [16, 1.18013e-12],
    [17, 1.10809e-12],
    [18, 8.81102e-13],
    [19, 6.1228e-13],
    [20, 4.19592e-13],
    [22, 2.31467e-13],
    [25, 8.05511e-14],
    [30, 2.97573e-14],
    [40, 0.000114104],
    [50, 0.0000878739],
    [60, 0.0000497451],
    [70, 0.0000307275],
    [80, 0.0000189142],
    [100, 0.00000792613],
    [120, 0.00000546522],
    [140, 0.00000394018],
    [160, 0.00000277636]
  ]
}