{
  "reaction": {
    "lhs": [
      { "state": { "particle": "e", "charge": -1 }, "count": 1 },
      {
        "state": {
          "particle": "H2",
          "charge": 0,
          "descriptor": {
            "type": 1,
            "accuracy": 2,
            "e": "X",
            "Lambda": 0,
            "S": 0,
            "parity": "g",
            "v": 13
          }
        },
        "count": 1
      }
    ],
    "rhs": [
      { "state": { "particle": "e", "charge": -1 }, "count": 1 },
      {
        "state": {
          "particle": "H2",
          "charge": 0,
          "descriptor": {
            "type": 1,
            "accuracy": 2,
            "e": "B",
            "Lambda": 0,
            "S": 0,
            "parity": "u",
            "v": 33
          }
        },
        "count": 1
      }
    ],
    "type_tags": ["Electronic", "Vibrational"],
    "reversible": false
  },
  "threshold": 10.2243,
  "data": [
    [10.2243, 0],
    [11, 0.000128402],
    [12, 0.000219385],
    [13, 0.000287995],
    [14, 0.000342455],
    [15, 0.000385673],
    [16, 0.000418896],
    [17, 0.000443333],
    [18, 0.000460201],
    [19, 0.000470721],
    [20, 0.000476109],
    [22, 0.000476365],
    [25, 0.000468741],
    [30, 0.000479383],
    [40, 0.000494549],
    [50, 0.000494141],
    [60, 0.000481408],
    [70, 0.000466064],
    [80, 0.000448328],
    [100, 0.000412505],
    [120, 0.000379066],
    [140, 0.00034879],
    [160, 0.000321654]
  ]
}