{
  "reaction": {
    "lhs": [
      { "state": { "particle": "e", "charge": -1 }, "count": 1 },
      {
        "state": {
          "particle": "H2",
          "charge": 0,
          "descriptor": {
            "type": 1,
            "accuracy": 2,
            "e": "X",
            "Lambda": 0,
            "S": 0,
            "parity": "g",
            "v": 13
          }
        },
        "count": 1
      }
    ],
    "rhs": [
      { "state": { "particle": "e", "charge": -1 }, "count": 1 },
      {
        "state": {
          "particle": "H2",
          "charge": 0,
          "descriptor": { "type": 1, "accuracy": 2, "e": "I", "Lambda": 1, "S": 0, "parity": "g", "v": 2 }
        },
        "count": 1
      }
    ],
    "type_tags": ["Electronic", "Vibrational"],
    "reversible": false
  },
  "threshold": 10.001,
  "data": [
    [10.001, 0],
    [11, 5.37043e-8],
    [12, 0.0000034625],
    [13, 0.0000030333],
    [14, 0.00000320801],
    [15, 8.88813e-9],
    [16, 4.54584e-7],
    [17, 1.63181e-7],
    [18, 1.61684e-8],
    [19, 7.75977e-7],
    [20, 6.2546e-10],
    [22, 1.54368e-7],
    [25, 0.00000220403],
    [30, 6.71753e-8],
    [40, 5.58232e-9],
    [50, 7.00103e-7],
    [60, 3.72221e-7],
    [70, 2.36974e-8],
    [80, 9.92456e-9],
    [100, 1.15731e-8],
    [120, 1.03202e-8],
    [140, 9.28793e-9],
    [160, 7.24651e-9]
  ]
}