{
  "reaction": {
    "lhs": [
      { "state": { "particle": "e", "charge": -1 }, "count": 1 },
      {
        "state": {
          "particle": "H2",
          "charge": 0,
          "descriptor": {
            "type": 1,
            "accuracy": 2,
            "e": "X",
            "Lambda": 0,
            "S": 0,
            "parity": "g",
            "v": 13
          }
        },
        "count": 1
      }
    ],
    "rhs": [
      { "state": { "particle": "e", "charge": -1 }, "count": 1 },
      {
        "state": {
          "particle": "H2",
          "charge": 0,
          "descriptor": { "type": 1, "accuracy": 2, "e": "d", "Lambda": 1, "S": 1, "parity": "u", "v": 9 }
        },
        "count": 1
      }
    ],
    "type_tags": ["Electronic", "Vibrational"],
    "reversible": false
  },
  "threshold": 11.447,
  "data": [
    [11.447, 0],
    [12, 0.0605698],
    [13, 0.0699218],
    [14, 0.0673524],
    [15, 0.0480844],
    [16, 0.0458687],
    [17, 0.045474],
    [18, 0.0421978],
    [19, 0.0357722],
    [20, 0.0305082],
    [22, 0.0251235],
    [25, 0.020238],
    [30, 0.0154672],
    [40, 0.0095759],
    [50, 0.0060693],
    [60, 0.00373956],
    [70, 0.00222284],
    [80, 0.00137186],
    [100, 0.000529795],
    [120, 0.000350998],
    [140, 0.000251297],
    [160, 0.000175]
  ]
}