{
  "reaction": {
    "lhs": [
      { "state": { "particle": "e", "charge": -1 }, "count": 1 },
      {
        "state": {
          "particle": "H2",
          "charge": 0,
          "descriptor": {
            "type": 1,
            "accuracy": 2,
            "e": "X",
            "Lambda": 0,
            "S": 0,
            "parity": "g",
            "v": 13
          }
        },
        "count": 1
      }
    ],
    "rhs": [
      { "state": { "particle": "e", "charge": -1 }, "count": 1 },
      {
        "state": {
          "particle": "H2",
          "charge": 0,
          "descriptor": {
            "type": 1,
            "accuracy": 2,
            "e": "C",
            "Lambda": 1,
            "S": 0,
            "parity": "u",
            "v": 10
          }
        },
        "count": 1
      }
    ],
    "type_tags": ["Electronic", "Vibrational"],
    "reversible": false
  },
  "threshold": 10.03,
  "data": [
    [10.03, 0],
    [11, 0.038565],
    [12, 0.0590397],
    [13, 0.0741496],
    [14, 0.0872889],
    [15, 0.101689],
    [16, 0.118011],
    [17, 0.135937],
    [18, 0.15501],
    [19, 0.173891],
    [20, 0.190625],
    [22, 0.215718],
    [25, 0.242743],
    [30, 0.27738],
    [40, 0.326185],
    [50, 0.347056],
    [60, 0.349512],
    [70, 0.344556],
    [80, 0.335435],
    [100, 0.313116],
    [120, 0.289982],
    [140, 0.2692],
    [160, 0.251156]
  ]
}