{
  "reaction": {
    "lhs": [
      { "state": { "particle": "e", "charge": -1 }, "count": 1 },
      {
        "state": {
          "particle": "H2",
          "charge": 0,
          "descriptor": {
            "type": 1,
            "accuracy": 2,
            "e": "X",
            "Lambda": 0,
            "S": 0,
            "parity": "g",
            "v": 13
          }
        },
        "count": 1
      }
    ],
    "rhs": [
      { "state": { "particle": "e", "charge": -1 }, "count": 1 },
      {
        "state": {
          "particle": "H2",
          "charge": 0,
          "descriptor": {
            "type": 1,
            "accuracy": 2,
            "e": "a",
            "Lambda": 0,
            "S": 1,
            "parity": "g",
            "v": 13
          }
        },
        "count": 1
      }
    ],
    "type_tags": ["Electronic", "Vibrational"],
    "reversible": false
  },
  "threshold": 10.1733,
  "data": [
    [10.1733, 0],
    [11, 0.00192889],
    [12, 0.00288866],
    [13, 0.00195581],
    [14, 0.00158143],
    [15, 0.00125355],
    [16, 0.000957373],
    [17, 0.000749772],
    [18, 0.000646093],
    [19, 0.000559421],
    [20, 0.000488104],
    [22, 0.000384921],
    [25, 0.000303974],
    [30, 0.000255729],
    [40, 0.000222816],
    [50, 0.000156885],
    [60, 0.0000738109],
    [70, 0.0000506601],
    [80, 0.0000447358],
    [100, 0.0000256595],
    [120, 0.0000136189],
    [140, 0.0000112813],
    [160, 0.00000948528]
  ]
}