{
  "reaction": {
    "lhs": [
      { "state": { "particle": "e", "charge": -1 }, "count": 1 },
      {
        "state": {
          "particle": "H2",
          "charge": 0,
          "descriptor": {
            "type": 1,
            "accuracy": 2,
            "e": "X",
            "Lambda": 0,
            "S": 0,
            "parity": "g",
            "v": 13
          }
        },
        "count": 1
      }
    ],
    "rhs": [
      { "state": { "particle": "e", "charge": -1 }, "count": 1 },
      {
        "state": {
          "particle": "H2",
          "charge": 0,
          "descriptor": {
            "type": 1,
            "accuracy": 2,
            "e": "H",
            "Lambda": 0,
            "S": 0,
            "parity": "g",
            "v": 35
          }
        },
        "count": 1
      }
    ],
    "type_tags": ["Electronic", "Vibrational"],
    "reversible": false
  },
  "threshold": 11.6561,
  "data": [
    [11.6561, 0],
    [12, 0.0000723931],
    [13, 0.000161933],
    [14, 0.000202128],
    [15, 0.000206358],
    [16, 0.000207344],
    [17, 0.000211252],
    [18, 0.000221553],
    [19, 0.000241074],
    [20, 0.00025814],
    [22, 0.000262222],
    [25, 0.000262082],
    [30, 0.000266016],
    [40, 0.000212427],
    [50, 0.000171043],
    [60, 0.000155127],
    [70, 0.000142564],
    [80, 0.00011988],
    [100, 0.0000917975],
    [120, 0.0000745967],
    [140, 0.0000636756],
    [160, 0.0000571442]
  ]
}