{
  "reaction": {
    "lhs": [
      { "state": { "particle": "e", "charge": -1 }, "count": 1 },
      {
        "state": {
          "particle": "H2",
          "charge": 0,
          "descriptor": {
            "type": 1,
            "accuracy": 2,
            "e": "X",
            "Lambda": 0,
            "S": 0,
            "parity": "g",
            "v": 13
          }
        },
        "count": 1
      }
    ],
    "rhs": [
      { "state": { "particle": "e", "charge": -1 }, "count": 1 },
      {
        "state": {
          "particle": "H2",
          "charge": 0,
          "descriptor": { "type": 1, "accuracy": 2, "e": "j", "Lambda": 2, "S": 1, "parity": "g", "v": 0 }
        },
        "count": 1
      }
    ],
    "type_tags": ["Electronic", "Vibrational"],
    "reversible": false
  },
  "threshold": 9.56648,
  "data": [
    [9.56648, 0],
    [10, 4.49715e-8],
    [11, 1.22801e-7],
    [12, 3.05585e-10],
    [13, 6.51337e-7],
    [14, 9.82484e-8],
    [15, 4.98092e-10],
    [16, 1.0417e-9],
    [17, 5.1791e-9],
    [18, 2.4193e-8],
    [19, 5.93285e-8],
    [20, 7.82304e-8],
    [22, 7.01452e-8],
    [25, 3.93372e-8],
    [30, 2.53737e-10],
    [40, 1.28012e-13],
    [50, 2.3507e-12],
    [60, 9.87122e-12],
    [70, 2.88399e-11],
    [80, 4.25107e-11],
    [100, 4.23558e-11],
    [120, 4.13027e-11],
    [140, 3.9815e-11],
    [160, 3.86356e-11]
  ]
}