{
  "reaction": {
    "lhs": [
      { "state": { "particle": "e", "charge": -1 }, "count": 1 },
      {
        "state": {
          "particle": "H2",
          "charge": 0,
          "descriptor": {
            "type": 1,
            "accuracy": 2,
            "e": "X",
            "Lambda": 0,
            "S": 0,
            "parity": "g",
            "v": 13
          }
        },
        "count": 1
      }
    ],
    "rhs": [
      { "state": { "particle": "e", "charge": -1 }, "count": 1 },
      {
        "state": {
          "particle": "H2",
          "charge": 0,
          "descriptor": {
            "type": 1,
            "accuracy": 2,
            "e": "J",
            "Lambda": 2,
            "S": 0,
            "parity": "g",
            "v": 16
          }
        },
        "count": 1
      }
    ],
    "type_tags": ["Electronic", "Vibrational"],
    "reversible": false
  },
  "threshold": 12.1225,
  "data": [
    [12.1225, 0],
    [13, 0.0000438591],
    [14, 0.0000664078],
    [15, 0.000062755],
    [16, 0.0000634868],
    [17, 0.0000689763],
    [18, 0.0000618126],
    [19, 0.0000656576],
    [20, 0.0000683224],
    [22, 0.0000756667],
    [25, 0.0000724678],
    [30, 0.0000734121],
    [40, 0.0000582323],
    [50, 0.0000476781],
    [60, 0.0000416809],
    [70, 0.0000374876],
    [80, 0.000034149],
    [100, 0.0000286927],
    [120, 0.000024054],
    [140, 0.0000205799],
    [160, 0.0000181221]
  ]
}