{
  "reaction": {
    "lhs": [
      { "state": { "particle": "e", "charge": -1 }, "count": 1 },
      {
        "state": {
          "particle": "H2",
          "charge": 0,
          "descriptor": {
            "type": 1,
            "accuracy": 2,
            "e": "X",
            "Lambda": 0,
            "S": 0,
            "parity": "g",
            "v": 13
          }
        },
        "count": 1
      }
    ],
    "rhs": [
      { "state": { "particle": "e", "charge": -1 }, "count": 1 },
      {
        "state": {
          "particle": "H2",
          "charge": 0,
          "descriptor": {
            "type": 1,
            "accuracy": 2,
            "e": "B",
            "Lambda": 0,
            "S": 0,
            "parity": "u",
            "v": 20
          }
        },
        "count": 1
      }
    ],
    "type_tags": ["Electronic", "Vibrational"],
    "reversible": false
  },
  "threshold": 9.3222,
  "data": [
    [9.3222, 0],
    [10, 0.000153161],
    [11, 0.000287577],
    [12, 0.000384121],
    [13, 0.000459815],
    [14, 0.000519546],
    [15, 0.000563788],
    [16, 0.000594344],
    [17, 0.000613089],
    [18, 0.000622276],
    [19, 0.000622287],
    [20, 0.000617879],
    [22, 0.0005958],
    [25, 0.000561209],
    [30, 0.00056549],
    [40, 0.000577604],
    [50, 0.000581006],
    [60, 0.000570411],
    [70, 0.000548042],
    [80, 0.000519222],
    [100, 0.000470869],
    [120, 0.000434357],
    [140, 0.000401984],
    [160, 0.000372187]
  ]
}