{
  "reaction": {
    "lhs": [
      { "state": { "particle": "e", "charge": -1 }, "count": 1 },
      {
        "state": {
          "particle": "H2",
          "charge": 0,
          "descriptor": {
            "type": 1,
            "accuracy": 2,
            "e": "X",
            "Lambda": 0,
            "S": 0,
            "parity": "g",
            "v": 13
          }
        },
        "count": 1
      }
    ],
    "rhs": [
      { "state": { "particle": "e", "charge": -1 }, "count": 1 },
      {
        "state": {
          "particle": "H2",
          "charge": 0,
          "descriptor": {
            "type": 1,
            "accuracy": 2,
            "e": "H",
            "Lambda": 0,
            "S": 0,
            "parity": "g",
            "v": 39
          }
        },
        "count": 1
      }
    ],
    "type_tags": ["Electronic", "Vibrational"],
    "reversible": false
  },
  "threshold": 11.7624,
  "data": [
    [11.7624, 0],
    [12, 0.000022152],
    [13, 0.0000510259],
    [14, 0.0000594612],
    [15, 0.0000552885],
    [16, 0.0000493263],
    [17, 0.000046029],
    [18, 0.0000462415],
    [19, 0.0000522848],
    [20, 0.0000635247],
    [22, 0.0000802815],
    [25, 0.0000821993],
    [30, 0.000057392],
    [40, 0.000047219],
    [50, 0.0000470524],
    [60, 0.0000399178],
    [70, 0.0000302169],
    [80, 0.0000222006],
    [100, 0.0000167323],
    [120, 0.0000125744],
    [140, 0.0000102136],
    [160, 0.00000896923]
  ]
}