{
  "reaction": {
    "lhs": [
      { "state": { "particle": "e", "charge": -1 }, "count": 1 },
      {
        "state": {
          "particle": "H2",
          "charge": 0,
          "descriptor": {
            "type": 1,
            "accuracy": 2,
            "e": "X",
            "Lambda": 0,
            "S": 0,
            "parity": "g",
            "v": 13
          }
        },
        "count": 1
      }
    ],
    "rhs": [
      { "state": { "particle": "e", "charge": -1 }, "count": 1 },
      {
        "state": {
          "particle": "H2",
          "charge": 0,
          "descriptor": {
            "type": 1,
            "accuracy": 2,
            "e": "H",
            "Lambda": 0,
            "S": 0,
            "parity": "g",
            "v": 56
          }
        },
        "count": 1
      }
    ],
    "type_tags": ["Electronic", "Vibrational"],
    "reversible": false
  },
  "threshold": 12.1485,
  "data": [
    [12.1485, 0],
    [13, 0.0000450017],
    [14, 0.0000682738],
    [15, 0.0000781293],
    [16, 0.0000788535],
    [17, 0.0000805252],
    [18, 0.000085447],
    [19, 0.0000925777],
    [20, 0.000102492],
    [22, 0.000118562],
    [25, 0.000121631],
    [30, 0.0000974566],
    [40, 0.0000799683],
    [50, 0.0000752839],
    [60, 0.0000683349],
    [70, 0.0000604005],
    [80, 0.0000528517],
    [100, 0.0000423766],
    [120, 0.0000348126],
    [140, 0.0000295279],
    [160, 0.0000264315]
  ]
}