{
  "reaction": {
    "lhs": [
      { "state": { "particle": "e", "charge": -1 }, "count": 1 },
      {
        "state": {
          "particle": "H2",
          "charge": 0,
          "descriptor": {
            "type": 1,
            "accuracy": 2,
            "e": "X",
            "Lambda": 0,
            "S": 0,
            "parity": "g",
            "v": 13
          }
        },
        "count": 1
      }
    ],
    "rhs": [
      { "state": { "particle": "e", "charge": -1 }, "count": 1 },
      {
        "state": {
          "particle": "H2",
          "charge": 0,
          "descriptor": {
            "type": 1,
            "accuracy": 2,
            "e": "B",
            "Lambda": 0,
            "S": 0,
            "parity": "u",
            "v": 23
          }
        },
        "count": 1
      }
    ],
    "type_tags": ["Electronic", "Vibrational"],
    "reversible": false
  },
  "threshold": 9.58051,
  "data": [
    [9.58051, 0],
    [10, 0.00224759],
    [11, 0.00500842],
    [12, 0.00713892],
    [13, 0.00877291],
    [14, 0.0101197],
    [15, 0.0112521],
    [16, 0.0121864],
    [17, 0.0129431],
    [18, 0.0135432],
    [19, 0.0140072],
    [20, 0.014356],
    [22, 0.0147912],
    [25, 0.0150994],
    [30, 0.0155678],
    [40, 0.0160065],
    [50, 0.0157552],
    [60, 0.0153199],
    [70, 0.0148803],
    [80, 0.0143933],
    [100, 0.0132772],
    [120, 0.0121197],
    [140, 0.0110722],
    [160, 0.0101553]
  ]
}