{
  "reaction": {
    "lhs": [
      { "state": { "particle": "e", "charge": -1 }, "count": 1 },
      {
        "state": {
          "particle": "H2",
          "charge": 0,
          "descriptor": {
            "type": 1,
            "accuracy": 2,
            "e": "X",
            "Lambda": 0,
            "S": 0,
            "parity": "g",
            "v": 13
          }
        },
        "count": 1
      }
    ],
    "rhs": [
      { "state": { "particle": "e", "charge": -1 }, "count": 1 },
      {
        "state": {
          "particle": "H2",
          "charge": 0,
          "descriptor": { "type": 1, "accuracy": 2, "e": "a", "Lambda": 0, "S": 1, "parity": "g", "v": 9 }
        },
        "count": 1
      }
    ],
    "type_tags": ["Electronic", "Vibrational"],
    "reversible": false
  },
  "threshold": 9.64338,
  "data": [
    [9.64338, 0],
    [10, 0.00456777],
    [11, 0.0145558],
    [12, 0.0111086],
    [13, 0.0105864],
    [14, 0.00875401],
    [15, 0.0078002],
    [16, 0.00620384],
    [17, 0.00469285],
    [18, 0.00382054],
    [19, 0.00326201],
    [20, 0.00285585],
    [22, 0.00223357],
    [25, 0.00171871],
    [30, 0.00130373],
    [40, 0.000957599],
    [50, 0.000708112],
    [60, 0.000509645],
    [70, 0.000344371],
    [80, 0.000225551],
    [100, 0.000104659],
    [120, 0.0000729034],
    [140, 0.0000711774],
    [160, 0.000069836]
  ]
}