{
  "reaction": {
    "lhs": [
      { "state": { "particle": "e", "charge": -1 }, "count": 1 },
      {
        "state": {
          "particle": "H2",
          "charge": 0,
          "descriptor": {
            "type": 1,
            "accuracy": 2,
            "e": "X",
            "Lambda": 0,
            "S": 0,
            "parity": "g",
            "v": 13
          }
        },
        "count": 1
      }
    ],
    "rhs": [
      { "state": { "particle": "e", "charge": -1 }, "count": 1 },
      {
        "state": {
          "particle": "H2",
          "charge": 0,
          "descriptor": { "type": 1, "accuracy": 2, "e": "c", "Lambda": 1, "S": 1, "parity": "u", "v": 1 }
        },
        "count": 1
      }
    ],
    "type_tags": ["Electronic", "Vibrational"],
    "reversible": false
  },
  "threshold": 7.67779,
  "data": [
    [7.67779, 0],
    [8, 0.0000300083],
    [10, 3.4949e-7],
    [11, 2.1247e-8],
    [12, 2.59004e-8],
    [13, 1.05119e-9],
    [14, 1.59877e-8],
    [15, 1.09483e-7],
    [16, 9.23371e-8],
    [17, 8.60402e-9],
    [18, 1.42692e-7],
    [19, 3.91711e-7],
    [20, 5.25799e-7],
    [22, 4.71155e-7],
    [25, 2.63086e-7],
    [30, 3.73366e-10],
    [40, 6.69522e-10],
    [50, 3.44026e-10],
    [60, 1.85307e-11],
    [70, 2.00199e-11],
    [80, 2.15092e-11],
    [100, 1.94824e-11],
    [120, 1.63596e-11],
    [140, 1.42479e-11],
    [160, 1.22779e-11]
  ]
}