{
  "reaction": {
    "lhs": [
      { "state": { "particle": "e", "charge": -1 }, "count": 1 },
      {
        "state": {
          "particle": "H2",
          "charge": 0,
          "descriptor": {
            "type": 1,
            "accuracy": 2,
            "e": "X",
            "Lambda": 0,
            "S": 0,
            "parity": "g",
            "v": 13
          }
        },
        "count": 1
      }
    ],
    "rhs": [
      { "state": { "particle": "e", "charge": -1 }, "count": 1 },
      {
        "state": {
          "particle": "H2",
          "charge": 0,
          "descriptor": {
            "type": 1,
            "accuracy": 2,
            "e": "j",
            "Lambda": 2,
            "S": 1,
            "parity": "g",
            "v": 15
          }
        },
        "count": 1
      }
    ],
    "type_tags": ["Electronic", "Vibrational"],
    "reversible": false
  },
  "threshold": 12.1217,
  "data": [
    [12.1217, 0],
    [13, 0.0000972989],
    [14, 0.000104688],
    [15, 0.000102816],
    [16, 0.0000912825],
    [17, 0.0000715741],
    [18, 0.0000571935],
    [19, 0.0000519171],
    [20, 0.0000467651],
    [22, 0.000033919],
    [25, 0.0000242246],
    [30, 0.0000182665],
    [40, 0.0000133617],
    [50, 0.00000952846],
    [60, 0.00000550252],
    [70, 0.00000316969],
    [80, 0.00000183715],
    [100, 8.55249e-7],
    [120, 6.47695e-7],
    [140, 4.6033e-7],
    [160, 3.18443e-7]
  ]
}