{
  "reaction": {
    "lhs": [
      { "state": { "particle": "e", "charge": -1 }, "count": 1 },
      {
        "state": {
          "particle": "H2",
          "charge": 0,
          "descriptor": {
            "type": 1,
            "accuracy": 2,
            "e": "X",
            "Lambda": 0,
            "S": 0,
            "parity": "g",
            "v": 13
          }
        },
        "count": 1
      }
    ],
    "rhs": [
      { "state": { "particle": "e", "charge": -1 }, "count": 1 },
      {
        "state": {
          "particle": "H2",
          "charge": 0,
          "descriptor": {
            "type": 1,
            "accuracy": 2,
            "e": "EF",
            "Lambda": 0,
            "S": 0,
            "parity": "g",
            "v": 11
          }
        },
        "count": 1
      }
    ],
    "type_tags": ["Electronic", "Vibrational"],
    "reversible": false
  },
  "threshold": 8.85212,
  "data": [
    [8.85212, 0],
    [10, 0.00500603],
    [11, 0.00620979],
    [12, 0.00832149],
    [13, 0.0105968],
    [14, 0.0105705],
    [15, 0.010263],
    [16, 0.00968505],
    [17, 0.00889643],
    [18, 0.00890561],
    [19, 0.00886027],
    [20, 0.00845881],
    [22, 0.00797111],
    [25, 0.00717505],
    [30, 0.00628961],
    [40, 0.00433874],
    [50, 0.00365211],
    [60, 0.00319884],
    [70, 0.0026225],
    [80, 0.00220532],
    [100, 0.00167868],
    [120, 0.00136446],
    [140, 0.00117256],
    [160, 0.00101193]
  ]
}