{
  "reaction": {
    "lhs": [
      { "state": { "particle": "e", "charge": -1 }, "count": 1 },
      {
        "state": {
          "particle": "H2",
          "charge": 0,
          "descriptor": {
            "type": 1,
            "accuracy": 2,
            "e": "X",
            "Lambda": 0,
            "S": 0,
            "parity": "g",
            "v": 13
          }
        },
        "count": 1
      }
    ],
    "rhs": [
      { "state": { "particle": "e", "charge": -1 }, "count": 1 },
      {
        "state": {
          "particle": "H2",
          "charge": 0,
          "descriptor": {
            "type": 1,
            "accuracy": 2,
            "e": "D",
            "Lambda": 1,
            "S": 0,
            "parity": "u",
            "v": 15
          }
        },
        "count": 1
      }
    ],
    "type_tags": ["Electronic", "Vibrational"],
    "reversible": false
  },
  "threshold": 12.1383,
  "data": [
    [12.1383, 0],
    [13, 0.000302594],
    [14, 0.000462424],
    [15, 0.000540812],
    [16, 0.000604618],
    [17, 0.000687351],
    [18, 0.000788915],
    [19, 0.000897564],
    [20, 0.000998764],
    [22, 0.00114698],
    [25, 0.00128729],
    [30, 0.00148158],
    [40, 0.00179965],
    [50, 0.00201629],
    [60, 0.00215747],
    [70, 0.00218875],
    [80, 0.00215083],
    [100, 0.00205052],
    [120, 0.00192524],
    [140, 0.00180513],
    [160, 0.00169898]
  ]
}