{
  "reaction": {
    "lhs": [
      { "state": { "particle": "e", "charge": -1 }, "count": 1 },
      {
        "state": {
          "particle": "H2",
          "charge": 0,
          "descriptor": {
            "type": 1,
            "accuracy": 2,
            "e": "X",
            "Lambda": 0,
            "S": 0,
            "parity": "g",
            "v": 13
          }
        },
        "count": 1
      }
    ],
    "rhs": [
      { "state": { "particle": "e", "charge": -1 }, "count": 1 },
      {
        "state": {
          "particle": "H2",
          "charge": 0,
          "descriptor": { "type": 1, "accuracy": 2, "e": "I", "Lambda": 1, "S": 0, "parity": "g", "v": 3 }
        },
        "count": 1
      }
    ],
    "type_tags": ["Electronic", "Vibrational"],
    "reversible": false
  },
  "threshold": 10.2215,
  "data": [
    [10.2215, 0],
    [11, 0.00000112308],
    [12, 0.0000107801],
    [13, 0.00000107065],
    [14, 0.00000147971],
    [15, 5.12619e-7],
    [16, 2.8372e-8],
    [17, 2.62466e-10],
    [18, 6.71889e-7],
    [19, 1.07374e-10],
    [20, 1.18549e-8],
    [22, 0.00000135011],
    [25, 0.00000156964],
    [30, 3.04857e-8],
    [40, 1.4776e-8],
    [50, 1.53285e-7],
    [60, 7.68378e-8],
    [70, 3.90582e-10],
    [80, 2.50152e-8],
    [100, 2.81751e-8],
    [120, 1.61451e-8],
    [140, 6.12299e-9],
    [160, 3.67744e-9]
  ]
}