{
  "reaction": {
    "lhs": [
      { "state": { "particle": "e", "charge": -1 }, "count": 1 },
      {
        "state": {
          "particle": "H2",
          "charge": 0,
          "descriptor": {
            "type": 1,
            "accuracy": 2,
            "e": "X",
            "Lambda": 0,
            "S": 0,
            "parity": "g",
            "v": 13
          }
        },
        "count": 1
      }
    ],
    "rhs": [
      { "state": { "particle": "e", "charge": -1 }, "count": 1 },
      {
        "state": {
          "particle": "H2",
          "charge": 0,
          "descriptor": { "type": 1, "accuracy": 2, "e": "g", "Lambda": 0, "S": 1, "parity": "g", "v": 1 }
        },
        "count": 1
      }
    ],
    "type_tags": ["Electronic", "Vibrational"],
    "reversible": false
  },
  "threshold": 9.79449,
  "data": [
    [9.79449, 0],
    [10, 1.74195e-9],
    [11, 1.42476e-8],
    [12, 0.00000147045],
    [13, 4.67726e-8],
    [14, 3.15838e-7],
    [15, 6.77189e-7],
    [16, 4.76861e-7],
    [17, 2.41246e-7],
    [18, 1.93177e-7],
    [19, 1.76383e-7],
    [20, 1.70256e-7],
    [22, 1.44384e-7],
    [25, 8.30906e-8],
    [30, 1.20151e-8],
    [40, 7.92759e-9],
    [50, 5.28518e-9],
    [60, 1.81806e-9],
    [70, 4.57849e-10],
    [80, 6.32492e-11],
    [100, 2.25727e-11],
    [120, 1.676e-11],
    [140, 4.91178e-11],
    [160, 1.38578e-10]
  ]
}