{
  "reaction": {
    "lhs": [
      { "state": { "particle": "e", "charge": -1 }, "count": 1 },
      {
        "state": {
          "particle": "H2",
          "charge": 0,
          "descriptor": {
            "type": 1,
            "accuracy": 2,
            "e": "X",
            "Lambda": 0,
            "S": 0,
            "parity": "g",
            "v": 13
          }
        },
        "count": 1
      }
    ],
    "rhs": [
      { "state": { "particle": "e", "charge": -1 }, "count": 1 },
      {
        "state": {
          "particle": "H2",
          "charge": 0,
          "descriptor": {
            "type": 1,
            "accuracy": 2,
            "e": "D",
            "Lambda": 1,
            "S": 0,
            "parity": "u",
            "v": 14
          }
        },
        "count": 1
      }
    ],
    "type_tags": ["Electronic", "Vibrational"],
    "reversible": false
  },
  "threshold": 12.085,
  "data": [
    [12.085, 0],
    [13, 0.000591915],
    [14, 0.000866278],
    [15, 0.000988283],
    [16, 0.00109345],
    [17, 0.00124041],
    [18, 0.00142104],
    [19, 0.00160872],
    [20, 0.00177647],
    [22, 0.00200945],
    [25, 0.00224485],
    [30, 0.00263094],
    [40, 0.00320579],
    [50, 0.00357548],
    [60, 0.00382154],
    [70, 0.0038766],
    [80, 0.00379851],
    [100, 0.00361523],
    [120, 0.00339231],
    [140, 0.00317826],
    [160, 0.00298952]
  ]
}