{
  "reaction": {
    "lhs": [
      { "state": { "particle": "e", "charge": -1 }, "count": 1 },
      {
        "state": {
          "particle": "H2",
          "charge": 0,
          "descriptor": {
            "type": 1,
            "accuracy": 2,
            "e": "X",
            "Lambda": 0,
            "S": 0,
            "parity": "g",
            "v": 13
          }
        },
        "count": 1
      }
    ],
    "rhs": [
      { "state": { "particle": "e", "charge": -1 }, "count": 1 },
      {
        "state": {
          "particle": "H2",
          "charge": 0,
          "descriptor": {
            "type": 1,
            "accuracy": 2,
            "e": "GK",
            "Lambda": 0,
            "S": 0,
            "parity": "g",
            "v": 3
          }
        },
        "count": 1
      }
    ],
    "type_tags": ["Electronic", "Vibrational"],
    "reversible": false
  },
  "threshold": 9.73823,
  "data": [
    [9.73823, 0],
    [10, 0.00068692],
    [11, 0.00284352],
    [12, 0.00202164],
    [13, 0.0024812],
    [14, 0.00326859],
    [15, 0.00351725],
    [16, 0.00385618],
    [17, 0.00381432],
    [18, 0.00368369],
    [19, 0.00360392],
    [20, 0.00357335],
    [22, 0.00311903],
    [25, 0.00330416],
    [30, 0.00309928],
    [40, 0.00214205],
    [50, 0.0021274],
    [60, 0.0021161],
    [70, 0.00204248],
    [80, 0.00180904],
    [100, 0.00155464],
    [120, 0.00137633],
    [140, 0.00127038],
    [160, 0.00120956]
  ]
}