{
  "reaction": {
    "lhs": [
      { "state": { "particle": "e", "charge": -1 }, "count": 1 },
      {
        "state": {
          "particle": "H2",
          "charge": 0,
          "descriptor": {
            "type": 1,
            "accuracy": 2,
            "e": "X",
            "Lambda": 0,
            "S": 0,
            "parity": "g",
            "v": 13
          }
        },
        "count": 1
      }
    ],
    "rhs": [
      { "state": { "particle": "e", "charge": -1 }, "count": 1 },
      {
        "state": {
          "particle": "H2",
          "charge": 0,
          "descriptor": {
            "type": 1,
            "accuracy": 2,
            "e": "g",
            "Lambda": 0,
            "S": 1,
            "parity": "g",
            "v": 15
          }
        },
        "count": 1
      }
    ],
    "type_tags": ["Electronic", "Vibrational"],
    "reversible": false
  },
  "threshold": 12.107,
  "data": [
    [12.107, 0],
    [13, 0.000410691],
    [14, 0.000382246],
    [15, 0.000361713],
    [16, 0.000315205],
    [17, 0.000264868],
    [18, 0.000223402],
    [19, 0.000186127],
    [20, 0.000157313],
    [22, 0.000118266],
    [25, 0.0000818221],
    [30, 0.0000526383],
    [40, 0.0000370112],
    [50, 0.0000267984],
    [60, 0.0000163929],
    [70, 0.0000109487],
    [80, 0.00000778012],
    [100, 0.00000422246],
    [120, 0.0000029519],
    [140, 0.00000212447],
    [160, 0.00000149938]
  ]
}