{
  "reaction": {
    "lhs": [
      { "state": { "particle": "e", "charge": -1 }, "count": 1 },
      {
        "state": {
          "particle": "H2",
          "charge": 0,
          "descriptor": {
            "type": 1,
            "accuracy": 2,
            "e": "X",
            "Lambda": 0,
            "S": 0,
            "parity": "g",
            "v": 13
          }
        },
        "count": 1
      }
    ],
    "rhs": [
      { "state": { "particle": "e", "charge": -1 }, "count": 1 },
      {
        "state": {
          "particle": "H2",
          "charge": 0,
          "descriptor": {
            "type": 1,
            "accuracy": 2,
            "e": "c",
            "Lambda": 1,
            "S": 1,
            "parity": "u",
            "v": 15
          }
        },
        "count": 1
      }
    ],
    "type_tags": ["Electronic", "Vibrational"],
    "reversible": false
  },
  "threshold": 10.1944,
  "data": [
    [10.1944, 0],
    [11, 0.00301562],
    [12, 0.00214289],
    [13, 0.00220706],
    [14, 0.00227877],
    [15, 0.00183227],
    [16, 0.00157564],
    [17, 0.00139438],
    [18, 0.00122197],
    [19, 0.00107421],
    [20, 0.000959414],
    [22, 0.000804479],
    [25, 0.000669279],
    [30, 0.000498329],
    [40, 0.00000191913],
    [50, 0.00000146128],
    [60, 0.00000139575],
    [70, 9.49793e-7],
    [80, 4.11553e-7],
    [100, 2.06446e-7],
    [120, 1.62956e-7],
    [140, 1.22262e-7],
    [160, 9.2209e-8]
  ]
}