{
  "reaction": {
    "lhs": [
      { "state": { "particle": "e", "charge": -1 }, "count": 1 },
      {
        "state": {
          "particle": "H2",
          "charge": 0,
          "descriptor": {
            "type": 1,
            "accuracy": 2,
            "e": "X",
            "Lambda": 0,
            "S": 0,
            "parity": "g",
            "v": 13
          }
        },
        "count": 1
      }
    ],
    "rhs": [
      { "state": { "particle": "e", "charge": -1 }, "count": 1 },
      {
        "state": {
          "particle": "H2",
          "charge": 0,
          "descriptor": {
            "type": 1,
            "accuracy": 2,
            "e": "g",
            "Lambda": 0,
            "S": 1,
            "parity": "g",
            "v": 17
          }
        },
        "count": 1
      }
    ],
    "type_tags": ["Electronic", "Vibrational"],
    "reversible": false
  },
  "threshold": 12.1723,
  "data": [
    [12.1723, 0],
    [13, 0.000105235],
    [14, 0.000104626],
    [15, 0.00010299],
    [16, 0.00009427],
    [17, 0.0000757219],
    [18, 0.0000587906],
    [19, 0.0000514002],
    [20, 0.0000450688],
    [22, 0.0000315739],
    [25, 0.0000219041],
    [30, 0.0000150918],
    [40, 0.00000793459],
    [50, 0.00000520804],
    [60, 0.00000420853],
    [70, 0.00000280436],
    [80, 0.00000180556],
    [100, 0.00000101821],
    [120, 8.23637e-7],
    [140, 5.97771e-7],
    [160, 4.28852e-7]
  ]
}