{
  "reaction": {
    "lhs": [
      { "state": { "particle": "e", "charge": -1 }, "count": 1 },
      {
        "state": {
          "particle": "H2",
          "charge": 0,
          "descriptor": {
            "type": 1,
            "accuracy": 2,
            "e": "X",
            "Lambda": 0,
            "S": 0,
            "parity": "g",
            "v": 13
          }
        },
        "count": 1
      }
    ],
    "rhs": [
      { "state": { "particle": "e", "charge": -1 }, "count": 1 },
      {
        "state": {
          "particle": "H2",
          "charge": 0,
          "descriptor": {
            "type": 1,
            "accuracy": 2,
            "e": "J",
            "Lambda": 2,
            "S": 0,
            "parity": "g",
            "v": 17
          }
        },
        "count": 1
      }
    ],
    "type_tags": ["Electronic", "Vibrational"],
    "reversible": false
  },
  "threshold": 12.1649,
  "data": [
    [12.1649, 0],
    [13, 0.0000110263],
    [14, 0.0000171586],
    [15, 0.00001621],
    [16, 0.0000156462],
    [17, 0.0000177901],
    [18, 0.0000163102],
    [19, 0.0000166547],
    [20, 0.0000173013],
    [22, 0.0000189331],
    [25, 0.0000185012],
    [30, 0.0000187754],
    [40, 0.0000147177],
    [50, 0.0000120669],
    [60, 0.0000105554],
    [70, 0.00000949743],
    [80, 0.00000866058],
    [100, 0.00000730662],
    [120, 0.00000611914],
    [140, 0.00000522833],
    [160, 0.00000458728]
  ]
}