{
  "reaction": {
    "lhs": [
      { "state": { "particle": "e", "charge": -1 }, "count": 1 },
      {
        "state": {
          "particle": "H2",
          "charge": 0,
          "descriptor": {
            "type": 1,
            "accuracy": 2,
            "e": "X",
            "Lambda": 0,
            "S": 0,
            "parity": "g",
            "v": 13
          }
        },
        "count": 1
      }
    ],
    "rhs": [
      { "state": { "particle": "e", "charge": -1 }, "count": 1 },
      {
        "state": {
          "particle": "H2",
          "charge": 0,
          "descriptor": {
            "type": 1,
            "accuracy": 2,
            "e": "B",
            "Lambda": 0,
            "S": 0,
            "parity": "u",
            "v": 24
          }
        },
        "count": 1
      }
    ],
    "type_tags": ["Electronic", "Vibrational"],
    "reversible": false
  },
  "threshold": 9.66044,
  "data": [
    [9.66044, 0],
    [10, 0.00197557],
    [11, 0.0047665],
    [12, 0.00696163],
    [13, 0.00865541],
    [14, 0.0100574],
    [15, 0.0112459],
    [16, 0.0122359],
    [17, 0.0130474],
    [18, 0.0137005],
    [19, 0.0142156],
    [20, 0.0146126],
    [22, 0.015134],
    [25, 0.0155373],
    [30, 0.0160726],
    [40, 0.016578],
    [50, 0.0163189],
    [60, 0.0158737],
    [70, 0.0154381],
    [80, 0.0149584],
    [100, 0.013823],
    [120, 0.0126183],
    [140, 0.011525],
    [160, 0.0105691]
  ]
}