{
  "reaction": {
    "lhs": [
      { "state": { "particle": "e", "charge": -1 }, "count": 1 },
      {
        "state": {
          "particle": "H2",
          "charge": 0,
          "descriptor": {
            "type": 1,
            "accuracy": 2,
            "e": "X",
            "Lambda": 0,
            "S": 0,
            "parity": "g",
            "v": 13
          }
        },
        "count": 1
      }
    ],
    "rhs": [
      { "state": { "particle": "e", "charge": -1 }, "count": 1 },
      {
        "state": {
          "particle": "H2",
          "charge": 0,
          "descriptor": {
            "type": 1,
            "accuracy": 2,
            "e": "H",
            "Lambda": 0,
            "S": 0,
            "parity": "g",
            "v": 67
          }
        },
        "count": 1
      }
    ],
    "type_tags": ["Electronic", "Vibrational"],
    "reversible": false
  },
  "threshold": -27.3053,
  "data": [
    [27.3053, 0],
    [6, 0.00000454241],
    [8, 0.00000531389],
    [10, 0.00000621315],
    [11, 0.00000671428],
    [12, 0.000012162],
    [13, 0.000042348],
    [14, 0.0000623858],
    [15, 0.0000706295],
    [16, 0.000070961],
    [17, 0.0000722113],
    [18, 0.0000764565],
    [19, 0.0000814256],
    [20, 0.0000849062],
    [22, 0.0000911916],
    [25, 0.0000907517],
    [30, 0.0000747363],
    [40, 0.0000601784],
    [50, 0.0000561947],
    [60, 0.0000532298],
    [70, 0.0000491644],
    [80, 0.0000431481],
    [100, 0.0000347119],
    [120, 0.0000286474],
    [140, 0.0000245084],
    [160, 0.0000219368]
  ]
}