{
  "reaction": {
    "lhs": [
      { "state": { "particle": "e", "charge": -1 }, "count": 1 },
      {
        "state": {
          "particle": "H2",
          "charge": 0,
          "descriptor": {
            "type": 1,
            "accuracy": 2,
            "e": "X",
            "Lambda": 0,
            "S": 0,
            "parity": "g",
            "v": 13
          }
        },
        "count": 1
      }
    ],
    "rhs": [
      { "state": { "particle": "e", "charge": -1 }, "count": 1 },
      {
        "state": {
          "particle": "H2",
          "charge": 0,
          "descriptor": {
            "type": 1,
            "accuracy": 2,
            "e": "a",
            "Lambda": 0,
            "S": 1,
            "parity": "g",
            "v": 12
          }
        },
        "count": 1
      }
    ],
    "type_tags": ["Electronic", "Vibrational"],
    "reversible": false
  },
  "threshold": 10.0769,
  "data": [
    [10.0769, 0],
    [11, 0.00936633],
    [12, 0.0093285],
    [13, 0.00907159],
    [14, 0.00797535],
    [15, 0.00698076],
    [16, 0.00465931],
    [17, 0.003117],
    [18, 0.0027062],
    [19, 0.00236273],
    [20, 0.00208013],
    [22, 0.00167158],
    [25, 0.00135321],
    [30, 0.00117582],
    [40, 0.00092751],
    [50, 0.00066153],
    [60, 0.000429623],
    [70, 0.000291009],
    [80, 0.000205595],
    [100, 0.000101331],
    [120, 0.000061021],
    [140, 0.000043115],
    [160, 0.0000294753]
  ]
}