{
  "reaction": {
    "lhs": [
      { "state": { "particle": "e", "charge": -1 }, "count": 1 },
      {
        "state": {
          "particle": "H2",
          "charge": 0,
          "descriptor": {
            "type": 1,
            "accuracy": 2,
            "e": "X",
            "Lambda": 0,
            "S": 0,
            "parity": "g",
            "v": 13
          }
        },
        "count": 1
      }
    ],
    "rhs": [
      { "state": { "particle": "e", "charge": -1 }, "count": 1 },
      {
        "state": {
          "particle": "H2",
          "charge": 0,
          "descriptor": {
            "type": 1,
            "accuracy": 2,
            "e": "EF",
            "Lambda": 0,
            "S": 0,
            "parity": "g",
            "v": 26
          }
        },
        "count": 1
      }
    ],
    "type_tags": ["Electronic", "Vibrational"],
    "reversible": false
  },
  "threshold": 10.0172,
  "data": [
    [10.0172, 0],
    [11, 0.0000526642],
    [12, 0.0000352871],
    [13, 0.000035752],
    [14, 0.0000296471],
    [15, 0.0000501375],
    [16, 0.0000582945],
    [17, 0.0000609048],
    [18, 0.0000680847],
    [19, 0.0000771521],
    [20, 0.0000742691],
    [22, 0.0000706623],
    [25, 0.0000678007],
    [30, 0.0000584031],
    [40, 0.0000567686],
    [50, 0.0000676533],
    [60, 0.0000705916],
    [70, 0.000069097],
    [80, 0.000066891],
    [100, 0.0000599523],
    [120, 0.000053413],
    [140, 0.0000492807],
    [160, 0.0000458129]
  ]
}