{
  "reaction": {
    "lhs": [
      { "state": { "particle": "e", "charge": -1 }, "count": 1 },
      {
        "state": {
          "particle": "H2",
          "charge": 0,
          "descriptor": {
            "type": 1,
            "accuracy": 2,
            "e": "X",
            "Lambda": 0,
            "S": 0,
            "parity": "g",
            "v": 13
          }
        },
        "count": 1
      }
    ],
    "rhs": [
      { "state": { "particle": "e", "charge": -1 }, "count": 1 },
      {
        "state": {
          "particle": "H2",
          "charge": 0,
          "descriptor": {
            "type": 1,
            "accuracy": 2,
            "e": "H",
            "Lambda": 0,
            "S": 0,
            "parity": "g",
            "v": 30
          }
        },
        "count": 1
      }
    ],
    "type_tags": ["Electronic", "Vibrational"],
    "reversible": false
  },
  "threshold": 11.5281,
  "data": [
    [11.5281, 0],
    [12, 0.0000346929],
    [13, 0.000080521],
    [14, 0.00010675],
    [15, 0.000113643],
    [16, 0.000125896],
    [17, 0.000143544],
    [18, 0.000157335],
    [19, 0.000153592],
    [20, 0.000132693],
    [22, 0.0000916099],
    [25, 0.0000717071],
    [30, 0.0000922324],
    [40, 0.0000520893],
    [50, 0.0000186986],
    [60, 0.0000195581],
    [70, 0.0000271602],
    [80, 0.0000227177],
    [100, 0.0000150484],
    [120, 0.0000106486],
    [140, 0.00000795899],
    [160, 0.00000597698]
  ]
}