{
  "reaction": {
    "lhs": [
      { "state": { "particle": "e", "charge": -1 }, "count": 1 },
      {
        "state": {
          "particle": "H2",
          "charge": 0,
          "descriptor": {
            "type": 1,
            "accuracy": 2,
            "e": "X",
            "Lambda": 0,
            "S": 0,
            "parity": "g",
            "v": 13
          }
        },
        "count": 1
      }
    ],
    "rhs": [
      { "state": { "particle": "e", "charge": -1 }, "count": 1 },
      {
        "state": {
          "particle": "H2",
          "charge": 0,
          "descriptor": {
            "type": 1,
            "accuracy": 2,
            "e": "H",
            "Lambda": 0,
            "S": 0,
            "parity": "g",
            "v": 60
          }
        },
        "count": 1
      }
    ],
    "type_tags": ["Electronic", "Vibrational"],
    "reversible": false
  },
  "threshold": 12.1787,
  "data": [
    [12.1787, 0],
    [13, 0.0000482085],
    [14, 0.0000747318],
    [15, 0.0000854386],
    [16, 0.0000861481],
    [17, 0.0000882178],
    [18, 0.0000944283],
    [19, 0.000102144],
    [20, 0.000111044],
    [22, 0.000126846],
    [25, 0.000128938],
    [30, 0.000100766],
    [40, 0.0000818876],
    [50, 0.0000782595],
    [60, 0.0000718873],
    [70, 0.0000637705],
    [80, 0.0000553479],
    [100, 0.0000442705],
    [120, 0.0000364747],
    [140, 0.0000309931],
    [160, 0.0000277786]
  ]
}