{
  "reaction": {
    "lhs": [
      { "state": { "particle": "e", "charge": -1 }, "count": 1 },
      {
        "state": {
          "particle": "H2",
          "charge": 0,
          "descriptor": {
            "type": 1,
            "accuracy": 2,
            "e": "X",
            "Lambda": 0,
            "S": 0,
            "parity": "g",
            "v": 13
          }
        },
        "count": 1
      }
    ],
    "rhs": [
      { "state": { "particle": "e", "charge": -1 }, "count": 1 },
      {
        "state": {
          "particle": "H2",
          "charge": 0,
          "descriptor": { "type": 1, "accuracy": 2, "e": "g", "Lambda": 0, "S": 1, "parity": "g", "v": 0 }
        },
        "count": 1
      }
    ],
    "type_tags": ["Electronic", "Vibrational"],
    "reversible": false
  },
  "threshold": 9.5042,
  "data": [
    [9.5042, 0],
    [10, 0.00000361916],
    [11, 0.00000893815],
    [12, 2.8373e-7],
    [13, 0.0000015274],
    [14, 6.78309e-7],
    [15, 2.22933e-7],
    [16, 0.00000174757],
    [17, 0.00000362141],
    [18, 0.00000411459],
    [19, 0.00000429886],
    [20, 0.00000432645],
    [22, 0.00000391341],
    [25, 0.00000232473],
    [30, 1.84762e-7],
    [40, 2.54535e-10],
    [50, 3.94683e-10],
    [60, 1.3757e-9],
    [70, 8.32716e-10],
    [80, 2.89732e-10],
    [100, 5.39731e-10],
    [120, 7.89729e-10],
    [140, 7.88575e-10],
    [160, 7.85385e-10]
  ]
}