{
  "reaction": {
    "lhs": [
      { "state": { "particle": "e", "charge": -1 }, "count": 1 },
      {
        "state": {
          "particle": "H2",
          "charge": 0,
          "descriptor": {
            "type": 1,
            "accuracy": 2,
            "e": "X",
            "Lambda": 0,
            "S": 0,
            "parity": "g",
            "v": 13
          }
        },
        "count": 1
      }
    ],
    "rhs": [
      { "state": { "particle": "e", "charge": -1 }, "count": 1 },
      {
        "state": {
          "particle": "H2",
          "charge": 0,
          "descriptor": { "type": 1, "accuracy": 2, "e": "J", "Lambda": 2, "S": 0, "parity": "g", "v": 7 }
        },
        "count": 1
      }
    ],
    "type_tags": ["Electronic", "Vibrational"],
    "reversible": false
  },
  "threshold": 11.1621,
  "data": [
    [11.1621, 0],
    [12, 0.000943629],
    [13, 0.000802096],
    [14, 0.000416655],
    [15, 0.000500944],
    [16, 0.000533896],
    [17, 0.000616653],
    [18, 0.000689731],
    [19, 0.000757192],
    [20, 0.00064249],
    [22, 0.000667404],
    [25, 0.000769842],
    [30, 0.000636486],
    [40, 0.000557145],
    [50, 0.000459151],
    [60, 0.000385929],
    [70, 0.000328744],
    [80, 0.000294902],
    [100, 0.000235066],
    [120, 0.000193934],
    [140, 0.000167051],
    [160, 0.000146643]
  ]
}