{
  "reaction": {
    "lhs": [
      { "state": { "particle": "e", "charge": -1 }, "count": 1 },
      {
        "state": {
          "particle": "H2",
          "charge": 0,
          "descriptor": {
            "type": 1,
            "accuracy": 2,
            "e": "X",
            "Lambda": 0,
            "S": 0,
            "parity": "g",
            "v": 13
          }
        },
        "count": 1
      }
    ],
    "rhs": [
      { "state": { "particle": "e", "charge": -1 }, "count": 1 },
      {
        "state": {
          "particle": "H2",
          "charge": 0,
          "descriptor": { "type": 1, "accuracy": 2, "e": "c", "Lambda": 1, "S": 1, "parity": "u", "v": 4 }
        },
        "count": 1
      }
    ],
    "type_tags": ["Electronic", "Vibrational"],
    "reversible": false
  },
  "threshold": 8.45975,
  "data": [
    [8.45975, 0],
    [10, 0.0000120271],
    [11, 0.00000415915],
    [12, 5.76801e-8],
    [13, 0.0000124062],
    [14, 0.00000804502],
    [15, 6.70604e-7],
    [16, 2.37089e-7],
    [17, 1.75039e-7],
    [18, 0.00000142278],
    [19, 0.00000374002],
    [20, 0.00000498777],
    [22, 0.00000448046],
    [25, 0.00000254389],
    [30, 5.74896e-8],
    [40, 7.82229e-10],
    [50, 8.6954e-10],
    [60, 1.49408e-9],
    [70, 1.83872e-9],
    [80, 2.18e-9],
    [100, 1.43945e-9],
    [120, 6.17179e-10],
    [140, 4.72305e-10],
    [160, 3.61341e-10]
  ]
}