{
  "reaction": {
    "lhs": [
      { "state": { "particle": "e", "charge": -1 }, "count": 1 },
      {
        "state": {
          "particle": "H2",
          "charge": 0,
          "descriptor": {
            "type": 1,
            "accuracy": 2,
            "e": "X",
            "Lambda": 0,
            "S": 0,
            "parity": "g",
            "v": 13
          }
        },
        "count": 1
      }
    ],
    "rhs": [
      { "state": { "particle": "e", "charge": -1 }, "count": 1 },
      {
        "state": {
          "particle": "H2",
          "charge": 0,
          "descriptor": { "type": 1, "accuracy": 2, "e": "C", "Lambda": 1, "S": 0, "parity": "u", "v": 3 }
        },
        "count": 1
      }
    ],
    "type_tags": ["Electronic", "Vibrational"],
    "reversible": false
  },
  "threshold": 8.71708,
  "data": [
    [8.71708, 0],
    [10, 4.33679e-8],
    [11, 7.70367e-8],
    [12, 1.10558e-7],
    [13, 1.43873e-7],
    [14, 1.76913e-7],
    [15, 2.0962e-7],
    [16, 2.41925e-7],
    [17, 2.73766e-7],
    [18, 3.05082e-7],
    [19, 3.35805e-7],
    [20, 3.65873e-7],
    [22, 4.23795e-7],
    [25, 5.04176e-7],
    [30, 6.16567e-7],
    [40, 7.51253e-7],
    [50, 8.03517e-7],
    [60, 8.26396e-7],
    [70, 8.5766e-7],
    [80, 8.77032e-7],
    [100, 8.31588e-7],
    [120, 7.33355e-7],
    [140, 6.49122e-7],
    [160, 5.88858e-7]
  ]
}