{
  "reaction": {
    "lhs": [
      { "state": { "particle": "e", "charge": -1 }, "count": 1 },
      {
        "state": {
          "particle": "H2",
          "charge": 0,
          "descriptor": {
            "type": 1,
            "accuracy": 2,
            "e": "X",
            "Lambda": 0,
            "S": 0,
            "parity": "g",
            "v": 13
          }
        },
        "count": 1
      }
    ],
    "rhs": [
      { "state": { "particle": "e", "charge": -1 }, "count": 1 },
      {
        "state": {
          "particle": "H2",
          "charge": 0,
          "descriptor": {
            "type": 1,
            "accuracy": 2,
            "e": "d",
            "Lambda": 1,
            "S": 1,
            "parity": "u",
            "v": 16
          }
        },
        "count": 1
      }
    ],
    "type_tags": ["Electronic", "Vibrational"],
    "reversible": false
  },
  "threshold": 12.1359,
  "data": [
    [12.1359, 0],
    [13, 0.000098298],
    [14, 0.0000717279],
    [15, 0.0000749981],
    [16, 0.0000725149],
    [17, 0.0000675927],
    [18, 0.0000616496],
    [19, 0.000054923],
    [20, 0.000049433],
    [22, 0.0000422478],
    [25, 0.0000349128],
    [30, 0.0000259981],
    [40, 0.0000103104],
    [50, 0.00000706881],
    [60, 0.00000638371],
    [70, 0.00000492557],
    [80, 0.00000330162],
    [100, 0.00000167692],
    [120, 9.61356e-7],
    [140, 6.88996e-7],
    [160, 4.81255e-7]
  ]
}