{
  "reaction": {
    "lhs": [
      { "state": { "particle": "e", "charge": -1 }, "count": 1 },
      {
        "state": {
          "particle": "H2",
          "charge": 0,
          "descriptor": {
            "type": 1,
            "accuracy": 2,
            "e": "X",
            "Lambda": 0,
            "S": 0,
            "parity": "g",
            "v": 13
          }
        },
        "count": 1
      }
    ],
    "rhs": [
      { "state": { "particle": "e", "charge": -1 }, "count": 1 },
      {
        "state": {
          "particle": "H2",
          "charge": 0,
          "descriptor": {
            "type": 1,
            "accuracy": 2,
            "e": "H",
            "Lambda": 0,
            "S": 0,
            "parity": "g",
            "v": 40
          }
        },
        "count": 1
      }
    ],
    "type_tags": ["Electronic", "Vibrational"],
    "reversible": false
  },
  "threshold": 11.7898,
  "data": [
    [11.7898, 0],
    [12, 0.0000140023],
    [13, 0.0000331675],
    [14, 0.0000379424],
    [15, 0.0000339147],
    [16, 0.0000294692],
    [17, 0.0000268231],
    [18, 0.0000266516],
    [19, 0.0000304975],
    [20, 0.0000381926],
    [22, 0.0000530943],
    [25, 0.0000549617],
    [30, 0.0000321731],
    [40, 0.0000265041],
    [50, 0.0000293719],
    [60, 0.0000243567],
    [70, 0.0000168932],
    [80, 0.0000116084],
    [100, 0.00000867312],
    [120, 0.00000630019],
    [140, 0.00000501059],
    [160, 0.00000443931]
  ]
}