{
  "reaction": {
    "lhs": [
      { "state": { "particle": "e", "charge": -1 }, "count": 1 },
      {
        "state": {
          "particle": "H2",
          "charge": 0,
          "descriptor": {
            "type": 1,
            "accuracy": 2,
            "e": "X",
            "Lambda": 0,
            "S": 0,
            "parity": "g",
            "v": 13
          }
        },
        "count": 1
      }
    ],
    "rhs": [
      { "state": { "particle": "e", "charge": -1 }, "count": 1 },
      {
        "state": {
          "particle": "H2",
          "charge": 0,
          "descriptor": {
            "type": 1,
            "accuracy": 2,
            "e": "B",
            "Lambda": 0,
            "S": 0,
            "parity": "u",
            "v": 15
          }
        },
        "count": 1
      }
    ],
    "type_tags": ["Electronic", "Vibrational"],
    "reversible": false
  },
  "threshold": 8.828,
  "data": [
    [8.828, 0],
    [10, 0.0108934],
    [11, 0.0162187],
    [12, 0.0198531],
    [13, 0.0225196],
    [14, 0.0247147],
    [15, 0.0265556],
    [16, 0.0280681],
    [17, 0.0292861],
    [18, 0.0302434],
    [19, 0.0309738],
    [20, 0.0315115],
    [22, 0.0321436],
    [25, 0.0324935],
    [30, 0.0329539],
    [40, 0.0333591],
    [50, 0.0327677],
    [60, 0.0318094],
    [70, 0.0307223],
    [80, 0.0295061],
    [100, 0.0269954],
    [120, 0.024589],
    [140, 0.0224413],
    [160, 0.0205631]
  ]
}