{
  "reaction": {
    "lhs": [
      { "state": { "particle": "e", "charge": -1 }, "count": 1 },
      {
        "state": {
          "particle": "H2",
          "charge": 0,
          "descriptor": {
            "type": 1,
            "accuracy": 2,
            "e": "X",
            "Lambda": 0,
            "S": 0,
            "parity": "g",
            "v": 13
          }
        },
        "count": 1
      }
    ],
    "rhs": [
      { "state": { "particle": "e", "charge": -1 }, "count": 1 },
      {
        "state": {
          "particle": "H2",
          "charge": 0,
          "descriptor": { "type": 1, "accuracy": 2, "e": "c", "Lambda": 1, "S": 1, "parity": "u", "v": 5 }
        },
        "count": 1
      }
    ],
    "type_tags": ["Electronic", "Vibrational"],
    "reversible": false
  },
  "threshold": 8.69175,
  "data": [
    [8.69175, 0],
    [10, 0.000358159],
    [11, 0.000577191],
    [12, 0.000218652],
    [13, 0.0000471087],
    [14, 0.0000666943],
    [15, 0.0000893426],
    [16, 0.0000985222],
    [17, 0.000100629],
    [18, 0.0000971856],
    [19, 0.0000895334],
    [20, 0.0000816899],
    [22, 0.0000667117],
    [25, 0.000041475],
    [30, 0.0000128178],
    [40, 0.00000619723],
    [50, 0.00000432797],
    [60, 0.0000027978],
    [70, 0.00000186848],
    [80, 0.00000130783],
    [100, 6.48072e-7],
    [120, 4.07777e-7],
    [140, 2.91927e-7],
    [160, 2.03755e-7]
  ]
}