{
  "reaction": {
    "lhs": [
      { "state": { "particle": "e", "charge": -1 }, "count": 1 },
      {
        "state": {
          "particle": "H2",
          "charge": 0,
          "descriptor": {
            "type": 1,
            "accuracy": 2,
            "e": "X",
            "Lambda": 0,
            "S": 0,
            "parity": "g",
            "v": 13
          }
        },
        "count": 1
      }
    ],
    "rhs": [
      { "state": { "particle": "e", "charge": -1 }, "count": 1 },
      {
        "state": {
          "particle": "H2",
          "charge": 0,
          "descriptor": {
            "type": 1,
            "accuracy": 2,
            "e": "EF",
            "Lambda": 0,
            "S": 0,
            "parity": "g",
            "v": 20
          }
        },
        "count": 1
      }
    ],
    "type_tags": ["Electronic", "Vibrational"],
    "reversible": false
  },
  "threshold": 9.60591,
  "data": [
    [9.60591, 0],
    [10, 0.000101499],
    [11, 0.00024475],
    [12, 0.000234903],
    [13, 0.000255617],
    [14, 0.000380111],
    [15, 0.0003266],
    [16, 0.000292962],
    [17, 0.00029834],
    [18, 0.000310227],
    [19, 0.000293653],
    [20, 0.000276867],
    [22, 0.000281594],
    [25, 0.000273746],
    [30, 0.000254796],
    [40, 0.000202337],
    [50, 0.000171476],
    [60, 0.000159391],
    [70, 0.000149737],
    [80, 0.000141898],
    [100, 0.000119809],
    [120, 0.0000944296],
    [140, 0.0000802224],
    [160, 0.0000691363]
  ]
}