{
  "reaction": {
    "lhs": [
      { "state": { "particle": "e", "charge": -1 }, "count": 1 },
      {
        "state": {
          "particle": "H2",
          "charge": 0,
          "descriptor": {
            "type": 1,
            "accuracy": 2,
            "e": "X",
            "Lambda": 0,
            "S": 0,
            "parity": "g",
            "v": 13
          }
        },
        "count": 1
      }
    ],
    "rhs": [
      { "state": { "particle": "e", "charge": -1 }, "count": 1 },
      {
        "state": {
          "particle": "H2",
          "charge": 0,
          "descriptor": {
            "type": 1,
            "accuracy": 2,
            "e": "d",
            "Lambda": 1,
            "S": 1,
            "parity": "u",
            "v": 17
          }
        },
        "count": 1
      }
    ],
    "type_tags": ["Electronic", "Vibrational"],
    "reversible": false
  },
  "threshold": 12.1596,
  "data": [
    [12.1596, 0],
    [13, 0.0000506212],
    [14, 0.0000364063],
    [15, 0.0000385931],
    [16, 0.000037678],
    [17, 0.0000355642],
    [18, 0.0000324468],
    [19, 0.0000287407],
    [20, 0.0000257221],
    [22, 0.000021902],
    [25, 0.0000180931],
    [30, 0.0000135421],
    [40, 0.00000535911],
    [50, 0.000003709],
    [60, 0.00000336345],
    [70, 0.0000026054],
    [80, 0.00000174946],
    [100, 8.92809e-7],
    [120, 5.12498e-7],
    [140, 3.67804e-7],
    [160, 2.57452e-7]
  ]
}