{
  "reaction": {
    "lhs": [
      { "state": { "particle": "e", "charge": -1 }, "count": 1 },
      {
        "state": {
          "particle": "H2",
          "charge": 0,
          "descriptor": {
            "type": 1,
            "accuracy": 2,
            "e": "X",
            "Lambda": 0,
            "S": 0,
            "parity": "g",
            "v": 13
          }
        },
        "count": 1
      }
    ],
    "rhs": [
      { "state": { "particle": "e", "charge": -1 }, "count": 1 },
      {
        "state": {
          "particle": "H2",
          "charge": 0,
          "descriptor": {
            "type": 1,
            "accuracy": 2,
            "e": "H",
            "Lambda": 0,
            "S": 0,
            "parity": "g",
            "v": 49
          }
        },
        "count": 1
      }
    ],
    "type_tags": ["Electronic", "Vibrational"],
    "reversible": false
  },
  "threshold": 12.0251,
  "data": [
    [12.0251, 0],
    [13, 0.0000169698],
    [14, 0.0000251447],
    [15, 0.0000299349],
    [16, 0.0000307138],
    [17, 0.0000309942],
    [18, 0.0000317637],
    [19, 0.0000341874],
    [20, 0.0000372552],
    [22, 0.0000373238],
    [25, 0.000037698],
    [30, 0.000042057],
    [40, 0.0000352832],
    [50, 0.0000281437],
    [60, 0.0000257807],
    [70, 0.0000251737],
    [80, 0.0000238796],
    [100, 0.0000195479],
    [120, 0.0000161109],
    [140, 0.0000137564],
    [160, 0.0000119995]
  ]
}