{
  "reaction": {
    "lhs": [
      { "state": { "particle": "e", "charge": -1 }, "count": 1 },
      {
        "state": {
          "particle": "H2",
          "charge": 0,
          "descriptor": {
            "type": 1,
            "accuracy": 2,
            "e": "X",
            "Lambda": 0,
            "S": 0,
            "parity": "g",
            "v": 13
          }
        },
        "count": 1
      }
    ],
    "rhs": [
      { "state": { "particle": "e", "charge": -1 }, "count": 1 },
      {
        "state": {
          "particle": "H2",
          "charge": 0,
          "descriptor": { "type": 1, "accuracy": 2, "e": "d", "Lambda": 1, "S": 1, "parity": "u", "v": 5 }
        },
        "count": 1
      }
    ],
    "type_tags": ["Electronic", "Vibrational"],
    "reversible": false
  },
  "threshold": 10.7122,
  "data": [
    [10.7122, 0],
    [11, 0.000023608],
    [12, 0.0000425613],
    [13, 0.000035659],
    [14, 0.00000452455],
    [15, 0.00000635118],
    [16, 0.00000799523],
    [17, 0.00000929589],
    [18, 0.0000100761],
    [19, 0.0000105166],
    [20, 0.0000106551],
    [22, 0.00000986177],
    [25, 0.0000067712],
    [30, 0.00000228231],
    [40, 0.00000147188],
    [50, 0.00000106757],
    [60, 6.33576e-7],
    [70, 4.20395e-7],
    [80, 2.97534e-7],
    [100, 1.30456e-7],
    [120, 6.60449e-8],
    [140, 4.78034e-8],
    [160, 3.37971e-8]
  ]
}