{
  "reaction": {
    "lhs": [
      { "state": { "particle": "e", "charge": -1 }, "count": 1 },
      {
        "state": {
          "particle": "H2",
          "charge": 0,
          "descriptor": {
            "type": 1,
            "accuracy": 2,
            "e": "X",
            "Lambda": 0,
            "S": 0,
            "parity": "g",
            "v": 13
          }
        },
        "count": 1
      }
    ],
    "rhs": [
      { "state": { "particle": "e", "charge": -1 }, "count": 1 },
      {
        "state": {
          "particle": "H2",
          "charge": 0,
          "descriptor": {
            "type": 1,
            "accuracy": 2,
            "e": "EF",
            "Lambda": 0,
            "S": 0,
            "parity": "g",
            "v": 3
          }
        },
        "count": 1
      }
    ],
    "type_tags": ["Electronic", "Vibrational"],
    "reversible": false
  },
  "threshold": 8.2053,
  "data": [
    [8.2053, 0],
    [10, 0.0000439159],
    [11, 0.00000966942],
    [12, 0.0000212714],
    [13, 0.0000232078],
    [14, 0.0000264287],
    [15, 0.0000243164],
    [16, 0.0000230027],
    [17, 0.0000184183],
    [18, 0.0000161846],
    [19, 0.0000145045],
    [20, 0.0000160732],
    [22, 0.0000168123],
    [25, 0.0000150004],
    [30, 0.0000129537],
    [40, 0.00000704282],
    [50, 0.00000561756],
    [60, 0.00000491767],
    [70, 0.00000382505],
    [80, 0.00000328653],
    [100, 0.00000246969],
    [120, 0.0000018403],
    [140, 0.00000150699],
    [160, 0.00000125799]
  ]
}