{
  "reaction": {
    "lhs": [
      { "state": { "particle": "e", "charge": -1 }, "count": 1 },
      {
        "state": {
          "particle": "H2",
          "charge": 0,
          "descriptor": {
            "type": 1,
            "accuracy": 2,
            "e": "X",
            "Lambda": 0,
            "S": 0,
            "parity": "g",
            "v": 13
          }
        },
        "count": 1
      }
    ],
    "rhs": [
      { "state": { "particle": "e", "charge": -1 }, "count": 1 },
      {
        "state": {
          "particle": "H2",
          "charge": 0,
          "descriptor": {
            "type": 1,
            "accuracy": 2,
            "e": "H",
            "Lambda": 0,
            "S": 0,
            "parity": "g",
            "v": 15
          }
        },
        "count": 1
      }
    ],
    "type_tags": ["Electronic", "Vibrational"],
    "reversible": false
  },
  "threshold": 11.1447,
  "data": [
    [11.1447, 0],
    [12, 2.86644e-8],
    [13, 4.57164e-8],
    [14, 5.76948e-8],
    [15, 6.84924e-8],
    [16, 7.9144e-8],
    [17, 8.85688e-8],
    [18, 9.5222e-8],
    [19, 9.77799e-8],
    [20, 9.75962e-8],
    [22, 9.63172e-8],
    [25, 9.54259e-8],
    [30, 9.64026e-8],
    [40, 1.02717e-7],
    [50, 1.04947e-7],
    [60, 1.02257e-7],
    [70, 9.68517e-8],
    [80, 9.07927e-8],
    [100, 8.01612e-8],
    [120, 7.04898e-8],
    [140, 6.16554e-8],
    [160, 5.29373e-8]
  ]
}