{
  "reaction": {
    "lhs": [
      { "state": { "particle": "e", "charge": -1 }, "count": 1 },
      {
        "state": {
          "particle": "H2",
          "charge": 0,
          "descriptor": {
            "type": 1,
            "accuracy": 2,
            "e": "X",
            "Lambda": 0,
            "S": 0,
            "parity": "g",
            "v": 13
          }
        },
        "count": 1
      }
    ],
    "rhs": [
      { "state": { "particle": "e", "charge": -1 }, "count": 1 },
      {
        "state": {
          "particle": "H2",
          "charge": 0,
          "descriptor": { "type": 1, "accuracy": 2, "e": "J", "Lambda": 2, "S": 0, "parity": "g", "v": 1 }
        },
        "count": 1
      }
    ],
    "type_tags": ["Electronic", "Vibrational"],
    "reversible": false
  },
  "threshold": 9.83092,
  "data": [
    [9.83092, 0],
    [10, 0.00000153903],
    [11, 0.0000123948],
    [12, 0.0000184199],
    [13, 0.00000178528],
    [14, 0.00000256687],
    [15, 0.0000011324],
    [16, 1.07991e-8],
    [17, 4.66422e-7],
    [18, 4.14365e-7],
    [19, 3.50667e-7],
    [20, 3.236e-8],
    [22, 3.0757e-7],
    [25, 4.6232e-8],
    [30, 1.89689e-8],
    [40, 7.66335e-9],
    [50, 3.90955e-8],
    [60, 2.41692e-8],
    [70, 4.70062e-9],
    [80, 1.62432e-9],
    [100, 3.44201e-8],
    [120, 1.0919e-9],
    [140, 7.38274e-10],
    [160, 8.61091e-10]
  ]
}