{
  "reaction": {
    "lhs": [
      { "state": { "particle": "e", "charge": -1 }, "count": 1 },
      {
        "state": {
          "particle": "H2",
          "charge": 0,
          "descriptor": {
            "type": 1,
            "accuracy": 2,
            "e": "X",
            "Lambda": 0,
            "S": 0,
            "parity": "g",
            "v": 13
          }
        },
        "count": 1
      }
    ],
    "rhs": [
      { "state": { "particle": "e", "charge": -1 }, "count": 1 },
      {
        "state": {
          "particle": "H2",
          "charge": 0,
          "descriptor": {
            "type": 1,
            "accuracy": 2,
            "e": "H",
            "Lambda": 0,
            "S": 0,
            "parity": "g",
            "v": 36
          }
        },
        "count": 1
      }
    ],
    "type_tags": ["Electronic", "Vibrational"],
    "reversible": false
  },
  "threshold": 11.6823,
  "data": [
    [11.6823, 0],
    [12, 0.0000580399],
    [13, 0.000129475],
    [14, 0.000158811],
    [15, 0.000158339],
    [16, 0.00015454],
    [17, 0.000153706],
    [18, 0.000159522],
    [19, 0.0001759],
    [20, 0.000194257],
    [22, 0.000205803],
    [25, 0.000206487],
    [30, 0.000197489],
    [40, 0.000159198],
    [50, 0.000132519],
    [60, 0.000118361],
    [70, 0.000104969],
    [80, 0.0000861296],
    [100, 0.0000656311],
    [120, 0.0000525732],
    [140, 0.0000444767],
    [160, 0.0000396341]
  ]
}