{
  "reaction": {
    "lhs": [
      { "state": { "particle": "e", "charge": -1 }, "count": 1 },
      {
        "state": {
          "particle": "H2",
          "charge": 0,
          "descriptor": {
            "type": 1,
            "accuracy": 2,
            "e": "X",
            "Lambda": 0,
            "S": 0,
            "parity": "g",
            "v": 13
          }
        },
        "count": 1
      }
    ],
    "rhs": [
      { "state": { "particle": "e", "charge": -1 }, "count": 1 },
      {
        "state": {
          "particle": "H2",
          "charge": 0,
          "descriptor": { "type": 1, "accuracy": 2, "e": "I", "Lambda": 1, "S": 0, "parity": "g", "v": 0 }
        },
        "count": 1
      }
    ],
    "type_tags": ["Electronic", "Vibrational"],
    "reversible": false
  },
  "threshold": 9.49713,
  "data": [
    [9.49713, 0],
    [10, 4.88355e-13],
    [11, 2.63109e-12],
    [12, 0.00000228508],
    [13, 0.00000136639],
    [14, 0.00000145963],
    [15, 1.69666e-7],
    [16, 3.53376e-10],
    [17, 2.22022e-8],
    [18, 7.90049e-8],
    [19, 4.82054e-9],
    [20, 3.46001e-9],
    [22, 3.1397e-7],
    [25, 2.614e-7],
    [30, 7.2811e-8],
    [40, 1.45876e-8],
    [50, 1.15555e-8],
    [60, 5.6786e-9],
    [70, 1.57131e-11],
    [80, 7.01214e-13],
    [100, 5.81343e-11],
    [120, 3.81335e-12],
    [140, 1.5403e-11],
    [160, 3.51402e-11]
  ]
}