{
  "reaction": {
    "lhs": [
      { "state": { "particle": "e", "charge": -1 }, "count": 1 },
      {
        "state": {
          "particle": "H2",
          "charge": 0,
          "descriptor": {
            "type": 1,
            "accuracy": 2,
            "e": "X",
            "Lambda": 0,
            "S": 0,
            "parity": "g",
            "v": 13
          }
        },
        "count": 1
      }
    ],
    "rhs": [
      { "state": { "particle": "e", "charge": -1 }, "count": 1 },
      {
        "state": {
          "particle": "H2",
          "charge": 0,
          "descriptor": {
            "type": 1,
            "accuracy": 2,
            "e": "j",
            "Lambda": 2,
            "S": 1,
            "parity": "g",
            "v": 12
          }
        },
        "count": 1
      }
    ],
    "type_tags": ["Electronic", "Vibrational"],
    "reversible": false
  },
  "threshold": 11.8791,
  "data": [
    [11.8791, 0],
    [12, 0.000459004],
    [13, 0.000948784],
    [14, 0.000900946],
    [15, 0.000829176],
    [16, 0.000759641],
    [17, 0.000689672],
    [18, 0.000612229],
    [19, 0.000533534],
    [20, 0.000469144],
    [22, 0.000376309],
    [25, 0.000273018],
    [30, 0.000163222],
    [40, 0.000103732],
    [50, 0.0000609543],
    [60, 0.0000244312],
    [70, 0.0000127278],
    [80, 0.00000981706],
    [100, 0.00000406423],
    [120, 0.00000196554],
    [140, 0.00000139956],
    [160, 9.64458e-7]
  ]
}