{
  "reaction": {
    "lhs": [
      { "state": { "particle": "e", "charge": -1 }, "count": 1 },
      {
        "state": {
          "particle": "H2",
          "charge": 0,
          "descriptor": {
            "type": 1,
            "accuracy": 2,
            "e": "X",
            "Lambda": 0,
            "S": 0,
            "parity": "g",
            "v": 13
          }
        },
        "count": 1
      }
    ],
    "rhs": [
      { "state": { "particle": "e", "charge": -1 }, "count": 1 },
      {
        "state": {
          "particle": "H2",
          "charge": 0,
          "descriptor": { "type": 1, "accuracy": 2, "e": "H", "Lambda": 0, "S": 0, "parity": "g", "v": 3 }
        },
        "count": 1
      }
    ],
    "type_tags": ["Electronic", "Vibrational"],
    "reversible": false
  },
  "threshold": 10.3692,
  "data": [
    [10.3692, 0],
    [11, 0.00000264757],
    [12, 0.00000427707],
    [13, 0.00000422669],
    [14, 0.00000289869],
    [15, 0.00000223011],
    [16, 0.00000255941],
    [17, 0.00000307933],
    [18, 0.00000256714],
    [19, 0.00000145818],
    [20, 4.52859e-7],
    [22, 1.81232e-8],
    [25, 1.14733e-8],
    [30, 4.05045e-8],
    [40, 8.36532e-8],
    [50, 2.37612e-7],
    [60, 6.5218e-7],
    [70, 9.42688e-7],
    [80, 9.20181e-7],
    [100, 0.00000110835],
    [120, 9.13323e-7],
    [140, 8.8884e-7],
    [160, 0.00000131446]
  ]
}