{
  "reaction": {
    "lhs": [
      { "state": { "particle": "e", "charge": -1 }, "count": 1 },
      {
        "state": {
          "particle": "H2",
          "charge": 0,
          "descriptor": { "type": 1, "accuracy": 2, "e": "X", "Lambda": 0, "S": 0, "parity": "g", "v": 3 }
        },
        "count": 1
      }
    ],
    "rhs": [
      { "state": { "particle": "e", "charge": -1 }, "count": 1 },
      {
        "state": {
          "particle": "H2",
          "charge": 0,
          "descriptor": {
            "type": 1,
            "accuracy": 2,
            "e": "j",
            "Lambda": 2,
            "S": 1,
            "parity": "g",
            "v": 16
          }
        },
        "count": 1
      }
    ],
    "type_tags": ["Electronic", "Vibrational"],
    "reversible": false
  },
  "threshold": 15.0861,
  "data": [
    [15.0861, 0],
    [16, 0.0000167414],
    [17, 0.0000280594],
    [18, 0.0000280505],
    [19, 0.0000279889],
    [20, 0.0000278217],
    [22, 0.0000261478],
    [25, 0.0000204713],
    [30, 0.00000966382],
    [40, 0.00000400674],
    [50, 0.00000329055],
    [60, 0.00000316015],
    [70, 0.00000249521],
    [80, 0.00000162989],
    [100, 9.89617e-7],
    [120, 7.26155e-7],
    [140, 5.17908e-7],
    [160, 3.62177e-7]
  ]
}