{
  "reaction": {
    "lhs": [
      { "state": { "particle": "e", "charge": -1 }, "count": 1 },
      {
        "state": {
          "particle": "H2",
          "charge": 0,
          "descriptor": { "type": 1, "accuracy": 2, "e": "X", "Lambda": 0, "S": 0, "parity": "g", "v": 3 }
        },
        "count": 1
      }
    ],
    "rhs": [
      { "state": { "particle": "e", "charge": -1 }, "count": 1 },
      {
        "state": {
          "particle": "H2",
          "charge": 0,
          "descriptor": { "type": 1, "accuracy": 2, "e": "j", "Lambda": 2, "S": 1, "parity": "g", "v": 8 }
        },
        "count": 1
      }
    ],
    "type_tags": ["Electronic", "Vibrational"],
    "reversible": false
  },
  "threshold": 14.2552,
  "data": [
    [14.2552, 0],
    [15, 0.000228464],
    [16, 0.000222883],
    [17, 0.000212826],
    [18, 0.000203091],
    [19, 0.0001926],
    [20, 0.000182565],
    [22, 0.000163737],
    [25, 0.000136106],
    [30, 0.0000953546],
    [40, 0.0000401468],
    [50, 0.0000275354],
    [60, 0.0000247606],
    [70, 0.0000208946],
    [80, 0.0000168013],
    [100, 0.0000086786],
    [120, 0.00000360042],
    [140, 0.00000254388],
    [160, 0.00000173281]
  ]
}