{
  "reaction": {
    "lhs": [
      { "state": { "particle": "e", "charge": -1 }, "count": 1 },
      {
        "state": {
          "particle": "H2",
          "charge": 0,
          "descriptor": { "type": 1, "accuracy": 2, "e": "X", "Lambda": 0, "S": 0, "parity": "g", "v": 3 }
        },
        "count": 1
      }
    ],
    "rhs": [
      { "state": { "particle": "e", "charge": -1 }, "count": 1 },
      {
        "state": {
          "particle": "H2",
          "charge": 0,
          "descriptor": { "type": 1, "accuracy": 2, "e": "J", "Lambda": 2, "S": 0, "parity": "g", "v": 2 }
        },
        "count": 1
      }
    ],
    "type_tags": ["Electronic", "Vibrational"],
    "reversible": false
  },
  "threshold": 13.0127,
  "data": [
    [13.0127, 0],
    [14, 0.00191027],
    [15, 0.00196197],
    [16, 0.00188805],
    [17, 0.00203616],
    [18, 0.00212484],
    [19, 0.00225399],
    [20, 0.00239497],
    [22, 0.00244727],
    [25, 0.00258662],
    [30, 0.00255998],
    [40, 0.00210316],
    [50, 0.00163917],
    [60, 0.00139537],
    [70, 0.00130278],
    [80, 0.0011672],
    [100, 0.000978715],
    [120, 0.000850928],
    [140, 0.00073154],
    [160, 0.000639711]
  ]
}