{
  "reaction": {
    "lhs": [
      { "state": { "particle": "e", "charge": -1 }, "count": 1 },
      {
        "state": {
          "particle": "H2",
          "charge": 0,
          "descriptor": { "type": 1, "accuracy": 2, "e": "X", "Lambda": 0, "S": 0, "parity": "g", "v": 3 }
        },
        "count": 1
      }
    ],
    "rhs": [
      { "state": { "particle": "e", "charge": -1 }, "count": 1 },
      {
        "state": {
          "particle": "H2",
          "charge": 0,
          "descriptor": { "type": 1, "accuracy": 2, "e": "e", "Lambda": 0, "S": 1, "parity": "u", "v": 5 }
        },
        "count": 1
      }
    ],
    "type_tags": ["Electronic", "Vibrational"],
    "reversible": false
  },
  "threshold": 12.8711,
  "data": [
    [12.8711, 0],
    [13, 0.000670624],
    [14, 0.00111304],
    [15, 0.00106089],
    [16, 0.000950025],
    [17, 0.000848849],
    [18, 0.000780731],
    [19, 0.0007223],
    [20, 0.000671836],
    [22, 0.00058139],
    [25, 0.000462073],
    [30, 0.000320807],
    [40, 0.000254119],
    [50, 0.000173798],
    [60, 0.000085846],
    [70, 0.0000551451],
    [80, 0.0000437072],
    [100, 0.0000237068],
    [120, 0.0000153679],
    [140, 0.0000111049],
    [160, 0.00000787258]
  ]
}