{
  "reaction": {
    "lhs": [
      { "state": { "particle": "e", "charge": -1 }, "count": 1 },
      {
        "state": {
          "particle": "H2",
          "charge": 0,
          "descriptor": { "type": 1, "accuracy": 2, "e": "X", "Lambda": 0, "S": 0, "parity": "g", "v": 3 }
        },
        "count": 1
      }
    ],
    "rhs": [
      { "state": { "particle": "e", "charge": -1 }, "count": 1 },
      {
        "state": {
          "particle": "H2",
          "charge": 0,
          "descriptor": { "type": 1, "accuracy": 2, "e": "a", "Lambda": 0, "S": 1, "parity": "g", "v": 0 }
        },
        "count": 1
      }
    ],
    "type_tags": ["Electronic", "Vibrational"],
    "reversible": false
  },
  "threshold": 10.3317,
  "data": [
    [10.3317, 0],
    [11, 0.0335785],
    [12, 0.0506792],
    [13, 0.0436801],
    [14, 0.038767],
    [15, 0.0335998],
    [16, 0.0274877],
    [17, 0.0222479],
    [18, 0.0196354],
    [19, 0.0183556],
    [20, 0.0172137],
    [22, 0.0142225],
    [25, 0.00986099],
    [30, 0.00457193],
    [40, 0.00238783],
    [50, 0.00172319],
    [60, 0.00140093],
    [70, 0.000985551],
    [80, 0.000664788],
    [100, 0.00033002],
    [120, 0.000204829],
    [140, 0.00014832],
    [160, 0.000105267]
  ]
}