{
  "reaction": {
    "lhs": [
      { "state": { "particle": "e", "charge": -1 }, "count": 1 },
      {
        "state": {
          "particle": "H2",
          "charge": 0,
          "descriptor": { "type": 1, "accuracy": 2, "e": "X", "Lambda": 0, "S": 0, "parity": "g", "v": 3 }
        },
        "count": 1
      }
    ],
    "rhs": [
      { "state": { "particle": "e", "charge": -1 }, "count": 1 },
      {
        "state": {
          "particle": "H2",
          "charge": 0,
          "descriptor": { "type": 1, "accuracy": 2, "e": "h", "Lambda": 0, "S": 1, "parity": "g", "v": 1 }
        },
        "count": 1
      }
    ],
    "type_tags": ["Electronic", "Vibrational"],
    "reversible": false
  },
  "threshold": 12.6326,
  "data": [
    [12.6326, 0],
    [13, 0.00518726],
    [14, 0.00624713],
    [15, 0.00598762],
    [16, 0.00543051],
    [17, 0.00484596],
    [18, 0.00441642],
    [19, 0.00405407],
    [20, 0.00373821],
    [22, 0.00316449],
    [25, 0.00240487],
    [30, 0.0014405],
    [40, 0.000699765],
    [50, 0.000392296],
    [60, 0.000259346],
    [70, 0.000188452],
    [80, 0.000169935],
    [100, 0.000109513],
    [120, 0.0000652577],
    [140, 0.0000467362],
    [160, 0.0000327576]
  ]
}