{
  "reaction": {
    "lhs": [
      { "state": { "particle": "e", "charge": -1 }, "count": 1 },
      {
        "state": {
          "particle": "H2",
          "charge": 0,
          "descriptor": { "type": 1, "accuracy": 2, "e": "X", "Lambda": 0, "S": 0, "parity": "g", "v": 3 }
        },
        "count": 1
      }
    ],
    "rhs": [
      { "state": { "particle": "e", "charge": -1 }, "count": 1 },
      {
        "state": {
          "particle": "H2",
          "charge": 0,
          "descriptor": {
            "type": 1,
            "accuracy": 2,
            "e": "a",
            "Lambda": 0,
            "S": 1,
            "parity": "g",
            "v": 12
          }
        },
        "count": 1
      }
    ],
    "type_tags": ["Electronic", "Vibrational"],
    "reversible": false
  },
  "threshold": 12.9986,
  "data": [
    [12.9986, 0],
    [13, 0.00011789],
    [14, 0.0112341],
    [15, 0.0108822],
    [16, 0.00943912],
    [17, 0.00739125],
    [18, 0.00638432],
    [19, 0.0057124],
    [20, 0.00516989],
    [22, 0.00417523],
    [25, 0.00300306],
    [30, 0.00164776],
    [40, 0.000735483],
    [50, 0.000402578],
    [60, 0.000295565],
    [70, 0.000233313],
    [80, 0.000218171],
    [100, 0.00016297],
    [120, 0.000111621],
    [140, 0.0000834507],
    [160, 0.0000629656]
  ]
}