{
  "reaction": {
    "lhs": [
      { "state": { "particle": "e", "charge": -1 }, "count": 1 },
      {
        "state": {
          "particle": "H2",
          "charge": 0,
          "descriptor": { "type": 1, "accuracy": 2, "e": "X", "Lambda": 0, "S": 0, "parity": "g", "v": 3 }
        },
        "count": 1
      }
    ],
    "rhs": [
      { "state": { "particle": "e", "charge": -1 }, "count": 1 },
      {
        "state": {
          "particle": "H2",
          "charge": 0,
          "descriptor": {
            "type": 1,
            "accuracy": 2,
            "e": "B",
            "Lambda": 0,
            "S": 0,
            "parity": "u",
            "v": 17
          }
        },
        "count": 1
      }
    ],
    "type_tags": ["Electronic", "Vibrational"],
    "reversible": false
  },
  "threshold": 11.9572,
  "data": [
    [11.9572, 0],
    [12, 0.000538969],
    [13, 0.00283168],
    [14, 0.0046724],
    [15, 0.00607361],
    [16, 0.00717074],
    [17, 0.00813193],
    [18, 0.0090867],
    [19, 0.0100466],
    [20, 0.0109406],
    [22, 0.0124052],
    [25, 0.014083],
    [30, 0.0160047],
    [40, 0.0181111],
    [50, 0.0187676],
    [60, 0.0188787],
    [70, 0.0186755],
    [80, 0.0183014],
    [100, 0.0173225],
    [120, 0.0162195],
    [140, 0.015145],
    [160, 0.0141306]
  ]
}