{
  "reaction": {
    "lhs": [
      { "state": { "particle": "e", "charge": -1 }, "count": 1 },
      {
        "state": {
          "particle": "H2",
          "charge": 0,
          "descriptor": { "type": 1, "accuracy": 2, "e": "X", "Lambda": 0, "S": 0, "parity": "g", "v": 3 }
        },
        "count": 1
      }
    ],
    "rhs": [
      { "state": { "particle": "e", "charge": -1 }, "count": 1 },
      {
        "state": {
          "particle": "H2",
          "charge": 0,
          "descriptor": { "type": 1, "accuracy": 2, "e": "J", "Lambda": 2, "S": 0, "parity": "g", "v": 0 }
        },
        "count": 1
      }
    ],
    "type_tags": ["Electronic", "Vibrational"],
    "reversible": false
  },
  "threshold": 12.4772,
  "data": [
    [12.4772, 0],
    [13, 0.00392007],
    [14, 0.00559613],
    [15, 0.00358055],
    [16, 0.00445909],
    [17, 0.00495618],
    [18, 0.00496033],
    [19, 0.00494631],
    [20, 0.00500728],
    [22, 0.00520213],
    [25, 0.0052247],
    [30, 0.00524442],
    [40, 0.00431984],
    [50, 0.00356193],
    [60, 0.00307398],
    [70, 0.00271329],
    [80, 0.00246438],
    [100, 0.00209481],
    [120, 0.00177893],
    [140, 0.00153146],
    [160, 0.00134184]
  ]
}