{
  "reaction": {
    "lhs": [
      { "state": { "particle": "e", "charge": -1 }, "count": 1 },
      {
        "state": {
          "particle": "H2",
          "charge": 0,
          "descriptor": { "type": 1, "accuracy": 2, "e": "X", "Lambda": 0, "S": 0, "parity": "g", "v": 3 }
        },
        "count": 1
      }
    ],
    "rhs": [
      { "state": { "particle": "e", "charge": -1 }, "count": 1 },
      {
        "state": {
          "particle": "H2",
          "charge": 0,
          "descriptor": {
            "type": 1,
            "accuracy": 2,
            "e": "a",
            "Lambda": 0,
            "S": 1,
            "parity": "g",
            "v": 10
          }
        },
        "count": 1
      }
    ],
    "type_tags": ["Electronic", "Vibrational"],
    "reversible": false
  },
  "threshold": 12.7303,
  "data": [
    [12.7303, 0],
    [13, 0.013931],
    [14, 0.015043],
    [15, 0.012369],
    [16, 0.0100482],
    [17, 0.00822017],
    [18, 0.00718071],
    [19, 0.00659834],
    [20, 0.00611082],
    [22, 0.00504114],
    [25, 0.00364316],
    [30, 0.00192491],
    [40, 0.00088901],
    [50, 0.000507513],
    [60, 0.00037045],
    [70, 0.000283932],
    [80, 0.000254122],
    [100, 0.000176208],
    [120, 0.000124333],
    [140, 0.0000906094],
    [160, 0.0000655161]
  ]
}