{
  "reaction": {
    "lhs": [
      { "state": { "particle": "e", "charge": -1 }, "count": 1 },
      {
        "state": {
          "particle": "H2",
          "charge": 0,
          "descriptor": { "type": 1, "accuracy": 2, "e": "X", "Lambda": 0, "S": 0, "parity": "g", "v": 3 }
        },
        "count": 1
      }
    ],
    "rhs": [
      { "state": { "particle": "e", "charge": -1 }, "count": 1 },
      {
        "state": {
          "particle": "H2",
          "charge": 0,
          "descriptor": {
            "type": 1,
            "accuracy": 2,
            "e": "g",
            "Lambda": 0,
            "S": 1,
            "parity": "g",
            "v": 11
          }
        },
        "count": 1
      }
    ],
    "type_tags": ["Electronic", "Vibrational"],
    "reversible": false
  },
  "threshold": 14.7164,
  "data": [
    [14.7164, 0],
    [15, 0.0000165564],
    [16, 0.0000799815],
    [17, 0.000116339],
    [18, 0.000112128],
    [19, 0.000102965],
    [20, 0.0000940592],
    [22, 0.0000794724],
    [25, 0.0000572465],
    [30, 0.0000274782],
    [40, 0.000009568],
    [50, 0.0000076073],
    [60, 0.00000726165],
    [70, 0.00000487977],
    [80, 0.00000260903],
    [100, 0.00000314273],
    [120, 0.00000367644],
    [140, 0.00000359153],
    [160, 0.00000335679]
  ]
}