{
  "reaction": {
    "lhs": [
      { "state": { "particle": "e", "charge": -1 }, "count": 1 },
      {
        "state": {
          "particle": "H2",
          "charge": 0,
          "descriptor": { "type": 1, "accuracy": 2, "e": "X", "Lambda": 0, "S": 0, "parity": "g", "v": 3 }
        },
        "count": 1
      }
    ],
    "rhs": [
      { "state": { "particle": "e", "charge": -1 }, "count": 1 },
      {
        "state": {
          "particle": "H2",
          "charge": 0,
          "descriptor": {
            "type": 1,
            "accuracy": 2,
            "e": "EF",
            "Lambda": 0,
            "S": 0,
            "parity": "g",
            "v": 23
          }
        },
        "count": 1
      }
    ],
    "type_tags": ["Electronic", "Vibrational"],
    "reversible": false
  },
  "threshold": 12.7448,
  "data": [
    [12.7448, 0],
    [13, 7.49511e-7],
    [14, 7.67486e-7],
    [15, 0.0000079369],
    [16, 0.0000175542],
    [17, 0.0000135979],
    [18, 0.0000122719],
    [19, 0.0000150985],
    [20, 0.0000233227],
    [22, 0.0000287402],
    [25, 0.0000273986],
    [30, 0.0000244383],
    [40, 0.0000246526],
    [50, 0.0000245714],
    [60, 0.0000245306],
    [70, 0.0000259609],
    [80, 0.0000272376],
    [100, 0.0000248031],
    [120, 0.0000179643],
    [140, 0.0000150136],
    [160, 0.0000128015]
  ]
}