{
  "reaction": {
    "lhs": [
      { "state": { "particle": "e", "charge": -1 }, "count": 1 },
      {
        "state": {
          "particle": "H2",
          "charge": 0,
          "descriptor": { "type": 1, "accuracy": 2, "e": "X", "Lambda": 0, "S": 0, "parity": "g", "v": 3 }
        },
        "count": 1
      }
    ],
    "rhs": [
      { "state": { "particle": "e", "charge": -1 }, "count": 1 },
      {
        "state": {
          "particle": "H2",
          "charge": 0,
          "descriptor": {
            "type": 1,
            "accuracy": 2,
            "e": "H",
            "Lambda": 0,
            "S": 0,
            "parity": "g",
            "v": 62
          }
        },
        "count": 1
      }
    ],
    "type_tags": ["Electronic", "Vibrational"],
    "reversible": false
  },
  "threshold": 15.1066,
  "data": [
    [15.1066, 0],
    [16, 0.0000175738],
    [17, 0.0000300409],
    [18, 0.0000389247],
    [19, 0.0000409854],
    [20, 0.0000390056],
    [22, 0.0000338989],
    [25, 0.0000310832],
    [30, 0.000033708],
    [40, 0.0000318406],
    [50, 0.0000287571],
    [60, 0.0000282387],
    [70, 0.000029579],
    [80, 0.0000313718],
    [100, 0.0000285759],
    [120, 0.0000259651],
    [140, 0.0000231548],
    [160, 0.0000207763]
  ]
}