{
  "reaction": {
    "lhs": [
      { "state": { "particle": "e", "charge": -1 }, "count": 1 },
      {
        "state": {
          "particle": "H2",
          "charge": 0,
          "descriptor": { "type": 1, "accuracy": 2, "e": "X", "Lambda": 0, "S": 0, "parity": "g", "v": 3 }
        },
        "count": 1
      }
    ],
    "rhs": [
      { "state": { "particle": "e", "charge": -1 }, "count": 1 },
      {
        "state": {
          "particle": "H2",
          "charge": 0,
          "descriptor": { "type": 1, "accuracy": 2, "e": "g", "Lambda": 0, "S": 1, "parity": "g", "v": 6 }
        },
        "count": 1
      }
    ],
    "type_tags": ["Electronic", "Vibrational"],
    "reversible": false
  },
  "threshold": 13.9073,
  "data": [
    [13.9073, 0],
    [14, 0.000802103],
    [15, 0.000876371],
    [16, 0.000925053],
    [17, 0.000972778],
    [18, 0.000916002],
    [19, 0.000798365],
    [20, 0.000698907],
    [22, 0.000586364],
    [25, 0.000464914],
    [30, 0.000331343],
    [40, 0.000221813],
    [50, 0.000156205],
    [60, 0.000110369],
    [70, 0.0000740168],
    [80, 0.0000494861],
    [100, 0.0000241793],
    [120, 0.0000157407],
    [140, 0.0000111986],
    [160, 0.00000774523]
  ]
}