{
  "reaction": {
    "lhs": [
      { "state": { "particle": "e", "charge": -1 }, "count": 1 },
      {
        "state": {
          "particle": "H2",
          "charge": 0,
          "descriptor": { "type": 1, "accuracy": 2, "e": "X", "Lambda": 0, "S": 0, "parity": "g", "v": 3 }
        },
        "count": 1
      }
    ],
    "rhs": [
      { "state": { "particle": "e", "charge": -1 }, "count": 1 },
      {
        "state": {
          "particle": "H2",
          "charge": 0,
          "descriptor": { "type": 1, "accuracy": 2, "e": "h", "Lambda": 0, "S": 1, "parity": "g", "v": 2 }
        },
        "count": 1
      }
    ],
    "type_tags": ["Electronic", "Vibrational"],
    "reversible": false
  },
  "threshold": 12.8675,
  "data": [
    [12.8675, 0],
    [13, 0.00519243],
    [14, 0.00704563],
    [15, 0.00886124],
    [16, 0.00765635],
    [17, 0.00602111],
    [18, 0.00547751],
    [19, 0.00530683],
    [20, 0.00511711],
    [22, 0.00438906],
    [25, 0.0031742],
    [30, 0.00153286],
    [40, 0.000821756],
    [50, 0.000469795],
    [60, 0.000260817],
    [70, 0.000189961],
    [80, 0.000173661],
    [100, 0.000122935],
    [120, 0.0000795719],
    [140, 0.0000572901],
    [160, 0.0000406454]
  ]
}