{
  "reaction": {
    "lhs": [
      { "state": { "particle": "e", "charge": -1 }, "count": 1 },
      {
        "state": {
          "particle": "H2",
          "charge": 0,
          "descriptor": { "type": 1, "accuracy": 2, "e": "X", "Lambda": 0, "S": 0, "parity": "g", "v": 3 }
        },
        "count": 1
      }
    ],
    "rhs": [
      { "state": { "particle": "e", "charge": -1 }, "count": 1 },
      {
        "state": {
          "particle": "H2",
          "charge": 0,
          "descriptor": { "type": 1, "accuracy": 2, "e": "c", "Lambda": 1, "S": 1, "parity": "u", "v": 0 }
        },
        "count": 1
      }
    ],
    "type_tags": ["Electronic", "Vibrational"],
    "reversible": false
  },
  "threshold": 10.309,
  "data": [
    [10.309, 0],
    [11, 0.176767],
    [12, 0.122288],
    [13, 0.120766],
    [14, 0.108534],
    [15, 0.0930376],
    [16, 0.0810383],
    [17, 0.0715584],
    [18, 0.0646613],
    [19, 0.059538],
    [20, 0.0553026],
    [22, 0.0478928],
    [25, 0.0391001],
    [30, 0.0277576],
    [40, 0.0124513],
    [50, 0.00769066],
    [60, 0.00647176],
    [70, 0.00447013],
    [80, 0.00274184],
    [100, 0.00125942],
    [120, 0.000819266],
    [140, 0.000588356],
    [160, 0.000412347]
  ]
}