{
  "reaction": {
    "lhs": [
      { "state": { "particle": "e", "charge": -1 }, "count": 1 },
      {
        "state": {
          "particle": "H2",
          "charge": 0,
          "descriptor": { "type": 1, "accuracy": 2, "e": "X", "Lambda": 0, "S": 0, "parity": "g", "v": 3 }
        },
        "count": 1
      }
    ],
    "rhs": [
      { "state": { "particle": "e", "charge": -1 }, "count": 1 },
      {
        "state": {
          "particle": "H2",
          "charge": 0,
          "descriptor": {
            "type": 1,
            "accuracy": 2,
            "e": "D",
            "Lambda": 1,
            "S": 0,
            "parity": "u",
            "v": 14
          }
        },
        "count": 1
      }
    ],
    "type_tags": ["Electronic", "Vibrational"],
    "reversible": false
  },
  "threshold": 15.0067,
  "data": [
    [15.0067, 0],
    [16, 0.000163566],
    [17, 0.000244693],
    [18, 0.000290233],
    [19, 0.000326],
    [20, 0.000371135],
    [22, 0.000481036],
    [25, 0.000624003],
    [30, 0.000797218],
    [40, 0.001044],
    [50, 0.00118709],
    [60, 0.00127672],
    [70, 0.0013203],
    [80, 0.00132318],
    [100, 0.00129397],
    [120, 0.00123699],
    [140, 0.00117793],
    [160, 0.00112332]
  ]
}