{
  "reaction": {
    "lhs": [
      { "state": { "particle": "e", "charge": -1 }, "count": 1 },
      {
        "state": {
          "particle": "H2",
          "charge": 0,
          "descriptor": { "type": 1, "accuracy": 2, "e": "X", "Lambda": 0, "S": 0, "parity": "g", "v": 3 }
        },
        "count": 1
      }
    ],
    "rhs": [
      { "state": { "particle": "e", "charge": -1 }, "count": 1 },
      {
        "state": {
          "particle": "H2",
          "charge": 0,
          "descriptor": { "type": 1, "accuracy": 2, "e": "a", "Lambda": 0, "S": 1, "parity": "g", "v": 7 }
        },
        "count": 1
      }
    ],
    "type_tags": ["Electronic", "Vibrational"],
    "reversible": false
  },
  "threshold": 12.1816,
  "data": [
    [12.1816, 0],
    [13, 0.000494188],
    [14, 0.000673849],
    [15, 0.000668981],
    [16, 0.000614813],
    [17, 0.00051332],
    [18, 0.000445582],
    [19, 0.000423199],
    [20, 0.000389737],
    [22, 0.000290117],
    [25, 0.00019092],
    [30, 0.000107371],
    [40, 0.0000679784],
    [50, 0.0000494622],
    [60, 0.0000323594],
    [70, 0.0000211906],
    [80, 0.0000139708],
    [100, 0.00000760217],
    [120, 0.00000591756],
    [140, 0.00000430058],
    [160, 0.00000308521]
  ]
}