{
  "reaction": {
    "lhs": [
      { "state": { "particle": "e", "charge": -1 }, "count": 1 },
      {
        "state": {
          "particle": "H2",
          "charge": 0,
          "descriptor": { "type": 1, "accuracy": 2, "e": "X", "Lambda": 0, "S": 0, "parity": "g", "v": 3 }
        },
        "count": 1
      }
    ],
    "rhs": [
      { "state": { "particle": "e", "charge": -1 }, "count": 1 },
      {
        "state": {
          "particle": "H2",
          "charge": 0,
          "descriptor": { "type": 1, "accuracy": 2, "e": "D", "Lambda": 1, "S": 0, "parity": "u", "v": 9 }
        },
        "count": 1
      }
    ],
    "type_tags": ["Electronic", "Vibrational"],
    "reversible": false
  },
  "threshold": 14.4724,
  "data": [
    [14.4724, 0],
    [15, 0.000136909],
    [16, 0.000145949],
    [17, 0.000140071],
    [18, 0.000142323],
    [19, 0.00015713],
    [20, 0.000174128],
    [22, 0.000203626],
    [25, 0.000251938],
    [30, 0.00032129],
    [40, 0.000427729],
    [50, 0.000478862],
    [60, 0.000503828],
    [70, 0.000516284],
    [80, 0.000517322],
    [100, 0.000507267],
    [120, 0.000487439],
    [140, 0.000466482],
    [160, 0.000446566]
  ]
}