{
  "reaction": {
    "lhs": [
      { "state": { "particle": "e", "charge": -1 }, "count": 1 },
      {
        "state": {
          "particle": "H2",
          "charge": 0,
          "descriptor": { "type": 1, "accuracy": 2, "e": "X", "Lambda": 0, "S": 0, "parity": "g", "v": 3 }
        },
        "count": 1
      }
    ],
    "rhs": [
      { "state": { "particle": "e", "charge": -1 }, "count": 1 },
      {
        "state": {
          "particle": "H2",
          "charge": 0,
          "descriptor": {
            "type": 1,
            "accuracy": 2,
            "e": "B",
            "Lambda": 0,
            "S": 0,
            "parity": "u",
            "v": 16
          }
        },
        "count": 1
      }
    ],
    "type_tags": ["Electronic", "Vibrational"],
    "reversible": false
  },
  "threshold": 11.8551,
  "data": [
    [11.8551, 0],
    [12, 0.00141907],
    [13, 0.00473916],
    [14, 0.00737916],
    [15, 0.00941452],
    [16, 0.0110727],
    [17, 0.0125518],
    [18, 0.0140057],
    [19, 0.0154576],
    [20, 0.0168172],
    [22, 0.0190544],
    [25, 0.0215593],
    [30, 0.0243365],
    [40, 0.0273273],
    [50, 0.0281791],
    [60, 0.0282701],
    [70, 0.0279386],
    [80, 0.0273643],
    [100, 0.0258595],
    [120, 0.0241563],
    [140, 0.0225091],
    [160, 0.0209683]
  ]
}