{
  "reaction": {
    "lhs": [
      { "state": { "particle": "e", "charge": -1 }, "count": 1 },
      {
        "state": {
          "particle": "H2",
          "charge": 0,
          "descriptor": { "type": 1, "accuracy": 2, "e": "X", "Lambda": 0, "S": 0, "parity": "g", "v": 3 }
        },
        "count": 1
      }
    ],
    "rhs": [
      { "state": { "particle": "e", "charge": -1 }, "count": 1 },
      {
        "state": {
          "particle": "H2",
          "charge": 0,
          "descriptor": {
            "type": 1,
            "accuracy": 2,
            "e": "H",
            "Lambda": 0,
            "S": 0,
            "parity": "g",
            "v": 12
          }
        },
        "count": 1
      }
    ],
    "type_tags": ["Electronic", "Vibrational"],
    "reversible": false
  },
  "threshold": 13.9885,
  "data": [
    [13.9885, 0],
    [14, 8.76944e-13],
    [15, 1.45816e-12],
    [16, 2.13672e-12],
    [17, 2.58129e-12],
    [18, 2.92325e-12],
    [19, 3.18182e-12],
    [20, 3.2929e-12],
    [22, 3.08061e-12],
    [25, 2.877e-12],
    [30, 3.02105e-12],
    [40, 2.90931e-12],
    [50, 2.7257e-12],
    [60, 2.72932e-12],
    [70, 2.92296e-12],
    [80, 3.17984e-12],
    [100, 2.80311e-12],
    [120, 2.72482e-12],
    [140, 2.50236e-12],
    [160, 2.2475e-12]
  ]
}