{
  "reaction": {
    "lhs": [
      { "state": { "particle": "e", "charge": -1 }, "count": 1 },
      {
        "state": {
          "particle": "H2",
          "charge": 0,
          "descriptor": { "type": 1, "accuracy": 2, "e": "X", "Lambda": 0, "S": 0, "parity": "g", "v": 3 }
        },
        "count": 1
      }
    ],
    "rhs": [
      { "state": { "particle": "e", "charge": -1 }, "count": 1 },
      {
        "state": {
          "particle": "H2",
          "charge": 0,
          "descriptor": {
            "type": 1,
            "accuracy": 2,
            "e": "Bp",
            "Lambda": 0,
            "S": 0,
            "parity": "u",
            "v": 5
          }
        },
        "count": 1
      }
    ],
    "type_tags": ["Electronic", "Vibrational"],
    "reversible": false
  },
  "threshold": 13.1534,
  "data": [
    [13.1534, 0],
    [14, 8.59503e-7],
    [15, 0.00000187462],
    [16, 0.00000288981],
    [17, 0.00000390488],
    [18, 0.00000492002],
    [19, 0.00000593501],
    [20, 0.00000695005],
    [22, 0.00000897983],
    [25, 0.0000120239],
    [30, 0.000017095],
    [40, 0.0000258635],
    [50, 0.000028957],
    [60, 0.0000300892],
    [70, 0.0000318408],
    [80, 0.0000333729],
    [100, 0.0000375301],
    [120, 0.0000320259],
    [140, 0.0000255831],
    [160, 0.0000212146]
  ]
}