{
  "reaction": {
    "lhs": [
      { "state": { "particle": "e", "charge": -1 }, "count": 1 },
      {
        "state": {
          "particle": "H2",
          "charge": 0,
          "descriptor": { "type": 1, "accuracy": 2, "e": "X", "Lambda": 0, "S": 0, "parity": "g", "v": 3 }
        },
        "count": 1
      }
    ],
    "rhs": [
      { "state": { "particle": "e", "charge": -1 }, "count": 1 },
      {
        "state": {
          "particle": "H2",
          "charge": 0,
          "descriptor": {
            "type": 1,
            "accuracy": 2,
            "e": "d",
            "Lambda": 1,
            "S": 1,
            "parity": "u",
            "v": 17
          }
        },
        "count": 1
      }
    ],
    "type_tags": ["Electronic", "Vibrational"],
    "reversible": false
  },
  "threshold": 15.0813,
  "data": [
    [15.0813, 0],
    [16, 0.0000694737],
    [17, 0.000116118],
    [18, 0.000113405],
    [19, 0.000107499],
    [20, 0.00010175],
    [22, 0.0000925836],
    [25, 0.000078971],
    [30, 0.0000585793],
    [40, 0.0000297845],
    [50, 0.0000172004],
    [60, 0.0000115643],
    [70, 0.00000882316],
    [80, 0.00000813423],
    [100, 0.00000495185],
    [120, 0.00000234676],
    [140, 0.00000168387],
    [160, 0.0000011781]
  ]
}