{
  "reaction": {
    "lhs": [
      { "state": { "particle": "e", "charge": -1 }, "count": 1 },
      {
        "state": {
          "particle": "H2",
          "charge": 0,
          "descriptor": { "type": 1, "accuracy": 2, "e": "X", "Lambda": 0, "S": 0, "parity": "g", "v": 3 }
        },
        "count": 1
      }
    ],
    "rhs": [
      { "state": { "particle": "e", "charge": -1 }, "count": 1 },
      {
        "state": {
          "particle": "H2",
          "charge": 0,
          "descriptor": {
            "type": 1,
            "accuracy": 2,
            "e": "EF",
            "Lambda": 0,
            "S": 0,
            "parity": "g",
            "v": 10
          }
        },
        "count": 1
      }
    ],
    "type_tags": ["Electronic", "Vibrational"],
    "reversible": false
  },
  "threshold": 11.6828,
  "data": [
    [11.6828, 0],
    [12, 0.000917042],
    [13, 0.00225951],
    [14, 0.00172514],
    [15, 0.00195874],
    [16, 0.00227155],
    [17, 0.00231767],
    [18, 0.00222235],
    [19, 0.0023304],
    [20, 0.00235762],
    [22, 0.00234022],
    [25, 0.00228798],
    [30, 0.00231265],
    [40, 0.00225154],
    [50, 0.00219265],
    [60, 0.00214168],
    [70, 0.00206927],
    [80, 0.00200851],
    [100, 0.00182031],
    [120, 0.00156611],
    [140, 0.00140146],
    [160, 0.00125988]
  ]
}