{
  "reaction": {
    "lhs": [
      { "state": { "particle": "e", "charge": -1 }, "count": 1 },
      {
        "state": {
          "particle": "H2",
          "charge": 0,
          "descriptor": { "type": 1, "accuracy": 2, "e": "X", "Lambda": 0, "S": 0, "parity": "g", "v": 3 }
        },
        "count": 1
      }
    ],
    "rhs": [
      { "state": { "particle": "e", "charge": -1 }, "count": 1 },
      {
        "state": {
          "particle": "H2",
          "charge": 0,
          "descriptor": { "type": 1, "accuracy": 2, "e": "j", "Lambda": 2, "S": 1, "parity": "g", "v": 3 }
        },
        "count": 1
      }
    ],
    "type_tags": ["Electronic", "Vibrational"],
    "reversible": false
  },
  "threshold": 13.2543,
  "data": [
    [13.2543, 0],
    [14, 0.0000322496],
    [15, 0.0000217034],
    [16, 0.0000119753],
    [17, 0.00000675259],
    [18, 0.00000767309],
    [19, 0.0000093826],
    [20, 0.0000103031],
    [22, 0.00000965477],
    [25, 0.00000712058],
    [30, 0.00000336988],
    [40, 0.00000260773],
    [50, 0.00000531554],
    [60, 0.00000802336],
    [70, 0.00000434115],
    [80, 6.58944e-7],
    [100, 9.06907e-7],
    [120, 0.00000115487],
    [140, 0.00000112799],
    [160, 0.00000105366]
  ]
}