{
  "reaction": {
    "lhs": [
      { "state": { "particle": "e", "charge": -1 }, "count": 1 },
      {
        "state": {
          "particle": "H2",
          "charge": 0,
          "descriptor": { "type": 1, "accuracy": 2, "e": "X", "Lambda": 0, "S": 0, "parity": "g", "v": 3 }
        },
        "count": 1
      }
    ],
    "rhs": [
      { "state": { "particle": "e", "charge": -1 }, "count": 1 },
      {
        "state": {
          "particle": "H2",
          "charge": 0,
          "descriptor": {
            "type": 1,
            "accuracy": 2,
            "e": "H",
            "Lambda": 0,
            "S": 0,
            "parity": "g",
            "v": 27
          }
        },
        "count": 1
      }
    ],
    "type_tags": ["Electronic", "Vibrational"],
    "reversible": false
  },
  "threshold": 14.3764,
  "data": [
    [14.3764, 0],
    [15, 0.0000234743],
    [16, 0.0000343698],
    [17, 0.0000322264],
    [18, 0.0000258782],
    [19, 0.0000227439],
    [20, 0.0000222752],
    [22, 0.0000233251],
    [25, 0.0000237666],
    [30, 0.0000222475],
    [40, 0.0000227942],
    [50, 0.000022432],
    [60, 0.0000206388],
    [70, 0.0000197029],
    [80, 0.0000205439],
    [100, 0.0000185497],
    [120, 0.0000177745],
    [140, 0.00001676],
    [160, 0.0000154884]
  ]
}