{
  "reaction": {
    "lhs": [
      { "state": { "particle": "e", "charge": -1 }, "count": 1 },
      {
        "state": {
          "particle": "H2",
          "charge": 0,
          "descriptor": { "type": 1, "accuracy": 2, "e": "X", "Lambda": 0, "S": 0, "parity": "g", "v": 3 }
        },
        "count": 1
      }
    ],
    "rhs": [
      { "state": { "particle": "e", "charge": -1 }, "count": 1 },
      {
        "state": {
          "particle": "H2",
          "charge": 0,
          "descriptor": { "type": 1, "accuracy": 2, "e": "c", "Lambda": 1, "S": 1, "parity": "u", "v": 8 }
        },
        "count": 1
      }
    ],
    "type_tags": ["Electronic", "Vibrational"],
    "reversible": false
  },
  "threshold": 12.225,
  "data": [
    [12.225, 0],
    [13, 0.000394288],
    [14, 0.00171194],
    [15, 0.00111286],
    [16, 0.00113296],
    [17, 0.00115306],
    [18, 0.00112135],
    [19, 0.00105158],
    [20, 0.000981817],
    [22, 0.000863707],
    [25, 0.000680969],
    [30, 0.00041125],
    [40, 0.0000894674],
    [50, 0.0000406447],
    [60, 0.0000313271],
    [70, 0.000026786],
    [80, 0.0000241158],
    [100, 0.0000133031],
    [120, 0.00000569748],
    [140, 0.00000410487],
    [160, 0.00000288369]
  ]
}