{
  "reaction": {
    "lhs": [
      { "state": { "particle": "e", "charge": -1 }, "count": 1 },
      {
        "state": {
          "particle": "H2",
          "charge": 0,
          "descriptor": { "type": 1, "accuracy": 2, "e": "X", "Lambda": 0, "S": 0, "parity": "g", "v": 3 }
        },
        "count": 1
      }
    ],
    "rhs": [
      { "state": { "particle": "e", "charge": -1 }, "count": 1 },
      {
        "state": {
          "particle": "H2",
          "charge": 0,
          "descriptor": {
            "type": 1,
            "accuracy": 2,
            "e": "d",
            "Lambda": 1,
            "S": 1,
            "parity": "u",
            "v": 18
          }
        },
        "count": 1
      }
    ],
    "type_tags": ["Electronic", "Vibrational"],
    "reversible": false
  },
  "threshold": 15.0969,
  "data": [
    [15.0969, 0],
    [16, 0.0000452529],
    [17, 0.0000763287],
    [18, 0.0000742412],
    [19, 0.0000697568],
    [20, 0.0000655429],
    [22, 0.0000593077],
    [25, 0.0000505376],
    [30, 0.0000377051],
    [40, 0.0000191353],
    [50, 0.000011039],
    [60, 0.00000743098],
    [70, 0.00000567707],
    [80, 0.00000523722],
    [100, 0.00000319126],
    [120, 0.00000151042],
    [140, 0.00000108378],
    [160, 7.5825e-7]
  ]
}