{
  "reaction": {
    "lhs": [
      { "state": { "particle": "e", "charge": -1 }, "count": 1 },
      {
        "state": {
          "particle": "H2",
          "charge": 0,
          "descriptor": { "type": 1, "accuracy": 2, "e": "X", "Lambda": 0, "S": 0, "parity": "g", "v": 3 }
        },
        "count": 1
      }
    ],
    "rhs": [
      { "state": { "particle": "e", "charge": -1 }, "count": 1 },
      {
        "state": {
          "particle": "H2",
          "charge": 0,
          "descriptor": {
            "type": 1,
            "accuracy": 2,
            "e": "g",
            "Lambda": 0,
            "S": 1,
            "parity": "g",
            "v": 16
          }
        },
        "count": 1
      }
    ],
    "type_tags": ["Electronic", "Vibrational"],
    "reversible": false
  },
  "threshold": 15.0677,
  "data": [
    [15.0677, 0],
    [16, 0.0000317039],
    [17, 0.0000525809],
    [18, 0.0000503399],
    [19, 0.0000456032],
    [20, 0.0000413503],
    [22, 0.0000356088],
    [25, 0.0000280906],
    [30, 0.0000184293],
    [40, 0.00000978146],
    [50, 0.00000687571],
    [60, 0.00000575237],
    [70, 0.0000039174],
    [80, 0.00000271592],
    [100, 0.0000021588],
    [120, 0.000002046],
    [140, 0.00000191133],
    [160, 0.00000173347]
  ]
}