{
  "reaction": {
    "lhs": [
      { "state": { "particle": "e", "charge": -1 }, "count": 1 },
      {
        "state": {
          "particle": "H2",
          "charge": 0,
          "descriptor": { "type": 1, "accuracy": 2, "e": "X", "Lambda": 0, "S": 0, "parity": "g", "v": 3 }
        },
        "count": 1
      }
    ],
    "rhs": [
      { "state": { "particle": "e", "charge": -1 }, "count": 1 },
      {
        "state": {
          "particle": "H2",
          "charge": 0,
          "descriptor": {
            "type": 1,
            "accuracy": 2,
            "e": "d",
            "Lambda": 1,
            "S": 1,
            "parity": "u",
            "v": 12
          }
        },
        "count": 1
      }
    ],
    "type_tags": ["Electronic", "Vibrational"],
    "reversible": false
  },
  "threshold": 14.7697,
  "data": [
    [14.7697, 0],
    [15, 0.000185432],
    [16, 0.000224683],
    [17, 0.000230298],
    [18, 0.000224271],
    [19, 0.000211275],
    [20, 0.000198936],
    [22, 0.000180152],
    [25, 0.000153114],
    [30, 0.000114109],
    [40, 0.0000641117],
    [50, 0.0000390684],
    [60, 0.000025435],
    [70, 0.0000190285],
    [80, 0.00001672],
    [100, 0.00000939477],
    [120, 0.00000493366],
    [140, 0.0000035397],
    [160, 0.00000247683]
  ]
}