{
  "reaction": {
    "lhs": [
      { "state": { "particle": "e", "charge": -1 }, "count": 1 },
      {
        "state": {
          "particle": "H2",
          "charge": 0,
          "descriptor": { "type": 1, "accuracy": 2, "e": "X", "Lambda": 0, "S": 0, "parity": "g", "v": 3 }
        },
        "count": 1
      }
    ],
    "rhs": [
      { "state": { "particle": "e", "charge": -1 }, "count": 1 },
      {
        "state": {
          "particle": "H2",
          "charge": 0,
          "descriptor": {
            "type": 1,
            "accuracy": 2,
            "e": "J",
            "Lambda": 2,
            "S": 0,
            "parity": "g",
            "v": 17
          }
        },
        "count": 1
      }
    ],
    "type_tags": ["Electronic", "Vibrational"],
    "reversible": false
  },
  "threshold": 15.0866,
  "data": [
    [15.0866, 0],
    [16, 0.00000345315],
    [17, 0.000011053],
    [18, 0.000013349],
    [19, 0.0000130846],
    [20, 0.0000130795],
    [22, 0.000013787],
    [25, 0.000014992],
    [30, 0.0000152945],
    [40, 0.0000124487],
    [50, 0.0000100936],
    [60, 0.00000900327],
    [70, 0.00000824472],
    [80, 0.00000721674],
    [100, 0.0000059912],
    [120, 0.00000501647],
    [140, 0.00000431123],
    [160, 0.00000378809]
  ]
}