{
  "reaction": {
    "lhs": [
      { "state": { "particle": "e", "charge": -1 }, "count": 1 },
      {
        "state": {
          "particle": "H2",
          "charge": 0,
          "descriptor": { "type": 1, "accuracy": 2, "e": "X", "Lambda": 0, "S": 0, "parity": "g", "v": 3 }
        },
        "count": 1
      }
    ],
    "rhs": [
      { "state": { "particle": "e", "charge": -1 }, "count": 1 },
      {
        "state": {
          "particle": "H2",
          "charge": 0,
          "descriptor": {
            "type": 1,
            "accuracy": 2,
            "e": "H",
            "Lambda": 0,
            "S": 0,
            "parity": "g",
            "v": 49
          }
        },
        "count": 1
      }
    ],
    "type_tags": ["Electronic", "Vibrational"],
    "reversible": false
  },
  "threshold": 14.9468,
  "data": [
    [14.9468, 0],
    [15, 0.00000427406],
    [16, 0.0000061691],
    [17, 0.0000112661],
    [18, 0.000016018],
    [19, 0.0000177066],
    [20, 0.000016881],
    [22, 0.0000135493],
    [25, 0.000011796],
    [30, 0.0000142249],
    [40, 0.0000123362],
    [50, 0.0000104366],
    [60, 0.0000111617],
    [70, 0.0000126413],
    [80, 0.0000132635],
    [100, 0.0000116355],
    [120, 0.0000103757],
    [140, 0.00000893165],
    [160, 0.00000782903]
  ]
}