{
  "reaction": {
    "lhs": [
      { "state": { "particle": "e", "charge": -1 }, "count": 1 },
      {
        "state": {
          "particle": "H2",
          "charge": 0,
          "descriptor": { "type": 1, "accuracy": 2, "e": "X", "Lambda": 0, "S": 0, "parity": "g", "v": 3 }
        },
        "count": 1
      }
    ],
    "rhs": [
      { "state": { "particle": "e", "charge": -1 }, "count": 1 },
      {
        "state": {
          "particle": "H2",
          "charge": 0,
          "descriptor": { "type": 1, "accuracy": 2, "e": "c", "Lambda": 1, "S": 1, "parity": "u", "v": 4 }
        },
        "count": 1
      }
    ],
    "type_tags": ["Electronic", "Vibrational"],
    "reversible": false
  },
  "threshold": 11.3814,
  "data": [
    [11.3814, 0],
    [12, 0.0372498],
    [13, 0.0328822],
    [14, 0.0324078],
    [15, 0.0311124],
    [16, 0.0283638],
    [17, 0.0254892],
    [18, 0.0233837],
    [19, 0.0216156],
    [20, 0.020091],
    [22, 0.0173962],
    [25, 0.0139404],
    [30, 0.00940418],
    [40, 0.0043256],
    [50, 0.00253562],
    [60, 0.00190287],
    [70, 0.00132429],
    [80, 0.00100357],
    [100, 0.000508847],
    [120, 0.000283826],
    [140, 0.000204008],
    [160, 0.00014307]
  ]
}