{
  "reaction": {
    "lhs": [
      { "state": { "particle": "e", "charge": -1 }, "count": 1 },
      {
        "state": {
          "particle": "H2",
          "charge": 0,
          "descriptor": { "type": 1, "accuracy": 2, "e": "X", "Lambda": 0, "S": 0, "parity": "g", "v": 3 }
        },
        "count": 1
      }
    ],
    "rhs": [
      { "state": { "particle": "e", "charge": -1 }, "count": 1 },
      {
        "state": {
          "particle": "H2",
          "charge": 0,
          "descriptor": {
            "type": 1,
            "accuracy": 2,
            "e": "c",
            "Lambda": 1,
            "S": 1,
            "parity": "u",
            "v": 18
          }
        },
        "count": 1
      }
    ],
    "type_tags": ["Electronic", "Vibrational"],
    "reversible": false
  },
  "threshold": 13.2124,
  "data": [
    [13.2124, 0],
    [14, 0.00105464],
    [15, 0.0015316],
    [16, 0.00144159],
    [17, 0.00131727],
    [18, 0.00127339],
    [19, 0.0012552],
    [20, 0.00122704],
    [22, 0.00112577],
    [25, 0.000944064],
    [30, 0.000627213],
    [40, 0.0000554408],
    [50, 0.0000248592],
    [60, 0.0000200129],
    [70, 0.0000170481],
    [80, 0.0000134928],
    [100, 0.00000760434],
    [120, 0.00000392025],
    [140, 0.00000281916],
    [160, 0.00000197912]
  ]
}