{
  "reaction": {
    "lhs": [
      { "state": { "particle": "e", "charge": -1 }, "count": 1 },
      {
        "state": {
          "particle": "H2",
          "charge": 0,
          "descriptor": { "type": 1, "accuracy": 2, "e": "X", "Lambda": 0, "S": 0, "parity": "g", "v": 3 }
        },
        "count": 1
      }
    ],
    "rhs": [
      { "state": { "particle": "e", "charge": -1 }, "count": 1 },
      {
        "state": {
          "particle": "H2",
          "charge": 0,
          "descriptor": {
            "type": 1,
            "accuracy": 2,
            "e": "C",
            "Lambda": 1,
            "S": 0,
            "parity": "u",
            "v": 10
          }
        },
        "count": 1
      }
    ],
    "type_tags": ["Electronic", "Vibrational"],
    "reversible": false
  },
  "threshold": 12.9517,
  "data": [
    [12.9517, 0],
    [13, 0.0000472571],
    [14, 0.000260381],
    [15, 0.000432013],
    [16, 0.000574348],
    [17, 0.000702047],
    [18, 0.000822321],
    [19, 0.000939003],
    [20, 0.00105402],
    [22, 0.00127172],
    [25, 0.00153765],
    [30, 0.00180989],
    [40, 0.00207584],
    [50, 0.00223528],
    [60, 0.00234187],
    [70, 0.00236826],
    [80, 0.00232562],
    [100, 0.00221033],
    [120, 0.00207449],
    [140, 0.0019457],
    [160, 0.00183179]
  ]
}