{
  "reaction": {
    "lhs": [
      { "state": { "particle": "e", "charge": -1 }, "count": 1 },
      {
        "state": {
          "particle": "H2",
          "charge": 0,
          "descriptor": { "type": 1, "accuracy": 2, "e": "X", "Lambda": 0, "S": 0, "parity": "g", "v": 3 }
        },
        "count": 1
      }
    ],
    "rhs": [
      { "state": { "particle": "e", "charge": -1 }, "count": 1 },
      {
        "state": {
          "particle": "H2",
          "charge": 0,
          "descriptor": {
            "type": 1,
            "accuracy": 2,
            "e": "B",
            "Lambda": 0,
            "S": 0,
            "parity": "u",
            "v": 32
          }
        },
        "count": 1
      }
    ],
    "type_tags": ["Electronic", "Vibrational"],
    "reversible": false
  },
  "threshold": 13.1015,
  "data": [
    [13.1015, 0],
    [14, 0.000849868],
    [15, 0.00150751],
    [16, 0.00201116],
    [17, 0.00239395],
    [18, 0.00272192],
    [19, 0.00304176],
    [20, 0.00335728],
    [22, 0.00392324],
    [25, 0.00457777],
    [30, 0.00534472],
    [40, 0.00615828],
    [50, 0.0064512],
    [60, 0.00653213],
    [70, 0.00648673],
    [80, 0.00637223],
    [100, 0.00605758],
    [120, 0.00569391],
    [140, 0.0053345],
    [160, 0.00499105]
  ]
}