{
  "reaction": {
    "lhs": [
      { "state": { "particle": "e", "charge": -1 }, "count": 1 },
      {
        "state": {
          "particle": "H2",
          "charge": 0,
          "descriptor": { "type": 1, "accuracy": 2, "e": "X", "Lambda": 0, "S": 0, "parity": "g", "v": 3 }
        },
        "count": 1
      }
    ],
    "rhs": [
      { "state": { "particle": "e", "charge": -1 }, "count": 1 },
      {
        "state": {
          "particle": "H2",
          "charge": 0,
          "descriptor": {
            "type": 1,
            "accuracy": 2,
            "e": "H",
            "Lambda": 0,
            "S": 0,
            "parity": "g",
            "v": 56
          }
        },
        "count": 1
      }
    ],
    "type_tags": ["Electronic", "Vibrational"],
    "reversible": false
  },
  "threshold": 15.0702,
  "data": [
    [15.0702, 0],
    [16, 0.0000124216],
    [17, 0.0000222828],
    [18, 0.0000301299],
    [19, 0.0000324539],
    [20, 0.0000310861],
    [22, 0.0000264399],
    [25, 0.0000238765],
    [30, 0.0000266927],
    [40, 0.0000245576],
    [50, 0.0000217726],
    [60, 0.0000219017],
    [70, 0.000023494],
    [80, 0.0000248449],
    [100, 0.0000223366],
    [120, 0.0000202012],
    [140, 0.0000178348],
    [160, 0.000015893]
  ]
}