{
  "reaction": {
    "lhs": [
      { "state": { "particle": "e", "charge": -1 }, "count": 1 },
      {
        "state": {
          "particle": "H2",
          "charge": 0,
          "descriptor": { "type": 1, "accuracy": 2, "e": "X", "Lambda": 0, "S": 0, "parity": "g", "v": 3 }
        },
        "count": 1
      }
    ],
    "rhs": [
      { "state": { "particle": "e", "charge": -1 }, "count": 1 },
      {
        "state": {
          "particle": "H2",
          "charge": 0,
          "descriptor": {
            "type": 1,
            "accuracy": 2,
            "e": "B",
            "Lambda": 0,
            "S": 0,
            "parity": "u",
            "v": 36
          }
        },
        "count": 1
      }
    ],
    "type_tags": ["Electronic", "Vibrational"],
    "reversible": false
  },
  "threshold": 13.2157,
  "data": [
    [13.2157, 0],
    [14, 0.000092004],
    [15, 0.000170534],
    [16, 0.000230007],
    [17, 0.000274814],
    [18, 0.000313309],
    [19, 0.000350881],
    [20, 0.000387731],
    [22, 0.000453553],
    [25, 0.000530821],
    [30, 0.000622551],
    [40, 0.000721907],
    [50, 0.000759697],
    [60, 0.000771055],
    [70, 0.000766153],
    [80, 0.000752829],
    [100, 0.000716544],
    [120, 0.000674871],
    [140, 0.000633402],
    [160, 0.000593423]
  ]
}