{
  "reaction": {
    "lhs": [
      { "state": { "particle": "e", "charge": -1 }, "count": 1 },
      {
        "state": {
          "particle": "H2",
          "charge": 0,
          "descriptor": { "type": 1, "accuracy": 2, "e": "X", "Lambda": 0, "S": 0, "parity": "g", "v": 3 }
        },
        "count": 1
      }
    ],
    "rhs": [
      { "state": { "particle": "e", "charge": -1 }, "count": 1 },
      {
        "state": {
          "particle": "H2",
          "charge": 0,
          "descriptor": {
            "type": 1,
            "accuracy": 2,
            "e": "H",
            "Lambda": 0,
            "S": 0,
            "parity": "g",
            "v": 26
          }
        },
        "count": 1
      }
    ],
    "type_tags": ["Electronic", "Vibrational"],
    "reversible": false
  },
  "threshold": 14.3566,
  "data": [
    [14.3566, 0],
    [15, 0.0000037255],
    [16, 0.00000546907],
    [17, 0.0000052154],
    [18, 0.00000431634],
    [19, 0.00000387549],
    [20, 0.00000381613],
    [22, 0.00000394783],
    [25, 0.00000399068],
    [30, 0.00000377797],
    [40, 0.00000383205],
    [50, 0.00000375171],
    [60, 0.00000348429],
    [70, 0.00000335781],
    [80, 0.00000349122],
    [100, 0.00000314015],
    [120, 0.00000299991],
    [140, 0.00000281727],
    [160, 0.00000259778]
  ]
}