{
  "reaction": {
    "lhs": [
      { "state": { "particle": "e", "charge": -1 }, "count": 1 },
      {
        "state": {
          "particle": "H2",
          "charge": 0,
          "descriptor": { "type": 1, "accuracy": 2, "e": "X", "Lambda": 0, "S": 0, "parity": "g", "v": 3 }
        },
        "count": 1
      }
    ],
    "rhs": [
      { "state": { "particle": "e", "charge": -1 }, "count": 1 },
      {
        "state": {
          "particle": "H2",
          "charge": 0,
          "descriptor": {
            "type": 1,
            "accuracy": 2,
            "e": "H",
            "Lambda": 0,
            "S": 0,
            "parity": "g",
            "v": 69
          }
        },
        "count": 1
      }
    ],
    "type_tags": ["Electronic", "Vibrational"],
    "reversible": false
  },
  "threshold": -30.227,
  "data": [
    [30.227, 0],
    [6, 1.78128e-7],
    [8, 2.05594e-7],
    [10, 2.37241e-7],
    [11, 2.54741e-7],
    [12, 2.73418e-7],
    [13, 0.00000238513],
    [14, 0.00000741056],
    [15, 0.0000146947],
    [16, 0.000024592],
    [17, 0.0000366734],
    [18, 0.0000444278],
    [19, 0.0000453577],
    [20, 0.0000427443],
    [22, 0.0000377695],
    [25, 0.0000351228],
    [30, 0.0000372144],
    [40, 0.000035856],
    [50, 0.0000328657],
    [60, 0.00003173],
    [70, 0.0000326271],
    [80, 0.0000346505],
    [100, 0.0000319197],
    [120, 0.0000290883],
    [140, 0.0000261245],
    [160, 0.0000235606]
  ]
}