{
  "reaction": {
    "lhs": [
      { "state": { "particle": "e", "charge": -1 }, "count": 1 },
      {
        "state": {
          "particle": "H2",
          "charge": 0,
          "descriptor": { "type": 1, "accuracy": 2, "e": "X", "Lambda": 0, "S": 0, "parity": "g", "v": 3 }
        },
        "count": 1
      }
    ],
    "rhs": [
      { "state": { "particle": "e", "charge": -1 }, "count": 1 },
      {
        "state": {
          "particle": "H2",
          "charge": 0,
          "descriptor": { "type": 1, "accuracy": 2, "e": "B", "Lambda": 0, "S": 0, "parity": "u", "v": 8 }
        },
        "count": 1
      }
    ],
    "type_tags": ["Electronic", "Vibrational"],
    "reversible": false
  },
  "threshold": 10.9122,
  "data": [
    [10.9122, 0],
    [11, 0.00010481],
    [12, 0.000832453],
    [13, 0.00148845],
    [14, 0.00206456],
    [15, 0.00256626],
    [16, 0.00299586],
    [17, 0.00340479],
    [18, 0.00383606],
    [19, 0.00425922],
    [20, 0.00461201],
    [22, 0.00510314],
    [25, 0.00567169],
    [30, 0.00621889],
    [40, 0.00680085],
    [50, 0.00682544],
    [60, 0.00676267],
    [70, 0.00668446],
    [80, 0.00657071],
    [100, 0.00619039],
    [120, 0.00570978],
    [140, 0.0052558],
    [160, 0.0048508]
  ]
}