{
  "reaction": {
    "lhs": [
      { "state": { "particle": "e", "charge": -1 }, "count": 1 },
      {
        "state": {
          "particle": "H2",
          "charge": 0,
          "descriptor": { "type": 1, "accuracy": 2, "e": "X", "Lambda": 0, "S": 0, "parity": "g", "v": 3 }
        },
        "count": 1
      }
    ],
    "rhs": [
      { "state": { "particle": "e", "charge": -1 }, "count": 1 },
      {
        "state": {
          "particle": "H2",
          "charge": 0,
          "descriptor": {
            "type": 1,
            "accuracy": 2,
            "e": "c",
            "Lambda": 1,
            "S": 1,
            "parity": "u",
            "v": 13
          }
        },
        "count": 1
      }
    ],
    "type_tags": ["Electronic", "Vibrational"],
    "reversible": false
  },
  "threshold": 12.9486,
  "data": [
    [12.9486, 0],
    [13, 0.00175423],
    [14, 0.00469752],
    [15, 0.00597446],
    [16, 0.00572466],
    [17, 0.00535706],
    [18, 0.00517262],
    [19, 0.00503691],
    [20, 0.00486954],
    [22, 0.00439397],
    [25, 0.00355794],
    [30, 0.00229452],
    [40, 0.00105485],
    [50, 0.000583142],
    [60, 0.000403108],
    [70, 0.000295069],
    [80, 0.000257162],
    [100, 0.00014292],
    [120, 0.000075797],
    [140, 0.0000544987],
    [160, 0.0000382566]
  ]
}