{
  "reaction": {
    "lhs": [
      { "state": { "particle": "e", "charge": -1 }, "count": 1 },
      {
        "state": {
          "particle": "H2",
          "charge": 0,
          "descriptor": { "type": 1, "accuracy": 2, "e": "X", "Lambda": 0, "S": 0, "parity": "g", "v": 3 }
        },
        "count": 1
      }
    ],
    "rhs": [
      { "state": { "particle": "e", "charge": -1 }, "count": 1 },
      {
        "state": {
          "particle": "H2",
          "charge": 0,
          "descriptor": {
            "type": 1,
            "accuracy": 2,
            "e": "J",
            "Lambda": 2,
            "S": 0,
            "parity": "g",
            "v": 13
          }
        },
        "count": 1
      }
    ],
    "type_tags": ["Electronic", "Vibrational"],
    "reversible": false
  },
  "threshold": 14.8846,
  "data": [
    [14.8846, 0],
    [15, 0.0000292235],
    [16, 0.0000104588],
    [17, 0.0000618286],
    [18, 0.0000757024],
    [19, 0.0000751972],
    [20, 0.0000739651],
    [22, 0.0000761866],
    [25, 0.0000853381],
    [30, 0.0000820913],
    [40, 0.0000662665],
    [50, 0.0000515403],
    [60, 0.0000460225],
    [70, 0.0000430572],
    [80, 0.0000385407],
    [100, 0.0000314003],
    [120, 0.0000272817],
    [140, 0.0000233788],
    [160, 0.0000204864]
  ]
}