{
  "reaction": {
    "lhs": [
      { "state": { "particle": "e", "charge": -1 }, "count": 1 },
      {
        "state": {
          "particle": "H2",
          "charge": 0,
          "descriptor": { "type": 1, "accuracy": 2, "e": "X", "Lambda": 0, "S": 0, "parity": "g", "v": 3 }
        },
        "count": 1
      }
    ],
    "rhs": [
      { "state": { "particle": "e", "charge": -1 }, "count": 1 },
      {
        "state": {
          "particle": "H2",
          "charge": 0,
          "descriptor": {
            "type": 1,
            "accuracy": 2,
            "e": "H",
            "Lambda": 0,
            "S": 0,
            "parity": "g",
            "v": 19
          }
        },
        "count": 1
      }
    ],
    "type_tags": ["Electronic", "Vibrational"],
    "reversible": false
  },
  "threshold": 14.1778,
  "data": [
    [14.1778, 0],
    [15, 0.000635094],
    [16, 0.000918837],
    [17, 0.000938384],
    [18, 0.000876435],
    [19, 0.000847622],
    [20, 0.000849993],
    [22, 0.0008419],
    [25, 0.000826696],
    [30, 0.000817361],
    [40, 0.000793654],
    [50, 0.000763261],
    [60, 0.00074112],
    [70, 0.000741568],
    [80, 0.00075714],
    [100, 0.000669442],
    [120, 0.000630574],
    [140, 0.000582304],
    [160, 0.000532319]
  ]
}