{
  "reaction": {
    "lhs": [
      { "state": { "particle": "e", "charge": -1 }, "count": 1 },
      {
        "state": {
          "particle": "H2",
          "charge": 0,
          "descriptor": { "type": 1, "accuracy": 2, "e": "X", "Lambda": 0, "S": 0, "parity": "g", "v": 3 }
        },
        "count": 1
      }
    ],
    "rhs": [
      { "state": { "particle": "e", "charge": -1 }, "count": 1 },
      {
        "state": {
          "particle": "H2",
          "charge": 0,
          "descriptor": { "type": 1, "accuracy": 2, "e": "H", "Lambda": 0, "S": 0, "parity": "g", "v": 6 }
        },
        "count": 1
      }
    ],
    "type_tags": ["Electronic", "Vibrational"],
    "reversible": false
  },
  "threshold": 13.7788,
  "data": [
    [13.7788, 0],
    [14, 5.68695e-20],
    [15, 7.66783e-20],
    [16, 9.72136e-20],
    [17, 1.12034e-19],
    [18, 1.21223e-19],
    [19, 1.26018e-19],
    [20, 1.28806e-19],
    [22, 1.37397e-19],
    [25, 1.44909e-19],
    [30, 1.45036e-19],
    [40, 1.48062e-19],
    [50, 1.4725e-19],
    [60, 1.40508e-19],
    [70, 1.31485e-19],
    [80, 1.23046e-19],
    [100, 1.07567e-19],
    [120, 9.40607e-20],
    [140, 8.24131e-20],
    [160, 7.11033e-20]
  ]
}