{
  "reaction": {
    "lhs": [
      { "state": { "particle": "e", "charge": -1 }, "count": 1 },
      {
        "state": {
          "particle": "H2",
          "charge": 0,
          "descriptor": { "type": 1, "accuracy": 2, "e": "X", "Lambda": 0, "S": 0, "parity": "g", "v": 3 }
        },
        "count": 1
      }
    ],
    "rhs": [
      { "state": { "particle": "e", "charge": -1 }, "count": 1 },
      {
        "state": {
          "particle": "H2",
          "charge": 0,
          "descriptor": {
            "type": 1,
            "accuracy": 2,
            "e": "c",
            "Lambda": 1,
            "S": 1,
            "parity": "u",
            "v": 12
          }
        },
        "count": 1
      }
    ],
    "type_tags": ["Electronic", "Vibrational"],
    "reversible": false
  },
  "threshold": 12.8363,
  "data": [
    [12.8363, 0],
    [13, 0.00300964],
    [14, 0.00455814],
    [15, 0.0050885],
    [16, 0.00497417],
    [17, 0.004789],
    [18, 0.00466212],
    [19, 0.00454061],
    [20, 0.00438816],
    [22, 0.00397691],
    [25, 0.00324456],
    [30, 0.00212358],
    [40, 0.000968378],
    [50, 0.000538509],
    [60, 0.00037934],
    [70, 0.000275267],
    [80, 0.000234534],
    [100, 0.000129384],
    [120, 0.0000699072],
    [140, 0.0000502587],
    [160, 0.0000352798]
  ]
}