{
  "reaction": {
    "lhs": [
      { "state": { "particle": "e", "charge": -1 }, "count": 1 },
      {
        "state": {
          "particle": "H2",
          "charge": 0,
          "descriptor": { "type": 1, "accuracy": 2, "e": "X", "Lambda": 0, "S": 0, "parity": "g", "v": 3 }
        },
        "count": 1
      }
    ],
    "rhs": [
      { "state": { "particle": "e", "charge": -1 }, "count": 1 },
      {
        "state": {
          "particle": "H2",
          "charge": 0,
          "descriptor": {
            "type": 1,
            "accuracy": 2,
            "e": "B",
            "Lambda": 0,
            "S": 0,
            "parity": "u",
            "v": 25
          }
        },
        "count": 1
      }
    ],
    "type_tags": ["Electronic", "Vibrational"],
    "reversible": false
  },
  "threshold": 12.659,
  "data": [
    [12.659, 0],
    [13, 0.00018771],
    [14, 0.000476331],
    [15, 0.000726517],
    [16, 0.000942548],
    [17, 0.00112197],
    [18, 0.00127049],
    [19, 0.00140885],
    [20, 0.00154876],
    [22, 0.0018065],
    [25, 0.00207153],
    [30, 0.00236403],
    [40, 0.00262014],
    [50, 0.00266964],
    [60, 0.00266403],
    [70, 0.00263357],
    [80, 0.00258487],
    [100, 0.00243881],
    [120, 0.00226266],
    [140, 0.00209488],
    [160, 0.00194247]
  ]
}