{
  "reaction": {
    "lhs": [
      { "state": { "particle": "e", "charge": -1 }, "count": 1 },
      {
        "state": {
          "particle": "H2",
          "charge": 0,
          "descriptor": { "type": 1, "accuracy": 2, "e": "X", "Lambda": 0, "S": 0, "parity": "g", "v": 3 }
        },
        "count": 1
      }
    ],
    "rhs": [
      { "state": { "particle": "e", "charge": -1 }, "count": 1 },
      {
        "state": {
          "particle": "H2",
          "charge": 0,
          "descriptor": { "type": 1, "accuracy": 2, "e": "D", "Lambda": 1, "S": 0, "parity": "u", "v": 5 }
        },
        "count": 1
      }
    ],
    "type_tags": ["Electronic", "Vibrational"],
    "reversible": false
  },
  "threshold": 13.7631,
  "data": [
    [13.7631, 0],
    [14, 0.00122116],
    [15, 0.00315855],
    [16, 0.00435355],
    [17, 0.00505233],
    [18, 0.00571385],
    [19, 0.0065221],
    [20, 0.00742736],
    [22, 0.00913071],
    [25, 0.0110443],
    [30, 0.0133979],
    [40, 0.0166567],
    [50, 0.018628],
    [60, 0.019857],
    [70, 0.020305],
    [80, 0.020241],
    [100, 0.0196085],
    [120, 0.0186235],
    [140, 0.0176461],
    [160, 0.0167551]
  ]
}