{
  "reaction": {
    "lhs": [
      { "state": { "particle": "e", "charge": -1 }, "count": 1 },
      {
        "state": {
          "particle": "H2",
          "charge": 0,
          "descriptor": { "type": 1, "accuracy": 2, "e": "X", "Lambda": 0, "S": 0, "parity": "g", "v": 3 }
        },
        "count": 1
      }
    ],
    "rhs": [
      { "state": { "particle": "e", "charge": -1 }, "count": 1 },
      {
        "state": {
          "particle": "H2",
          "charge": 0,
          "descriptor": {
            "type": 1,
            "accuracy": 2,
            "e": "c",
            "Lambda": 1,
            "S": 1,
            "parity": "u",
            "v": 17
          }
        },
        "count": 1
      }
    ],
    "type_tags": ["Electronic", "Vibrational"],
    "reversible": false
  },
  "threshold": 13.1988,
  "data": [
    [13.1988, 0],
    [14, 0.00204554],
    [15, 0.00301996],
    [16, 0.00282679],
    [17, 0.002562],
    [18, 0.00247301],
    [19, 0.00244117],
    [20, 0.0023894],
    [22, 0.00219138],
    [25, 0.00183378],
    [30, 0.00121599],
    [40, 0.000143254],
    [50, 0.0000647436],
    [60, 0.0000518239],
    [70, 0.0000437114],
    [80, 0.000034852],
    [100, 0.0000196287],
    [120, 0.0000101306],
    [140, 0.00000728515],
    [160, 0.00000511432]
  ]
}