{
  "reaction": {
    "lhs": [
      { "state": { "particle": "e", "charge": -1 }, "count": 1 },
      {
        "state": {
          "particle": "H2",
          "charge": 0,
          "descriptor": { "type": 1, "accuracy": 2, "e": "X", "Lambda": 0, "S": 0, "parity": "g", "v": 3 }
        },
        "count": 1
      }
    ],
    "rhs": [
      { "state": { "particle": "e", "charge": -1 }, "count": 1 },
      {
        "state": {
          "particle": "H2",
          "charge": 0,
          "descriptor": {
            "type": 1,
            "accuracy": 2,
            "e": "H",
            "Lambda": 0,
            "S": 0,
            "parity": "g",
            "v": 39
          }
        },
        "count": 1
      }
    ],
    "type_tags": ["Electronic", "Vibrational"],
    "reversible": false
  },
  "threshold": 14.6841,
  "data": [
    [14.6841, 0],
    [15, 0.00000768528],
    [16, 0.00000930259],
    [17, 0.00000620949],
    [18, 0.00000248129],
    [19, 3.20142e-7],
    [20, 1.33798e-7],
    [22, 4.09309e-8],
    [25, 7.95359e-8],
    [30, 1.39811e-8],
    [40, 6.1812e-8],
    [50, 1.24997e-7],
    [60, 6.92787e-8],
    [70, 4.00801e-9],
    [80, 1.09015e-9],
    [100, 1.77795e-9],
    [120, 1.46549e-8],
    [140, 4.97742e-8],
    [160, 7.43748e-8]
  ]
}