{
  "reaction": {
    "lhs": [
      { "state": { "particle": "e", "charge": -1 }, "count": 1 },
      {
        "state": {
          "particle": "H2",
          "charge": 0,
          "descriptor": { "type": 1, "accuracy": 2, "e": "X", "Lambda": 0, "S": 0, "parity": "g", "v": 3 }
        },
        "count": 1
      }
    ],
    "rhs": [
      { "state": { "particle": "e", "charge": -1 }, "count": 1 },
      {
        "state": {
          "particle": "H2",
          "charge": 0,
          "descriptor": { "type": 1, "accuracy": 2, "e": "d", "Lambda": 1, "S": 1, "parity": "u", "v": 7 }
        },
        "count": 1
      }
    ],
    "type_tags": ["Electronic", "Vibrational"],
    "reversible": false
  },
  "threshold": 14.029,
  "data": [
    [14.029, 0],
    [15, 0.0020572],
    [16, 0.00284634],
    [17, 0.0029893],
    [18, 0.00293067],
    [19, 0.00279826],
    [20, 0.00265732],
    [22, 0.00238995],
    [25, 0.00194814],
    [30, 0.00129466],
    [40, 0.0006336],
    [50, 0.000368619],
    [60, 0.000259716],
    [70, 0.000199399],
    [80, 0.000183623],
    [100, 0.000109653],
    [120, 0.0000503986],
    [140, 0.0000361498],
    [160, 0.0000252636]
  ]
}