{
  "reaction": {
    "lhs": [
      { "state": { "particle": "e", "charge": -1 }, "count": 1 },
      {
        "state": {
          "particle": "H2",
          "charge": 0,
          "descriptor": { "type": 1, "accuracy": 2, "e": "X", "Lambda": 0, "S": 0, "parity": "g", "v": 3 }
        },
        "count": 1
      }
    ],
    "rhs": [
      { "state": { "particle": "e", "charge": -1 }, "count": 1 },
      {
        "state": {
          "particle": "H2",
          "charge": 0,
          "descriptor": {
            "type": 1,
            "accuracy": 2,
            "e": "d",
            "Lambda": 1,
            "S": 1,
            "parity": "u",
            "v": 11
          }
        },
        "count": 1
      }
    ],
    "type_tags": ["Electronic", "Vibrational"],
    "reversible": false
  },
  "threshold": 14.6512,
  "data": [
    [14.6512, 0],
    [15, 0.0000820775],
    [16, 0.0000883057],
    [17, 0.0000891958],
    [18, 0.0000885026],
    [19, 0.0000867528],
    [20, 0.0000844412],
    [22, 0.0000787939],
    [25, 0.0000684188],
    [30, 0.00005174],
    [40, 0.0000306404],
    [50, 0.0000193332],
    [60, 0.0000126883],
    [70, 0.00000928489],
    [80, 0.00000778713],
    [100, 0.00000431888],
    [120, 0.00000237341],
    [140, 0.00000170281],
    [160, 0.00000119199]
  ]
}