{
  "reaction": {
    "lhs": [
      { "state": { "particle": "e", "charge": -1 }, "count": 1 },
      {
        "state": {
          "particle": "H2",
          "charge": 0,
          "descriptor": { "type": 1, "accuracy": 2, "e": "X", "Lambda": 0, "S": 0, "parity": "g", "v": 3 }
        },
        "count": 1
      }
    ],
    "rhs": [
      { "state": { "particle": "e", "charge": -1 }, "count": 1 },
      {
        "state": {
          "particle": "H2",
          "charge": 0,
          "descriptor": {
            "type": 1,
            "accuracy": 2,
            "e": "Bp",
            "Lambda": 0,
            "S": 0,
            "parity": "u",
            "v": 4
          }
        },
        "count": 1
      }
    ],
    "type_tags": ["Electronic", "Vibrational"],
    "reversible": false
  },
  "threshold": 13.0342,
  "data": [
    [13.0342, 0],
    [14, 0.000690504],
    [15, 0.00107089],
    [16, 0.00134193],
    [17, 0.00157607],
    [18, 0.00182001],
    [19, 0.00206696],
    [20, 0.00227541],
    [22, 0.00253795],
    [25, 0.00281145],
    [30, 0.00313426],
    [40, 0.00348411],
    [50, 0.00361225],
    [60, 0.00364913],
    [70, 0.00364641],
    [80, 0.00361562],
    [100, 0.00347394],
    [120, 0.00317957],
    [140, 0.00289619],
    [160, 0.00266612]
  ]
}