{
  "reaction": {
    "lhs": [
      { "state": { "particle": "e", "charge": -1 }, "count": 1 },
      {
        "state": {
          "particle": "H2",
          "charge": 0,
          "descriptor": { "type": 1, "accuracy": 2, "e": "X", "Lambda": 0, "S": 0, "parity": "g", "v": 3 }
        },
        "count": 1
      }
    ],
    "rhs": [
      { "state": { "particle": "e", "charge": -1 }, "count": 1 },
      {
        "state": {
          "particle": "H2",
          "charge": 0,
          "descriptor": {
            "type": 1,
            "accuracy": 2,
            "e": "EF",
            "Lambda": 0,
            "S": 0,
            "parity": "g",
            "v": 2
          }
        },
        "count": 1
      }
    ],
    "type_tags": ["Electronic", "Vibrational"],
    "reversible": false
  },
  "threshold": 11.0083,
  "data": [
    [11.0083, 0],
    [12, 1.42598e-7],
    [13, 1.75951e-7],
    [14, 1.65083e-7],
    [15, 1.91889e-7],
    [16, 2.06433e-7],
    [17, 2.10997e-7],
    [18, 2.18603e-7],
    [19, 2.28223e-7],
    [20, 2.33689e-7],
    [22, 2.3321e-7],
    [25, 2.31356e-7],
    [30, 2.30709e-7],
    [40, 2.19563e-7],
    [50, 2.13665e-7],
    [60, 2.10901e-7],
    [70, 2.06085e-7],
    [80, 2.01279e-7],
    [100, 1.7957e-7],
    [120, 1.49977e-7],
    [140, 1.32189e-7],
    [160, 1.17605e-7]
  ]
}