{
  "reaction": {
    "lhs": [
      { "state": { "particle": "e", "charge": -1 }, "count": 1 },
      {
        "state": {
          "particle": "H2",
          "charge": 0,
          "descriptor": { "type": 1, "accuracy": 2, "e": "X", "Lambda": 0, "S": 0, "parity": "g", "v": 3 }
        },
        "count": 1
      }
    ],
    "rhs": [
      { "state": { "particle": "e", "charge": -1 }, "count": 1 },
      {
        "state": {
          "particle": "H2",
          "charge": 0,
          "descriptor": {
            "type": 1,
            "accuracy": 2,
            "e": "H",
            "Lambda": 0,
            "S": 0,
            "parity": "g",
            "v": 50
          }
        },
        "count": 1
      }
    ],
    "type_tags": ["Electronic", "Vibrational"],
    "reversible": false
  },
  "threshold": 14.9696,
  "data": [
    [14.9696, 0],
    [15, 0.00000455323],
    [16, 0.00000692896],
    [17, 0.0000128014],
    [18, 0.0000181381],
    [19, 0.0000200106],
    [20, 0.0000191237],
    [22, 0.0000155468],
    [25, 0.0000136392],
    [30, 0.0000161806],
    [40, 0.0000142076],
    [50, 0.0000121431],
    [60, 0.0000128139],
    [70, 0.0000143493],
    [80, 0.0000150799],
    [100, 0.000013291],
    [120, 0.0000118907],
    [140, 0.0000102923],
    [160, 0.00000905367]
  ]
}