{
  "reaction": {
    "lhs": [
      { "state": { "particle": "e", "charge": -1 }, "count": 1 },
      {
        "state": {
          "particle": "H2",
          "charge": 0,
          "descriptor": { "type": 1, "accuracy": 2, "e": "X", "Lambda": 0, "S": 0, "parity": "g", "v": 3 }
        },
        "count": 1
      }
    ],
    "rhs": [
      { "state": { "particle": "e", "charge": -1 }, "count": 1 },
      {
        "state": {
          "particle": "H2",
          "charge": 0,
          "descriptor": { "type": 1, "accuracy": 2, "e": "d", "Lambda": 1, "S": 1, "parity": "u", "v": 5 }
        },
        "count": 1
      }
    ],
    "type_tags": ["Electronic", "Vibrational"],
    "reversible": false
  },
  "threshold": 13.6339,
  "data": [
    [13.6339, 0],
    [14, 0.00666392],
    [15, 0.00700184],
    [16, 0.00653564],
    [17, 0.00590062],
    [18, 0.00569955],
    [19, 0.00564045],
    [20, 0.0055266],
    [22, 0.00503073],
    [25, 0.00409424],
    [30, 0.00263726],
    [40, 0.00119355],
    [50, 0.000721208],
    [60, 0.000584406],
    [70, 0.000453341],
    [80, 0.000381302],
    [100, 0.000210453],
    [120, 0.000107444],
    [140, 0.000077053],
    [160, 0.0000538504]
  ]
}