{
  "reaction": {
    "lhs": [
      { "state": { "particle": "e", "charge": -1 }, "count": 1 },
      {
        "state": {
          "particle": "H2",
          "charge": 0,
          "descriptor": { "type": 1, "accuracy": 2, "e": "X", "Lambda": 0, "S": 0, "parity": "g", "v": 3 }
        },
        "count": 1
      }
    ],
    "rhs": [
      { "state": { "particle": "e", "charge": -1 }, "count": 1 },
      {
        "state": {
          "particle": "H2",
          "charge": 0,
          "descriptor": {
            "type": 1,
            "accuracy": 2,
            "e": "EF",
            "Lambda": 0,
            "S": 0,
            "parity": "g",
            "v": 6
          }
        },
        "count": 1
      }
    ],
    "type_tags": ["Electronic", "Vibrational"],
    "reversible": false
  },
  "threshold": 11.3782,
  "data": [
    [11.3782, 0],
    [12, 0.00243266],
    [13, 0.00416696],
    [14, 0.00488436],
    [15, 0.00531461],
    [16, 0.00524226],
    [17, 0.00519657],
    [18, 0.00592882],
    [19, 0.00615165],
    [20, 0.00633916],
    [22, 0.00699072],
    [25, 0.00756654],
    [30, 0.00771741],
    [40, 0.00765599],
    [50, 0.00745048],
    [60, 0.00726221],
    [70, 0.00725162],
    [80, 0.00725024],
    [100, 0.00650963],
    [120, 0.0053478],
    [140, 0.00446202],
    [160, 0.00380563]
  ]
}