{
  "reaction": {
    "lhs": [
      { "state": { "particle": "e", "charge": -1 }, "count": 1 },
      {
        "state": {
          "particle": "H2",
          "charge": 0,
          "descriptor": { "type": 1, "accuracy": 2, "e": "X", "Lambda": 0, "S": 0, "parity": "g", "v": 3 }
        },
        "count": 1
      }
    ],
    "rhs": [
      { "state": { "particle": "e", "charge": -1 }, "count": 1 },
      {
        "state": {
          "particle": "H2",
          "charge": 0,
          "descriptor": { "type": 1, "accuracy": 2, "e": "H", "Lambda": 0, "S": 0, "parity": "g", "v": 1 }
        },
        "count": 1
      }
    ],
    "type_tags": ["Electronic", "Vibrational"],
    "reversible": false
  },
  "threshold": 12.8249,
  "data": [
    [12.8249, 0],
    [13, 0.00270995],
    [14, 0.00628129],
    [15, 0.00885287],
    [16, 0.00975467],
    [17, 0.00961671],
    [18, 0.00921665],
    [19, 0.0089457],
    [20, 0.00872263],
    [22, 0.008309],
    [25, 0.00818251],
    [30, 0.00851024],
    [40, 0.00732709],
    [50, 0.00679045],
    [60, 0.00718254],
    [70, 0.00744859],
    [80, 0.00694554],
    [100, 0.00598529],
    [120, 0.00512996],
    [140, 0.00454722],
    [160, 0.00414476]
  ]
}