{
  "reaction": {
    "lhs": [
      { "state": { "particle": "e", "charge": -1 }, "count": 1 },
      {
        "state": {
          "particle": "H2",
          "charge": 0,
          "descriptor": { "type": 1, "accuracy": 2, "e": "X", "Lambda": 0, "S": 0, "parity": "g", "v": 3 }
        },
        "count": 1
      }
    ],
    "rhs": [
      { "state": { "particle": "e", "charge": -1 }, "count": 1 },
      {
        "state": {
          "particle": "H2",
          "charge": 0,
          "descriptor": {
            "type": 1,
            "accuracy": 2,
            "e": "j",
            "Lambda": 2,
            "S": 1,
            "parity": "g",
            "v": 17
          }
        },
        "count": 1
      }
    ],
    "type_tags": ["Electronic", "Vibrational"],
    "reversible": false
  },
  "threshold": 15.1065,
  "data": [
    [15.1065, 0],
    [16, 0.00000517742],
    [17, 0.00000878312],
    [18, 0.00000873982],
    [19, 0.0000085935],
    [20, 0.00000831949],
    [22, 0.0000074305],
    [25, 0.00000564064],
    [30, 0.0000029436],
    [40, 0.00000125261],
    [50, 0.0000010156],
    [60, 9.71336e-7],
    [70, 7.72626e-7],
    [80, 5.16263e-7],
    [100, 3.1345e-7],
    [120, 2.24209e-7],
    [140, 1.5978e-7],
    [160, 1.11517e-7]
  ]
}