{
  "reaction": {
    "lhs": [
      { "state": { "particle": "e", "charge": -1 }, "count": 1 },
      {
        "state": {
          "particle": "H2",
          "charge": 0,
          "descriptor": { "type": 1, "accuracy": 2, "e": "X", "Lambda": 0, "S": 0, "parity": "g", "v": 3 }
        },
        "count": 1
      }
    ],
    "rhs": [
      { "state": { "particle": "e", "charge": -1 }, "count": 1 },
      {
        "state": {
          "particle": "H2",
          "charge": 0,
          "descriptor": { "type": 1, "accuracy": 2, "e": "C", "Lambda": 1, "S": 0, "parity": "u", "v": 3 }
        },
        "count": 1
      }
    ],
    "type_tags": ["Electronic", "Vibrational"],
    "reversible": false
  },
  "threshold": 11.6388,
  "data": [
    [11.6388, 0],
    [12, 0.000338812],
    [13, 0.0010104],
    [14, 0.00144995],
    [15, 0.00173946],
    [16, 0.00200737],
    [17, 0.00228455],
    [18, 0.00256165],
    [19, 0.00282131],
    [20, 0.00305992],
    [22, 0.00349002],
    [25, 0.00401087],
    [30, 0.00457516],
    [40, 0.00543532],
    [50, 0.00583728],
    [60, 0.00599526],
    [70, 0.00603359],
    [80, 0.00597098],
    [100, 0.00569244],
    [120, 0.00533001],
    [140, 0.00499071],
    [160, 0.00469282]
  ]
}