{
  "reaction": {
    "lhs": [
      { "state": { "particle": "e", "charge": -1 }, "count": 1 },
      {
        "state": {
          "particle": "H2",
          "charge": 0,
          "descriptor": { "type": 1, "accuracy": 2, "e": "X", "Lambda": 0, "S": 0, "parity": "g", "v": 3 }
        },
        "count": 1
      }
    ],
    "rhs": [
      { "state": { "particle": "e", "charge": -1 }, "count": 1 },
      {
        "state": {
          "particle": "H2",
          "charge": 0,
          "descriptor": { "type": 1, "accuracy": 2, "e": "B", "Lambda": 0, "S": 0, "parity": "u", "v": 2 }
        },
        "count": 1
      }
    ],
    "type_tags": ["Electronic", "Vibrational"],
    "reversible": false
  },
  "threshold": 10.0444,
  "data": [
    [10.0444, 0],
    [11, 0.00671695],
    [12, 0.010693],
    [13, 0.0134739],
    [14, 0.0159568],
    [15, 0.0184034],
    [16, 0.020737],
    [17, 0.0230474],
    [18, 0.0254412],
    [19, 0.0277388],
    [20, 0.0296164],
    [22, 0.0320376],
    [25, 0.034203],
    [30, 0.0362644],
    [40, 0.0381062],
    [50, 0.0376074],
    [60, 0.0368156],
    [70, 0.036009],
    [80, 0.0351225],
    [100, 0.0327089],
    [120, 0.0299044],
    [140, 0.0273251],
    [160, 0.0250698]
  ]
}