{
  "reaction": {
    "lhs": [
      { "state": { "particle": "e", "charge": -1 }, "count": 1 },
      {
        "state": {
          "particle": "H2",
          "charge": 0,
          "descriptor": { "type": 1, "accuracy": 2, "e": "X", "Lambda": 0, "S": 0, "parity": "g", "v": 3 }
        },
        "count": 1
      }
    ],
    "rhs": [
      { "state": { "particle": "e", "charge": -1 }, "count": 1 },
      {
        "state": {
          "particle": "H2",
          "charge": 0,
          "descriptor": {
            "type": 1,
            "accuracy": 2,
            "e": "H",
            "Lambda": 0,
            "S": 0,
            "parity": "g",
            "v": 61
          }
        },
        "count": 1
      }
    ],
    "type_tags": ["Electronic", "Vibrational"],
    "reversible": false
  },
  "threshold": 15.1041,
  "data": [
    [15.1041, 0],
    [16, 0.0000167855],
    [17, 0.0000288992],
    [18, 0.0000376816],
    [19, 0.000039819],
    [20, 0.0000379416],
    [22, 0.0000328846],
    [25, 0.000030092],
    [30, 0.000032765],
    [40, 0.0000308393],
    [50, 0.0000277822],
    [60, 0.0000273679],
    [70, 0.0000287602],
    [80, 0.0000304931],
    [100, 0.0000277227],
    [120, 0.0000251752],
    [140, 0.0000224207],
    [160, 0.0000200989]
  ]
}