{
  "reaction": {
    "lhs": [
      { "state": { "particle": "e", "charge": -1 }, "count": 1 },
      {
        "state": {
          "particle": "H2",
          "charge": 0,
          "descriptor": { "type": 1, "accuracy": 2, "e": "X", "Lambda": 0, "S": 0, "parity": "g", "v": 3 }
        },
        "count": 1
      }
    ],
    "rhs": [
      { "state": { "particle": "e", "charge": -1 }, "count": 1 },
      {
        "state": {
          "particle": "H2",
          "charge": 0,
          "descriptor": {
            "type": 1,
            "accuracy": 2,
            "e": "g",
            "Lambda": 0,
            "S": 1,
            "parity": "g",
            "v": 18
          }
        },
        "count": 1
      }
    ],
    "type_tags": ["Electronic", "Vibrational"],
    "reversible": false
  },
  "threshold": 15.1067,
  "data": [
    [15.1067, 0],
    [16, 0.00000609094],
    [17, 0.0000103341],
    [18, 0.00000997841],
    [19, 0.0000092131],
    [20, 0.00000849083],
    [22, 0.00000738565],
    [25, 0.00000578072],
    [30, 0.00000363789],
    [40, 0.00000203194],
    [50, 0.00000143475],
    [60, 0.00000116384],
    [70, 7.99741e-7],
    [80, 5.62242e-7],
    [100, 4.35651e-7],
    [120, 4.08709e-7],
    [140, 3.76163e-7],
    [160, 3.37626e-7]
  ]
}