{
  "reaction": {
    "lhs": [
      { "state": { "particle": "e", "charge": -1 }, "count": 1 },
      {
        "state": {
          "particle": "H2",
          "charge": 0,
          "descriptor": { "type": 1, "accuracy": 2, "e": "X", "Lambda": 0, "S": 0, "parity": "g", "v": 3 }
        },
        "count": 1
      }
    ],
    "rhs": [
      { "state": { "particle": "e", "charge": -1 }, "count": 1 },
      {
        "state": {
          "particle": "H2",
          "charge": 0,
          "descriptor": {
            "type": 1,
            "accuracy": 2,
            "e": "H",
            "Lambda": 0,
            "S": 0,
            "parity": "g",
            "v": 37
          }
        },
        "count": 1
      }
    ],
    "type_tags": ["Electronic", "Vibrational"],
    "reversible": false
  },
  "threshold": 14.6305,
  "data": [
    [14.6305, 0],
    [15, 0.0000109959],
    [16, 0.0000142355],
    [17, 0.0000101023],
    [18, 0.00000404935],
    [19, 0.00000103693],
    [20, 1.75315e-7],
    [22, 0.00000102165],
    [25, 0.0000018013],
    [30, 0.00000102382],
    [40, 0.00000158371],
    [50, 0.0000019212],
    [60, 0.00000134739],
    [70, 8.13991e-7],
    [80, 9.05831e-7],
    [100, 9.52875e-7],
    [120, 0.00000104979],
    [140, 0.00000118235],
    [160, 0.00000120185]
  ]
}