{
  "reaction": {
    "lhs": [
      { "state": { "particle": "e", "charge": -1 }, "count": 1 },
      {
        "state": {
          "particle": "H2",
          "charge": 0,
          "descriptor": { "type": 1, "accuracy": 2, "e": "X", "Lambda": 0, "S": 0, "parity": "g", "v": 3 }
        },
        "count": 1
      }
    ],
    "rhs": [
      { "state": { "particle": "e", "charge": -1 }, "count": 1 },
      {
        "state": {
          "particle": "H2",
          "charge": 0,
          "descriptor": { "type": 1, "accuracy": 2, "e": "B", "Lambda": 0, "S": 0, "parity": "u", "v": 5 }
        },
        "count": 1
      }
    ],
    "type_tags": ["Electronic", "Vibrational"],
    "reversible": false
  },
  "threshold": 10.4966,
  "data": [
    [10.4966, 0],
    [11, 0.0185795],
    [12, 0.0396665],
    [13, 0.0549858],
    [14, 0.0657361],
    [15, 0.0747469],
    [16, 0.0835438],
    [17, 0.0924344],
    [18, 0.101365],
    [19, 0.109928],
    [20, 0.117449],
    [22, 0.128412],
    [25, 0.138374],
    [30, 0.14811],
    [40, 0.157255],
    [50, 0.156706],
    [60, 0.1541],
    [70, 0.150897],
    [80, 0.147038],
    [100, 0.137113],
    [120, 0.125996],
    [140, 0.115707],
    [160, 0.106578]
  ]
}