{
  "reaction": {
    "lhs": [
      { "state": { "particle": "e", "charge": -1 }, "count": 1 },
      {
        "state": {
          "particle": "H2",
          "charge": 0,
          "descriptor": { "type": 1, "accuracy": 2, "e": "X", "Lambda": 0, "S": 0, "parity": "g", "v": 3 }
        },
        "count": 1
      }
    ],
    "rhs": [
      { "state": { "particle": "e", "charge": -1 }, "count": 1 },
      {
        "state": {
          "particle": "H2",
          "charge": 0,
          "descriptor": {
            "type": 1,
            "accuracy": 2,
            "e": "J",
            "Lambda": 2,
            "S": 0,
            "parity": "g",
            "v": 11
          }
        },
        "count": 1
      }
    ],
    "type_tags": ["Electronic", "Vibrational"],
    "reversible": false
  },
  "threshold": 14.687,
  "data": [
    [14.687, 0],
    [15, 0.00000547161],
    [16, 9.50339e-7],
    [17, 0.0000203479],
    [18, 0.0000254942],
    [19, 0.0000240258],
    [20, 0.0000212327],
    [22, 0.0000196169],
    [25, 0.000024871],
    [30, 0.0000202805],
    [40, 0.0000163993],
    [50, 0.000010416],
    [60, 0.00000969204],
    [70, 0.00000958777],
    [80, 0.00000962345],
    [100, 0.000007407],
    [120, 0.00000708592],
    [140, 0.00000601398],
    [160, 0.00000522967]
  ]
}