{
  "reaction": {
    "lhs": [
      { "state": { "particle": "e", "charge": -1 }, "count": 1 },
      {
        "state": {
          "particle": "H2",
          "charge": 0,
          "descriptor": { "type": 1, "accuracy": 2, "e": "X", "Lambda": 0, "S": 0, "parity": "g", "v": 3 }
        },
        "count": 1
      }
    ],
    "rhs": [
      { "state": { "particle": "e", "charge": -1 }, "count": 1 },
      {
        "state": {
          "particle": "H2",
          "charge": 0,
          "descriptor": {
            "type": 1,
            "accuracy": 2,
            "e": "g",
            "Lambda": 0,
            "S": 1,
            "parity": "g",
            "v": 17
          }
        },
        "count": 1
      }
    ],
    "type_tags": ["Electronic", "Vibrational"],
    "reversible": false
  },
  "threshold": 15.0939,
  "data": [
    [15.0939, 0],
    [16, 0.0000186525],
    [17, 0.0000314057],
    [18, 0.0000300537],
    [19, 0.0000271985],
    [20, 0.0000246417],
    [22, 0.0000212115],
    [25, 0.0000167446],
    [30, 0.0000110457],
    [40, 0.0000060843],
    [50, 0.00000429402],
    [60, 0.00000351537],
    [70, 0.00000240867],
    [80, 0.00000168565],
    [100, 0.00000131658],
    [120, 0.00000123929],
    [140, 0.0000011464],
    [160, 0.00000103263]
  ]
}