{
  "reaction": {
    "lhs": [
      { "state": { "particle": "e", "charge": -1 }, "count": 1 },
      {
        "state": {
          "particle": "H2",
          "charge": 0,
          "descriptor": { "type": 1, "accuracy": 2, "e": "X", "Lambda": 0, "S": 0, "parity": "g", "v": 3 }
        },
        "count": 1
      }
    ],
    "rhs": [
      { "state": { "particle": "e", "charge": -1 }, "count": 1 },
      {
        "state": {
          "particle": "H2",
          "charge": 0,
          "descriptor": {
            "type": 1,
            "accuracy": 2,
            "e": "a",
            "Lambda": 0,
            "S": 1,
            "parity": "g",
            "v": 17
          }
        },
        "count": 1
      }
    ],
    "type_tags": ["Electronic", "Vibrational"],
    "reversible": false
  },
  "threshold": 13.212,
  "data": [
    [13.212, 0],
    [14, 0.000472134],
    [15, 0.000468533],
    [16, 0.000420377],
    [17, 0.000334382],
    [18, 0.00028027],
    [19, 0.000262523],
    [20, 0.000238624],
    [22, 0.000172455],
    [25, 0.000119335],
    [30, 0.0000773798],
    [40, 0.00003436],
    [50, 0.0000182586],
    [60, 0.0000132889],
    [70, 0.0000108028],
    [80, 0.0000102482],
    [100, 0.00000787669],
    [120, 0.00000540899],
    [140, 0.00000410772],
    [160, 0.00000314879]
  ]
}