{
  "reaction": {
    "lhs": [
      { "state": { "particle": "e", "charge": -1 }, "count": 1 },
      {
        "state": {
          "particle": "H2",
          "charge": 0,
          "descriptor": { "type": 1, "accuracy": 2, "e": "X", "Lambda": 0, "S": 0, "parity": "g", "v": 3 }
        },
        "count": 1
      }
    ],
    "rhs": [
      { "state": { "particle": "e", "charge": -1 }, "count": 1 },
      {
        "state": {
          "particle": "H2",
          "charge": 0,
          "descriptor": { "type": 1, "accuracy": 2, "e": "H", "Lambda": 0, "S": 0, "parity": "g", "v": 5 }
        },
        "count": 1
      }
    ],
    "type_tags": ["Electronic", "Vibrational"],
    "reversible": false
  },
  "threshold": 13.6795,
  "data": [
    [13.6795, 0],
    [14, 0.000897804],
    [15, 0.00172731],
    [16, 0.00224954],
    [17, 0.00232064],
    [18, 0.00227014],
    [19, 0.00226529],
    [20, 0.0022834],
    [22, 0.00222959],
    [25, 0.00217021],
    [30, 0.0021719],
    [40, 0.00200386],
    [50, 0.0019434],
    [60, 0.00200335],
    [70, 0.00203962],
    [80, 0.00195499],
    [100, 0.00170313],
    [120, 0.00154767],
    [140, 0.00140367],
    [160, 0.00128296]
  ]
}