{
  "reaction": {
    "lhs": [
      { "state": { "particle": "e", "charge": -1 }, "count": 1 },
      {
        "state": {
          "particle": "H2",
          "charge": 0,
          "descriptor": { "type": 1, "accuracy": 2, "e": "X", "Lambda": 0, "S": 0, "parity": "g", "v": 3 }
        },
        "count": 1
      }
    ],
    "rhs": [
      { "state": { "particle": "e", "charge": -1 }, "count": 1 },
      {
        "state": {
          "particle": "H2",
          "charge": 0,
          "descriptor": {
            "type": 1,
            "accuracy": 2,
            "e": "H",
            "Lambda": 0,
            "S": 0,
            "parity": "g",
            "v": 34
          }
        },
        "count": 1
      }
    ],
    "type_tags": ["Electronic", "Vibrational"],
    "reversible": false
  },
  "threshold": 14.5519,
  "data": [
    [14.5519, 0],
    [15, 0.0000186356],
    [16, 0.0000258212],
    [17, 0.0000203267],
    [18, 0.0000118284],
    [19, 0.00000711003],
    [20, 0.00000610172],
    [22, 0.00000785858],
    [25, 0.00000908628],
    [30, 0.00000727346],
    [40, 0.00000848113],
    [50, 0.00000897097],
    [60, 0.00000743434],
    [70, 0.00000622158],
    [80, 0.00000664599],
    [100, 0.00000629274],
    [120, 0.00000628116],
    [140, 0.00000626037],
    [160, 0.00000596759]
  ]
}