{
  "reaction": {
    "lhs": [
      { "state": { "particle": "e", "charge": -1 }, "count": 1 },
      {
        "state": {
          "particle": "H2",
          "charge": 0,
          "descriptor": { "type": 1, "accuracy": 2, "e": "X", "Lambda": 0, "S": 0, "parity": "g", "v": 3 }
        },
        "count": 1
      }
    ],
    "rhs": [
      { "state": { "particle": "e", "charge": -1 }, "count": 1 },
      {
        "state": {
          "particle": "H2",
          "charge": 0,
          "descriptor": {
            "type": 1,
            "accuracy": 2,
            "e": "B",
            "Lambda": 0,
            "S": 0,
            "parity": "u",
            "v": 23
          }
        },
        "count": 1
      }
    ],
    "type_tags": ["Electronic", "Vibrational"],
    "reversible": false
  },
  "threshold": 12.5022,
  "data": [
    [12.5022, 0],
    [13, 0.0000445307],
    [14, 0.0000961234],
    [15, 0.000144884],
    [16, 0.000194119],
    [17, 0.00023663],
    [18, 0.000268045],
    [19, 0.000295489],
    [20, 0.000325736],
    [22, 0.000385101],
    [25, 0.000433849],
    [30, 0.000479756],
    [40, 0.000501904],
    [50, 0.000489999],
    [60, 0.000478073],
    [70, 0.000469459],
    [80, 0.000460485],
    [100, 0.000429386],
    [120, 0.000389608],
    [140, 0.000353268],
    [160, 0.000322323]
  ]
}