{
  "reaction": {
    "lhs": [
      { "state": { "particle": "e", "charge": -1 }, "count": 1 },
      {
        "state": {
          "particle": "H2",
          "charge": 0,
          "descriptor": { "type": 1, "accuracy": 2, "e": "X", "Lambda": 0, "S": 0, "parity": "g", "v": 3 }
        },
        "count": 1
      }
    ],
    "rhs": [
      { "state": { "particle": "e", "charge": -1 }, "count": 1 },
      {
        "state": {
          "particle": "H2",
          "charge": 0,
          "descriptor": {
            "type": 1,
            "accuracy": 2,
            "e": "H",
            "Lambda": 0,
            "S": 0,
            "parity": "g",
            "v": 29
          }
        },
        "count": 1
      }
    ],
    "type_tags": ["Electronic", "Vibrational"],
    "reversible": false
  },
  "threshold": 14.4258,
  "data": [
    [14.4258, 0],
    [15, 0.0000409752],
    [16, 0.000059755],
    [17, 0.0000541407],
    [18, 0.0000419067],
    [19, 0.0000351224],
    [20, 0.0000340109],
    [22, 0.0000364175],
    [25, 0.0000376569],
    [30, 0.0000345536],
    [40, 0.0000360142],
    [50, 0.0000357732],
    [60, 0.0000323993],
    [70, 0.0000304158],
    [80, 0.0000318577],
    [100, 0.0000289548],
    [120, 0.0000278903],
    [140, 0.0000264873],
    [160, 0.0000245754]
  ]
}