{
  "reaction": {
    "lhs": [
      { "state": { "particle": "e", "charge": -1 }, "count": 1 },
      {
        "state": {
          "particle": "H2",
          "charge": 0,
          "descriptor": { "type": 1, "accuracy": 2, "e": "X", "Lambda": 0, "S": 0, "parity": "g", "v": 3 }
        },
        "count": 1
      }
    ],
    "rhs": [
      { "state": { "particle": "e", "charge": -1 }, "count": 1 },
      {
        "state": {
          "particle": "H2",
          "charge": 0,
          "descriptor": { "type": 1, "accuracy": 2, "e": "c", "Lambda": 1, "S": 1, "parity": "u", "v": 3 }
        },
        "count": 1
      }
    ],
    "type_tags": ["Electronic", "Vibrational"],
    "reversible": false
  },
  "threshold": 11.1353,
  "data": [
    [11.1353, 0],
    [12, 0.00326814],
    [13, 0.00138941],
    [14, 0.00147145],
    [15, 0.00202229],
    [16, 0.00193673],
    [17, 0.00119874],
    [18, 0.000992472],
    [19, 0.000923997],
    [20, 0.000872483],
    [22, 0.000727269],
    [25, 0.000571641],
    [30, 0.000381698],
    [40, 0.0000934707],
    [50, 0.000049257],
    [60, 0.0000407925],
    [70, 0.0000313428],
    [80, 0.0000221317],
    [100, 0.000011036],
    [120, 0.00000574266],
    [140, 0.00000412776],
    [160, 0.00000289212]
  ]
}