{
  "reaction": {
    "lhs": [
      { "state": { "particle": "e", "charge": -1 }, "count": 1 },
      {
        "state": {
          "particle": "H2",
          "charge": 0,
          "descriptor": { "type": 1, "accuracy": 2, "e": "X", "Lambda": 0, "S": 0, "parity": "g", "v": 3 }
        },
        "count": 1
      }
    ],
    "rhs": [
      { "state": { "particle": "e", "charge": -1 }, "count": 1 },
      {
        "state": {
          "particle": "H2",
          "charge": 0,
          "descriptor": { "type": 1, "accuracy": 2, "e": "e", "Lambda": 0, "S": 1, "parity": "u", "v": 4 }
        },
        "count": 1
      }
    ],
    "type_tags": ["Electronic", "Vibrational"],
    "reversible": false
  },
  "threshold": 12.6865,
  "data": [
    [12.6865, 0],
    [13, 1.43925e-8],
    [14, 0.0000789935],
    [15, 0.000194441],
    [16, 0.000190498],
    [17, 0.000114987],
    [18, 0.0000950811],
    [19, 0.000088473],
    [20, 0.0000835002],
    [22, 0.0000697947],
    [25, 0.0000559833],
    [30, 0.0000393446],
    [40, 0.00000967359],
    [50, 0.00000774414],
    [60, 0.00000743154],
    [70, 0.00000654745],
    [80, 0.00000526155],
    [100, 0.00000341163],
    [120, 0.00000215676],
    [140, 0.00000156641],
    [160, 0.00000112188]
  ]
}