{
  "reaction": {
    "lhs": [
      { "state": { "particle": "e", "charge": -1 }, "count": 1 },
      {
        "state": {
          "particle": "H2",
          "charge": 0,
          "descriptor": { "type": 1, "accuracy": 2, "e": "X", "Lambda": 0, "S": 0, "parity": "g", "v": 3 }
        },
        "count": 1
      }
    ],
    "rhs": [
      { "state": { "particle": "e", "charge": -1 }, "count": 1 },
      {
        "state": {
          "particle": "H2",
          "charge": 0,
          "descriptor": { "type": 1, "accuracy": 2, "e": "a", "Lambda": 0, "S": 1, "parity": "g", "v": 5 }
        },
        "count": 1
      }
    ],
    "type_tags": ["Electronic", "Vibrational"],
    "reversible": false
  },
  "threshold": 11.7329,
  "data": [
    [11.7329, 0],
    [12, 0.0167553],
    [13, 0.0242966],
    [14, 0.02025],
    [15, 0.0171787],
    [16, 0.0147828],
    [17, 0.0128279],
    [18, 0.0112505],
    [19, 0.00996244],
    [20, 0.00890586],
    [22, 0.00716322],
    [25, 0.00512456],
    [30, 0.00277658],
    [40, 0.00116973],
    [50, 0.000666521],
    [60, 0.000537175],
    [70, 0.000418741],
    [80, 0.000356387],
    [100, 0.000228933],
    [120, 0.000149281],
    [140, 0.00010834],
    [160, 0.0000775515]
  ]
}