{
  "reaction": {
    "lhs": [
      { "state": { "particle": "e", "charge": -1 }, "count": 1 },
      {
        "state": {
          "particle": "H2",
          "charge": 0,
          "descriptor": { "type": 1, "accuracy": 2, "e": "X", "Lambda": 0, "S": 0, "parity": "g", "v": 3 }
        },
        "count": 1
      }
    ],
    "rhs": [
      { "state": { "particle": "e", "charge": -1 }, "count": 1 },
      {
        "state": {
          "particle": "H2",
          "charge": 0,
          "descriptor": { "type": 1, "accuracy": 2, "e": "H", "Lambda": 0, "S": 0, "parity": "g", "v": 0 }
        },
        "count": 1
      }
    ],
    "type_tags": ["Electronic", "Vibrational"],
    "reversible": false
  },
  "threshold": 12.5498,
  "data": [
    [12.5498, 0],
    [13, 0.00392374],
    [14, 0.00777651],
    [15, 0.00937939],
    [16, 0.00956103],
    [17, 0.00963243],
    [18, 0.0101643],
    [19, 0.0108332],
    [20, 0.0113309],
    [22, 0.0114784],
    [25, 0.0113572],
    [30, 0.0110401],
    [40, 0.00956062],
    [50, 0.00918149],
    [60, 0.00961513],
    [70, 0.00964871],
    [80, 0.00863092],
    [100, 0.00721947],
    [120, 0.00621956],
    [140, 0.00546544],
    [160, 0.00496253]
  ]
}