{
  "reaction": {
    "lhs": [
      { "state": { "particle": "e", "charge": -1 }, "count": 1 },
      {
        "state": {
          "particle": "H2",
          "charge": 0,
          "descriptor": { "type": 1, "accuracy": 2, "e": "X", "Lambda": 0, "S": 0, "parity": "g", "v": 3 }
        },
        "count": 1
      }
    ],
    "rhs": [
      { "state": { "particle": "e", "charge": -1 }, "count": 1 },
      {
        "state": {
          "particle": "H2",
          "charge": 0,
          "descriptor": {
            "type": 1,
            "accuracy": 2,
            "e": "a",
            "Lambda": 0,
            "S": 1,
            "parity": "g",
            "v": 16
          }
        },
        "count": 1
      }
    ],
    "type_tags": ["Electronic", "Vibrational"],
    "reversible": false
  },
  "threshold": 13.2058,
  "data": [
    [13.2058, 0],
    [14, 0.00067391],
    [15, 0.000655935],
    [16, 0.000578813],
    [17, 0.000467854],
    [18, 0.000392317],
    [19, 0.000367551],
    [20, 0.000334395],
    [22, 0.00024241],
    [25, 0.000167891],
    [30, 0.00010827],
    [40, 0.0000480647],
    [50, 0.0000255585],
    [60, 0.0000186126],
    [70, 0.0000151193],
    [80, 0.0000143382],
    [100, 0.0000110126],
    [120, 0.00000756116],
    [140, 0.00000573969],
    [160, 0.00000439793]
  ]
}