{
  "reaction": {
    "lhs": [
      { "state": { "particle": "e", "charge": -1 }, "count": 1 },
      {
        "state": {
          "particle": "H2",
          "charge": 0,
          "descriptor": { "type": 1, "accuracy": 2, "e": "X", "Lambda": 0, "S": 0, "parity": "g", "v": 3 }
        },
        "count": 1
      }
    ],
    "rhs": [
      { "state": { "particle": "e", "charge": -1 }, "count": 1 },
      {
        "state": {
          "particle": "H2",
          "charge": 0,
          "descriptor": { "type": 1, "accuracy": 2, "e": "D", "Lambda": 1, "S": 0, "parity": "u", "v": 7 }
        },
        "count": 1
      }
    ],
    "type_tags": ["Electronic", "Vibrational"],
    "reversible": false
  },
  "threshold": 14.1474,
  "data": [
    [14.1474, 0],
    [15, 0.00139077],
    [16, 0.00189596],
    [17, 0.00214974],
    [18, 0.00239658],
    [19, 0.00271627],
    [20, 0.00308139],
    [22, 0.00378418],
    [25, 0.00466025],
    [30, 0.00576866],
    [40, 0.00734167],
    [50, 0.00822476],
    [60, 0.00875024],
    [70, 0.00897138],
    [80, 0.0089635],
    [100, 0.00872519],
    [120, 0.00831872],
    [140, 0.00790619],
    [160, 0.00752619]
  ]
}