{
  "reaction": {
    "lhs": [
      { "state": { "particle": "e", "charge": -1 }, "count": 1 },
      {
        "state": {
          "particle": "H2",
          "charge": 0,
          "descriptor": { "type": 1, "accuracy": 2, "e": "X", "Lambda": 0, "S": 0, "parity": "g", "v": 3 }
        },
        "count": 1
      }
    ],
    "rhs": [
      { "state": { "particle": "e", "charge": -1 }, "count": 1 },
      {
        "state": {
          "particle": "H2",
          "charge": 0,
          "descriptor": {
            "type": 1,
            "accuracy": 2,
            "e": "a",
            "Lambda": 0,
            "S": 1,
            "parity": "g",
            "v": 18
          }
        },
        "count": 1
      }
    ],
    "type_tags": ["Electronic", "Vibrational"],
    "reversible": false
  },
  "threshold": 13.2161,
  "data": [
    [13.2161, 0],
    [14, 0.000274034],
    [15, 0.00027219],
    [16, 0.000244432],
    [17, 0.000194331],
    [18, 0.000162911],
    [19, 0.000152605],
    [20, 0.000138719],
    [22, 0.00010027],
    [25, 0.0000694003],
    [30, 0.0000450112],
    [40, 0.0000199774],
    [50, 0.0000106074],
    [60, 0.00000771985],
    [70, 0.00000627875],
    [80, 0.00000595773],
    [100, 0.00000458117],
    [120, 0.00000314627],
    [140, 0.00000239002],
    [160, 0.00000183259]
  ]
}