{
  "reaction": {
    "lhs": [
      { "state": { "particle": "e", "charge": -1 }, "count": 1 },
      {
        "state": {
          "particle": "H2",
          "charge": 0,
          "descriptor": { "type": 1, "accuracy": 2, "e": "X", "Lambda": 0, "S": 0, "parity": "g", "v": 3 }
        },
        "count": 1
      }
    ],
    "rhs": [
      { "state": { "particle": "e", "charge": -1 }, "count": 1 },
      {
        "state": {
          "particle": "H2",
          "charge": 0,
          "descriptor": { "type": 1, "accuracy": 2, "e": "j", "Lambda": 2, "S": 1, "parity": "g", "v": 0 }
        },
        "count": 1
      }
    ],
    "type_tags": ["Electronic", "Vibrational"],
    "reversible": false
  },
  "threshold": 12.4882,
  "data": [
    [12.4882, 0],
    [13, 0.00331368],
    [14, 0.00596524],
    [15, 0.00694192],
    [16, 0.00595239],
    [17, 0.00451464],
    [18, 0.00374687],
    [19, 0.00319057],
    [20, 0.00277698],
    [22, 0.00217937],
    [25, 0.00167025],
    [30, 0.00126607],
    [40, 0.00098065],
    [50, 0.000753971],
    [60, 0.000496848],
    [70, 0.000249542],
    [80, 0.000101326],
    [100, 0.0000764527],
    [120, 0.0000724394],
    [140, 0.0000695076],
    [160, 0.0000641923]
  ]
}