{
  "reaction": {
    "lhs": [
      { "state": { "particle": "e", "charge": -1 }, "count": 1 },
      {
        "state": {
          "particle": "H2",
          "charge": 0,
          "descriptor": { "type": 1, "accuracy": 2, "e": "X", "Lambda": 0, "S": 0, "parity": "g", "v": 3 }
        },
        "count": 1
      }
    ],
    "rhs": [
      { "state": { "particle": "e", "charge": -1 }, "count": 1 },
      {
        "state": {
          "particle": "H2",
          "charge": 0,
          "descriptor": {
            "type": 1,
            "accuracy": 2,
            "e": "H",
            "Lambda": 0,
            "S": 0,
            "parity": "g",
            "v": 59
          }
        },
        "count": 1
      }
    ],
    "type_tags": ["Electronic", "Vibrational"],
    "reversible": false
  },
  "threshold": 15.0953,
  "data": [
    [15.0953, 0],
    [16, 0.0000151393],
    [17, 0.0000264739],
    [18, 0.0000349905],
    [19, 0.0000372435],
    [20, 0.0000355968],
    [22, 0.0000306907],
    [25, 0.0000279081],
    [30, 0.0000306665],
    [40, 0.0000286358],
    [50, 0.0000256508],
    [60, 0.0000254486],
    [70, 0.0000269405],
    [80, 0.0000285395],
    [100, 0.0000258404],
    [120, 0.0000234342],
    [140, 0.0000208076],
    [160, 0.0000186139]
  ]
}