{
  "reaction": {
    "lhs": [
      { "state": { "particle": "e", "charge": -1 }, "count": 1 },
      {
        "state": {
          "particle": "H2",
          "charge": 0,
          "descriptor": { "type": 1, "accuracy": 2, "e": "X", "Lambda": 0, "S": 0, "parity": "g", "v": 3 }
        },
        "count": 1
      }
    ],
    "rhs": [
      { "state": { "particle": "e", "charge": -1 }, "count": 1 },
      {
        "state": {
          "particle": "H2",
          "charge": 0,
          "descriptor": { "type": 1, "accuracy": 2, "e": "g", "Lambda": 0, "S": 1, "parity": "g", "v": 9 }
        },
        "count": 1
      }
    ],
    "type_tags": ["Electronic", "Vibrational"],
    "reversible": false
  },
  "threshold": 14.4409,
  "data": [
    [14.4409, 0],
    [15, 0.00000752447],
    [16, 0.0000192939],
    [17, 0.0000254572],
    [18, 0.0000214117],
    [19, 0.0000134571],
    [20, 0.00000786612],
    [22, 0.00000408788],
    [25, 0.00000107029],
    [30, 7.03128e-8],
    [40, 0.00000124392],
    [50, 7.28019e-7],
    [60, 2.12119e-7],
    [70, 2.68658e-7],
    [80, 3.30889e-7],
    [100, 3.44187e-7],
    [120, 3.461e-7],
    [140, 3.38614e-7],
    [160, 3.17918e-7]
  ]
}