{
  "reaction": {
    "lhs": [
      { "state": { "particle": "e", "charge": -1 }, "count": 1 },
      {
        "state": {
          "particle": "H2",
          "charge": 0,
          "descriptor": { "type": 1, "accuracy": 2, "e": "X", "Lambda": 0, "S": 0, "parity": "g", "v": 3 }
        },
        "count": 1
      }
    ],
    "rhs": [
      { "state": { "particle": "e", "charge": -1 }, "count": 1 },
      {
        "state": {
          "particle": "H2",
          "charge": 0,
          "descriptor": {
            "type": 1,
            "accuracy": 2,
            "e": "H",
            "Lambda": 0,
            "S": 0,
            "parity": "g",
            "v": 46
          }
        },
        "count": 1
      }
    ],
    "type_tags": ["Electronic", "Vibrational"],
    "reversible": false
  },
  "threshold": 14.8729,
  "data": [
    [14.8729, 0],
    [15, 0.0000037894],
    [16, 0.00000454825],
    [17, 0.00000715717],
    [18, 0.00000981758],
    [19, 0.0000107176],
    [20, 0.0000100373],
    [22, 0.00000758781],
    [25, 0.00000638827],
    [30, 0.00000831851],
    [40, 0.00000681797],
    [50, 0.00000548862],
    [60, 0.00000626031],
    [70, 0.0000074596],
    [80, 0.00000777313],
    [100, 0.00000668844],
    [120, 0.00000586982],
    [140, 0.00000492343],
    [160, 0.00000424452]
  ]
}