{
  "reaction": {
    "lhs": [
      { "state": { "particle": "e", "charge": -1 }, "count": 1 },
      {
        "state": {
          "particle": "H2",
          "charge": 0,
          "descriptor": { "type": 1, "accuracy": 2, "e": "X", "Lambda": 0, "S": 0, "parity": "g", "v": 3 }
        },
        "count": 1
      }
    ],
    "rhs": [
      { "state": { "particle": "e", "charge": -1 }, "count": 1 },
      {
        "state": {
          "particle": "H2",
          "charge": 0,
          "descriptor": { "type": 1, "accuracy": 2, "e": "j", "Lambda": 2, "S": 1, "parity": "g", "v": 7 }
        },
        "count": 1
      }
    ],
    "type_tags": ["Electronic", "Vibrational"],
    "reversible": false
  },
  "threshold": 14.0832,
  "data": [
    [14.0832, 0],
    [15, 0.000546986],
    [16, 0.000586109],
    [17, 0.000591712],
    [18, 0.000574703],
    [19, 0.000537617],
    [20, 0.000501368],
    [22, 0.000441904],
    [25, 0.000351431],
    [30, 0.000225338],
    [40, 0.000114937],
    [50, 0.00008177],
    [60, 0.0000734412],
    [70, 0.0000553591],
    [80, 0.000036836],
    [100, 0.0000186487],
    [120, 0.0000110203],
    [140, 0.00000780306],
    [160, 0.00000535269]
  ]
}