{
  "reaction": {
    "lhs": [
      { "state": { "particle": "e", "charge": -1 }, "count": 1 },
      {
        "state": {
          "particle": "H2",
          "charge": 0,
          "descriptor": { "type": 1, "accuracy": 2, "e": "X", "Lambda": 0, "S": 0, "parity": "g", "v": 3 }
        },
        "count": 1
      }
    ],
    "rhs": [
      { "state": { "particle": "e", "charge": -1 }, "count": 1 },
      {
        "state": {
          "particle": "H2",
          "charge": 0,
          "descriptor": { "type": 1, "accuracy": 2, "e": "i", "Lambda": 1, "S": 1, "parity": "g", "v": 0 }
        },
        "count": 1
      }
    ],
    "type_tags": ["Electronic", "Vibrational"],
    "reversible": false
  },
  "threshold": 12.4181,
  "data": [
    [12.4181, 0],
    [13, 0.00790958],
    [14, 0.00892426],
    [15, 0.00866606],
    [16, 0.00789636],
    [17, 0.00699692],
    [18, 0.0061446],
    [19, 0.00531142],
    [20, 0.00466544],
    [22, 0.0038635],
    [25, 0.00319215],
    [30, 0.0025098],
    [40, 0.00106576],
    [50, 0.000622451],
    [60, 0.000509782],
    [70, 0.000391489],
    [80, 0.000310234],
    [100, 0.000137013],
    [120, 0.0000407304],
    [140, 0.0000289187],
    [160, 0.0000197924]
  ]
}