{
  "reaction": {
    "lhs": [
      { "state": { "particle": "e", "charge": -1 }, "count": 1 },
      {
        "state": {
          "particle": "H2",
          "charge": 0,
          "descriptor": { "type": 1, "accuracy": 2, "e": "X", "Lambda": 0, "S": 0, "parity": "g", "v": 3 }
        },
        "count": 1
      }
    ],
    "rhs": [
      { "state": { "particle": "e", "charge": -1 }, "count": 1 },
      {
        "state": {
          "particle": "H2",
          "charge": 0,
          "descriptor": { "type": 1, "accuracy": 2, "e": "e", "Lambda": 0, "S": 1, "parity": "u", "v": 0 }
        },
        "count": 1
      }
    ],
    "type_tags": ["Electronic", "Vibrational"],
    "reversible": false
  },
  "threshold": 11.7643,
  "data": [
    [11.7643, 0],
    [12, 0.00833182],
    [13, 0.0226693],
    [14, 0.020492],
    [15, 0.0198299],
    [16, 0.019889],
    [17, 0.019948],
    [18, 0.018922],
    [19, 0.0167869],
    [20, 0.0149572],
    [22, 0.0127991],
    [25, 0.0103472],
    [30, 0.00748079],
    [40, 0.00479287],
    [50, 0.00317701],
    [60, 0.00208723],
    [70, 0.00135308],
    [80, 0.000920073],
    [100, 0.000466241],
    [120, 0.000327173],
    [140, 0.000236941],
    [160, 0.000168547]
  ]
}