{
  "reaction": {
    "lhs": [
      { "state": { "particle": "e", "charge": -1 }, "count": 1 },
      {
        "state": {
          "particle": "H2",
          "charge": 0,
          "descriptor": { "type": 1, "accuracy": 2, "e": "X", "Lambda": 0, "S": 0, "parity": "g", "v": 3 }
        },
        "count": 1
      }
    ],
    "rhs": [
      { "state": { "particle": "e", "charge": -1 }, "count": 1 },
      {
        "state": {
          "particle": "H2",
          "charge": 0,
          "descriptor": {
            "type": 1,
            "accuracy": 2,
            "e": "H",
            "Lambda": 0,
            "S": 0,
            "parity": "g",
            "v": 47
          }
        },
        "count": 1
      }
    ],
    "type_tags": ["Electronic", "Vibrational"],
    "reversible": false
  },
  "threshold": 14.899,
  "data": [
    [14.899, 0],
    [15, 0.00000387865],
    [16, 0.00000491257],
    [17, 0.00000828778],
    [18, 0.0000118988],
    [19, 0.0000130105],
    [20, 0.0000122886],
    [22, 0.00000952401],
    [25, 0.00000812713],
    [30, 0.0000102493],
    [40, 0.00000859793],
    [50, 0.00000706907],
    [60, 0.00000784262],
    [70, 0.00000915707],
    [80, 0.00000956862],
    [100, 0.00000829686],
    [120, 0.0000073306],
    [140, 0.00000621564],
    [160, 0.00000539587]
  ]
}