{
  "reaction": {
    "lhs": [
      { "state": { "particle": "e", "charge": -1 }, "count": 1 },
      {
        "state": {
          "particle": "H2",
          "charge": 0,
          "descriptor": { "type": 1, "accuracy": 2, "e": "X", "Lambda": 0, "S": 0, "parity": "g", "v": 3 }
        },
        "count": 1
      }
    ],
    "rhs": [
      { "state": { "particle": "e", "charge": -1 }, "count": 1 },
      {
        "state": {
          "particle": "H2",
          "charge": 0,
          "descriptor": {
            "type": 1,
            "accuracy": 2,
            "e": "H",
            "Lambda": 0,
            "S": 0,
            "parity": "g",
            "v": 44
          }
        },
        "count": 1
      }
    ],
    "type_tags": ["Electronic", "Vibrational"],
    "reversible": false
  },
  "threshold": 14.8202,
  "data": [
    [14.8202, 0],
    [15, 0.00000399802],
    [16, 0.00000438336],
    [17, 0.00000529191],
    [18, 0.00000632254],
    [19, 0.00000654304],
    [20, 0.00000587507],
    [22, 0.00000409594],
    [25, 0.00000331724],
    [30, 0.00000479717],
    [40, 0.00000365226],
    [50, 0.00000273218],
    [60, 0.00000342157],
    [70, 0.00000434811],
    [80, 0.00000449467],
    [100, 0.00000378089],
    [120, 0.00000324529],
    [140, 0.00000262741],
    [160, 0.00000221383]
  ]
}