{
  "reaction": {
    "lhs": [
      { "state": { "particle": "e", "charge": -1 }, "count": 1 },
      {
        "state": {
          "particle": "H2",
          "charge": 0,
          "descriptor": { "type": 1, "accuracy": 2, "e": "X", "Lambda": 0, "S": 0, "parity": "g", "v": 3 }
        },
        "count": 1
      }
    ],
    "rhs": [
      { "state": { "particle": "e", "charge": -1 }, "count": 1 },
      {
        "state": {
          "particle": "H2",
          "charge": 0,
          "descriptor": {
            "type": 1,
            "accuracy": 2,
            "e": "H",
            "Lambda": 0,
            "S": 0,
            "parity": "g",
            "v": 16
          }
        },
        "count": 1
      }
    ],
    "type_tags": ["Electronic", "Vibrational"],
    "reversible": false
  },
  "threshold": 14.1042,
  "data": [
    [14.1042, 0],
    [15, 1.89893e-12],
    [16, 2.01325e-12],
    [17, 2.27241e-12],
    [18, 2.53119e-12],
    [19, 2.72467e-12],
    [20, 2.81285e-12],
    [22, 2.66927e-12],
    [25, 2.48431e-12],
    [30, 2.54418e-12],
    [40, 2.80477e-12],
    [50, 2.58475e-12],
    [60, 2.21717e-12],
    [70, 2.28221e-12],
    [80, 2.91656e-12],
    [100, 2.69359e-12],
    [120, 2.83904e-12],
    [140, 2.7011e-12],
    [160, 2.4331e-12]
  ]
}