{
  "reaction": {
    "lhs": [
      { "state": { "particle": "e", "charge": -1 }, "count": 1 },
      {
        "state": {
          "particle": "H2",
          "charge": 0,
          "descriptor": { "type": 1, "accuracy": 2, "e": "X", "Lambda": 0, "S": 0, "parity": "g", "v": 3 }
        },
        "count": 1
      }
    ],
    "rhs": [
      { "state": { "particle": "e", "charge": -1 }, "count": 1 },
      {
        "state": {
          "particle": "H2",
          "charge": 0,
          "descriptor": { "type": 1, "accuracy": 2, "e": "d", "Lambda": 1, "S": 1, "parity": "u", "v": 2 }
        },
        "count": 1
      }
    ],
    "type_tags": ["Electronic", "Vibrational"],
    "reversible": false
  },
  "threshold": 12.9352,
  "data": [
    [12.9352, 0],
    [13, 0.0143401],
    [14, 0.0133733],
    [15, 0.0126509],
    [16, 0.0111268],
    [17, 0.009691],
    [18, 0.00908353],
    [19, 0.00884624],
    [20, 0.00858284],
    [22, 0.0077034],
    [25, 0.00625989],
    [30, 0.00410554],
    [40, 0.00176046],
    [50, 0.00111692],
    [60, 0.000962836],
    [70, 0.00075162],
    [80, 0.000565882],
    [100, 0.000302498],
    [120, 0.000162726],
    [140, 0.000116675],
    [160, 0.0000815375]
  ]
}