{
  "reaction": {
    "lhs": [
      { "state": { "particle": "e", "charge": -1 }, "count": 1 },
      {
        "state": {
          "particle": "H2",
          "charge": 0,
          "descriptor": { "type": 1, "accuracy": 2, "e": "X", "Lambda": 0, "S": 0, "parity": "g", "v": 3 }
        },
        "count": 1
      }
    ],
    "rhs": [
      { "state": { "particle": "e", "charge": -1 }, "count": 1 },
      {
        "state": {
          "particle": "H2",
          "charge": 0,
          "descriptor": {
            "type": 1,
            "accuracy": 2,
            "e": "B",
            "Lambda": 0,
            "S": 0,
            "parity": "u",
            "v": 35
          }
        },
        "count": 1
      }
    ],
    "type_tags": ["Electronic", "Vibrational"],
    "reversible": false
  },
  "threshold": 13.2058,
  "data": [
    [13.2058, 0],
    [14, 0.00032606],
    [15, 0.000601453],
    [16, 0.000810561],
    [17, 0.000968236],
    [18, 0.00110327],
    [19, 0.00123483],
    [20, 0.00136371],
    [22, 0.00159281],
    [25, 0.00186022],
    [30, 0.00218012],
    [40, 0.00252673],
    [50, 0.00265789],
    [60, 0.00269707],
    [70, 0.00267974],
    [80, 0.00263313],
    [100, 0.00250591],
    [120, 0.00235977],
    [140, 0.00221442],
    [160, 0.0020744]
  ]
}