{
  "reaction": {
    "lhs": [
      { "state": { "particle": "e", "charge": -1 }, "count": 1 },
      {
        "state": {
          "particle": "H2",
          "charge": 0,
          "descriptor": { "type": 1, "accuracy": 2, "e": "X", "Lambda": 0, "S": 0, "parity": "g", "v": 3 }
        },
        "count": 1
      }
    ],
    "rhs": [
      { "state": { "particle": "e", "charge": -1 }, "count": 1 },
      {
        "state": {
          "particle": "H2",
          "charge": 0,
          "descriptor": { "type": 1, "accuracy": 2, "e": "B", "Lambda": 0, "S": 0, "parity": "u", "v": 4 }
        },
        "count": 1
      }
    ],
    "type_tags": ["Electronic", "Vibrational"],
    "reversible": false
  },
  "threshold": 10.35,
  "data": [
    [10.35, 0],
    [11, 0.01888],
    [12, 0.0364467],
    [13, 0.0486789],
    [14, 0.0568645],
    [15, 0.0636561],
    [16, 0.0704174],
    [17, 0.0773257],
    [18, 0.0842164],
    [19, 0.0907689],
    [20, 0.0965391],
    [22, 0.104975],
    [25, 0.112449],
    [30, 0.119549],
    [40, 0.126089],
    [50, 0.125385],
    [60, 0.123072],
    [70, 0.120295],
    [80, 0.117008],
    [100, 0.108858],
    [120, 0.0999269],
    [140, 0.0917018],
    [160, 0.084416]
  ]
}