{
  "reaction": {
    "lhs": [
      { "state": { "particle": "e", "charge": -1 }, "count": 1 },
      {
        "state": {
          "particle": "H2",
          "charge": 0,
          "descriptor": { "type": 1, "accuracy": 2, "e": "X", "Lambda": 0, "S": 0, "parity": "g", "v": 3 }
        },
        "count": 1
      }
    ],
    "rhs": [
      { "state": { "particle": "e", "charge": -1 }, "count": 1 },
      {
        "state": {
          "particle": "H2",
          "charge": 0,
          "descriptor": {
            "type": 1,
            "accuracy": 2,
            "e": "EF",
            "Lambda": 0,
            "S": 0,
            "parity": "g",
            "v": 19
          }
        },
        "count": 1
      }
    ],
    "type_tags": ["Electronic", "Vibrational"],
    "reversible": false
  },
  "threshold": 12.4505,
  "data": [
    [12.4505, 0],
    [13, 0.000924765],
    [14, 0.000976324],
    [15, 0.00078456],
    [16, 0.000738554],
    [17, 0.000788817],
    [18, 0.000831307],
    [19, 0.000811128],
    [20, 0.00076797],
    [22, 0.000795684],
    [25, 0.000903254],
    [30, 0.000910576],
    [40, 0.000903599],
    [50, 0.000880898],
    [60, 0.000842201],
    [70, 0.000806895],
    [80, 0.000774637],
    [100, 0.000700769],
    [120, 0.000635264],
    [140, 0.000582346],
    [160, 0.000531397]
  ]
}