{
  "reaction": {
    "lhs": [
      { "state": { "particle": "e", "charge": -1 }, "count": 1 },
      {
        "state": {
          "particle": "H2",
          "charge": 0,
          "descriptor": { "type": 1, "accuracy": 2, "e": "X", "Lambda": 0, "S": 0, "parity": "g", "v": 3 }
        },
        "count": 1
      }
    ],
    "rhs": [
      { "state": { "particle": "e", "charge": -1 }, "count": 1 },
      {
        "state": {
          "particle": "H2",
          "charge": 0,
          "descriptor": { "type": 1, "accuracy": 2, "e": "H", "Lambda": 0, "S": 0, "parity": "g", "v": 7 }
        },
        "count": 1
      }
    ],
    "type_tags": ["Electronic", "Vibrational"],
    "reversible": false
  },
  "threshold": 13.8227,
  "data": [
    [13.8227, 0],
    [14, 8.44655e-12],
    [15, 1.73455e-11],
    [16, 2.34333e-11],
    [17, 2.48713e-11],
    [18, 2.48271e-11],
    [19, 2.49708e-11],
    [20, 2.51732e-11],
    [22, 2.43795e-11],
    [25, 2.35772e-11],
    [30, 2.36861e-11],
    [40, 2.20557e-11],
    [50, 2.12919e-11],
    [60, 2.17718e-11],
    [70, 2.22277e-11],
    [80, 2.16801e-11],
    [100, 1.89436e-11],
    [120, 1.73415e-11],
    [140, 1.57382e-11],
    [160, 1.43418e-11]
  ]
}