{
  "reaction": {
    "lhs": [
      { "state": { "particle": "e", "charge": -1 }, "count": 1 },
      {
        "state": {
          "particle": "H2",
          "charge": 0,
          "descriptor": { "type": 1, "accuracy": 2, "e": "X", "Lambda": 0, "S": 0, "parity": "g", "v": 3 }
        },
        "count": 1
      }
    ],
    "rhs": [
      { "state": { "particle": "e", "charge": -1 }, "count": 1 },
      {
        "state": {
          "particle": "H2",
          "charge": 0,
          "descriptor": {
            "type": 1,
            "accuracy": 2,
            "e": "D",
            "Lambda": 1,
            "S": 0,
            "parity": "u",
            "v": 17
          }
        },
        "count": 1
      }
    ],
    "type_tags": ["Electronic", "Vibrational"],
    "reversible": false
  },
  "threshold": 15.1064,
  "data": [
    [15.1064, 0],
    [16, 0.0000181912],
    [17, 0.0000276422],
    [18, 0.0000329764],
    [19, 0.0000371062],
    [20, 0.0000422118],
    [22, 0.000054615],
    [25, 0.0000710786],
    [30, 0.0000913883],
    [40, 0.000120614],
    [50, 0.000137383],
    [60, 0.000147679],
    [70, 0.000152698],
    [80, 0.000153188],
    [100, 0.000149998],
    [120, 0.000143562],
    [140, 0.000136863],
    [160, 0.000130638]
  ]
}