{
  "reaction": {
    "lhs": [
      { "state": { "particle": "e", "charge": -1 }, "count": 1 },
      {
        "state": {
          "particle": "H2",
          "charge": 0,
          "descriptor": { "type": 1, "accuracy": 2, "e": "X", "Lambda": 0, "S": 0, "parity": "g", "v": 3 }
        },
        "count": 1
      }
    ],
    "rhs": [
      { "state": { "particle": "e", "charge": -1 }, "count": 1 },
      {
        "state": {
          "particle": "H2",
          "charge": 0,
          "descriptor": {
            "type": 1,
            "accuracy": 2,
            "e": "EF",
            "Lambda": 0,
            "S": 0,
            "parity": "g",
            "v": 0
          }
        },
        "count": 1
      }
    ],
    "type_tags": ["Electronic", "Vibrational"],
    "reversible": false
  },
  "threshold": 10.8383,
  "data": [
    [10.8383, 0],
    [11, 0.00273926],
    [12, 0.0168118],
    [13, 0.0190746],
    [14, 0.0218363],
    [15, 0.0250425],
    [16, 0.024508],
    [17, 0.0247173],
    [18, 0.0274805],
    [19, 0.0290089],
    [20, 0.0296759],
    [22, 0.0307296],
    [25, 0.0311776],
    [30, 0.030742],
    [40, 0.0296032],
    [50, 0.028828],
    [60, 0.0284301],
    [70, 0.0281205],
    [80, 0.0278305],
    [100, 0.0248285],
    [120, 0.0203669],
    [140, 0.0170954],
    [160, 0.014685]
  ]
}