{
  "reaction": {
    "lhs": [
      { "state": { "particle": "e", "charge": -1 }, "count": 1 },
      {
        "state": {
          "particle": "H2",
          "charge": 0,
          "descriptor": { "type": 1, "accuracy": 2, "e": "X", "Lambda": 0, "S": 0, "parity": "g", "v": 3 }
        },
        "count": 1
      }
    ],
    "rhs": [
      { "state": { "particle": "e", "charge": -1 }, "count": 1 },
      {
        "state": {
          "particle": "H2",
          "charge": 0,
          "descriptor": { "type": 1, "accuracy": 2, "e": "a", "Lambda": 0, "S": 1, "parity": "g", "v": 2 }
        },
        "count": 1
      }
    ],
    "type_tags": ["Electronic", "Vibrational"],
    "reversible": false
  },
  "threshold": 10.9412,
  "data": [
    [10.9412, 0],
    [11, 0.000236006],
    [12, 0.00329591],
    [13, 0.00194314],
    [14, 0.001413],
    [15, 0.00144649],
    [16, 0.00120338],
    [17, 0.000960265],
    [18, 0.0010124],
    [19, 0.00110922],
    [20, 0.00116135],
    [22, 0.001073],
    [25, 0.000726042],
    [30, 0.000199133],
    [40, 0.0000760033],
    [50, 0.0000660927],
    [60, 0.000064439],
    [70, 0.0000468904],
    [80, 0.0000238962],
    [100, 0.0000107128],
    [120, 0.00000799258],
    [140, 0.0000057994],
    [160, 0.00000413287]
  ]
}