{
  "reaction": {
    "lhs": [
      { "state": { "particle": "e", "charge": -1 }, "count": 1 },
      {
        "state": {
          "particle": "H2",
          "charge": 0,
          "descriptor": { "type": 1, "accuracy": 2, "e": "X", "Lambda": 0, "S": 0, "parity": "g", "v": 3 }
        },
        "count": 1
      }
    ],
    "rhs": [
      { "state": { "particle": "e", "charge": -1 }, "count": 1 },
      {
        "state": {
          "particle": "H2",
          "charge": 0,
          "descriptor": {
            "type": 1,
            "accuracy": 2,
            "e": "B",
            "Lambda": 0,
            "S": 0,
            "parity": "u",
            "v": 33
          }
        },
        "count": 1
      }
    ],
    "type_tags": ["Electronic", "Vibrational"],
    "reversible": false
  },
  "threshold": 13.146,
  "data": [
    [13.146, 0],
    [14, 0.000741297],
    [15, 0.00133042],
    [16, 0.00177756],
    [17, 0.00211601],
    [18, 0.00240657],
    [19, 0.0026904],
    [20, 0.00297019],
    [22, 0.00347136],
    [25, 0.00405148],
    [30, 0.00473676],
    [40, 0.00547159],
    [50, 0.00574212],
    [60, 0.0058196],
    [70, 0.00578081],
    [80, 0.00567914],
    [100, 0.00540128],
    [120, 0.00508102],
    [140, 0.00476367],
    [160, 0.00445935]
  ]
}