{
  "reaction": {
    "lhs": [
      { "state": { "particle": "e", "charge": -1 }, "count": 1 },
      {
        "state": {
          "particle": "H2",
          "charge": 0,
          "descriptor": { "type": 1, "accuracy": 2, "e": "X", "Lambda": 0, "S": 0, "parity": "g", "v": 3 }
        },
        "count": 1
      }
    ],
    "rhs": [
      { "state": { "particle": "e", "charge": -1 }, "count": 1 },
      {
        "state": {
          "particle": "H2",
          "charge": 0,
          "descriptor": {
            "type": 1,
            "accuracy": 2,
            "e": "d",
            "Lambda": 1,
            "S": 1,
            "parity": "u",
            "v": 16
          }
        },
        "count": 1
      }
    ],
    "type_tags": ["Electronic", "Vibrational"],
    "reversible": false
  },
  "threshold": 15.0576,
  "data": [
    [15.0576, 0],
    [16, 0.000100217],
    [17, 0.000165277],
    [18, 0.000161278],
    [19, 0.000152599],
    [20, 0.000144221],
    [22, 0.000131082],
    [25, 0.00011179],
    [30, 0.0000830481],
    [40, 0.0000423703],
    [50, 0.0000245152],
    [60, 0.0000164481],
    [70, 0.0000125231],
    [80, 0.0000115331],
    [100, 0.0000070103],
    [120, 0.00000332945],
    [140, 0.00000238896],
    [160, 0.0000016714]
  ]
}