{
  "reaction": {
    "lhs": [
      { "state": { "particle": "e", "charge": -1 }, "count": 1 },
      {
        "state": {
          "particle": "H2",
          "charge": 0,
          "descriptor": { "type": 1, "accuracy": 2, "e": "X", "Lambda": 0, "S": 0, "parity": "g", "v": 3 }
        },
        "count": 1
      }
    ],
    "rhs": [
      { "state": { "particle": "e", "charge": -1 }, "count": 1 },
      {
        "state": {
          "particle": "H2",
          "charge": 0,
          "descriptor": {
            "type": 1,
            "accuracy": 2,
            "e": "H",
            "Lambda": 0,
            "S": 0,
            "parity": "g",
            "v": 30
          }
        },
        "count": 1
      }
    ],
    "type_tags": ["Electronic", "Vibrational"],
    "reversible": false
  },
  "threshold": 14.4498,
  "data": [
    [14.4498, 0],
    [15, 0.0000287832],
    [16, 0.0000417461],
    [17, 0.000036992],
    [18, 0.0000275298],
    [19, 0.0000222703],
    [20, 0.0000213572],
    [22, 0.0000232801],
    [25, 0.0000243882],
    [30, 0.0000220131],
    [40, 0.0000232746],
    [50, 0.000023292],
    [60, 0.0000208433],
    [70, 0.0000193041],
    [80, 0.0000202782],
    [100, 0.0000185285],
    [120, 0.0000179221],
    [140, 0.0000171194],
    [160, 0.0000159354]
  ]
}