{
  "reaction": {
    "lhs": [
      { "state": { "particle": "e", "charge": -1 }, "count": 1 },
      {
        "state": {
          "particle": "H2",
          "charge": 0,
          "descriptor": { "type": 1, "accuracy": 2, "e": "X", "Lambda": 0, "S": 0, "parity": "g", "v": 3 }
        },
        "count": 1
      }
    ],
    "rhs": [
      { "state": { "particle": "e", "charge": -1 }, "count": 1 },
      {
        "state": {
          "particle": "H2",
          "charge": 0,
          "descriptor": {
            "type": 1,
            "accuracy": 2,
            "e": "C",
            "Lambda": 1,
            "S": 0,
            "parity": "u",
            "v": 11
          }
        },
        "count": 1
      }
    ],
    "type_tags": ["Electronic", "Vibrational"],
    "reversible": false
  },
  "threshold": 13.0653,
  "data": [
    [13.0653, 0],
    [14, 0.000542643],
    [15, 0.000928709],
    [16, 0.00124969],
    [17, 0.00153517],
    [18, 0.0018049],
    [19, 0.00206615],
    [20, 0.00232024],
    [22, 0.00279672],
    [25, 0.00338796],
    [30, 0.00405228],
    [40, 0.00474497],
    [50, 0.00513371],
    [60, 0.0053681],
    [70, 0.0054286],
    [80, 0.0053517],
    [100, 0.00511364],
    [120, 0.00481861],
    [140, 0.00453661],
    [160, 0.00428482]
  ]
}