{
  "reaction": {
    "lhs": [
      { "state": { "particle": "e", "charge": -1 }, "count": 1 },
      {
        "state": {
          "particle": "H2",
          "charge": 0,
          "descriptor": { "type": 1, "accuracy": 2, "e": "X", "Lambda": 0, "S": 0, "parity": "g", "v": 3 }
        },
        "count": 1
      }
    ],
    "rhs": [
      { "state": { "particle": "e", "charge": -1 }, "count": 1 },
      {
        "state": {
          "particle": "H2",
          "charge": 0,
          "descriptor": { "type": 1, "accuracy": 2, "e": "J", "Lambda": 2, "S": 0, "parity": "g", "v": 8 }
        },
        "count": 1
      }
    ],
    "type_tags": ["Electronic", "Vibrational"],
    "reversible": false
  },
  "threshold": 14.2561,
  "data": [
    [14.2561, 0],
    [15, 0.0001253],
    [16, 0.000285147],
    [17, 0.000115797],
    [18, 0.000135815],
    [19, 0.000165515],
    [20, 0.000185711],
    [22, 0.000202986],
    [25, 0.00020891],
    [30, 0.00022889],
    [40, 0.000183661],
    [50, 0.000175288],
    [60, 0.000157871],
    [70, 0.000130811],
    [80, 0.00010533],
    [100, 0.0000867458],
    [120, 0.0000739721],
    [140, 0.0000639773],
    [160, 0.0000562775]
  ]
}