{
  "reaction": {
    "lhs": [
      { "state": { "particle": "e", "charge": -1 }, "count": 1 },
      {
        "state": {
          "particle": "H2",
          "charge": 0,
          "descriptor": { "type": 1, "accuracy": 2, "e": "X", "Lambda": 0, "S": 0, "parity": "g", "v": 3 }
        },
        "count": 1
      }
    ],
    "rhs": [
      { "state": { "particle": "e", "charge": -1 }, "count": 1 },
      {
        "state": {
          "particle": "H2",
          "charge": 0,
          "descriptor": { "type": 1, "accuracy": 2, "e": "i", "Lambda": 1, "S": 1, "parity": "g", "v": 3 }
        },
        "count": 1
      }
    ],
    "type_tags": ["Electronic", "Vibrational"],
    "reversible": false
  },
  "threshold": 13.1524,
  "data": [
    [13.1524, 0],
    [14, 0.000574046],
    [15, 0.000521035],
    [16, 0.000411717],
    [17, 0.000320664],
    [18, 0.000276791],
    [19, 0.000251183],
    [20, 0.000231672],
    [22, 0.000196837],
    [25, 0.000161878],
    [30, 0.000117945],
    [40, 0.0000281946],
    [50, 0.0000272332],
    [60, 0.000027093],
    [70, 0.0000241346],
    [80, 0.0000190988],
    [100, 0.00000849423],
    [120, 0.00000176675],
    [140, 0.0000012537],
    [160, 8.56269e-7]
  ]
}