{
  "reaction": {
    "lhs": [
      { "state": { "particle": "e", "charge": -1 }, "count": 1 },
      {
        "state": {
          "particle": "H2",
          "charge": 0,
          "descriptor": { "type": 1, "accuracy": 2, "e": "X", "Lambda": 0, "S": 0, "parity": "g", "v": 3 }
        },
        "count": 1
      }
    ],
    "rhs": [
      { "state": { "particle": "e", "charge": -1 }, "count": 1 },
      {
        "state": {
          "particle": "H2",
          "charge": 0,
          "descriptor": { "type": 1, "accuracy": 2, "e": "c", "Lambda": 1, "S": 1, "parity": "u", "v": 7 }
        },
        "count": 1
      }
    ],
    "type_tags": ["Electronic", "Vibrational"],
    "reversible": false
  },
  "threshold": 12.0352,
  "data": [
    [12.0352, 0],
    [13, 0.00558586],
    [14, 0.0102791],
    [15, 0.00897974],
    [16, 0.00856454],
    [17, 0.00845656],
    [18, 0.00808155],
    [19, 0.00745975],
    [20, 0.00688136],
    [22, 0.00597148],
    [25, 0.0046818],
    [30, 0.00293304],
    [40, 0.00128883],
    [50, 0.000714222],
    [60, 0.000526358],
    [70, 0.000389068],
    [80, 0.000331894],
    [100, 0.000177877],
    [120, 0.0000887948],
    [140, 0.0000638747],
    [160, 0.0000448205]
  ]
}