{
  "reaction": {
    "lhs": [
      { "state": { "particle": "e", "charge": -1 }, "count": 1 },
      {
        "state": {
          "particle": "H2",
          "charge": 0,
          "descriptor": { "type": 1, "accuracy": 2, "e": "X", "Lambda": 0, "S": 0, "parity": "g", "v": 3 }
        },
        "count": 1
      }
    ],
    "rhs": [
      { "state": { "particle": "e", "charge": -1 }, "count": 1 },
      {
        "state": {
          "particle": "H2",
          "charge": 0,
          "descriptor": {
            "type": 1,
            "accuracy": 2,
            "e": "EF",
            "Lambda": 0,
            "S": 0,
            "parity": "g",
            "v": 5
          }
        },
        "count": 1
      }
    ],
    "type_tags": ["Electronic", "Vibrational"],
    "reversible": false
  },
  "threshold": 11.2823,
  "data": [
    [11.2823, 0],
    [12, 0.0000657358],
    [13, 0.000105597],
    [14, 0.000106523],
    [15, 0.000119733],
    [16, 0.000121965],
    [17, 0.00012261],
    [18, 0.000134529],
    [19, 0.00014035],
    [20, 0.000144441],
    [22, 0.000152984],
    [25, 0.000159635],
    [30, 0.00016226],
    [40, 0.000159221],
    [50, 0.000155008],
    [60, 0.000151784],
    [70, 0.000150496],
    [80, 0.000149422],
    [100, 0.000134123],
    [120, 0.000110791],
    [140, 0.0000927293],
    [160, 0.0000793681]
  ]
}