{
  "reaction": {
    "lhs": [
      { "state": { "particle": "e", "charge": -1 }, "count": 1 },
      {
        "state": {
          "particle": "H2",
          "charge": 0,
          "descriptor": { "type": 1, "accuracy": 2, "e": "X", "Lambda": 0, "S": 0, "parity": "g", "v": 3 }
        },
        "count": 1
      }
    ],
    "rhs": [
      { "state": { "particle": "e", "charge": -1 }, "count": 1 },
      {
        "state": {
          "particle": "H2",
          "charge": 0,
          "descriptor": { "type": 1, "accuracy": 2, "e": "g", "Lambda": 0, "S": 1, "parity": "g", "v": 2 }
        },
        "count": 1
      }
    ],
    "type_tags": ["Electronic", "Vibrational"],
    "reversible": false
  },
  "threshold": 12.9862,
  "data": [
    [12.9862, 0],
    [13, 0.00197246],
    [14, 0.00475921],
    [15, 0.00531762],
    [16, 0.00467175],
    [17, 0.0037426],
    [18, 0.0032794],
    [19, 0.0029635],
    [20, 0.00270582],
    [22, 0.00223303],
    [25, 0.00166721],
    [30, 0.000996384],
    [40, 0.000482672],
    [50, 0.000364725],
    [60, 0.000338718],
    [70, 0.000235543],
    [80, 0.000127357],
    [100, 0.0000830377],
    [120, 0.000073618],
    [140, 0.0000639104],
    [160, 0.0000550109]
  ]
}