{
  "reaction": {
    "lhs": [
      { "state": { "particle": "e", "charge": -1 }, "count": 1 },
      {
        "state": {
          "particle": "H2",
          "charge": 0,
          "descriptor": { "type": 1, "accuracy": 2, "e": "X", "Lambda": 0, "S": 0, "parity": "g", "v": 1 }
        },
        "count": 1
      }
    ],
    "rhs": [
      { "state": { "particle": "e", "charge": -1 }, "count": 1 },
      {
        "state": {
          "particle": "H2",
          "charge": 0,
          "descriptor": { "type": 1, "accuracy": 2, "e": "J", "Lambda": 2, "S": 0, "parity": "g", "v": 0 }
        },
        "count": 1
      }
    ],
    "type_tags": ["Electronic", "Vibrational"],
    "reversible": false
  },
  "threshold": 13.4223,
  "data": [
    [13.4223, 0],
    [14, 0.00318137],
    [15, 0.00451255],
    [16, 0.00441453],
    [17, 0.00406408],
    [18, 0.00445863],
    [19, 0.00498603],
    [20, 0.00532713],
    [22, 0.00560802],
    [25, 0.00593915],
    [30, 0.00587577],
    [40, 0.00476471],
    [50, 0.00387842],
    [60, 0.00331308],
    [70, 0.0030475],
    [80, 0.00266118],
    [100, 0.00222639],
    [120, 0.00191765],
    [140, 0.00164933],
    [160, 0.00144387]
  ]
}