{
  "reaction": {
    "lhs": [
      { "state": { "particle": "e", "charge": -1 }, "count": 1 },
      {
        "state": {
          "particle": "H2",
          "charge": 0,
          "descriptor": { "type": 1, "accuracy": 2, "e": "X", "Lambda": 0, "S": 0, "parity": "g", "v": 1 }
        },
        "count": 1
      }
    ],
    "rhs": [
      { "state": { "particle": "e", "charge": -1 }, "count": 1 },
      {
        "state": {
          "particle": "H2",
          "charge": 0,
          "descriptor": {
            "type": 1,
            "accuracy": 2,
            "e": "D",
            "Lambda": 1,
            "S": 0,
            "parity": "u",
            "v": 15
          }
        },
        "count": 1
      }
    ],
    "type_tags": ["Electronic", "Vibrational"],
    "reversible": false
  },
  "threshold": 16.005,
  "data": [
    [16.005, 0],
    [17, 0.000149445],
    [18, 0.000228459],
    [19, 0.000283842],
    [20, 0.000326832],
    [22, 0.000417471],
    [25, 0.000570966],
    [30, 0.000781805],
    [40, 0.00109359],
    [50, 0.00127054],
    [60, 0.00136844],
    [70, 0.00141373],
    [80, 0.00143032],
    [100, 0.00141387],
    [120, 0.00136517],
    [140, 0.00131264],
    [160, 0.00126165]
  ]
}