{
  "reaction": {
    "lhs": [
      { "state": { "particle": "e", "charge": -1 }, "count": 1 },
      {
        "state": {
          "particle": "H2",
          "charge": 0,
          "descriptor": { "type": 1, "accuracy": 2, "e": "X", "Lambda": 0, "S": 0, "parity": "g", "v": 1 }
        },
        "count": 1
      }
    ],
    "rhs": [
      { "state": { "particle": "e", "charge": -1 }, "count": 1 },
      {
        "state": {
          "particle": "H2",
          "charge": 0,
          "descriptor": {
            "type": 1,
            "accuracy": 2,
            "e": "g",
            "Lambda": 0,
            "S": 1,
            "parity": "g",
            "v": 16
          }
        },
        "count": 1
      }
    ],
    "type_tags": ["Electronic", "Vibrational"],
    "reversible": false
  },
  "threshold": 16.0127,
  "data": [
    [16.0127, 0],
    [17, 0.0000550753],
    [18, 0.0000598312],
    [19, 0.0000615855],
    [20, 0.0000618372],
    [22, 0.000058719],
    [25, 0.0000461311],
    [30, 0.0000242327],
    [40, 0.0000122983],
    [50, 0.00000595384],
    [60, 0.00000318291],
    [70, 0.0000025628],
    [80, 0.00000244788],
    [100, 0.00000186445],
    [120, 0.00000117868],
    [140, 8.44548e-7],
    [160, 5.96068e-7]
  ]
}