{
  "reaction": {
    "lhs": [
      { "state": { "particle": "e", "charge": -1 }, "count": 1 },
      {
        "state": {
          "particle": "H2",
          "charge": 0,
          "descriptor": { "type": 1, "accuracy": 2, "e": "X", "Lambda": 0, "S": 0, "parity": "g", "v": 1 }
        },
        "count": 1
      }
    ],
    "rhs": [
      { "state": { "particle": "e", "charge": -1 }, "count": 1 },
      {
        "state": {
          "particle": "H2",
          "charge": 0,
          "descriptor": {
            "type": 1,
            "accuracy": 2,
            "e": "c",
            "Lambda": 1,
            "S": 1,
            "parity": "u",
            "v": 15
          }
        },
        "count": 1
      }
    ],
    "type_tags": ["Electronic", "Vibrational"],
    "reversible": false
  },
  "threshold": 14.0611,
  "data": [
    [14.0611, 0],
    [15, 0.00197759],
    [16, 0.00240406],
    [17, 0.00283054],
    [18, 0.00281218],
    [19, 0.00276282],
    [20, 0.00269106],
    [22, 0.00250926],
    [25, 0.00217467],
    [30, 0.00155418],
    [40, 0.000256516],
    [50, 0.000108832],
    [60, 0.0000825832],
    [70, 0.0000706165],
    [80, 0.000062061],
    [100, 0.000036215],
    [120, 0.0000181174],
    [140, 0.0000130299],
    [160, 0.00000914908]
  ]
}