{
  "reaction": {
    "lhs": [
      { "state": { "particle": "e", "charge": -1 }, "count": 1 },
      {
        "state": {
          "particle": "H2",
          "charge": 0,
          "descriptor": { "type": 1, "accuracy": 2, "e": "X", "Lambda": 0, "S": 0, "parity": "g", "v": 1 }
        },
        "count": 1
      }
    ],
    "rhs": [
      { "state": { "particle": "e", "charge": -1 }, "count": 1 },
      {
        "state": {
          "particle": "H2",
          "charge": 0,
          "descriptor": { "type": 1, "accuracy": 2, "e": "c", "Lambda": 1, "S": 1, "parity": "u", "v": 7 }
        },
        "count": 1
      }
    ],
    "type_tags": ["Electronic", "Vibrational"],
    "reversible": false
  },
  "threshold": 12.9803,
  "data": [
    [12.9803, 0],
    [13, 0.000422356],
    [14, 0.0230872],
    [15, 0.029748],
    [16, 0.0284156],
    [17, 0.026404],
    [18, 0.0252449],
    [19, 0.0242949],
    [20, 0.02327],
    [22, 0.0207608],
    [25, 0.0166171],
    [30, 0.0105773],
    [40, 0.00503552],
    [50, 0.00274396],
    [60, 0.00181586],
    [70, 0.00135409],
    [80, 0.00124098],
    [100, 0.000744849],
    [120, 0.000345508],
    [140, 0.000248515],
    [160, 0.000174429]
  ]
}