{
  "reaction": {
    "lhs": [
      { "state": { "particle": "e", "charge": -1 }, "count": 1 },
      {
        "state": {
          "particle": "H2",
          "charge": 0,
          "descriptor": { "type": 1, "accuracy": 2, "e": "X", "Lambda": 0, "S": 0, "parity": "g", "v": 1 }
        },
        "count": 1
      }
    ],
    "rhs": [
      { "state": { "particle": "e", "charge": -1 }, "count": 1 },
      {
        "state": {
          "particle": "H2",
          "charge": 0,
          "descriptor": {
            "type": 1,
            "accuracy": 2,
            "e": "H",
            "Lambda": 0,
            "S": 0,
            "parity": "g",
            "v": 48
          }
        },
        "count": 1
      }
    ],
    "type_tags": ["Electronic", "Vibrational"],
    "reversible": false
  },
  "threshold": 15.8691,
  "data": [
    [15.8691, 0],
    [16, 0.0000820957],
    [17, 0.00014398],
    [18, 0.000169997],
    [19, 0.000157731],
    [20, 0.000135861],
    [22, 0.000117659],
    [25, 0.000111318],
    [30, 0.000113272],
    [40, 0.00011378],
    [50, 0.000108475],
    [60, 0.000101895],
    [70, 0.0000966614],
    [80, 0.0000940465],
    [100, 0.0000881802],
    [120, 0.0000847612],
    [140, 0.0000793812],
    [160, 0.0000737674]
  ]
}