{
  "reaction": {
    "lhs": [
      { "state": { "particle": "e", "charge": -1 }, "count": 1 },
      {
        "state": {
          "particle": "H2",
          "charge": 0,
          "descriptor": { "type": 1, "accuracy": 2, "e": "X", "Lambda": 0, "S": 0, "parity": "g", "v": 1 }
        },
        "count": 1
      }
    ],
    "rhs": [
      { "state": { "particle": "e", "charge": -1 }, "count": 1 },
      {
        "state": {
          "particle": "H2",
          "charge": 0,
          "descriptor": {
            "type": 1,
            "accuracy": 2,
            "e": "c",
            "Lambda": 1,
            "S": 1,
            "parity": "u",
            "v": 12
          }
        },
        "count": 1
      }
    ],
    "type_tags": ["Electronic", "Vibrational"],
    "reversible": false
  },
  "threshold": 13.7814,
  "data": [
    [13.7814, 0],
    [14, 0.0046357],
    [15, 0.0050504],
    [16, 0.00522982],
    [17, 0.00539708],
    [18, 0.00536551],
    [19, 0.005278],
    [20, 0.00514532],
    [22, 0.00478156],
    [25, 0.00408743],
    [30, 0.00295126],
    [40, 0.00148574],
    [50, 0.0007863],
    [60, 0.000486136],
    [70, 0.000383967],
    [80, 0.000362462],
    [100, 0.00022961],
    [120, 0.000103173],
    [140, 0.0000742106],
    [160, 0.0000521016]
  ]
}