{
  "reaction": {
    "lhs": [
      { "state": { "particle": "e", "charge": -1 }, "count": 1 },
      {
        "state": {
          "particle": "H2",
          "charge": 0,
          "descriptor": { "type": 1, "accuracy": 2, "e": "X", "Lambda": 0, "S": 0, "parity": "g", "v": 1 }
        },
        "count": 1
      }
    ],
    "rhs": [
      { "state": { "particle": "e", "charge": -1 }, "count": 1 },
      {
        "state": {
          "particle": "H2",
          "charge": 0,
          "descriptor": {
            "type": 1,
            "accuracy": 2,
            "e": "Bp",
            "Lambda": 0,
            "S": 0,
            "parity": "u",
            "v": 2
          }
        },
        "count": 1
      }
    ],
    "type_tags": ["Electronic", "Vibrational"],
    "reversible": false
  },
  "threshold": 13.627,
  "data": [
    [13.627, 0],
    [14, 0.00266098],
    [15, 0.00577022],
    [16, 0.00780475],
    [17, 0.00911351],
    [18, 0.0103117],
    [19, 0.0115578],
    [20, 0.0127356],
    [22, 0.0147312],
    [25, 0.0169904],
    [30, 0.0194412],
    [40, 0.0221344],
    [50, 0.0231459],
    [60, 0.0235064],
    [70, 0.0235519],
    [80, 0.0233641],
    [100, 0.0224266],
    [120, 0.0207695],
    [140, 0.0191842],
    [160, 0.0178558]
  ]
}