{
  "reaction": {
    "lhs": [
      { "state": { "particle": "e", "charge": -1 }, "count": 1 },
      {
        "state": {
          "particle": "H2",
          "charge": 0,
          "descriptor": { "type": 1, "accuracy": 2, "e": "X", "Lambda": 0, "S": 0, "parity": "g", "v": 1 }
        },
        "count": 1
      }
    ],
    "rhs": [
      { "state": { "particle": "e", "charge": -1 }, "count": 1 },
      {
        "state": {
          "particle": "H2",
          "charge": 0,
          "descriptor": { "type": 1, "accuracy": 2, "e": "e", "Lambda": 0, "S": 1, "parity": "u", "v": 5 }
        },
        "count": 1
      }
    ],
    "type_tags": ["Electronic", "Vibrational"],
    "reversible": false
  },
  "threshold": 13.8161,
  "data": [
    [13.8161, 0],
    [14, 0.000706582],
    [15, 0.00050027],
    [16, 0.000356631],
    [17, 0.000290758],
    [18, 0.000320104],
    [19, 0.000374604],
    [20, 0.00040395],
    [22, 0.0003851],
    [25, 0.000309234],
    [30, 0.000179044],
    [40, 0.00012016],
    [50, 0.0000726782],
    [60, 0.0000375871],
    [70, 0.0000234289],
    [80, 0.0000189449],
    [100, 0.0000114581],
    [120, 0.00000858742],
    [140, 0.00000623794],
    [160, 0.00000447986]
  ]
}