{
  "reaction": {
    "lhs": [
      { "state": { "particle": "e", "charge": -1 }, "count": 1 },
      {
        "state": {
          "particle": "H2",
          "charge": 0,
          "descriptor": { "type": 1, "accuracy": 2, "e": "X", "Lambda": 0, "S": 0, "parity": "g", "v": 1 }
        },
        "count": 1
      }
    ],
    "rhs": [
      { "state": { "particle": "e", "charge": -1 }, "count": 1 },
      {
        "state": {
          "particle": "H2",
          "charge": 0,
          "descriptor": { "type": 1, "accuracy": 2, "e": "j", "Lambda": 2, "S": 1, "parity": "g", "v": 2 }
        },
        "count": 1
      }
    ],
    "type_tags": ["Electronic", "Vibrational"],
    "reversible": false
  },
  "threshold": 13.962,
  "data": [
    [13.962, 0],
    [14, 0.000149848],
    [15, 0.000718272],
    [16, 0.000770257],
    [17, 0.000777718],
    [18, 0.000712943],
    [19, 0.000580174],
    [20, 0.000471744],
    [22, 0.00036399],
    [25, 0.000269224],
    [30, 0.000182018],
    [40, 0.000084612],
    [50, 0.0000622011],
    [60, 0.0000572552],
    [70, 0.0000472813],
    [80, 0.0000358154],
    [100, 0.0000189064],
    [120, 0.0000091713],
    [140, 0.00000648452],
    [160, 0.00000442958]
  ]
}