{
  "reaction": {
    "lhs": [
      { "state": { "particle": "e", "charge": -1 }, "count": 1 },
      {
        "state": {
          "particle": "H2",
          "charge": 0,
          "descriptor": { "type": 1, "accuracy": 2, "e": "X", "Lambda": 0, "S": 0, "parity": "g", "v": 1 }
        },
        "count": 1
      }
    ],
    "rhs": [
      { "state": { "particle": "e", "charge": -1 }, "count": 1 },
      {
        "state": {
          "particle": "H2",
          "charge": 0,
          "descriptor": {
            "type": 1,
            "accuracy": 2,
            "e": "D",
            "Lambda": 1,
            "S": 0,
            "parity": "u",
            "v": 17
          }
        },
        "count": 1
      }
    ],
    "type_tags": ["Electronic", "Vibrational"],
    "reversible": false
  },
  "threshold": 16.0514,
  "data": [
    [16.0514, 0],
    [17, 0.0000172022],
    [18, 0.0000266186],
    [19, 0.0000332717],
    [20, 0.0000383605],
    [22, 0.0000489708],
    [25, 0.000067222],
    [30, 0.0000923958],
    [40, 0.000129592],
    [50, 0.000150701],
    [60, 0.000162403],
    [70, 0.000167871],
    [80, 0.000169876],
    [100, 0.000167972],
    [120, 0.000162241],
    [140, 0.000156043],
    [160, 0.000150016]
  ]
}