{
  "reaction": {
    "lhs": [
      { "state": { "particle": "e", "charge": -1 }, "count": 1 },
      {
        "state": {
          "particle": "H2",
          "charge": 0,
          "descriptor": { "type": 1, "accuracy": 2, "e": "X", "Lambda": 0, "S": 0, "parity": "g", "v": 1 }
        },
        "count": 1
      }
    ],
    "rhs": [
      { "state": { "particle": "e", "charge": -1 }, "count": 1 },
      {
        "state": {
          "particle": "H2",
          "charge": 0,
          "descriptor": { "type": 1, "accuracy": 2, "e": "j", "Lambda": 2, "S": 1, "parity": "g", "v": 7 }
        },
        "count": 1
      }
    ],
    "type_tags": ["Electronic", "Vibrational"],
    "reversible": false
  },
  "threshold": 15.0283,
  "data": [
    [15.0283, 0],
    [16, 0.000552983],
    [17, 0.000897694],
    [18, 0.000880321],
    [19, 0.000840665],
    [20, 0.000797418],
    [22, 0.000712165],
    [25, 0.000568508],
    [30, 0.000355426],
    [40, 0.0001478],
    [50, 0.0000968065],
    [60, 0.0000852264],
    [70, 0.000074165],
    [80, 0.0000645736],
    [100, 0.0000369683],
    [120, 0.000017514],
    [140, 0.0000123891],
    [160, 0.00000847496]
  ]
}