{
  "reaction": {
    "lhs": [
      { "state": { "particle": "e", "charge": -1 }, "count": 1 },
      {
        "state": {
          "particle": "H2",
          "charge": 0,
          "descriptor": { "type": 1, "accuracy": 2, "e": "X", "Lambda": 0, "S": 0, "parity": "g", "v": 1 }
        },
        "count": 1
      }
    ],
    "rhs": [
      { "state": { "particle": "e", "charge": -1 }, "count": 1 },
      {
        "state": {
          "particle": "H2",
          "charge": 0,
          "descriptor": { "type": 1, "accuracy": 2, "e": "H", "Lambda": 0, "S": 0, "parity": "g", "v": 1 }
        },
        "count": 1
      }
    ],
    "type_tags": ["Electronic", "Vibrational"],
    "reversible": false
  },
  "threshold": 13.7699,
  "data": [
    [13.7699, 0],
    [14, 0.00259975],
    [15, 0.00532464],
    [16, 0.00681496],
    [17, 0.00689354],
    [18, 0.00649551],
    [19, 0.00616214],
    [20, 0.0059354],
    [22, 0.00556783],
    [25, 0.0054713],
    [30, 0.00586286],
    [40, 0.00532239],
    [50, 0.00490502],
    [60, 0.00505786],
    [70, 0.00541664],
    [80, 0.00561244],
    [100, 0.00501791],
    [120, 0.0045219],
    [140, 0.00410065],
    [160, 0.00372471]
  ]
}