{
  "reaction": {
    "lhs": [
      { "state": { "particle": "e", "charge": -1 }, "count": 1 },
      {
        "state": {
          "particle": "H2",
          "charge": 0,
          "descriptor": { "type": 1, "accuracy": 2, "e": "X", "Lambda": 0, "S": 0, "parity": "g", "v": 1 }
        },
        "count": 1
      }
    ],
    "rhs": [
      { "state": { "particle": "e", "charge": -1 }, "count": 1 },
      {
        "state": {
          "particle": "H2",
          "charge": 0,
          "descriptor": { "type": 1, "accuracy": 2, "e": "i", "Lambda": 1, "S": 1, "parity": "g", "v": 1 }
        },
        "count": 1
      }
    ],
    "type_tags": ["Electronic", "Vibrational"],
    "reversible": false
  },
  "threshold": 13.6263,
  "data": [
    [13.6263, 0],
    [14, 0.00402214],
    [15, 0.00418956],
    [16, 0.00436161],
    [17, 0.00452976],
    [18, 0.00426364],
    [19, 0.00371188],
    [20, 0.00324438],
    [22, 0.00271652],
    [25, 0.0021505],
    [30, 0.00148769],
    [40, 0.000651714],
    [50, 0.000462751],
    [60, 0.000421358],
    [70, 0.000341397],
    [80, 0.000249254],
    [100, 0.000101235],
    [120, 0.000021276],
    [140, 0.0000151052],
    [160, 0.000010323]
  ]
}