{
  "reaction": {
    "lhs": [
      { "state": { "particle": "e", "charge": -1 }, "count": 1 },
      {
        "state": {
          "particle": "H2",
          "charge": 0,
          "descriptor": { "type": 1, "accuracy": 2, "e": "X", "Lambda": 0, "S": 0, "parity": "g", "v": 1 }
        },
        "count": 1
      }
    ],
    "rhs": [
      { "state": { "particle": "e", "charge": -1 }, "count": 1 },
      {
        "state": {
          "particle": "H2",
          "charge": 0,
          "descriptor": { "type": 1, "accuracy": 2, "e": "j", "Lambda": 2, "S": 1, "parity": "g", "v": 9 }
        },
        "count": 1
      }
    ],
    "type_tags": ["Electronic", "Vibrational"],
    "reversible": false
  },
  "threshold": 15.3584,
  "data": [
    [15.3584, 0],
    [16, 0.000352669],
    [17, 0.000736644],
    [18, 0.000754087],
    [19, 0.000760515],
    [20, 0.000761434],
    [22, 0.00072105],
    [25, 0.000557919],
    [30, 0.000273268],
    [40, 0.000112343],
    [50, 0.0000651602],
    [60, 0.000056142],
    [70, 0.0000523516],
    [80, 0.0000516506],
    [100, 0.0000329147],
    [120, 0.0000126272],
    [140, 0.00000892607],
    [160, 0.00000609232]
  ]
}