{
  "reaction": {
    "lhs": [
      { "state": { "particle": "e", "charge": -1 }, "count": 1 },
      {
        "state": {
          "particle": "H2",
          "charge": 0,
          "descriptor": { "type": 1, "accuracy": 2, "e": "X", "Lambda": 0, "S": 0, "parity": "g", "v": 1 }
        },
        "count": 1
      }
    ],
    "rhs": [
      { "state": { "particle": "e", "charge": -1 }, "count": 1 },
      {
        "state": {
          "particle": "H2",
          "charge": 0,
          "descriptor": { "type": 1, "accuracy": 2, "e": "I", "Lambda": 1, "S": 0, "parity": "g", "v": 3 }
        },
        "count": 1
      }
    ],
    "type_tags": ["Electronic", "Vibrational"],
    "reversible": false
  },
  "threshold": 14.0883,
  "data": [
    [14.0883, 0],
    [15, 0.000119982],
    [16, 0.0000633474],
    [17, 0.0000299671],
    [18, 0.0000169851],
    [19, 0.00000985303],
    [20, 0.00000926104],
    [22, 0.000021342],
    [25, 0.000028435],
    [30, 0.0000459909],
    [40, 0.00002968],
    [50, 0.00000703402],
    [60, 0.0000121277],
    [70, 0.0000172213],
    [80, 0.0000162996],
    [100, 0.0000134113],
    [120, 0.000011472],
    [140, 0.0000100435],
    [160, 0.00000891739]
  ]
}