{
  "reaction": {
    "lhs": [
      { "state": { "particle": "e", "charge": -1 }, "count": 1 },
      {
        "state": {
          "particle": "H2",
          "charge": 0,
          "descriptor": { "type": 1, "accuracy": 2, "e": "X", "Lambda": 0, "S": 0, "parity": "g", "v": 1 }
        },
        "count": 1
      }
    ],
    "rhs": [
      { "state": { "particle": "e", "charge": -1 }, "count": 1 },
      {
        "state": {
          "particle": "H2",
          "charge": 0,
          "descriptor": {
            "type": 1,
            "accuracy": 2,
            "e": "EF",
            "Lambda": 0,
            "S": 0,
            "parity": "g",
            "v": 13
          }
        },
        "count": 1
      }
    ],
    "type_tags": ["Electronic", "Vibrational"],
    "reversible": false
  },
  "threshold": 12.895,
  "data": [
    [12.895, 0],
    [13, 0.00159155],
    [14, 0.00470571],
    [15, 0.0046307],
    [16, 0.00444866],
    [17, 0.00422404],
    [18, 0.00402131],
    [19, 0.00390493],
    [20, 0.00388759],
    [22, 0.00389711],
    [25, 0.00401279],
    [30, 0.00401758],
    [40, 0.00403131],
    [50, 0.0039476],
    [60, 0.00380291],
    [70, 0.00366078],
    [80, 0.00353491],
    [100, 0.00321483],
    [120, 0.00286236],
    [140, 0.00260329],
    [160, 0.00236456]
  ]
}