{
  "reaction": {
    "lhs": [
      { "state": { "particle": "e", "charge": -1 }, "count": 1 },
      {
        "state": {
          "particle": "H2",
          "charge": 0,
          "descriptor": { "type": 1, "accuracy": 2, "e": "X", "Lambda": 0, "S": 0, "parity": "g", "v": 1 }
        },
        "count": 1
      }
    ],
    "rhs": [
      { "state": { "particle": "e", "charge": -1 }, "count": 1 },
      {
        "state": {
          "particle": "H2",
          "charge": 0,
          "descriptor": {
            "type": 1,
            "accuracy": 2,
            "e": "D",
            "Lambda": 1,
            "S": 0,
            "parity": "u",
            "v": 16
          }
        },
        "count": 1
      }
    ],
    "type_tags": ["Electronic", "Vibrational"],
    "reversible": false
  },
  "threshold": 16.0383,
  "data": [
    [16.0383, 0],
    [17, 0.0000728999],
    [18, 0.000112313],
    [19, 0.000140078],
    [20, 0.000161534],
    [22, 0.000206553],
    [25, 0.000282763],
    [30, 0.000388058],
    [40, 0.00054409],
    [50, 0.000632608],
    [60, 0.000681658],
    [70, 0.000704532],
    [80, 0.000712923],
    [100, 0.000704873],
    [120, 0.000680797],
    [140, 0.000654777],
    [160, 0.000629469]
  ]
}