{
  "reaction": {
    "lhs": [
      { "state": { "particle": "e", "charge": -1 }, "count": 1 },
      {
        "state": {
          "particle": "H2",
          "charge": 0,
          "descriptor": { "type": 1, "accuracy": 2, "e": "X", "Lambda": 0, "S": 0, "parity": "g", "v": 1 }
        },
        "count": 1
      }
    ],
    "rhs": [
      { "state": { "particle": "e", "charge": -1 }, "count": 1 },
      {
        "state": {
          "particle": "H2",
          "charge": 0,
          "descriptor": { "type": 1, "accuracy": 2, "e": "d", "Lambda": 1, "S": 1, "parity": "u", "v": 3 }
        },
        "count": 1
      }
    ],
    "type_tags": ["Electronic", "Vibrational"],
    "reversible": false
  },
  "threshold": 14.1278,
  "data": [
    [14.1278, 0],
    [15, 3.1868e-9],
    [16, 3.04043e-8],
    [17, 1.9861e-7],
    [18, 0.00000969135],
    [19, 0.0000270138],
    [20, 0.0000363113],
    [22, 0.0000328841],
    [25, 0.0000198345],
    [30, 0.00000335774],
    [40, 0.00000746993],
    [50, 0.00000553287],
    [60, 0.00000284158],
    [70, 0.0000018799],
    [80, 0.00000143614],
    [100, 7.52136e-7],
    [120, 4.66099e-7],
    [140, 3.34215e-7],
    [160, 2.33966e-7]
  ]
}