{
  "reaction": {
    "lhs": [
      { "state": { "particle": "e", "charge": -1 }, "count": 1 },
      {
        "state": {
          "particle": "H2",
          "charge": 0,
          "descriptor": { "type": 1, "accuracy": 2, "e": "X", "Lambda": 0, "S": 0, "parity": "g", "v": 1 }
        },
        "count": 1
      }
    ],
    "rhs": [
      { "state": { "particle": "e", "charge": -1 }, "count": 1 },
      {
        "state": {
          "particle": "H2",
          "charge": 0,
          "descriptor": { "type": 1, "accuracy": 2, "e": "H", "Lambda": 0, "S": 0, "parity": "g", "v": 2 }
        },
        "count": 1
      }
    ],
    "type_tags": ["Electronic", "Vibrational"],
    "reversible": false
  },
  "threshold": 14.019,
  "data": [
    [14.019, 0],
    [15, 0.00110747],
    [16, 0.00139079],
    [17, 0.00127045],
    [18, 0.00101908],
    [19, 0.000826307],
    [20, 0.000725517],
    [22, 0.000673833],
    [25, 0.000708659],
    [30, 0.000814974],
    [40, 0.000733177],
    [50, 0.000655663],
    [60, 0.000683748],
    [70, 0.000767463],
    [80, 0.000843515],
    [100, 0.000779237],
    [120, 0.000711954],
    [140, 0.000656153],
    [160, 0.000597376]
  ]
}