{
  "reaction": {
    "lhs": [
      { "state": { "particle": "e", "charge": -1 }, "count": 1 },
      {
        "state": {
          "particle": "H2",
          "charge": 0,
          "descriptor": { "type": 1, "accuracy": 2, "e": "X", "Lambda": 0, "S": 0, "parity": "g", "v": 1 }
        },
        "count": 1
      }
    ],
    "rhs": [
      { "state": { "particle": "e", "charge": -1 }, "count": 1 },
      {
        "state": {
          "particle": "H2",
          "charge": 0,
          "descriptor": {
            "type": 1,
            "accuracy": 2,
            "e": "J",
            "Lambda": 2,
            "S": 0,
            "parity": "g",
            "v": 16
          }
        },
        "count": 1
      }
    ],
    "type_tags": ["Electronic", "Vibrational"],
    "reversible": false
  },
  "threshold": 15.9892,
  "data": [
    [15.9892, 0],
    [16, 0.0000113272],
    [17, 0.0000510745],
    [18, 0.0000550372],
    [19, 0.0000411528],
    [20, 0.0000357349],
    [22, 0.000033374],
    [25, 0.0000360374],
    [30, 0.0000468363],
    [40, 0.0000407638],
    [50, 0.0000371683],
    [60, 0.0000324249],
    [70, 0.0000278382],
    [80, 0.0000248698],
    [100, 0.0000200157],
    [120, 0.0000164116],
    [140, 0.0000141608],
    [160, 0.0000125422]
  ]
}