{
  "reaction": {
    "lhs": [
      { "state": { "particle": "e", "charge": -1 }, "count": 1 },
      {
        "state": {
          "particle": "H2",
          "charge": 0,
          "descriptor": { "type": 1, "accuracy": 2, "e": "X", "Lambda": 0, "S": 0, "parity": "g", "v": 1 }
        },
        "count": 1
      }
    ],
    "rhs": [
      { "state": { "particle": "e", "charge": -1 }, "count": 1 },
      {
        "state": {
          "particle": "H2",
          "charge": 0,
          "descriptor": {
            "type": 1,
            "accuracy": 2,
            "e": "H",
            "Lambda": 0,
            "S": 0,
            "parity": "g",
            "v": 25
          }
        },
        "count": 1
      }
    ],
    "type_tags": ["Electronic", "Vibrational"],
    "reversible": false
  },
  "threshold": 15.287,
  "data": [
    [15.287, 0],
    [16, 0.0000077568],
    [17, 0.0000112594],
    [18, 0.000012202],
    [19, 0.0000111663],
    [20, 0.00000975605],
    [22, 0.00000825526],
    [25, 0.0000076498],
    [30, 0.00000816884],
    [40, 0.00000805746],
    [50, 0.0000075615],
    [60, 0.00000734372],
    [70, 0.0000073323],
    [80, 0.00000738275],
    [100, 0.00000687782],
    [120, 0.00000648164],
    [140, 0.00000603631],
    [160, 0.00000558701]
  ]
}