{
  "reaction": {
    "lhs": [
      { "state": { "particle": "e", "charge": -1 }, "count": 1 },
      {
        "state": {
          "particle": "H2",
          "charge": 0,
          "descriptor": { "type": 1, "accuracy": 2, "e": "X", "Lambda": 0, "S": 0, "parity": "g", "v": 1 }
        },
        "count": 1
      }
    ],
    "rhs": [
      { "state": { "particle": "e", "charge": -1 }, "count": 1 },
      {
        "state": {
          "particle": "H2",
          "charge": 0,
          "descriptor": {
            "type": 1,
            "accuracy": 2,
            "e": "C",
            "Lambda": 1,
            "S": 0,
            "parity": "u",
            "v": 11
          }
        },
        "count": 1
      }
    ],
    "type_tags": ["Electronic", "Vibrational"],
    "reversible": false
  },
  "threshold": 14.0104,
  "data": [
    [14.0104, 0],
    [15, 0.00225522],
    [16, 0.00377927],
    [17, 0.00502373],
    [18, 0.00612587],
    [19, 0.00716171],
    [20, 0.00814461],
    [22, 0.00993206],
    [25, 0.0122093],
    [30, 0.0151579],
    [40, 0.0190514],
    [50, 0.0209596],
    [60, 0.0218543],
    [70, 0.0221743],
    [80, 0.0221402],
    [100, 0.0214715],
    [120, 0.0204578],
    [140, 0.0194583],
    [160, 0.0185346]
  ]
}