{
  "reaction": {
    "lhs": [
      { "state": { "particle": "e", "charge": -1 }, "count": 1 },
      {
        "state": {
          "particle": "H2",
          "charge": 0,
          "descriptor": { "type": 1, "accuracy": 2, "e": "X", "Lambda": 0, "S": 0, "parity": "g", "v": 1 }
        },
        "count": 1
      }
    ],
    "rhs": [
      { "state": { "particle": "e", "charge": -1 }, "count": 1 },
      {
        "state": {
          "particle": "H2",
          "charge": 0,
          "descriptor": { "type": 1, "accuracy": 2, "e": "h", "Lambda": 0, "S": 1, "parity": "g", "v": 2 }
        },
        "count": 1
      }
    ],
    "type_tags": ["Electronic", "Vibrational"],
    "reversible": false
  },
  "threshold": 13.8125,
  "data": [
    [13.8125, 0],
    [14, 0.00412672],
    [15, 0.00412225],
    [16, 0.00409133],
    [17, 0.00400775],
    [18, 0.00362767],
    [19, 0.00296069],
    [20, 0.0023607],
    [22, 0.00166561],
    [25, 0.00118179],
    [30, 0.000806915],
    [40, 0.000367291],
    [50, 0.000161704],
    [60, 0.00010942],
    [70, 0.0000804512],
    [80, 0.0000741214],
    [100, 0.000056529],
    [120, 0.0000408882],
    [140, 0.0000317224],
    [160, 0.0000248375]
  ]
}