{
  "reaction": {
    "lhs": [
      { "state": { "particle": "e", "charge": -1 }, "count": 1 },
      {
        "state": {
          "particle": "H2",
          "charge": 0,
          "descriptor": { "type": 1, "accuracy": 2, "e": "X", "Lambda": 0, "S": 0, "parity": "g", "v": 1 }
        },
        "count": 1
      }
    ],
    "rhs": [
      { "state": { "particle": "e", "charge": -1 }, "count": 1 },
      {
        "state": {
          "particle": "H2",
          "charge": 0,
          "descriptor": { "type": 1, "accuracy": 2, "e": "g", "Lambda": 0, "S": 1, "parity": "g", "v": 9 }
        },
        "count": 1
      }
    ],
    "type_tags": ["Electronic", "Vibrational"],
    "reversible": false
  },
  "threshold": 15.386,
  "data": [
    [15.386, 0],
    [16, 0.000251523],
    [17, 0.000535057],
    [18, 0.000499623],
    [19, 0.000426402],
    [20, 0.000365019],
    [22, 0.000296242],
    [25, 0.000222479],
    [30, 0.00015334],
    [40, 0.000121096],
    [50, 0.0000801813],
    [60, 0.0000379659],
    [70, 0.0000284927],
    [80, 0.0000264104],
    [100, 0.0000168991],
    [120, 0.0000083887],
    [140, 0.00000594083],
    [160, 0.00000408009]
  ]
}