{
  "reaction": {
    "lhs": [
      { "state": { "particle": "e", "charge": -1 }, "count": 1 },
      {
        "state": {
          "particle": "H2",
          "charge": 0,
          "descriptor": { "type": 1, "accuracy": 2, "e": "X", "Lambda": 0, "S": 0, "parity": "g", "v": 1 }
        },
        "count": 1
      }
    ],
    "rhs": [
      { "state": { "particle": "e", "charge": -1 }, "count": 1 },
      {
        "state": {
          "particle": "H2",
          "charge": 0,
          "descriptor": {
            "type": 1,
            "accuracy": 2,
            "e": "d",
            "Lambda": 1,
            "S": 1,
            "parity": "u",
            "v": 19
          }
        },
        "count": 1
      }
    ],
    "type_tags": ["Electronic", "Vibrational"],
    "reversible": false
  },
  "threshold": 16.051,
  "data": [
    [16.051, 0],
    [17, 0.0000215522],
    [18, 0.000022509],
    [19, 0.0000228616],
    [20, 0.000022912],
    [22, 0.0000222505],
    [25, 0.000019535],
    [30, 0.0000144525],
    [40, 0.00000926738],
    [50, 0.00000550671],
    [60, 0.00000321336],
    [70, 0.00000256484],
    [80, 0.00000242584],
    [100, 0.00000154595],
    [120, 7.05814e-7],
    [140, 5.06532e-7],
    [160, 3.54517e-7]
  ]
}