{
  "reaction": {
    "lhs": [
      { "state": { "particle": "e", "charge": -1 }, "count": 1 },
      {
        "state": {
          "particle": "H2",
          "charge": 0,
          "descriptor": { "type": 1, "accuracy": 2, "e": "X", "Lambda": 0, "S": 0, "parity": "g", "v": 1 }
        },
        "count": 1
      }
    ],
    "rhs": [
      { "state": { "particle": "e", "charge": -1 }, "count": 1 },
      {
        "state": {
          "particle": "H2",
          "charge": 0,
          "descriptor": {
            "type": 1,
            "accuracy": 2,
            "e": "B",
            "Lambda": 0,
            "S": 0,
            "parity": "u",
            "v": 20
          }
        },
        "count": 1
      }
    ],
    "type_tags": ["Electronic", "Vibrational"],
    "reversible": false
  },
  "threshold": 13.1889,
  "data": [
    [13.1889, 0],
    [14, 0.0034583],
    [15, 0.00596949],
    [16, 0.00778061],
    [17, 0.00921146],
    [18, 0.0105275],
    [19, 0.0118086],
    [20, 0.0130275],
    [22, 0.0151784],
    [25, 0.0178087],
    [30, 0.0209464],
    [40, 0.0244597],
    [50, 0.0259173],
    [60, 0.0263852],
    [70, 0.0262206],
    [80, 0.0257392],
    [100, 0.0245185],
    [120, 0.0231664],
    [140, 0.0218072],
    [160, 0.0204748]
  ]
}