{
  "reaction": {
    "lhs": [
      { "state": { "particle": "e", "charge": -1 }, "count": 1 },
      {
        "state": {
          "particle": "H2",
          "charge": 0,
          "descriptor": { "type": 1, "accuracy": 2, "e": "X", "Lambda": 0, "S": 0, "parity": "g", "v": 1 }
        },
        "count": 1
      }
    ],
    "rhs": [
      { "state": { "particle": "e", "charge": -1 }, "count": 1 },
      {
        "state": {
          "particle": "H2",
          "charge": 0,
          "descriptor": { "type": 1, "accuracy": 2, "e": "I", "Lambda": 1, "S": 0, "parity": "g", "v": 1 }
        },
        "count": 1
      }
    ],
    "type_tags": ["Electronic", "Vibrational"],
    "reversible": false
  },
  "threshold": 13.6257,
  "data": [
    [13.6257, 0],
    [14, 0.00120768],
    [15, 0.00308861],
    [16, 0.0032811],
    [17, 0.00327684],
    [18, 0.00346767],
    [19, 0.00363553],
    [20, 0.00396756],
    [22, 0.00468263],
    [25, 0.00542507],
    [30, 0.00436768],
    [40, 0.00346916],
    [50, 0.0027784],
    [60, 0.00254498],
    [70, 0.00242689],
    [80, 0.00219746],
    [100, 0.00181587],
    [120, 0.0015375],
    [140, 0.00133564],
    [160, 0.00118594]
  ]
}