{
  "reaction": {
    "lhs": [
      { "state": { "particle": "e", "charge": -1 }, "count": 1 },
      {
        "state": {
          "particle": "H2",
          "charge": 0,
          "descriptor": { "type": 1, "accuracy": 2, "e": "X", "Lambda": 0, "S": 0, "parity": "g", "v": 1 }
        },
        "count": 1
      }
    ],
    "rhs": [
      { "state": { "particle": "e", "charge": -1 }, "count": 1 },
      {
        "state": {
          "particle": "H2",
          "charge": 0,
          "descriptor": { "type": 1, "accuracy": 2, "e": "H", "Lambda": 0, "S": 0, "parity": "g", "v": 3 }
        },
        "count": 1
      }
    ],
    "type_tags": ["Electronic", "Vibrational"],
    "reversible": false
  },
  "threshold": 14.2359,
  "data": [
    [14.2359, 0],
    [15, 0.0000881138],
    [16, 0.0000587289],
    [17, 0.000030957],
    [18, 0.0000230714],
    [19, 0.0000276089],
    [20, 0.0000324315],
    [22, 0.000030537],
    [25, 0.0000222826],
    [30, 0.0000123835],
    [40, 0.000014769],
    [50, 0.0000174462],
    [60, 0.0000143768],
    [70, 0.00000917395],
    [80, 0.00000508025],
    [100, 0.00000300042],
    [120, 0.00000231115],
    [140, 0.00000158178],
    [160, 0.000001428]
  ]
}