{
  "reaction": {
    "lhs": [
      { "state": { "particle": "e", "charge": -1 }, "count": 1 },
      {
        "state": {
          "particle": "H2",
          "charge": 0,
          "descriptor": { "type": 1, "accuracy": 2, "e": "X", "Lambda": 0, "S": 0, "parity": "g", "v": 1 }
        },
        "count": 1
      }
    ],
    "rhs": [
      { "state": { "particle": "e", "charge": -1 }, "count": 1 },
      {
        "state": {
          "particle": "H2",
          "charge": 0,
          "descriptor": {
            "type": 1,
            "accuracy": 2,
            "e": "H",
            "Lambda": 0,
            "S": 0,
            "parity": "g",
            "v": 66
          }
        },
        "count": 1
      }
    ],
    "type_tags": ["Electronic", "Vibrational"],
    "reversible": false
  },
  "threshold": -31.172,
  "data": [
    [31.172, 0],
    [6, 5.8953e-7],
    [8, 6.7563e-7],
    [10, 7.74538e-7],
    [11, 8.29125e-7],
    [12, 8.87309e-7],
    [13, 9.49224e-7],
    [14, 0.00000343144],
    [15, 0.0000184701],
    [16, 0.0000475115],
    [17, 0.000075124],
    [18, 0.0000873113],
    [19, 0.0000795993],
    [20, 0.0000674547],
    [22, 0.0000588207],
    [25, 0.0000560882],
    [30, 0.0000554513],
    [40, 0.000056521],
    [50, 0.0000542432],
    [60, 0.0000496587],
    [70, 0.0000455784],
    [80, 0.0000437607],
    [100, 0.0000412418],
    [120, 0.0000397394],
    [140, 0.0000371305],
    [160, 0.0000345266]
  ]
}