{
  "reaction": {
    "lhs": [
      { "state": { "particle": "e", "charge": -1 }, "count": 1 },
      {
        "state": {
          "particle": "H2",
          "charge": 0,
          "descriptor": { "type": 1, "accuracy": 2, "e": "X", "Lambda": 0, "S": 0, "parity": "g", "v": 1 }
        },
        "count": 1
      }
    ],
    "rhs": [
      { "state": { "particle": "e", "charge": -1 }, "count": 1 },
      {
        "state": {
          "particle": "H2",
          "charge": 0,
          "descriptor": { "type": 1, "accuracy": 2, "e": "B", "Lambda": 0, "S": 0, "parity": "u", "v": 7 }
        },
        "count": 1
      }
    ],
    "type_tags": ["Electronic", "Vibrational"],
    "reversible": false
  },
  "threshold": 11.7227,
  "data": [
    [11.7227, 0],
    [12, 0.000878779],
    [13, 0.00315885],
    [14, 0.00491035],
    [15, 0.00607579],
    [16, 0.00696203],
    [17, 0.00784766],
    [18, 0.00880217],
    [19, 0.00974258],
    [20, 0.0105679],
    [22, 0.0118479],
    [25, 0.0133328],
    [30, 0.0150278],
    [40, 0.0169133],
    [50, 0.0174493],
    [60, 0.0175127],
    [70, 0.0173252],
    [80, 0.0169721],
    [100, 0.0160444],
    [120, 0.015],
    [140, 0.0139881],
    [160, 0.0130385]
  ]
}