{
  "reaction": {
    "lhs": [
      { "state": { "particle": "e", "charge": -1 }, "count": 1 },
      {
        "state": {
          "particle": "H2",
          "charge": 0,
          "descriptor": { "type": 1, "accuracy": 2, "e": "X", "Lambda": 0, "S": 0, "parity": "g", "v": 1 }
        },
        "count": 1
      }
    ],
    "rhs": [
      { "state": { "particle": "e", "charge": -1 }, "count": 1 },
      {
        "state": {
          "particle": "H2",
          "charge": 0,
          "descriptor": {
            "type": 1,
            "accuracy": 2,
            "e": "EF",
            "Lambda": 0,
            "S": 0,
            "parity": "g",
            "v": 4
          }
        },
        "count": 1
      }
    ],
    "type_tags": ["Electronic", "Vibrational"],
    "reversible": false
  },
  "threshold": 12.0945,
  "data": [
    [12.0945, 0],
    [13, 0.0000532229],
    [14, 0.0000567102],
    [15, 0.0000482599],
    [16, 0.0000493827],
    [17, 0.0000522364],
    [18, 0.0000563002],
    [19, 0.0000568682],
    [20, 0.0000555323],
    [22, 0.0000583991],
    [25, 0.0000626607],
    [30, 0.0000648311],
    [40, 0.0000645363],
    [50, 0.0000628632],
    [60, 0.0000606963],
    [70, 0.0000591628],
    [80, 0.0000577388],
    [100, 0.0000521408],
    [120, 0.0000452471],
    [140, 0.0000406063],
    [160, 0.000036522]
  ]
}