{
  "reaction": {
    "lhs": [
      { "state": { "particle": "e", "charge": -1 }, "count": 1 },
      {
        "state": {
          "particle": "H2",
          "charge": 0,
          "descriptor": { "type": 1, "accuracy": 2, "e": "X", "Lambda": 0, "S": 0, "parity": "g", "v": 1 }
        },
        "count": 1
      }
    ],
    "rhs": [
      { "state": { "particle": "e", "charge": -1 }, "count": 1 },
      {
        "state": {
          "particle": "H2",
          "charge": 0,
          "descriptor": { "type": 1, "accuracy": 2, "e": "e", "Lambda": 0, "S": 1, "parity": "u", "v": 0 }
        },
        "count": 1
      }
    ],
    "type_tags": ["Electronic", "Vibrational"],
    "reversible": false
  },
  "threshold": 12.7094,
  "data": [
    [12.7094, 0],
    [13, 0.0162373],
    [14, 0.0159754],
    [15, 0.0187065],
    [16, 0.0177028],
    [17, 0.0161705],
    [18, 0.0152156],
    [19, 0.0144012],
    [20, 0.0136315],
    [22, 0.0120552],
    [25, 0.00972882],
    [30, 0.0065083],
    [40, 0.0035023],
    [50, 0.00220509],
    [60, 0.00156789],
    [70, 0.00109785],
    [80, 0.000836002],
    [100, 0.000465347],
    [120, 0.000298155],
    [140, 0.00021569],
    [160, 0.000153195]
  ]
}