{
  "reaction": {
    "lhs": [
      { "state": { "particle": "e", "charge": -1 }, "count": 1 },
      {
        "state": {
          "particle": "H2",
          "charge": 0,
          "descriptor": { "type": 1, "accuracy": 2, "e": "X", "Lambda": 0, "S": 0, "parity": "g", "v": 1 }
        },
        "count": 1
      }
    ],
    "rhs": [
      { "state": { "particle": "e", "charge": -1 }, "count": 1 },
      {
        "state": {
          "particle": "H2",
          "charge": 0,
          "descriptor": {
            "type": 1,
            "accuracy": 2,
            "e": "j",
            "Lambda": 2,
            "S": 1,
            "parity": "g",
            "v": 12
          }
        },
        "count": 1
      }
    ],
    "type_tags": ["Electronic", "Vibrational"],
    "reversible": false
  },
  "threshold": 15.7458,
  "data": [
    [15.7458, 0],
    [16, 0.0000899524],
    [17, 0.000382074],
    [18, 0.000377091],
    [19, 0.000364525],
    [20, 0.000347948],
    [22, 0.000306042],
    [25, 0.000227526],
    [30, 0.00011386],
    [40, 0.0000541536],
    [50, 0.000031005],
    [60, 0.0000261486],
    [70, 0.0000259915],
    [80, 0.0000259686],
    [100, 0.0000168717],
    [120, 0.00000667316],
    [140, 0.00000471858],
    [160, 0.00000322377]
  ]
}