{
  "reaction": {
    "lhs": [
      { "state": { "particle": "e", "charge": -1 }, "count": 1 },
      {
        "state": {
          "particle": "H2",
          "charge": 0,
          "descriptor": { "type": 1, "accuracy": 2, "e": "X", "Lambda": 0, "S": 0, "parity": "g", "v": 1 }
        },
        "count": 1
      }
    ],
    "rhs": [
      { "state": { "particle": "e", "charge": -1 }, "count": 1 },
      {
        "state": {
          "particle": "H2",
          "charge": 0,
          "descriptor": {
            "type": 1,
            "accuracy": 2,
            "e": "GK",
            "Lambda": 0,
            "S": 0,
            "parity": "g",
            "v": 4
          }
        },
        "count": 1
      }
    ],
    "type_tags": ["Electronic", "Vibrational"],
    "reversible": false
  },
  "threshold": 13.7467,
  "data": [
    [13.7467, 0],
    [14, 0.000202456],
    [15, 0.000897529],
    [16, 0.000947956],
    [17, 0.000960543],
    [18, 0.000922098],
    [19, 0.00084224],
    [20, 0.000930903],
    [22, 0.00138756],
    [25, 0.00137651],
    [30, 0.00134824],
    [40, 0.00102479],
    [50, 0.000746647],
    [60, 0.000625829],
    [70, 0.000587056],
    [80, 0.000489441],
    [100, 0.000389708],
    [120, 0.000332318],
    [140, 0.000301557],
    [160, 0.000279512]
  ]
}