{
  "reaction": {
    "lhs": [
      { "state": { "particle": "e", "charge": -1 }, "count": 1 },
      {
        "state": {
          "particle": "H2",
          "charge": 0,
          "descriptor": { "type": 1, "accuracy": 2, "e": "X", "Lambda": 0, "S": 0, "parity": "g", "v": 1 }
        },
        "count": 1
      }
    ],
    "rhs": [
      { "state": { "particle": "e", "charge": -1 }, "count": 1 },
      {
        "state": {
          "particle": "H2",
          "charge": 0,
          "descriptor": { "type": 1, "accuracy": 2, "e": "d", "Lambda": 1, "S": 1, "parity": "u", "v": 2 }
        },
        "count": 1
      }
    ],
    "type_tags": ["Electronic", "Vibrational"],
    "reversible": false
  },
  "threshold": 13.8803,
  "data": [
    [13.8803, 0],
    [14, 0.00405656],
    [15, 0.00399868],
    [16, 0.00383689],
    [17, 0.00358892],
    [18, 0.00319609],
    [19, 0.0027171],
    [20, 0.00234576],
    [22, 0.0019558],
    [25, 0.00168516],
    [30, 0.00143158],
    [40, 0.000543796],
    [50, 0.000302104],
    [60, 0.000244466],
    [70, 0.000197291],
    [80, 0.000170458],
    [100, 0.0000954107],
    [120, 0.0000468402],
    [140, 0.0000336],
    [160, 0.0000234847]
  ]
}