{
  "reaction": {
    "lhs": [
      { "state": { "particle": "e", "charge": -1 }, "count": 1 },
      {
        "state": {
          "particle": "H2",
          "charge": 0,
          "descriptor": { "type": 1, "accuracy": 2, "e": "X", "Lambda": 0, "S": 0, "parity": "g", "v": 1 }
        },
        "count": 1
      }
    ],
    "rhs": [
      { "state": { "particle": "e", "charge": -1 }, "count": 1 },
      {
        "state": {
          "particle": "H2",
          "charge": 0,
          "descriptor": { "type": 1, "accuracy": 2, "e": "c", "Lambda": 1, "S": 1, "parity": "u", "v": 8 }
        },
        "count": 1
      }
    ],
    "type_tags": ["Electronic", "Vibrational"],
    "reversible": false
  },
  "threshold": 13.1701,
  "data": [
    [13.1701, 0],
    [14, 0.0174055],
    [15, 0.0217756],
    [16, 0.0217599],
    [17, 0.021651],
    [18, 0.0213023],
    [19, 0.0204659],
    [20, 0.0188968],
    [22, 0.0156979],
    [25, 0.0130393],
    [30, 0.00902332],
    [40, 0.00429046],
    [50, 0.00205699],
    [60, 0.00150077],
    [70, 0.00113968],
    [80, 0.00105565],
    [100, 0.000645279],
    [120, 0.000293572],
    [140, 0.000211172],
    [160, 0.000148231]
  ]
}