{
  "reaction": {
    "lhs": [
      { "state": { "particle": "e", "charge": -1 }, "count": 1 },
      {
        "state": {
          "particle": "H2",
          "charge": 0,
          "descriptor": { "type": 1, "accuracy": 2, "e": "X", "Lambda": 0, "S": 0, "parity": "g", "v": 1 }
        },
        "count": 1
      }
    ],
    "rhs": [
      { "state": { "particle": "e", "charge": -1 }, "count": 1 },
      {
        "state": {
          "particle": "H2",
          "charge": 0,
          "descriptor": {
            "type": 1,
            "accuracy": 2,
            "e": "a",
            "Lambda": 0,
            "S": 1,
            "parity": "g",
            "v": 15
          }
        },
        "count": 1
      }
    ],
    "type_tags": ["Electronic", "Vibrational"],
    "reversible": false
  },
  "threshold": 14.1387,
  "data": [
    [14.1387, 0],
    [15, 0.000326474],
    [16, 0.000326089],
    [17, 0.000323399],
    [18, 0.000296613],
    [19, 0.000245256],
    [20, 0.000199003],
    [22, 0.000146603],
    [25, 0.000110122],
    [30, 0.0000818946],
    [40, 0.0000379064],
    [50, 0.0000191774],
    [60, 0.0000124633],
    [70, 0.0000100543],
    [80, 0.00000956114],
    [100, 0.00000764953],
    [120, 0.00000558699],
    [140, 0.00000444504],
    [160, 0.0000035618]
  ]
}