{
  "reaction": {
    "lhs": [
      { "state": { "particle": "e", "charge": -1 }, "count": 1 },
      {
        "state": {
          "particle": "H2",
          "charge": 0,
          "descriptor": { "type": 1, "accuracy": 2, "e": "X", "Lambda": 0, "S": 0, "parity": "g", "v": 1 }
        },
        "count": 1
      }
    ],
    "rhs": [
      { "state": { "particle": "e", "charge": -1 }, "count": 1 },
      {
        "state": {
          "particle": "H2",
          "charge": 0,
          "descriptor": {
            "type": 1,
            "accuracy": 2,
            "e": "c",
            "Lambda": 1,
            "S": 1,
            "parity": "u",
            "v": 14
          }
        },
        "count": 1
      }
    ],
    "type_tags": ["Electronic", "Vibrational"],
    "reversible": false
  },
  "threshold": 13.9874,
  "data": [
    [13.9874, 0],
    [14, 5.87623e-11],
    [15, 5.24371e-12],
    [16, 1.21806e-12],
    [17, 5.85623e-13],
    [18, 5.49695e-13],
    [19, 6.86331e-13],
    [20, 7.79814e-13],
    [22, 7.29956e-13],
    [25, 5.40114e-13],
    [30, 3.00413e-13],
    [40, 0.000382891],
    [50, 0.000264794],
    [60, 0.000123712],
    [70, 0.0000981569],
    [80, 0.0000928494],
    [100, 0.0000592732],
    [120, 0.0000269025],
    [140, 0.0000193488],
    [160, 0.0000135854]
  ]
}