{
  "reaction": {
    "lhs": [
      { "state": { "particle": "e", "charge": -1 }, "count": 1 },
      {
        "state": {
          "particle": "H2",
          "charge": 0,
          "descriptor": { "type": 1, "accuracy": 2, "e": "X", "Lambda": 0, "S": 0, "parity": "g", "v": 1 }
        },
        "count": 1
      }
    ],
    "rhs": [
      { "state": { "particle": "e", "charge": -1 }, "count": 1 },
      {
        "state": {
          "particle": "H2",
          "charge": 0,
          "descriptor": {
            "type": 1,
            "accuracy": 2,
            "e": "B",
            "Lambda": 0,
            "S": 0,
            "parity": "u",
            "v": 11
          }
        },
        "count": 1
      }
    ],
    "type_tags": ["Electronic", "Vibrational"],
    "reversible": false
  },
  "threshold": 12.2381,
  "data": [
    [12.2381, 0],
    [13, 0.00156191],
    [14, 0.00297275],
    [15, 0.00413092],
    [16, 0.00505695],
    [17, 0.00582458],
    [18, 0.00652421],
    [19, 0.00720856],
    [20, 0.00787352],
    [22, 0.00902126],
    [25, 0.0102126],
    [30, 0.0116054],
    [40, 0.0129229],
    [50, 0.0132369],
    [60, 0.0132379],
    [70, 0.0130757],
    [80, 0.012816],
    [100, 0.0120952],
    [120, 0.0112546],
    [140, 0.0104494],
    [160, 0.009709]
  ]
}