{
  "reaction": {
    "lhs": [
      { "state": { "particle": "e", "charge": -1 }, "count": 1 },
      {
        "state": {
          "particle": "H2",
          "charge": 0,
          "descriptor": { "type": 1, "accuracy": 2, "e": "X", "Lambda": 0, "S": 0, "parity": "g", "v": 1 }
        },
        "count": 1
      }
    ],
    "rhs": [
      { "state": { "particle": "e", "charge": -1 }, "count": 1 },
      {
        "state": {
          "particle": "H2",
          "charge": 0,
          "descriptor": {
            "type": 1,
            "accuracy": 2,
            "e": "H",
            "Lambda": 0,
            "S": 0,
            "parity": "g",
            "v": 50
          }
        },
        "count": 1
      }
    ],
    "type_tags": ["Electronic", "Vibrational"],
    "reversible": false
  },
  "threshold": 15.9147,
  "data": [
    [15.9147, 0],
    [16, 0.0000738762],
    [17, 0.000131668],
    [18, 0.000156978],
    [19, 0.000146037],
    [20, 0.000125842],
    [22, 0.0001092],
    [25, 0.000103368],
    [30, 0.000104714],
    [40, 0.000105374],
    [50, 0.000100573],
    [60, 0.0000941651],
    [70, 0.0000889292],
    [80, 0.0000863238],
    [100, 0.0000809763],
    [120, 0.0000779009],
    [140, 0.0000729536],
    [160, 0.000067806]
  ]
}