{
  "reaction": {
    "lhs": [
      { "state": { "particle": "e", "charge": -1 }, "count": 1 },
      {
        "state": {
          "particle": "H2",
          "charge": 0,
          "descriptor": { "type": 1, "accuracy": 2, "e": "X", "Lambda": 0, "S": 0, "parity": "g", "v": 1 }
        },
        "count": 1
      }
    ],
    "rhs": [
      { "state": { "particle": "e", "charge": -1 }, "count": 1 },
      {
        "state": {
          "particle": "H2",
          "charge": 0,
          "descriptor": {
            "type": 1,
            "accuracy": 2,
            "e": "d",
            "Lambda": 1,
            "S": 1,
            "parity": "u",
            "v": 18
          }
        },
        "count": 1
      }
    ],
    "type_tags": ["Electronic", "Vibrational"],
    "reversible": false
  },
  "threshold": 16.0419,
  "data": [
    [16.0419, 0],
    [17, 0.0000439875],
    [18, 0.0000460225],
    [19, 0.0000467724],
    [20, 0.0000468797],
    [22, 0.0000455184],
    [25, 0.0000399307],
    [30, 0.00002948],
    [40, 0.0000188658],
    [50, 0.0000112067],
    [60, 0.00000654806],
    [70, 0.00000522744],
    [80, 0.00000494429],
    [100, 0.00000315053],
    [120, 0.00000143793],
    [140, 0.00000103194],
    [160, 7.22237e-7]
  ]
}