{
  "reaction": {
    "lhs": [
      { "state": { "particle": "e", "charge": -1 }, "count": 1 },
      {
        "state": {
          "particle": "H2",
          "charge": 0,
          "descriptor": { "type": 1, "accuracy": 2, "e": "X", "Lambda": 0, "S": 0, "parity": "g", "v": 1 }
        },
        "count": 1
      }
    ],
    "rhs": [
      { "state": { "particle": "e", "charge": -1 }, "count": 1 },
      {
        "state": {
          "particle": "H2",
          "charge": 0,
          "descriptor": { "type": 1, "accuracy": 2, "e": "g", "Lambda": 0, "S": 1, "parity": "g", "v": 3 }
        },
        "count": 1
      }
    ],
    "type_tags": ["Electronic", "Vibrational"],
    "reversible": false
  },
  "threshold": 14.1843,
  "data": [
    [14.1843, 0],
    [15, 0.0000826887],
    [16, 0.00015616],
    [17, 0.000190777],
    [18, 0.000182749],
    [19, 0.000165311],
    [20, 0.000148435],
    [22, 0.000119872],
    [25, 0.0000749784],
    [30, 0.0000241376],
    [40, 0.0000099612],
    [50, 0.0000064962],
    [60, 0.00000434934],
    [70, 0.00000224346],
    [80, 0.0000012291],
    [100, 0.00000131163],
    [120, 0.00000139417],
    [140, 0.0000013637],
    [160, 0.00000127945]
  ]
}