{
  "reaction": {
    "lhs": [
      { "state": { "particle": "e", "charge": -1 }, "count": 1 },
      {
        "state": {
          "particle": "H2",
          "charge": 0,
          "descriptor": { "type": 1, "accuracy": 2, "e": "X", "Lambda": 0, "S": 0, "parity": "g", "v": 1 }
        },
        "count": 1
      }
    ],
    "rhs": [
      { "state": { "particle": "e", "charge": -1 }, "count": 1 },
      {
        "state": {
          "particle": "H2",
          "charge": 0,
          "descriptor": {
            "type": 1,
            "accuracy": 2,
            "e": "g",
            "Lambda": 0,
            "S": 1,
            "parity": "g",
            "v": 11
          }
        },
        "count": 1
      }
    ],
    "type_tags": ["Electronic", "Vibrational"],
    "reversible": false
  },
  "threshold": 15.6614,
  "data": [
    [15.6614, 0],
    [16, 0.000131506],
    [17, 0.000437261],
    [18, 0.000403635],
    [19, 0.000334539],
    [20, 0.000277644],
    [22, 0.000218987],
    [25, 0.000163838],
    [30, 0.000111633],
    [40, 0.0000723865],
    [50, 0.0000393923],
    [60, 0.0000193527],
    [70, 0.0000154298],
    [80, 0.0000146864],
    [100, 0.00000997977],
    [120, 0.00000505516],
    [140, 0.00000358803],
    [160, 0.000002476]
  ]
}