{
  "reaction": {
    "lhs": [
      { "state": { "particle": "e", "charge": -1 }, "count": 1 },
      {
        "state": {
          "particle": "H2",
          "charge": 0,
          "descriptor": { "type": 1, "accuracy": 2, "e": "X", "Lambda": 0, "S": 0, "parity": "g", "v": 1 }
        },
        "count": 1
      }
    ],
    "rhs": [
      { "state": { "particle": "e", "charge": -1 }, "count": 1 },
      {
        "state": {
          "particle": "H2",
          "charge": 0,
          "descriptor": { "type": 1, "accuracy": 2, "e": "d", "Lambda": 1, "S": 1, "parity": "u", "v": 9 }
        },
        "count": 1
      }
    ],
    "type_tags": ["Electronic", "Vibrational"],
    "reversible": false
  },
  "threshold": 15.3138,
  "data": [
    [15.3138, 0],
    [16, 0.00180356],
    [17, 0.00361482],
    [18, 0.00371051],
    [19, 0.00374578],
    [20, 0.00375082],
    [22, 0.00360939],
    [25, 0.00303119],
    [30, 0.00196749],
    [40, 0.00099829],
    [50, 0.000568686],
    [60, 0.000385444],
    [70, 0.000305994],
    [80, 0.000287492],
    [100, 0.000179387],
    [120, 0.0000814698],
    [140, 0.0000584568],
    [160, 0.0000408893]
  ]
}