{
  "reaction": {
    "lhs": [
      { "state": { "particle": "e", "charge": -1 }, "count": 1 },
      {
        "state": {
          "particle": "H2",
          "charge": 0,
          "descriptor": { "type": 1, "accuracy": 2, "e": "X", "Lambda": 0, "S": 0, "parity": "g", "v": 1 }
        },
        "count": 1
      }
    ],
    "rhs": [
      { "state": { "particle": "e", "charge": -1 }, "count": 1 },
      {
        "state": {
          "particle": "H2",
          "charge": 0,
          "descriptor": { "type": 1, "accuracy": 2, "e": "C", "Lambda": 1, "S": 0, "parity": "u", "v": 5 }
        },
        "count": 1
      }
    ],
    "type_tags": ["Electronic", "Vibrational"],
    "reversible": false
  },
  "threshold": 13.0424,
  "data": [
    [13.0424, 0],
    [14, 0.00726823],
    [15, 0.0127685],
    [16, 0.0172497],
    [17, 0.0211712],
    [18, 0.0248804],
    [19, 0.0284791],
    [20, 0.031935],
    [22, 0.0382377],
    [25, 0.0460464],
    [30, 0.0553948],
    [40, 0.0666145],
    [50, 0.0724171],
    [60, 0.0754163],
    [70, 0.0761724],
    [80, 0.0754965],
    [100, 0.0725436],
    [120, 0.0686888],
    [140, 0.0649754],
    [160, 0.0616032]
  ]
}