{
  "reaction": {
    "lhs": [
      { "state": { "particle": "e", "charge": -1 }, "count": 1 },
      {
        "state": {
          "particle": "H2",
          "charge": 0,
          "descriptor": { "type": 1, "accuracy": 2, "e": "X", "Lambda": 0, "S": 0, "parity": "g", "v": 1 }
        },
        "count": 1
      }
    ],
    "rhs": [
      { "state": { "particle": "e", "charge": -1 }, "count": 1 },
      {
        "state": {
          "particle": "H2",
          "charge": 0,
          "descriptor": {
            "type": 1,
            "accuracy": 2,
            "e": "J",
            "Lambda": 2,
            "S": 0,
            "parity": "g",
            "v": 13
          }
        },
        "count": 1
      }
    ],
    "type_tags": ["Electronic", "Vibrational"],
    "reversible": false
  },
  "threshold": 15.8296,
  "data": [
    [15.8296, 0],
    [16, 0.0000674095],
    [17, 0.000189081],
    [18, 0.000200797],
    [19, 0.000155629],
    [20, 0.000137949],
    [22, 0.000128347],
    [25, 0.000139874],
    [30, 0.000181595],
    [40, 0.000157587],
    [50, 0.000143053],
    [60, 0.000124794],
    [70, 0.000107105],
    [80, 0.0000948525],
    [100, 0.0000763568],
    [120, 0.0000627967],
    [140, 0.0000542494],
    [160, 0.0000480268]
  ]
}