{
  "reaction": {
    "lhs": [
      { "state": { "particle": "e", "charge": -1 }, "count": 1 },
      {
        "state": {
          "particle": "H2",
          "charge": 0,
          "descriptor": { "type": 1, "accuracy": 2, "e": "X", "Lambda": 0, "S": 0, "parity": "g", "v": 1 }
        },
        "count": 1
      }
    ],
    "rhs": [
      { "state": { "particle": "e", "charge": -1 }, "count": 1 },
      {
        "state": {
          "particle": "H2",
          "charge": 0,
          "descriptor": {
            "type": 1,
            "accuracy": 2,
            "e": "H",
            "Lambda": 0,
            "S": 0,
            "parity": "g",
            "v": 44
          }
        },
        "count": 1
      }
    ],
    "type_tags": ["Electronic", "Vibrational"],
    "reversible": false
  },
  "threshold": 15.7653,
  "data": [
    [15.7653, 0],
    [16, 0.000101112],
    [17, 0.000171282],
    [18, 0.000198488],
    [19, 0.000183467],
    [20, 0.000157657],
    [22, 0.000135773],
    [25, 0.000128248],
    [30, 0.00013171],
    [40, 0.000131848],
    [50, 0.000125386],
    [60, 0.000118563],
    [70, 0.000113529],
    [80, 0.000111032],
    [100, 0.000104015],
    [120, 0.0000997701],
    [140, 0.0000934231],
    [160, 0.0000867794]
  ]
}