{
  "reaction": {
    "lhs": [
      { "state": { "particle": "e", "charge": -1 }, "count": 1 },
      {
        "state": {
          "particle": "H2",
          "charge": 0,
          "descriptor": { "type": 1, "accuracy": 2, "e": "X", "Lambda": 0, "S": 0, "parity": "g", "v": 1 }
        },
        "count": 1
      }
    ],
    "rhs": [
      { "state": { "particle": "e", "charge": -1 }, "count": 1 },
      {
        "state": {
          "particle": "H2",
          "charge": 0,
          "descriptor": {
            "type": 1,
            "accuracy": 2,
            "e": "Bp",
            "Lambda": 0,
            "S": 0,
            "parity": "u",
            "v": 0
          }
        },
        "count": 1
      }
    ],
    "type_tags": ["Electronic", "Vibrational"],
    "reversible": false
  },
  "threshold": 13.1794,
  "data": [
    [13.1794, 0],
    [14, 0.0112905],
    [15, 0.0176635],
    [16, 0.0213895],
    [17, 0.0241111],
    [18, 0.0270428],
    [19, 0.030278],
    [20, 0.0333871],
    [22, 0.0383696],
    [25, 0.0430282],
    [30, 0.0475003],
    [40, 0.0517048],
    [50, 0.0533388],
    [60, 0.0538036],
    [70, 0.0535161],
    [80, 0.0527798],
    [100, 0.0499397],
    [120, 0.0460993],
    [140, 0.0425614],
    [160, 0.0395607]
  ]
}