{
  "reaction": {
    "lhs": [
      { "state": { "particle": "e", "charge": -1 }, "count": 1 },
      {
        "state": {
          "particle": "H2",
          "charge": 0,
          "descriptor": { "type": 1, "accuracy": 2, "e": "X", "Lambda": 0, "S": 0, "parity": "g", "v": 1 }
        },
        "count": 1
      }
    ],
    "rhs": [
      { "state": { "particle": "e", "charge": -1 }, "count": 1 },
      {
        "state": {
          "particle": "H2",
          "charge": 0,
          "descriptor": {
            "type": 1,
            "accuracy": 2,
            "e": "GK",
            "Lambda": 0,
            "S": 0,
            "parity": "g",
            "v": 5
          }
        },
        "count": 1
      }
    ],
    "type_tags": ["Electronic", "Vibrational"],
    "reversible": false
  },
  "threshold": 13.874,
  "data": [
    [13.874, 0],
    [14, 0.0000326172],
    [15, 0.000460134],
    [16, 0.00043092],
    [17, 0.000427223],
    [18, 0.000390689],
    [19, 0.000324748],
    [20, 0.000361209],
    [22, 0.000590285],
    [25, 0.000603994],
    [30, 0.000619078],
    [40, 0.000458336],
    [50, 0.000285924],
    [60, 0.000248452],
    [70, 0.000240374],
    [80, 0.000202281],
    [100, 0.000158386],
    [120, 0.000134017],
    [140, 0.000123384],
    [160, 0.000115947]
  ]
}