{
  "reaction": {
    "lhs": [
      { "state": { "particle": "e", "charge": -1 }, "count": 1 },
      {
        "state": {
          "particle": "H2",
          "charge": 0,
          "descriptor": { "type": 1, "accuracy": 2, "e": "X", "Lambda": 0, "S": 0, "parity": "g", "v": 1 }
        },
        "count": 1
      }
    ],
    "rhs": [
      { "state": { "particle": "e", "charge": -1 }, "count": 1 },
      {
        "state": {
          "particle": "H2",
          "charge": 0,
          "descriptor": {
            "type": 1,
            "accuracy": 2,
            "e": "H",
            "Lambda": 0,
            "S": 0,
            "parity": "g",
            "v": 59
          }
        },
        "count": 1
      }
    ],
    "type_tags": ["Electronic", "Vibrational"],
    "reversible": false
  },
  "threshold": 16.0403,
  "data": [
    [16.0403, 0],
    [17, 0.0000888219],
    [18, 0.000109757],
    [19, 0.000103127],
    [20, 0.0000889368],
    [22, 0.0000775686],
    [25, 0.0000734253],
    [30, 0.0000731838],
    [40, 0.0000742179],
    [50, 0.0000710862],
    [60, 0.0000656682],
    [70, 0.0000609386],
    [80, 0.0000586976],
    [100, 0.0000551941],
    [120, 0.0000531957],
    [140, 0.0000497706],
    [160, 0.0000462783]
  ]
}