{
  "reaction": {
    "lhs": [
      { "state": { "particle": "e", "charge": -1 }, "count": 1 },
      {
        "state": {
          "particle": "H2",
          "charge": 0,
          "descriptor": { "type": 1, "accuracy": 2, "e": "X", "Lambda": 0, "S": 0, "parity": "g", "v": 1 }
        },
        "count": 1
      }
    ],
    "rhs": [
      { "state": { "particle": "e", "charge": -1 }, "count": 1 },
      {
        "state": {
          "particle": "H2",
          "charge": 0,
          "descriptor": { "type": 1, "accuracy": 2, "e": "C", "Lambda": 1, "S": 0, "parity": "u", "v": 3 }
        },
        "count": 1
      }
    ],
    "type_tags": ["Electronic", "Vibrational"],
    "reversible": false
  },
  "threshold": 12.5838,
  "data": [
    [12.5838, 0],
    [13, 0.000679455],
    [14, 0.00133867],
    [15, 0.00192132],
    [16, 0.00245856],
    [17, 0.00296124],
    [18, 0.00344272],
    [19, 0.00390684],
    [20, 0.00435562],
    [22, 0.00518973],
    [25, 0.00619577],
    [30, 0.00728287],
    [40, 0.00844767],
    [50, 0.00909933],
    [60, 0.00949733],
    [70, 0.00958951],
    [80, 0.00943463],
    [100, 0.00899151],
    [120, 0.00845734],
    [140, 0.00794911],
    [160, 0.00749637]
  ]
}