{
  "reaction": {
    "lhs": [
      { "state": { "particle": "e", "charge": -1 }, "count": 1 },
      {
        "state": {
          "particle": "H2",
          "charge": 0,
          "descriptor": { "type": 1, "accuracy": 2, "e": "X", "Lambda": 0, "S": 0, "parity": "g", "v": 1 }
        },
        "count": 1
      }
    ],
    "rhs": [
      { "state": { "particle": "e", "charge": -1 }, "count": 1 },
      {
        "state": {
          "particle": "H2",
          "charge": 0,
          "descriptor": {
            "type": 1,
            "accuracy": 2,
            "e": "H",
            "Lambda": 0,
            "S": 0,
            "parity": "g",
            "v": 14
          }
        },
        "count": 1
      }
    ],
    "type_tags": ["Electronic", "Vibrational"],
    "reversible": false
  },
  "threshold": 14.9728,
  "data": [
    [14.9728, 0],
    [15, 0.000651274],
    [16, 0.0013769],
    [17, 0.00187674],
    [18, 0.00201461],
    [19, 0.00189157],
    [20, 0.00170179],
    [22, 0.00144405],
    [25, 0.00131619],
    [30, 0.00140954],
    [40, 0.00138252],
    [50, 0.00129259],
    [60, 0.00126492],
    [70, 0.00128058],
    [80, 0.00130496],
    [100, 0.00120554],
    [120, 0.00112034],
    [140, 0.0010357],
    [160, 0.000955173]
  ]
}