{
  "reaction": {
    "lhs": [
      { "state": { "particle": "e", "charge": -1 }, "count": 1 },
      {
        "state": {
          "particle": "H2",
          "charge": 0,
          "descriptor": { "type": 1, "accuracy": 2, "e": "X", "Lambda": 0, "S": 0, "parity": "g", "v": 1 }
        },
        "count": 1
      }
    ],
    "rhs": [
      { "state": { "particle": "e", "charge": -1 }, "count": 1 },
      {
        "state": {
          "particle": "H2",
          "charge": 0,
          "descriptor": { "type": 1, "accuracy": 2, "e": "B", "Lambda": 0, "S": 0, "parity": "u", "v": 9 }
        },
        "count": 1
      }
    ],
    "type_tags": ["Electronic", "Vibrational"],
    "reversible": false
  },
  "threshold": 11.988,
  "data": [
    [11.988, 0],
    [12, 0.0000790302],
    [13, 0.0000668247],
    [14, 0.0000779515],
    [15, 0.000115919],
    [16, 0.00015857],
    [17, 0.000188633],
    [18, 0.000207054],
    [19, 0.000224298],
    [20, 0.000246271],
    [22, 0.000289883],
    [25, 0.000318786],
    [30, 0.000351531],
    [40, 0.000355677],
    [50, 0.000340364],
    [60, 0.000328015],
    [70, 0.000319111],
    [80, 0.000312088],
    [100, 0.000288632],
    [120, 0.000258467],
    [140, 0.000231408],
    [160, 0.000208984]
  ]
}