{
  "reaction": {
    "lhs": [
      { "state": { "particle": "e", "charge": -1 }, "count": 1 },
      {
        "state": {
          "particle": "H2",
          "charge": 0,
          "descriptor": { "type": 1, "accuracy": 2, "e": "X", "Lambda": 0, "S": 0, "parity": "g", "v": 1 }
        },
        "count": 1
      }
    ],
    "rhs": [
      { "state": { "particle": "e", "charge": -1 }, "count": 1 },
      {
        "state": {
          "particle": "H2",
          "charge": 0,
          "descriptor": {
            "type": 1,
            "accuracy": 2,
            "e": "GK",
            "Lambda": 0,
            "S": 0,
            "parity": "g",
            "v": 0
          }
        },
        "count": 1
      }
    ],
    "type_tags": ["Electronic", "Vibrational"],
    "reversible": false
  },
  "threshold": 13.273,
  "data": [
    [13.273, 0],
    [14, 0.00008236],
    [15, 0.000146565],
    [16, 0.000161349],
    [17, 0.000160891],
    [18, 0.000169147],
    [19, 0.000178308],
    [20, 0.000199349],
    [22, 0.000254756],
    [25, 0.000229449],
    [30, 0.000215799],
    [40, 0.000171668],
    [50, 0.000145147],
    [60, 0.000131334],
    [70, 0.000121416],
    [80, 0.000110473],
    [100, 0.0000920009],
    [120, 0.0000786384],
    [140, 0.0000688815],
    [160, 0.000061402]
  ]
}