{
  "reaction": {
    "lhs": [
      { "state": { "particle": "e", "charge": -1 }, "count": 1 },
      {
        "state": {
          "particle": "H2",
          "charge": 0,
          "descriptor": { "type": 1, "accuracy": 2, "e": "X", "Lambda": 0, "S": 0, "parity": "g", "v": 1 }
        },
        "count": 1
      }
    ],
    "rhs": [
      { "state": { "particle": "e", "charge": -1 }, "count": 1 },
      {
        "state": {
          "particle": "H2",
          "charge": 0,
          "descriptor": {
            "type": 1,
            "accuracy": 2,
            "e": "d",
            "Lambda": 1,
            "S": 1,
            "parity": "u",
            "v": 14
          }
        },
        "count": 1
      }
    ],
    "type_tags": ["Electronic", "Vibrational"],
    "reversible": false
  },
  "threshold": 15.9011,
  "data": [
    [15.9011, 0],
    [16, 0.0000338923],
    [17, 0.000348865],
    [18, 0.000355522],
    [19, 0.000357975],
    [20, 0.000358325],
    [22, 0.000347393],
    [25, 0.00030259],
    [30, 0.000219336],
    [40, 0.00013817],
    [50, 0.0000821766],
    [60, 0.0000488131],
    [70, 0.0000390453],
    [80, 0.0000369347],
    [100, 0.0000234807],
    [120, 0.0000106718],
    [140, 0.00000765837],
    [160, 0.00000535925]
  ]
}