{
  "reaction": {
    "lhs": [
      { "state": { "particle": "e", "charge": -1 }, "count": 1 },
      {
        "state": {
          "particle": "H2",
          "charge": 0,
          "descriptor": { "type": 1, "accuracy": 2, "e": "X", "Lambda": 0, "S": 0, "parity": "g", "v": 1 }
        },
        "count": 1
      }
    ],
    "rhs": [
      { "state": { "particle": "e", "charge": -1 }, "count": 1 },
      {
        "state": {
          "particle": "H2",
          "charge": 0,
          "descriptor": { "type": 1, "accuracy": 2, "e": "d", "Lambda": 1, "S": 1, "parity": "u", "v": 5 }
        },
        "count": 1
      }
    ],
    "type_tags": ["Electronic", "Vibrational"],
    "reversible": false
  },
  "threshold": 14.5789,
  "data": [
    [14.5789, 0],
    [15, 0.00250036],
    [16, 0.00419231],
    [17, 0.00458524],
    [18, 0.00468974],
    [19, 0.00436435],
    [20, 0.00409724],
    [22, 0.00384119],
    [25, 0.00319053],
    [30, 0.002085],
    [40, 0.00100194],
    [50, 0.000578585],
    [60, 0.000410646],
    [70, 0.00031875],
    [80, 0.00028785],
    [100, 0.000162748],
    [120, 0.0000812088],
    [140, 0.0000582573],
    [160, 0.000040735]
  ]
}