{
  "reaction": {
    "lhs": [
      { "state": { "particle": "e", "charge": -1 }, "count": 1 },
      {
        "state": {
          "particle": "H2",
          "charge": 0,
          "descriptor": { "type": 1, "accuracy": 2, "e": "X", "Lambda": 0, "S": 0, "parity": "g", "v": 1 }
        },
        "count": 1
      }
    ],
    "rhs": [
      { "state": { "particle": "e", "charge": -1 }, "count": 1 },
      {
        "state": {
          "particle": "H2",
          "charge": 0,
          "descriptor": { "type": 1, "accuracy": 2, "e": "d", "Lambda": 1, "S": 1, "parity": "u", "v": 8 }
        },
        "count": 1
      }
    ],
    "type_tags": ["Electronic", "Vibrational"],
    "reversible": false
  },
  "threshold": 15.1509,
  "data": [
    [15.1509, 0],
    [16, 0.00278915],
    [17, 0.00486566],
    [18, 0.00480303],
    [19, 0.0046547],
    [20, 0.00447998],
    [22, 0.0041017],
    [25, 0.00343808],
    [30, 0.00240294],
    [40, 0.00117138],
    [50, 0.000662706],
    [60, 0.000461464],
    [70, 0.000364126],
    [80, 0.000340828],
    [100, 0.000211076],
    [120, 0.0000962742],
    [140, 0.0000690767],
    [160, 0.0000483131]
  ]
}