{
  "reaction": {
    "lhs": [
      { "state": { "particle": "e", "charge": -1 }, "count": 1 },
      {
        "state": {
          "particle": "H2",
          "charge": 0,
          "descriptor": { "type": 1, "accuracy": 2, "e": "X", "Lambda": 0, "S": 0, "parity": "g", "v": 1 }
        },
        "count": 1
      }
    ],
    "rhs": [
      { "state": { "particle": "e", "charge": -1 }, "count": 1 },
      {
        "state": {
          "particle": "H2",
          "charge": 0,
          "descriptor": {
            "type": 1,
            "accuracy": 2,
            "e": "EF",
            "Lambda": 0,
            "S": 0,
            "parity": "g",
            "v": 24
          }
        },
        "count": 1
      }
    ],
    "type_tags": ["Electronic", "Vibrational"],
    "reversible": false
  },
  "threshold": 13.7574,
  "data": [
    [13.7574, 0],
    [14, 0.00294342],
    [15, 0.00345885],
    [16, 0.00266493],
    [17, 0.00238279],
    [18, 0.00267333],
    [19, 0.00285772],
    [20, 0.00264995],
    [22, 0.00248265],
    [25, 0.00236155],
    [30, 0.0022493],
    [40, 0.00226571],
    [50, 0.00222947],
    [60, 0.00213909],
    [70, 0.00201202],
    [80, 0.00189717],
    [100, 0.00173116],
    [120, 0.00162896],
    [140, 0.00152115],
    [160, 0.00140702]
  ]
}