{
  "reaction": {
    "lhs": [
      { "state": { "particle": "e", "charge": -1 }, "count": 1 },
      {
        "state": {
          "particle": "H2",
          "charge": 0,
          "descriptor": { "type": 1, "accuracy": 2, "e": "X", "Lambda": 0, "S": 0, "parity": "g", "v": 1 }
        },
        "count": 1
      }
    ],
    "rhs": [
      { "state": { "particle": "e", "charge": -1 }, "count": 1 },
      {
        "state": {
          "particle": "H2",
          "charge": 0,
          "descriptor": { "type": 1, "accuracy": 2, "e": "C", "Lambda": 1, "S": 0, "parity": "u", "v": 2 }
        },
        "count": 1
      }
    ],
    "type_tags": ["Electronic", "Vibrational"],
    "reversible": false
  },
  "threshold": 12.3304,
  "data": [
    [12.3304, 0],
    [13, 0.0012493],
    [14, 0.00262492],
    [15, 0.00370496],
    [16, 0.00460574],
    [17, 0.005466],
    [18, 0.00633935],
    [19, 0.00720982],
    [20, 0.008033],
    [22, 0.00947141],
    [25, 0.0112095],
    [30, 0.013335],
    [40, 0.0158103],
    [50, 0.0171175],
    [60, 0.0177679],
    [70, 0.0178536],
    [80, 0.0176564],
    [100, 0.0169214],
    [120, 0.015999],
    [140, 0.0151199],
    [160, 0.0143243]
  ]
}