{
  "reaction": {
    "lhs": [
      { "state": { "particle": "e", "charge": -1 }, "count": 1 },
      {
        "state": {
          "particle": "H2",
          "charge": 0,
          "descriptor": { "type": 1, "accuracy": 2, "e": "X", "Lambda": 0, "S": 0, "parity": "g", "v": 1 }
        },
        "count": 1
      }
    ],
    "rhs": [
      { "state": { "particle": "e", "charge": -1 }, "count": 1 },
      {
        "state": {
          "particle": "H2",
          "charge": 0,
          "descriptor": {
            "type": 1,
            "accuracy": 2,
            "e": "H",
            "Lambda": 0,
            "S": 0,
            "parity": "g",
            "v": 23
          }
        },
        "count": 1
      }
    ],
    "type_tags": ["Electronic", "Vibrational"],
    "reversible": false
  },
  "threshold": 15.2265,
  "data": [
    [15.2265, 0],
    [16, 0.00000175451],
    [17, 0.00000251831],
    [18, 0.00000271827],
    [19, 0.00000248921],
    [20, 0.00000217925],
    [22, 0.00000184329],
    [25, 0.00000170546],
    [30, 0.00000182357],
    [40, 0.00000179773],
    [50, 0.00000168617],
    [60, 0.00000163953],
    [70, 0.00000164027],
    [80, 0.00000165427],
    [100, 0.00000154016],
    [120, 0.00000144925],
    [140, 0.0000013487],
    [160, 0.00000124776]
  ]
}