{
  "reaction": {
    "lhs": [
      { "state": { "particle": "e", "charge": -1 }, "count": 1 },
      {
        "state": {
          "particle": "H2",
          "charge": 0,
          "descriptor": { "type": 1, "accuracy": 2, "e": "X", "Lambda": 0, "S": 0, "parity": "g", "v": 1 }
        },
        "count": 1
      }
    ],
    "rhs": [
      { "state": { "particle": "e", "charge": -1 }, "count": 1 },
      {
        "state": {
          "particle": "H2",
          "charge": 0,
          "descriptor": {
            "type": 1,
            "accuracy": 2,
            "e": "H",
            "Lambda": 0,
            "S": 0,
            "parity": "g",
            "v": 58
          }
        },
        "count": 1
      }
    ],
    "type_tags": ["Electronic", "Vibrational"],
    "reversible": false
  },
  "threshold": 16.0338,
  "data": [
    [16.0338, 0],
    [17, 0.0000927788],
    [18, 0.000114293],
    [19, 0.000107294],
    [20, 0.0000925384],
    [22, 0.0000806914],
    [25, 0.0000763927],
    [30, 0.000076254],
    [40, 0.0000772677],
    [50, 0.0000739874],
    [60, 0.000068443],
    [70, 0.0000636239],
    [80, 0.0000613246],
    [100, 0.0000576474],
    [120, 0.0000555558],
    [140, 0.0000519867],
    [160, 0.0000483375]
  ]
}