{
  "reaction": {
    "lhs": [
      { "state": { "particle": "e", "charge": -1 }, "count": 1 },
      {
        "state": {
          "particle": "H2",
          "charge": 0,
          "descriptor": { "type": 1, "accuracy": 2, "e": "X", "Lambda": 0, "S": 0, "parity": "g", "v": 1 }
        },
        "count": 1
      }
    ],
    "rhs": [
      { "state": { "particle": "e", "charge": -1 }, "count": 1 },
      {
        "state": {
          "particle": "H2",
          "charge": 0,
          "descriptor": { "type": 1, "accuracy": 2, "e": "d", "Lambda": 1, "S": 1, "parity": "u", "v": 7 }
        },
        "count": 1
      }
    ],
    "type_tags": ["Electronic", "Vibrational"],
    "reversible": false
  },
  "threshold": 14.9741,
  "data": [
    [14.9741, 0],
    [15, 0.00294386],
    [16, 0.0056277],
    [17, 0.00601122],
    [18, 0.00574897],
    [19, 0.00520223],
    [20, 0.004731],
    [22, 0.00417662],
    [25, 0.00355328],
    [30, 0.00272898],
    [40, 0.00128887],
    [50, 0.000726006],
    [60, 0.000516466],
    [70, 0.000404235],
    [80, 0.000376554],
    [100, 0.000231103],
    [120, 0.000106121],
    [140, 0.0000761383],
    [160, 0.0000532471]
  ]
}