{
  "reaction": {
    "lhs": [
      { "state": { "particle": "e", "charge": -1 }, "count": 1 },
      {
        "state": {
          "particle": "H2",
          "charge": 0,
          "descriptor": { "type": 1, "accuracy": 2, "e": "X", "Lambda": 0, "S": 0, "parity": "g", "v": 1 }
        },
        "count": 1
      }
    ],
    "rhs": [
      { "state": { "particle": "e", "charge": -1 }, "count": 1 },
      {
        "state": {
          "particle": "H2",
          "charge": 0,
          "descriptor": { "type": 1, "accuracy": 2, "e": "c", "Lambda": 1, "S": 1, "parity": "u", "v": 4 }
        },
        "count": 1
      }
    ],
    "type_tags": ["Electronic", "Vibrational"],
    "reversible": false
  },
  "threshold": 12.3265,
  "data": [
    [12.3265, 0],
    [13, 0.0135775],
    [14, 0.0174981],
    [15, 0.0176261],
    [16, 0.0167754],
    [17, 0.015451],
    [18, 0.0145703],
    [19, 0.0137829],
    [20, 0.0130283],
    [22, 0.0114847],
    [25, 0.00917771],
    [30, 0.00593772],
    [40, 0.00274682],
    [50, 0.00156262],
    [60, 0.00111967],
    [70, 0.000806935],
    [80, 0.000667854],
    [100, 0.000358964],
    [120, 0.000192012],
    [140, 0.00013804],
    [160, 0.0000968513]
  ]
}