{
  "reaction": {
    "lhs": [
      { "state": { "particle": "e", "charge": -1 }, "count": 1 },
      {
        "state": {
          "particle": "H2",
          "charge": 0,
          "descriptor": { "type": 1, "accuracy": 2, "e": "X", "Lambda": 0, "S": 0, "parity": "g", "v": 1 }
        },
        "count": 1
      }
    ],
    "rhs": [
      { "state": { "particle": "e", "charge": -1 }, "count": 1 },
      {
        "state": {
          "particle": "H2",
          "charge": 0,
          "descriptor": {
            "type": 1,
            "accuracy": 2,
            "e": "B",
            "Lambda": 0,
            "S": 0,
            "parity": "u",
            "v": 17
          }
        },
        "count": 1
      }
    ],
    "type_tags": ["Electronic", "Vibrational"],
    "reversible": false
  },
  "threshold": 12.9023,
  "data": [
    [12.9023, 0],
    [13, 0.00145405],
    [14, 0.00529961],
    [15, 0.00836313],
    [16, 0.0106117],
    [17, 0.012417],
    [18, 0.0140874],
    [19, 0.0157174],
    [20, 0.0172702],
    [22, 0.0199973],
    [25, 0.0232444],
    [30, 0.0270737],
    [40, 0.0312437],
    [50, 0.0328301],
    [60, 0.0332762],
    [70, 0.033021],
    [80, 0.0323987],
    [100, 0.0307909],
    [120, 0.0289918],
    [140, 0.0272069],
    [160, 0.025485]
  ]
}