{
  "reaction": {
    "lhs": [
      { "state": { "particle": "e", "charge": -1 }, "count": 1 },
      {
        "state": {
          "particle": "H2",
          "charge": 0,
          "descriptor": { "type": 1, "accuracy": 2, "e": "X", "Lambda": 0, "S": 0, "parity": "g", "v": 1 }
        },
        "count": 1
      }
    ],
    "rhs": [
      { "state": { "particle": "e", "charge": -1 }, "count": 1 },
      {
        "state": {
          "particle": "H2",
          "charge": 0,
          "descriptor": { "type": 1, "accuracy": 2, "e": "g", "Lambda": 0, "S": 1, "parity": "g", "v": 7 }
        },
        "count": 1
      }
    ],
    "type_tags": ["Electronic", "Vibrational"],
    "reversible": false
  },
  "threshold": 15.0452,
  "data": [
    [15.0452, 0],
    [16, 0.00030916],
    [17, 0.000506419],
    [18, 0.00047866],
    [19, 0.000421281],
    [20, 0.000373129],
    [22, 0.000319888],
    [25, 0.000264167],
    [30, 0.000205618],
    [40, 0.000164626],
    [50, 0.000112848],
    [60, 0.0000678548],
    [70, 0.0000487746],
    [80, 0.0000401518],
    [100, 0.0000230883],
    [120, 0.0000139278],
    [140, 0.00000986883],
    [160, 0.00000679362]
  ]
}