{
  "reaction": {
    "lhs": [
      { "state": { "particle": "e", "charge": -1 }, "count": 1 },
      {
        "state": {
          "particle": "H2",
          "charge": 0,
          "descriptor": { "type": 1, "accuracy": 2, "e": "X", "Lambda": 0, "S": 0, "parity": "g", "v": 1 }
        },
        "count": 1
      }
    ],
    "rhs": [
      { "state": { "particle": "e", "charge": -1 }, "count": 1 },
      {
        "state": {
          "particle": "H2",
          "charge": 0,
          "descriptor": { "type": 1, "accuracy": 2, "e": "C", "Lambda": 1, "S": 0, "parity": "u", "v": 0 }
        },
        "count": 1
      }
    ],
    "type_tags": ["Electronic", "Vibrational"],
    "reversible": false
  },
  "threshold": 11.7744,
  "data": [
    [11.7744, 0],
    [12, 0.0233995],
    [13, 0.0651102],
    [14, 0.0997985],
    [15, 0.128706],
    [16, 0.155217],
    [17, 0.181365],
    [18, 0.207522],
    [19, 0.233144],
    [20, 0.257462],
    [22, 0.300414],
    [25, 0.349989],
    [30, 0.403422],
    [40, 0.464185],
    [50, 0.498339],
    [60, 0.517037],
    [70, 0.519],
    [80, 0.510117],
    [100, 0.485167],
    [120, 0.455766],
    [140, 0.428064],
    [160, 0.403418]
  ]
}