{
  "reaction": {
    "lhs": [
      { "state": { "particle": "e", "charge": -1 }, "count": 1 },
      {
        "state": {
          "particle": "H2",
          "charge": 0,
          "descriptor": { "type": 1, "accuracy": 2, "e": "X", "Lambda": 0, "S": 0, "parity": "g", "v": 1 }
        },
        "count": 1
      }
    ],
    "rhs": [
      { "state": { "particle": "e", "charge": -1 }, "count": 1 },
      {
        "state": {
          "particle": "H2",
          "charge": 0,
          "descriptor": {
            "type": 1,
            "accuracy": 2,
            "e": "d",
            "Lambda": 1,
            "S": 1,
            "parity": "u",
            "v": 16
          }
        },
        "count": 1
      }
    ],
    "type_tags": ["Electronic", "Vibrational"],
    "reversible": false
  },
  "threshold": 16.0027,
  "data": [
    [16.0027, 0],
    [17, 0.000111078],
    [18, 0.000116971],
    [19, 0.000119143],
    [20, 0.000119454],
    [22, 0.000115955],
    [25, 0.000101586],
    [30, 0.0000746646],
    [40, 0.0000470308],
    [50, 0.0000278355],
    [60, 0.0000163983],
    [70, 0.0000131001],
    [80, 0.0000123918],
    [100, 0.0000078917],
    [120, 0.00000359703],
    [140, 0.0000025814],
    [160, 0.00000180661]
  ]
}