{
  "reaction": {
    "lhs": [
      { "state": { "particle": "e", "charge": -1 }, "count": 1 },
      {
        "state": {
          "particle": "H2",
          "charge": 0,
          "descriptor": { "type": 1, "accuracy": 2, "e": "X", "Lambda": 0, "S": 0, "parity": "g", "v": 1 }
        },
        "count": 1
      }
    ],
    "rhs": [
      { "state": { "particle": "e", "charge": -1 }, "count": 1 },
      {
        "state": {
          "particle": "H2",
          "charge": 0,
          "descriptor": {
            "type": 1,
            "accuracy": 2,
            "e": "d",
            "Lambda": 1,
            "S": 1,
            "parity": "u",
            "v": 17
          }
        },
        "count": 1
      }
    ],
    "type_tags": ["Electronic", "Vibrational"],
    "reversible": false
  },
  "threshold": 16.0263,
  "data": [
    [16.0263, 0],
    [17, 0.0000718927],
    [18, 0.0000754682],
    [19, 0.000076786],
    [20, 0.0000769745],
    [22, 0.000074731],
    [25, 0.0000655217],
    [30, 0.0000482908],
    [40, 0.0000307501],
    [50, 0.0000182475],
    [60, 0.0000106919],
    [70, 0.00000853799],
    [80, 0.00000807588],
    [100, 0.00000514488],
    [120, 0.00000234689],
    [140, 0.00000168425],
    [160, 0.00000117876]
  ]
}