{
  "reaction": {
    "lhs": [
      { "state": { "particle": "e", "charge": -1 }, "count": 1 },
      {
        "state": {
          "particle": "H2",
          "charge": 0,
          "descriptor": { "type": 1, "accuracy": 2, "e": "X", "Lambda": 0, "S": 0, "parity": "g", "v": 1 }
        },
        "count": 1
      }
    ],
    "rhs": [
      { "state": { "particle": "e", "charge": -1 }, "count": 1 },
      {
        "state": {
          "particle": "H2",
          "charge": 0,
          "descriptor": {
            "type": 1,
            "accuracy": 2,
            "e": "H",
            "Lambda": 0,
            "S": 0,
            "parity": "g",
            "v": 62
          }
        },
        "count": 1
      }
    ],
    "type_tags": ["Electronic", "Vibrational"],
    "reversible": false
  },
  "threshold": 16.0517,
  "data": [
    [16.0517, 0],
    [17, 0.0000784239],
    [18, 0.000097714],
    [19, 0.0000920169],
    [20, 0.0000793144],
    [22, 0.0000691848],
    [25, 0.0000654423],
    [30, 0.0000649775],
    [40, 0.0000660527],
    [50, 0.0000633034],
    [60, 0.0000582491],
    [70, 0.0000537949],
    [80, 0.0000517305],
    [100, 0.0000486882],
    [120, 0.0000469281],
    [140, 0.0000438837],
    [160, 0.0000408064]
  ]
}