{
  "reaction": {
    "lhs": [
      { "state": { "particle": "e", "charge": -1 }, "count": 1 },
      {
        "state": {
          "particle": "H2",
          "charge": 0,
          "descriptor": { "type": 1, "accuracy": 2, "e": "X", "Lambda": 0, "S": 0, "parity": "g", "v": 1 }
        },
        "count": 1
      }
    ],
    "rhs": [
      { "state": { "particle": "e", "charge": -1 }, "count": 1 },
      {
        "state": {
          "particle": "H2",
          "charge": 0,
          "descriptor": { "type": 1, "accuracy": 2, "e": "j", "Lambda": 2, "S": 1, "parity": "g", "v": 8 }
        },
        "count": 1
      }
    ],
    "type_tags": ["Electronic", "Vibrational"],
    "reversible": false
  },
  "threshold": 15.2002,
  "data": [
    [15.2002, 0],
    [16, 0.000466681],
    [17, 0.000842226],
    [18, 0.000836591],
    [19, 0.000820238],
    [20, 0.000793998],
    [22, 0.000717432],
    [25, 0.000567933],
    [30, 0.000336612],
    [40, 0.000133805],
    [50, 0.0000826686],
    [60, 0.0000709156],
    [70, 0.0000640701],
    [80, 0.000060309],
    [100, 0.0000348941],
    [120, 0.0000152435],
    [140, 0.0000107777],
    [160, 0.00000736105]
  ]
}