{
  "reaction": {
    "lhs": [
      { "state": { "particle": "e", "charge": -1 }, "count": 1 },
      {
        "state": {
          "particle": "H2",
          "charge": 0,
          "descriptor": { "type": 1, "accuracy": 2, "e": "X", "Lambda": 0, "S": 0, "parity": "g", "v": 1 }
        },
        "count": 1
      }
    ],
    "rhs": [
      { "state": { "particle": "e", "charge": -1 }, "count": 1 },
      {
        "state": {
          "particle": "H2",
          "charge": 0,
          "descriptor": {
            "type": 1,
            "accuracy": 2,
            "e": "H",
            "Lambda": 0,
            "S": 0,
            "parity": "g",
            "v": 30
          }
        },
        "count": 1
      }
    ],
    "type_tags": ["Electronic", "Vibrational"],
    "reversible": false
  },
  "threshold": 15.3949,
  "data": [
    [15.3949, 0],
    [16, 0.000148843],
    [17, 0.000223375],
    [18, 0.000244864],
    [19, 0.000223276],
    [20, 0.000193616],
    [22, 0.000164309],
    [25, 0.00015323],
    [30, 0.000162446],
    [40, 0.000160732],
    [50, 0.000151308],
    [60, 0.000146155],
    [70, 0.000144587],
    [80, 0.000144522],
    [100, 0.00013491],
    [120, 0.000127835],
    [140, 0.000119311],
    [160, 0.000110561]
  ]
}