{
  "reaction": {
    "lhs": [
      { "state": { "particle": "e", "charge": -1 }, "count": 1 },
      {
        "state": {
          "particle": "H2",
          "charge": 0,
          "descriptor": { "type": 1, "accuracy": 2, "e": "X", "Lambda": 0, "S": 0, "parity": "g", "v": 1 }
        },
        "count": 1
      }
    ],
    "rhs": [
      { "state": { "particle": "e", "charge": -1 }, "count": 1 },
      {
        "state": {
          "particle": "H2",
          "charge": 0,
          "descriptor": { "type": 1, "accuracy": 2, "e": "c", "Lambda": 1, "S": 1, "parity": "u", "v": 6 }
        },
        "count": 1
      }
    ],
    "type_tags": ["Electronic", "Vibrational"],
    "reversible": false
  },
  "threshold": 12.7764,
  "data": [
    [12.7764, 0],
    [13, 0.0169888],
    [14, 0.0271464],
    [15, 0.029093],
    [16, 0.0290732],
    [17, 0.028936],
    [18, 0.0285296],
    [19, 0.0275119],
    [20, 0.0254798],
    [22, 0.0211322],
    [25, 0.0172044],
    [30, 0.0114172],
    [40, 0.00531964],
    [50, 0.00269693],
    [60, 0.00198767],
    [70, 0.00145135],
    [80, 0.00131126],
    [100, 0.000767253],
    [120, 0.000366908],
    [140, 0.00026388],
    [160, 0.000185195]
  ]
}