{
  "reaction": {
    "lhs": [
      { "state": { "particle": "e", "charge": -1 }, "count": 1 },
      {
        "state": {
          "particle": "H2",
          "charge": 0,
          "descriptor": { "type": 1, "accuracy": 2, "e": "X", "Lambda": 0, "S": 0, "parity": "g", "v": 1 }
        },
        "count": 1
      }
    ],
    "rhs": [
      { "state": { "particle": "e", "charge": -1 }, "count": 1 },
      {
        "state": {
          "particle": "H2",
          "charge": 0,
          "descriptor": {
            "type": 1,
            "accuracy": 2,
            "e": "Bp",
            "Lambda": 0,
            "S": 0,
            "parity": "u",
            "v": 8
          }
        },
        "count": 1
      }
    ],
    "type_tags": ["Electronic", "Vibrational"],
    "reversible": false
  },
  "threshold": 14.1597,
  "data": [
    [14.1597, 0],
    [15, 8.84976e-7],
    [16, 0.00000192712],
    [17, 0.00000295945],
    [18, 0.00000397651],
    [19, 0.00000497289],
    [20, 0.00000594313],
    [22, 0.00000778414],
    [25, 0.0000102158],
    [30, 0.00001303],
    [40, 0.0000141644],
    [50, 0.0000147421],
    [60, 0.00001497],
    [70, 0.0000149624],
    [80, 0.0000147984],
    [100, 0.0000141633],
    [120, 0.000012913],
    [140, 0.0000117183],
    [160, 0.0000107551]
  ]
}