{
  "reaction": {
    "lhs": [
      { "state": { "particle": "e", "charge": -1 }, "count": 1 },
      {
        "state": {
          "particle": "H2",
          "charge": 0,
          "descriptor": { "type": 1, "accuracy": 2, "e": "X", "Lambda": 0, "S": 0, "parity": "g", "v": 1 }
        },
        "count": 1
      }
    ],
    "rhs": [
      { "state": { "particle": "e", "charge": -1 }, "count": 1 },
      {
        "state": {
          "particle": "H2",
          "charge": 0,
          "descriptor": {
            "type": 1,
            "accuracy": 2,
            "e": "H",
            "Lambda": 0,
            "S": 0,
            "parity": "g",
            "v": 55
          }
        },
        "count": 1
      }
    ],
    "type_tags": ["Electronic", "Vibrational"],
    "reversible": false
  },
  "threshold": 16.0028,
  "data": [
    [16.0028, 0],
    [17, 0.000105521],
    [18, 0.000128594],
    [19, 0.000120361],
    [20, 0.000103805],
    [22, 0.0000904102],
    [25, 0.000085617],
    [30, 0.000085881],
    [40, 0.0000868012],
    [50, 0.0000830375],
    [60, 0.0000771476],
    [70, 0.0000721122],
    [80, 0.0000696635],
    [100, 0.0000654307],
    [120, 0.0000630313],
    [140, 0.0000590054],
    [160, 0.0000548577]
  ]
}