{
  "reaction": {
    "lhs": [
      { "state": { "particle": "e", "charge": -1 }, "count": 1 },
      {
        "state": {
          "particle": "H2",
          "charge": 0,
          "descriptor": { "type": 1, "accuracy": 2, "e": "X", "Lambda": 0, "S": 0, "parity": "g", "v": 1 }
        },
        "count": 1
      }
    ],
    "rhs": [
      { "state": { "particle": "e", "charge": -1 }, "count": 1 },
      {
        "state": {
          "particle": "H2",
          "charge": 0,
          "descriptor": {
            "type": 1,
            "accuracy": 2,
            "e": "j",
            "Lambda": 2,
            "S": 1,
            "parity": "g",
            "v": 15
          }
        },
        "count": 1
      }
    ],
    "type_tags": ["Electronic", "Vibrational"],
    "reversible": false
  },
  "threshold": 15.9885,
  "data": [
    [15.9885, 0],
    [16, 5.53443e-7],
    [17, 0.0000482199],
    [18, 0.0000533573],
    [19, 0.0000552537],
    [20, 0.0000555264],
    [22, 0.0000525827],
    [25, 0.0000407026],
    [30, 0.000020062],
    [40, 0.00000899159],
    [50, 0.00000532162],
    [60, 0.00000468007],
    [70, 0.00000451338],
    [80, 0.00000448573],
    [100, 0.00000299672],
    [120, 0.00000130521],
    [140, 9.23783e-7],
    [160, 6.33034e-7]
  ]
}