{
  "reaction": {
    "lhs": [
      { "state": { "particle": "e", "charge": -1 }, "count": 1 },
      {
        "state": {
          "particle": "H2",
          "charge": 0,
          "descriptor": { "type": 1, "accuracy": 2, "e": "X", "Lambda": 0, "S": 0, "parity": "g", "v": 1 }
        },
        "count": 1
      }
    ],
    "rhs": [
      { "state": { "particle": "e", "charge": -1 }, "count": 1 },
      {
        "state": {
          "particle": "H2",
          "charge": 0,
          "descriptor": { "type": 1, "accuracy": 2, "e": "J", "Lambda": 2, "S": 0, "parity": "g", "v": 3 }
        },
        "count": 1
      }
    ],
    "type_tags": ["Electronic", "Vibrational"],
    "reversible": false
  },
  "threshold": 14.1988,
  "data": [
    [14.1988, 0],
    [15, 0.0000703292],
    [16, 0.00000243314],
    [17, 3.82323e-8],
    [18, 0.00000202877],
    [19, 0.00000327496],
    [20, 0.00000422464],
    [22, 0.00000470837],
    [25, 0.00000299062],
    [30, 0.00000122508],
    [40, 0.00000113128],
    [50, 0.00000293844],
    [60, 0.00000201036],
    [70, 0.00000108227],
    [80, 0.00000115635],
    [100, 9.51632e-7],
    [120, 9.69395e-7],
    [140, 7.96751e-7],
    [160, 6.93123e-7]
  ]
}