{
  "reaction": {
    "lhs": [
      { "state": { "particle": "e", "charge": -1 }, "count": 1 },
      {
        "state": {
          "particle": "H2",
          "charge": 0,
          "descriptor": { "type": 1, "accuracy": 2, "e": "X", "Lambda": 0, "S": 0, "parity": "g", "v": 1 }
        },
        "count": 1
      }
    ],
    "rhs": [
      { "state": { "particle": "e", "charge": -1 }, "count": 1 },
      {
        "state": {
          "particle": "H2",
          "charge": 0,
          "descriptor": {
            "type": 1,
            "accuracy": 2,
            "e": "H",
            "Lambda": 0,
            "S": 0,
            "parity": "g",
            "v": 53
          }
        },
        "count": 1
      }
    ],
    "type_tags": ["Electronic", "Vibrational"],
    "reversible": false
  },
  "threshold": 15.9726,
  "data": [
    [15.9726, 0],
    [16, 0.0000632564],
    [17, 0.000115299],
    [18, 0.00013935],
    [19, 0.000130131],
    [20, 0.000112201],
    [22, 0.0000976003],
    [25, 0.0000924235],
    [30, 0.000093054],
    [40, 0.0000938895],
    [50, 0.0000897427],
    [60, 0.0000836297],
    [70, 0.0000784819],
    [80, 0.0000759509],
    [100, 0.0000712987],
    [120, 0.0000686544],
    [140, 0.0000642825],
    [160, 0.0000597581]
  ]
}