{
  "reaction": {
    "lhs": [
      { "state": { "particle": "e", "charge": -1 }, "count": 1 },
      {
        "state": {
          "particle": "H2",
          "charge": 0,
          "descriptor": { "type": 1, "accuracy": 2, "e": "X", "Lambda": 0, "S": 0, "parity": "g", "v": 1 }
        },
        "count": 1
      }
    ],
    "rhs": [
      { "state": { "particle": "e", "charge": -1 }, "count": 1 },
      {
        "state": {
          "particle": "H2",
          "charge": 0,
          "descriptor": {
            "type": 1,
            "accuracy": 2,
            "e": "H",
            "Lambda": 0,
            "S": 0,
            "parity": "g",
            "v": 60
          }
        },
        "count": 1
      }
    ],
    "type_tags": ["Electronic", "Vibrational"],
    "reversible": false
  },
  "threshold": 16.0454,
  "data": [
    [16.0454, 0],
    [17, 0.0000850593],
    [18, 0.000105415],
    [19, 0.0000991282],
    [20, 0.0000854771],
    [22, 0.0000745616],
    [25, 0.0000705652],
    [30, 0.0000702359],
    [40, 0.0000712855],
    [50, 0.0000682943],
    [60, 0.0000630039],
    [70, 0.0000583685],
    [80, 0.0000561878],
    [100, 0.00005285],
    [120, 0.000050939],
    [140, 0.0000476516],
    [160, 0.0000443088]
  ]
}