{
  "reaction": {
    "lhs": [
      { "state": { "particle": "e", "charge": -1 }, "count": 1 },
      {
        "state": {
          "particle": "H2",
          "charge": 0,
          "descriptor": { "type": 1, "accuracy": 2, "e": "X", "Lambda": 0, "S": 0, "parity": "g", "v": 1 }
        },
        "count": 1
      }
    ],
    "rhs": [
      { "state": { "particle": "e", "charge": -1 }, "count": 1 },
      {
        "state": {
          "particle": "H2",
          "charge": 0,
          "descriptor": { "type": 1, "accuracy": 2, "e": "c", "Lambda": 1, "S": 1, "parity": "u", "v": 3 }
        },
        "count": 1
      }
    ],
    "type_tags": ["Electronic", "Vibrational"],
    "reversible": false
  },
  "threshold": 12.0804,
  "data": [
    [12.0804, 0],
    [13, 0.00222122],
    [14, 0.00228816],
    [15, 0.00349302],
    [16, 0.00299186],
    [17, 0.0022916],
    [18, 0.00199359],
    [19, 0.00183058],
    [20, 0.00170441],
    [22, 0.00146016],
    [25, 0.00119717],
    [30, 0.000852569],
    [40, 0.000196325],
    [50, 0.00010418],
    [60, 0.0000869629],
    [70, 0.0000663242],
    [80, 0.0000453261],
    [100, 0.0000235366],
    [120, 0.0000138775],
    [140, 0.00000996981],
    [160, 0.00000699338]
  ]
}