{
  "reaction": {
    "lhs": [
      { "state": { "particle": "e", "charge": -1 }, "count": 1 },
      {
        "state": {
          "particle": "H2",
          "charge": 0,
          "descriptor": { "type": 1, "accuracy": 2, "e": "X", "Lambda": 0, "S": 0, "parity": "g", "v": 1 }
        },
        "count": 1
      }
    ],
    "rhs": [
      { "state": { "particle": "e", "charge": -1 }, "count": 1 },
      {
        "state": {
          "particle": "H2",
          "charge": 0,
          "descriptor": { "type": 1, "accuracy": 2, "e": "j", "Lambda": 2, "S": 1, "parity": "g", "v": 5 }
        },
        "count": 1
      }
    ],
    "type_tags": ["Electronic", "Vibrational"],
    "reversible": false
  },
  "threshold": 14.6434,
  "data": [
    [14.6434, 0],
    [15, 0.000522092],
    [16, 0.000745267],
    [17, 0.000777564],
    [18, 0.000763878],
    [19, 0.000731458],
    [20, 0.000693266],
    [22, 0.000608422],
    [25, 0.00045711],
    [30, 0.000239076],
    [40, 0.000103064],
    [50, 0.0000795452],
    [60, 0.0000748758],
    [70, 0.0000585695],
    [80, 0.0000383646],
    [100, 0.0000213416],
    [120, 0.0000141458],
    [140, 0.0000100434],
    [160, 0.00000694308]
  ]
}