{
  "reaction": {
    "lhs": [
      { "state": { "particle": "e", "charge": -1 }, "count": 1 },
      {
        "state": {
          "particle": "H2",
          "charge": 0,
          "descriptor": { "type": 1, "accuracy": 2, "e": "X", "Lambda": 0, "S": 0, "parity": "g", "v": 1 }
        },
        "count": 1
      }
    ],
    "rhs": [
      { "state": { "particle": "e", "charge": -1 }, "count": 1 },
      {
        "state": {
          "particle": "H2",
          "charge": 0,
          "descriptor": { "type": 1, "accuracy": 2, "e": "e", "Lambda": 0, "S": 1, "parity": "u", "v": 2 }
        },
        "count": 1
      }
    ],
    "type_tags": ["Electronic", "Vibrational"],
    "reversible": false
  },
  "threshold": 13.205,
  "data": [
    [13.205, 0],
    [14, 0.00868923],
    [15, 0.00697206],
    [16, 0.0071795],
    [17, 0.00738694],
    [18, 0.00728139],
    [19, 0.00703184],
    [20, 0.00673899],
    [22, 0.00610289],
    [25, 0.0049835],
    [30, 0.00327977],
    [40, 0.00153407],
    [50, 0.000931645],
    [60, 0.000728391],
    [70, 0.000537852],
    [80, 0.000430355],
    [100, 0.000245688],
    [120, 0.000147663],
    [140, 0.000106697],
    [160, 0.0000756068]
  ]
}