{
  "reaction": {
    "lhs": [
      { "state": { "particle": "e", "charge": -1 }, "count": 1 },
      {
        "state": {
          "particle": "H2",
          "charge": 0,
          "descriptor": {
            "type": 1,
            "accuracy": 2,
            "e": "X",
            "Lambda": 0,
            "S": 0,
            "parity": "g",
            "v": 10
          }
        },
        "count": 1
      }
    ],
    "rhs": [
      { "state": { "particle": "e", "charge": -1 }, "count": 1 },
      {
        "state": {
          "particle": "H2",
          "charge": 0,
          "descriptor": { "type": 1, "accuracy": 2, "e": "g", "Lambda": 0, "S": 1, "parity": "g", "v": 0 }
        },
        "count": 1
      }
    ],
    "type_tags": ["Electronic", "Vibrational"],
    "reversible": false
  },
  "threshold": 10.0242,
  "data": [
    [10.0242, 0],
    [11, 2.83337e-8],
    [12, 3.48678e-7],
    [13, 0.0000014923],
    [14, 5.1413e-7],
    [15, 5.83719e-7],
    [16, 3.76716e-7],
    [17, 1.69713e-7],
    [18, 2.38483e-7],
    [19, 3.66199e-7],
    [20, 4.34969e-7],
    [22, 4.31391e-7],
    [25, 4.12967e-7],
    [30, 3.49377e-7],
    [40, 1.02262e-7],
    [50, 2.68277e-8],
    [60, 1.10128e-8],
    [70, 2.20824e-9],
    [80, 7.07518e-10],
    [100, 8.33545e-10],
    [120, 1.71216e-9],
    [140, 1.68615e-9],
    [160, 1.61424e-9]
  ]
}