{
  "reaction": {
    "lhs": [
      { "state": { "particle": "e", "charge": -1 }, "count": 1 },
      {
        "state": {
          "particle": "H2",
          "charge": 0,
          "descriptor": {
            "type": 1,
            "accuracy": 2,
            "e": "X",
            "Lambda": 0,
            "S": 0,
            "parity": "g",
            "v": 10
          }
        },
        "count": 1
      }
    ],
    "rhs": [
      { "state": { "particle": "e", "charge": -1 }, "count": 1 },
      {
        "state": {
          "particle": "H2",
          "charge": 0,
          "descriptor": {
            "type": 1,
            "accuracy": 2,
            "e": "H",
            "Lambda": 0,
            "S": 0,
            "parity": "g",
            "v": 70
          }
        },
        "count": 1
      }
    ],
    "type_tags": ["Electronic", "Vibrational"],
    "reversible": false
  },
  "threshold": -27.8253,
  "data": [
    [27.8253, 0],
    [6, 0.0000020465],
    [8, 0.00000238949],
    [10, 0.0000027884],
    [11, 0.00000301036],
    [12, 0.00000616302],
    [13, 0.0000209633],
    [14, 0.0000345877],
    [15, 0.0000495655],
    [16, 0.0000584561],
    [17, 0.0000560611],
    [18, 0.0000514724],
    [19, 0.000050178],
    [20, 0.0000514972],
    [22, 0.000054708],
    [25, 0.0000555521],
    [30, 0.0000506417],
    [40, 0.0000438359],
    [50, 0.0000395948],
    [60, 0.0000358002],
    [70, 0.0000322099],
    [80, 0.0000287453],
    [100, 0.0000234938],
    [120, 0.0000200311],
    [140, 0.000017576],
    [160, 0.0000154938]
  ]
}