{
  "reaction": {
    "lhs": [
      { "state": { "particle": "e", "charge": -1 }, "count": 1 },
      {
        "state": {
          "particle": "H2",
          "charge": 0,
          "descriptor": {
            "type": 1,
            "accuracy": 2,
            "e": "X",
            "Lambda": 0,
            "S": 0,
            "parity": "g",
            "v": 10
          }
        },
        "count": 1
      }
    ],
    "rhs": [
      { "state": { "particle": "e", "charge": -1 }, "count": 1 },
      {
        "state": {
          "particle": "H2",
          "charge": 0,
          "descriptor": { "type": 1, "accuracy": 2, "e": "B", "Lambda": 0, "S": 0, "parity": "u", "v": 8 }
        },
        "count": 1
      }
    ],
    "type_tags": ["Electronic", "Vibrational"],
    "reversible": false
  },
  "threshold": 8.51055,
  "data": [
    [8.51055, 0],
    [10, 0.0847631],
    [11, 0.114255],
    [12, 0.133974],
    [13, 0.148306],
    [14, 0.159985],
    [15, 0.169782],
    [16, 0.177831],
    [17, 0.184305],
    [18, 0.189381],
    [19, 0.193236],
    [20, 0.196046],
    [22, 0.199242],
    [25, 0.200635],
    [30, 0.201792],
    [40, 0.201881],
    [50, 0.197285],
    [60, 0.190595],
    [70, 0.183562],
    [80, 0.175842],
    [100, 0.160304],
    [120, 0.145732],
    [140, 0.132804],
    [160, 0.121535]
  ]
}