{
  "reaction": {
    "lhs": [
      { "state": { "particle": "e", "charge": -1 }, "count": 1 },
      {
        "state": {
          "particle": "H2",
          "charge": 0,
          "descriptor": {
            "type": 1,
            "accuracy": 2,
            "e": "X",
            "Lambda": 0,
            "S": 0,
            "parity": "g",
            "v": 10
          }
        },
        "count": 1
      }
    ],
    "rhs": [
      { "state": { "particle": "e", "charge": -1 }, "count": 1 },
      {
        "state": {
          "particle": "H2",
          "charge": 0,
          "descriptor": {
            "type": 1,
            "accuracy": 2,
            "e": "GK",
            "Lambda": 0,
            "S": 0,
            "parity": "g",
            "v": 8
          }
        },
        "count": 1
      }
    ],
    "type_tags": ["Electronic", "Vibrational"],
    "reversible": false
  },
  "threshold": 10.8104,
  "data": [
    [10.8104, 0],
    [11, 0.000331451],
    [12, 0.000135274],
    [13, 0.000400914],
    [14, 0.000370502],
    [15, 0.000528093],
    [16, 0.000542469],
    [17, 0.000483091],
    [18, 0.000528132],
    [19, 0.000548519],
    [20, 0.000589773],
    [22, 0.000561096],
    [25, 0.000484594],
    [30, 0.000479786],
    [40, 0.000384103],
    [50, 0.000307561],
    [60, 0.000336987],
    [70, 0.00037928],
    [80, 0.000394885],
    [100, 0.000344699],
    [120, 0.000299386],
    [140, 0.000249835],
    [160, 0.000245124]
  ]
}