{
  "reaction": {
    "lhs": [
      { "state": { "particle": "e", "charge": -1 }, "count": 1 },
      {
        "state": {
          "particle": "H2",
          "charge": 0,
          "descriptor": {
            "type": 1,
            "accuracy": 2,
            "e": "X",
            "Lambda": 0,
            "S": 0,
            "parity": "g",
            "v": 10
          }
        },
        "count": 1
      }
    ],
    "rhs": [
      { "state": { "particle": "e", "charge": -1 }, "count": 1 },
      {
        "state": {
          "particle": "H2",
          "charge": 0,
          "descriptor": { "type": 1, "accuracy": 2, "e": "d", "Lambda": 1, "S": 1, "parity": "u", "v": 0 }
        },
        "count": 1
      }
    ],
    "type_tags": ["Electronic", "Vibrational"],
    "reversible": false
  },
  "threshold": 9.99193,
  "data": [
    [9.99193, 0],
    [10, 3.40887e-12],
    [11, 4.32693e-10],
    [12, 7.23021e-8],
    [13, 6.72357e-7],
    [14, 1.79901e-7],
    [15, 2.97468e-7],
    [16, 2.17209e-7],
    [17, 1.063e-7],
    [18, 5.80469e-8],
    [19, 3.2651e-8],
    [20, 2.52633e-8],
    [22, 2.76992e-8],
    [25, 3.69742e-8],
    [30, 4.86852e-8],
    [40, 2.70204e-9],
    [50, 1.55579e-9],
    [60, 1.38388e-9],
    [70, 1.00097e-9],
    [80, 4.93849e-10],
    [100, 1.4305e-10],
    [120, 5.98067e-11],
    [140, 4.34136e-11],
    [160, 3.07338e-11]
  ]
}