{
  "reaction": {
    "lhs": [
      { "state": { "particle": "e", "charge": -1 }, "count": 1 },
      {
        "state": {
          "particle": "H2",
          "charge": 0,
          "descriptor": {
            "type": 1,
            "accuracy": 2,
            "e": "X",
            "Lambda": 0,
            "S": 0,
            "parity": "g",
            "v": 10
          }
        },
        "count": 1
      }
    ],
    "rhs": [
      { "state": { "particle": "e", "charge": -1 }, "count": 1 },
      {
        "state": {
          "particle": "H2",
          "charge": 0,
          "descriptor": {
            "type": 1,
            "accuracy": 2,
            "e": "D",
            "Lambda": 1,
            "S": 0,
            "parity": "u",
            "v": 10
          }
        },
        "count": 1
      }
    ],
    "type_tags": ["Electronic", "Vibrational"],
    "reversible": false
  },
  "threshold": 12.2105,
  "data": [
    [12.2105, 0],
    [13, 0.00158222],
    [14, 0.00268505],
    [15, 0.00334767],
    [16, 0.00384108],
    [17, 0.00438453],
    [18, 0.00502531],
    [19, 0.00572249],
    [20, 0.00639818],
    [22, 0.00744453],
    [25, 0.00839811],
    [30, 0.00954569],
    [40, 0.0115221],
    [50, 0.0128986],
    [60, 0.0137731],
    [70, 0.0139536],
    [80, 0.0137385],
    [100, 0.013108],
    [120, 0.0123112],
    [140, 0.0115501],
    [160, 0.0108761]
  ]
}