{
  "reaction": {
    "lhs": [
      { "state": { "particle": "e", "charge": -1 }, "count": 1 },
      {
        "state": {
          "particle": "H2",
          "charge": 0,
          "descriptor": {
            "type": 1,
            "accuracy": 2,
            "e": "X",
            "Lambda": 0,
            "S": 0,
            "parity": "g",
            "v": 10
          }
        },
        "count": 1
      }
    ],
    "rhs": [
      { "state": { "particle": "e", "charge": -1 }, "count": 1 },
      {
        "state": {
          "particle": "H2",
          "charge": 0,
          "descriptor": { "type": 1, "accuracy": 2, "e": "I", "Lambda": 1, "S": 0, "parity": "g", "v": 2 }
        },
        "count": 1
      }
    ],
    "type_tags": ["Electronic", "Vibrational"],
    "reversible": false
  },
  "threshold": 10.521,
  "data": [
    [10.521, 0],
    [11, 9.43397e-8],
    [12, 4.0885e-7],
    [13, 0.00000261753],
    [14, 8.74142e-7],
    [15, 5.79373e-8],
    [16, 0.00000270376],
    [17, 0.00000936587],
    [18, 0.0000102216],
    [19, 0.0000123346],
    [20, 0.00000630773],
    [22, 0.0000061444],
    [25, 0.0000082632],
    [30, 0.0000135076],
    [40, 0.00000616934],
    [50, 0.00000917941],
    [60, 0.0000098613],
    [70, 0.00000996151],
    [80, 0.00000844182],
    [100, 0.00000728944],
    [120, 0.00000654636],
    [140, 0.00000588559],
    [160, 0.00000515352]
  ]
}