{
  "reaction": {
    "lhs": [
      { "state": { "particle": "e", "charge": -1 }, "count": 1 },
      {
        "state": {
          "particle": "H2",
          "charge": 0,
          "descriptor": {
            "type": 1,
            "accuracy": 2,
            "e": "X",
            "Lambda": 0,
            "S": 0,
            "parity": "g",
            "v": 10
          }
        },
        "count": 1
      }
    ],
    "rhs": [
      { "state": { "particle": "e", "charge": -1 }, "count": 1 },
      {
        "state": {
          "particle": "H2",
          "charge": 0,
          "descriptor": { "type": 1, "accuracy": 2, "e": "g", "Lambda": 0, "S": 1, "parity": "g", "v": 6 }
        },
        "count": 1
      }
    ],
    "type_tags": ["Electronic", "Vibrational"],
    "reversible": false
  },
  "threshold": 11.5056,
  "data": [
    [11.5056, 0],
    [12, 0.0330673],
    [13, 0.0418004],
    [14, 0.0339023],
    [15, 0.0240281],
    [16, 0.0202504],
    [17, 0.0184943],
    [18, 0.0163878],
    [19, 0.0146076],
    [20, 0.0131311],
    [22, 0.0106855],
    [25, 0.00775204],
    [30, 0.00436362],
    [40, 0.00241135],
    [50, 0.00162243],
    [60, 0.00124225],
    [70, 0.000865662],
    [80, 0.000607584],
    [100, 0.000292569],
    [120, 0.000165536],
    [140, 0.000119592],
    [160, 0.0000844714]
  ]
}