{
  "reaction": {
    "lhs": [
      { "state": { "particle": "e", "charge": -1 }, "count": 1 },
      {
        "state": {
          "particle": "H2",
          "charge": 0,
          "descriptor": {
            "type": 1,
            "accuracy": 2,
            "e": "X",
            "Lambda": 0,
            "S": 0,
            "parity": "g",
            "v": 10
          }
        },
        "count": 1
      }
    ],
    "rhs": [
      { "state": { "particle": "e", "charge": -1 }, "count": 1 },
      {
        "state": {
          "particle": "H2",
          "charge": 0,
          "descriptor": {
            "type": 1,
            "accuracy": 2,
            "e": "EF",
            "Lambda": 0,
            "S": 0,
            "parity": "g",
            "v": 20
          }
        },
        "count": 1
      }
    ],
    "type_tags": ["Electronic", "Vibrational"],
    "reversible": false
  },
  "threshold": 10.1259,
  "data": [
    [10.1259, 0],
    [11, 0.0000623047],
    [12, 0.000144086],
    [13, 0.000207042],
    [14, 0.00034359],
    [15, 0.000299277],
    [16, 0.0002897],
    [17, 0.000297348],
    [18, 0.00024454],
    [19, 0.000214354],
    [20, 0.000235856],
    [22, 0.000240329],
    [25, 0.00021771],
    [30, 0.000217701],
    [40, 0.000152401],
    [50, 0.000105423],
    [60, 0.0000826899],
    [70, 0.0000635075],
    [80, 0.0000521451],
    [100, 0.000035566],
    [120, 0.0000252231],
    [140, 0.0000193668],
    [160, 0.000014615]
  ]
}