{
  "reaction": {
    "lhs": [
      { "state": { "particle": "e", "charge": -1 }, "count": 1 },
      {
        "state": {
          "particle": "H2",
          "charge": 0,
          "descriptor": {
            "type": 1,
            "accuracy": 2,
            "e": "X",
            "Lambda": 0,
            "S": 0,
            "parity": "g",
            "v": 10
          }
        },
        "count": 1
      }
    ],
    "rhs": [
      { "state": { "particle": "e", "charge": -1 }, "count": 1 },
      {
        "state": {
          "particle": "H2",
          "charge": 0,
          "descriptor": {
            "type": 1,
            "accuracy": 2,
            "e": "H",
            "Lambda": 0,
            "S": 0,
            "parity": "g",
            "v": 53
          }
        },
        "count": 1
      }
    ],
    "type_tags": ["Electronic", "Vibrational"],
    "reversible": false
  },
  "threshold": 12.6258,
  "data": [
    [12.6258, 0],
    [13, 0.0000109714],
    [14, 0.0000173989],
    [15, 0.0000180858],
    [16, 0.0000142453],
    [17, 0.0000114464],
    [18, 0.0000100192],
    [19, 0.00000888495],
    [20, 0.00000739759],
    [22, 0.00000424993],
    [25, 0.00000387201],
    [30, 0.00000907156],
    [40, 0.0000081463],
    [50, 0.00000788908],
    [60, 0.0000110395],
    [70, 0.0000129131],
    [80, 0.0000110298],
    [100, 0.0000098066],
    [120, 0.00000811768],
    [140, 0.00000717495],
    [160, 0.00000684171]
  ]
}