{
  "reaction": {
    "lhs": [
      { "state": { "particle": "e", "charge": -1 }, "count": 1 },
      {
        "state": {
          "particle": "H2",
          "charge": 0,
          "descriptor": {
            "type": 1,
            "accuracy": 2,
            "e": "X",
            "Lambda": 0,
            "S": 0,
            "parity": "g",
            "v": 10
          }
        },
        "count": 1
      }
    ],
    "rhs": [
      { "state": { "particle": "e", "charge": -1 }, "count": 1 },
      {
        "state": {
          "particle": "H2",
          "charge": 0,
          "descriptor": {
            "type": 1,
            "accuracy": 2,
            "e": "c",
            "Lambda": 1,
            "S": 1,
            "parity": "u",
            "v": 11
          }
        },
        "count": 1
      }
    ],
    "type_tags": ["Electronic", "Vibrational"],
    "reversible": false
  },
  "threshold": 10.3052,
  "data": [
    [10.3052, 0],
    [11, 0.00034571],
    [12, 0.00189181],
    [13, 0.00137254],
    [14, 0.000911166],
    [15, 0.000673999],
    [16, 0.000614598],
    [17, 0.000600987],
    [18, 0.000585568],
    [19, 0.000568862],
    [20, 0.000545209],
    [22, 0.000474993],
    [25, 0.000342755],
    [30, 0.000150899],
    [40, 0.0000497597],
    [50, 0.0000251381],
    [60, 0.000019569],
    [70, 0.0000144089],
    [80, 0.0000110111],
    [100, 0.00000557413],
    [120, 0.00000284456],
    [140, 0.00000204207],
    [160, 0.00000142803]
  ]
}