{
  "reaction": {
    "lhs": [
      { "state": { "particle": "e", "charge": -1 }, "count": 1 },
      {
        "state": {
          "particle": "H2",
          "charge": 0,
          "descriptor": {
            "type": 1,
            "accuracy": 2,
            "e": "X",
            "Lambda": 0,
            "S": 0,
            "parity": "g",
            "v": 10
          }
        },
        "count": 1
      }
    ],
    "rhs": [
      { "state": { "particle": "e", "charge": -1 }, "count": 1 },
      {
        "state": {
          "particle": "H2",
          "charge": 0,
          "descriptor": { "type": 1, "accuracy": 2, "e": "j", "Lambda": 2, "S": 1, "parity": "g", "v": 9 }
        },
        "count": 1
      }
    ],
    "type_tags": ["Electronic", "Vibrational"],
    "reversible": false
  },
  "threshold": 12.0117,
  "data": [
    [12.0117, 0],
    [13, 0.00178397],
    [14, 0.00172679],
    [15, 0.00151088],
    [16, 0.00129301],
    [17, 0.00110103],
    [18, 0.000961182],
    [19, 0.000852193],
    [20, 0.000763974],
    [22, 0.000613928],
    [25, 0.000435427],
    [30, 0.000263592],
    [40, 0.000201416],
    [50, 0.000144551],
    [60, 0.0000776668],
    [70, 0.0000463987],
    [80, 0.0000292578],
    [100, 0.0000117763],
    [120, 0.0000077957],
    [140, 0.0000055217],
    [160, 0.00000378403]
  ]
}