{
  "reaction": {
    "lhs": [
      { "state": { "particle": "e", "charge": -1 }, "count": 1 },
      {
        "state": {
          "particle": "H2",
          "charge": 0,
          "descriptor": {
            "type": 1,
            "accuracy": 2,
            "e": "X",
            "Lambda": 0,
            "S": 0,
            "parity": "g",
            "v": 10
          }
        },
        "count": 1
      }
    ],
    "rhs": [
      { "state": { "particle": "e", "charge": -1 }, "count": 1 },
      {
        "state": {
          "particle": "H2",
          "charge": 0,
          "descriptor": { "type": 1, "accuracy": 2, "e": "g", "Lambda": 0, "S": 1, "parity": "g", "v": 2 }
        },
        "count": 1
      }
    ],
    "type_tags": ["Electronic", "Vibrational"],
    "reversible": false
  },
  "threshold": 10.5845,
  "data": [
    [10.5845, 0],
    [11, 0.0000811229],
    [12, 0.0000113687],
    [13, 0.00000586036],
    [14, 1.7919e-8],
    [15, 6.20074e-8],
    [16, 4.68423e-7],
    [17, 0.00000248228],
    [18, 0.00000553376],
    [19, 0.0000082743],
    [20, 0.0000111242],
    [22, 0.000013897],
    [25, 0.00000952121],
    [30, 2.79921e-7],
    [40, 2.44478e-7],
    [50, 1.3885e-7],
    [60, 3.33966e-8],
    [70, 3.39496e-8],
    [80, 3.45025e-8],
    [100, 1.74083e-8],
    [120, 3.1404e-10],
    [140, 5.24594e-10],
    [160, 1.10671e-9]
  ]
}