{
  "reaction": {
    "lhs": [
      { "state": { "particle": "e", "charge": -1 }, "count": 1 },
      {
        "state": {
          "particle": "H2",
          "charge": 0,
          "descriptor": {
            "type": 1,
            "accuracy": 2,
            "e": "X",
            "Lambda": 0,
            "S": 0,
            "parity": "g",
            "v": 10
          }
        },
        "count": 1
      }
    ],
    "rhs": [
      { "state": { "particle": "e", "charge": -1 }, "count": 1 },
      {
        "state": {
          "particle": "H2",
          "charge": 0,
          "descriptor": {
            "type": 1,
            "accuracy": 2,
            "e": "c",
            "Lambda": 1,
            "S": 1,
            "parity": "u",
            "v": 13
          }
        },
        "count": 1
      }
    ],
    "type_tags": ["Electronic", "Vibrational"],
    "reversible": false
  },
  "threshold": 10.5469,
  "data": [
    [10.5469, 0],
    [11, 0.00971818],
    [12, 0.0121435],
    [13, 0.0116789],
    [14, 0.0106234],
    [15, 0.00982058],
    [16, 0.00867284],
    [17, 0.00754572],
    [18, 0.00668714],
    [19, 0.00596758],
    [20, 0.00538466],
    [22, 0.004472],
    [25, 0.00346127],
    [30, 0.00228028],
    [40, 0.00101596],
    [50, 0.000619817],
    [60, 0.000517962],
    [70, 0.000367266],
    [80, 0.000243572],
    [100, 0.000116976],
    [120, 0.0000696394],
    [140, 0.0000500277],
    [160, 0.0000350595]
  ]
}