{
  "reaction": {
    "lhs": [
      { "state": { "particle": "e", "charge": -1 }, "count": 1 },
      {
        "state": {
          "particle": "H2",
          "charge": 0,
          "descriptor": {
            "type": 1,
            "accuracy": 2,
            "e": "X",
            "Lambda": 0,
            "S": 0,
            "parity": "g",
            "v": 10
          }
        },
        "count": 1
      }
    ],
    "rhs": [
      { "state": { "particle": "e", "charge": -1 }, "count": 1 },
      {
        "state": {
          "particle": "H2",
          "charge": 0,
          "descriptor": {
            "type": 1,
            "accuracy": 2,
            "e": "g",
            "Lambda": 0,
            "S": 1,
            "parity": "g",
            "v": 16
          }
        },
        "count": 1
      }
    ],
    "type_tags": ["Electronic", "Vibrational"],
    "reversible": false
  },
  "threshold": 12.666,
  "data": [
    [12.666, 0],
    [13, 0.000173521],
    [14, 0.000275293],
    [15, 0.000218636],
    [16, 0.000196326],
    [17, 0.000181878],
    [18, 0.000156139],
    [19, 0.000128124],
    [20, 0.000106248],
    [22, 0.0000799718],
    [25, 0.0000572425],
    [30, 0.0000383335],
    [40, 0.0000248694],
    [50, 0.0000173218],
    [60, 0.0000112736],
    [70, 0.00000763367],
    [80, 0.00000544543],
    [100, 0.00000260499],
    [120, 0.00000148094],
    [140, 0.00000106261],
    [160, 7.4293e-7]
  ]
}