{
  "reaction": {
    "lhs": [
      { "state": { "particle": "e", "charge": -1 }, "count": 1 },
      {
        "state": {
          "particle": "H2",
          "charge": 0,
          "descriptor": {
            "type": 1,
            "accuracy": 2,
            "e": "X",
            "Lambda": 0,
            "S": 0,
            "parity": "g",
            "v": 10
          }
        },
        "count": 1
      }
    ],
    "rhs": [
      { "state": { "particle": "e", "charge": -1 }, "count": 1 },
      {
        "state": {
          "particle": "H2",
          "charge": 0,
          "descriptor": {
            "type": 1,
            "accuracy": 2,
            "e": "H",
            "Lambda": 0,
            "S": 0,
            "parity": "g",
            "v": 69
          }
        },
        "count": 1
      }
    ],
    "type_tags": ["Electronic", "Vibrational"],
    "reversible": false
  },
  "threshold": -27.8253,
  "data": [
    [27.8253, 0],
    [6, 1.43895e-7],
    [8, 1.68263e-7],
    [10, 1.96599e-7],
    [11, 2.12363e-7],
    [12, 0.00000714344],
    [13, 0.0000192167],
    [14, 0.0000321858],
    [15, 0.0000462776],
    [16, 0.0000550087],
    [17, 0.0000528605],
    [18, 0.0000485524],
    [19, 0.0000474512],
    [20, 0.0000489638],
    [22, 0.0000525521],
    [25, 0.0000534544],
    [30, 0.000047954],
    [40, 0.0000413642],
    [50, 0.0000373372],
    [60, 0.0000333683],
    [70, 0.0000296919],
    [80, 0.0000264971],
    [100, 0.0000215731],
    [120, 0.0000183782],
    [140, 0.0000161052],
    [160, 0.0000141456]
  ]
}