{
  "reaction": {
    "lhs": [
      { "state": { "particle": "e", "charge": -1 }, "count": 1 },
      {
        "state": {
          "particle": "H2",
          "charge": 0,
          "descriptor": {
            "type": 1,
            "accuracy": 2,
            "e": "X",
            "Lambda": 0,
            "S": 0,
            "parity": "g",
            "v": 10
          }
        },
        "count": 1
      }
    ],
    "rhs": [
      { "state": { "particle": "e", "charge": -1 }, "count": 1 },
      {
        "state": {
          "particle": "H2",
          "charge": 0,
          "descriptor": { "type": 1, "accuracy": 2, "e": "c", "Lambda": 1, "S": 1, "parity": "u", "v": 4 }
        },
        "count": 1
      }
    ],
    "type_tags": ["Electronic", "Vibrational"],
    "reversible": false
  },
  "threshold": 8.97976,
  "data": [
    [8.97976, 0],
    [10, 0.00059553],
    [11, 0.000878369],
    [12, 0.000524709],
    [13, 0.0000607948],
    [14, 0.000113746],
    [15, 0.000178272],
    [16, 0.000278178],
    [17, 0.000341544],
    [18, 0.000314017],
    [19, 0.000257199],
    [20, 0.000209735],
    [22, 0.000156406],
    [25, 0.0000986822],
    [30, 0.0000510027],
    [40, 0.0000357478],
    [50, 0.0000241869],
    [60, 0.0000107477],
    [70, 0.00000539347],
    [80, 0.000003209],
    [100, 0.00000116365],
    [120, 7.84682e-7],
    [140, 5.56397e-7],
    [160, 3.81591e-7]
  ]
}