{
  "reaction": {
    "lhs": [
      { "state": { "particle": "e", "charge": -1 }, "count": 1 },
      {
        "state": {
          "particle": "H2",
          "charge": 0,
          "descriptor": {
            "type": 1,
            "accuracy": 2,
            "e": "X",
            "Lambda": 0,
            "S": 0,
            "parity": "g",
            "v": 10
          }
        },
        "count": 1
      }
    ],
    "rhs": [
      { "state": { "particle": "e", "charge": -1 }, "count": 1 },
      {
        "state": {
          "particle": "H2",
          "charge": 0,
          "descriptor": {
            "type": 1,
            "accuracy": 2,
            "e": "d",
            "Lambda": 1,
            "S": 1,
            "parity": "u",
            "v": 11
          }
        },
        "count": 1
      }
    ],
    "type_tags": ["Electronic", "Vibrational"],
    "reversible": false
  },
  "threshold": 12.2495,
  "data": [
    [12.2495, 0],
    [13, 0.000458568],
    [14, 0.000239874],
    [15, 0.000252234],
    [16, 0.000255737],
    [17, 0.00025626],
    [18, 0.000241282],
    [19, 0.000210269],
    [20, 0.000184104],
    [22, 0.000155007],
    [25, 0.000124453],
    [30, 0.0000890378],
    [40, 0.0000424067],
    [50, 0.0000283368],
    [60, 0.0000247952],
    [70, 0.0000186669],
    [80, 0.0000129424],
    [100, 0.00000668245],
    [120, 0.00000389312],
    [140, 0.00000278994],
    [160, 0.00000194932]
  ]
}