{
  "reaction": {
    "lhs": [
      { "state": { "particle": "e", "charge": -1 }, "count": 1 },
      {
        "state": {
          "particle": "H2",
          "charge": 0,
          "descriptor": {
            "type": 1,
            "accuracy": 2,
            "e": "X",
            "Lambda": 0,
            "S": 0,
            "parity": "g",
            "v": 10
          }
        },
        "count": 1
      }
    ],
    "rhs": [
      { "state": { "particle": "e", "charge": -1 }, "count": 1 },
      {
        "state": {
          "particle": "H2",
          "charge": 0,
          "descriptor": {
            "type": 1,
            "accuracy": 2,
            "e": "H",
            "Lambda": 0,
            "S": 0,
            "parity": "g",
            "v": 61
          }
        },
        "count": 1
      }
    ],
    "type_tags": ["Electronic", "Vibrational"],
    "reversible": false
  },
  "threshold": 12.7024,
  "data": [
    [12.7024, 0],
    [13, 0.00000493412],
    [14, 0.00000523803],
    [15, 0.00000913146],
    [16, 0.0000132145],
    [17, 0.0000131286],
    [18, 0.0000119955],
    [19, 0.000012231],
    [20, 0.0000139374],
    [22, 0.0000179292],
    [25, 0.0000187876],
    [30, 0.0000124796],
    [40, 0.0000102134],
    [50, 0.00000954898],
    [60, 0.00000676591],
    [70, 0.00000441945],
    [80, 0.00000401519],
    [100, 0.00000298587],
    [120, 0.00000253945],
    [140, 0.00000217465],
    [160, 0.00000174424]
  ]
}