{
  "reaction": {
    "lhs": [
      { "state": { "particle": "e", "charge": -1 }, "count": 1 },
      {
        "state": {
          "particle": "H2",
          "charge": 0,
          "descriptor": {
            "type": 1,
            "accuracy": 2,
            "e": "X",
            "Lambda": 0,
            "S": 0,
            "parity": "g",
            "v": 10
          }
        },
        "count": 1
      }
    ],
    "rhs": [
      { "state": { "particle": "e", "charge": -1 }, "count": 1 },
      {
        "state": {
          "particle": "H2",
          "charge": 0,
          "descriptor": {
            "type": 1,
            "accuracy": 2,
            "e": "J",
            "Lambda": 2,
            "S": 0,
            "parity": "g",
            "v": 17
          }
        },
        "count": 1
      }
    ],
    "type_tags": ["Electronic", "Vibrational"],
    "reversible": false
  },
  "threshold": 12.685,
  "data": [
    [12.685, 0],
    [13, 0.00000922569],
    [14, 0.0000125053],
    [15, 0.0000225237],
    [16, 0.0000299096],
    [17, 0.0000210954],
    [18, 0.000023744],
    [19, 0.0000261247],
    [20, 0.0000241869],
    [22, 0.0000270486],
    [25, 0.0000257996],
    [30, 0.0000265675],
    [40, 0.0000211379],
    [50, 0.0000182172],
    [60, 0.0000159383],
    [70, 0.0000139852],
    [80, 0.0000123679],
    [100, 0.0000102177],
    [120, 0.00000858144],
    [140, 0.00000735198],
    [160, 0.00000644079]
  ]
}