{
  "reaction": {
    "lhs": [
      { "state": { "particle": "e", "charge": -1 }, "count": 1 },
      {
        "state": {
          "particle": "H2",
          "charge": 0,
          "descriptor": {
            "type": 1,
            "accuracy": 2,
            "e": "X",
            "Lambda": 0,
            "S": 0,
            "parity": "g",
            "v": 10
          }
        },
        "count": 1
      }
    ],
    "rhs": [
      { "state": { "particle": "e", "charge": -1 }, "count": 1 },
      {
        "state": {
          "particle": "H2",
          "charge": 0,
          "descriptor": {
            "type": 1,
            "accuracy": 2,
            "e": "EF",
            "Lambda": 0,
            "S": 0,
            "parity": "g",
            "v": 15
          }
        },
        "count": 1
      }
    ],
    "type_tags": ["Electronic", "Vibrational"],
    "reversible": false
  },
  "threshold": 9.72134,
  "data": [
    [9.72134, 0],
    [10, 0.000510881],
    [11, 0.00153598],
    [12, 0.00165366],
    [13, 0.00234169],
    [14, 0.00244619],
    [15, 0.00238172],
    [16, 0.00222542],
    [17, 0.0022446],
    [18, 0.00217305],
    [19, 0.00218453],
    [20, 0.00219074],
    [22, 0.00209479],
    [25, 0.00193156],
    [30, 0.00183838],
    [40, 0.00151186],
    [50, 0.00133054],
    [60, 0.00124209],
    [70, 0.00113249],
    [80, 0.00104958],
    [100, 0.000878398],
    [120, 0.000708963],
    [140, 0.000610225],
    [160, 0.000530835]
  ]
}