{
  "reaction": {
    "lhs": [
      { "state": { "particle": "e", "charge": -1 }, "count": 1 },
      {
        "state": {
          "particle": "H2",
          "charge": 0,
          "descriptor": {
            "type": 1,
            "accuracy": 2,
            "e": "X",
            "Lambda": 0,
            "S": 0,
            "parity": "g",
            "v": 10
          }
        },
        "count": 1
      }
    ],
    "rhs": [
      { "state": { "particle": "e", "charge": -1 }, "count": 1 },
      {
        "state": {
          "particle": "H2",
          "charge": 0,
          "descriptor": { "type": 1, "accuracy": 2, "e": "c", "Lambda": 1, "S": 1, "parity": "u", "v": 2 }
        },
        "count": 1
      }
    ],
    "type_tags": ["Electronic", "Vibrational"],
    "reversible": false
  },
  "threshold": 8.47312,
  "data": [
    [8.47312, 0],
    [10, 0.0000084559],
    [11, 0.00000548437],
    [12, 0.00000291495],
    [13, 0.00000615315],
    [14, 1.17225e-7],
    [15, 0.00000262683],
    [16, 0.00000146739],
    [17, 3.07948e-7],
    [18, 4.35352e-7],
    [19, 6.71958e-7],
    [20, 7.99362e-7],
    [22, 7.72484e-7],
    [25, 6.59641e-7],
    [30, 4.28905e-7],
    [40, 7.12367e-8],
    [50, 1.53595e-8],
    [60, 6.24769e-9],
    [70, 6.54454e-9],
    [80, 8.6178e-9],
    [100, 5.47938e-9],
    [120, 2.01607e-9],
    [140, 1.43991e-9],
    [160, 9.98178e-10]
  ]
}