{
  "reaction": {
    "lhs": [
      { "state": { "particle": "e", "charge": -1 }, "count": 1 },
      {
        "state": {
          "particle": "H2",
          "charge": 0,
          "descriptor": {
            "type": 1,
            "accuracy": 2,
            "e": "X",
            "Lambda": 0,
            "S": 0,
            "parity": "g",
            "v": 10
          }
        },
        "count": 1
      }
    ],
    "rhs": [
      { "state": { "particle": "e", "charge": -1 }, "count": 1 },
      {
        "state": {
          "particle": "H2",
          "charge": 0,
          "descriptor": { "type": 1, "accuracy": 2, "e": "a", "Lambda": 0, "S": 1, "parity": "g", "v": 6 }
        },
        "count": 1
      }
    ],
    "type_tags": ["Electronic", "Vibrational"],
    "reversible": false
  },
  "threshold": 9.56352,
  "data": [
    [9.56352, 0],
    [10, 0.0480446],
    [11, 0.130511],
    [12, 0.107599],
    [13, 0.0822314],
    [14, 0.0660611],
    [15, 0.0561508],
    [16, 0.0477622],
    [17, 0.0406101],
    [18, 0.0346456],
    [19, 0.0296164],
    [20, 0.0257161],
    [22, 0.0201519],
    [25, 0.0147691],
    [30, 0.00993713],
    [40, 0.00714331],
    [50, 0.00512082],
    [60, 0.00313302],
    [70, 0.00213841],
    [80, 0.00157565],
    [100, 0.000792715],
    [120, 0.000464822],
    [140, 0.000335383],
    [160, 0.000236658]
  ]
}