{
  "reaction": {
    "lhs": [
      { "state": { "particle": "e", "charge": -1 }, "count": 1 },
      {
        "state": {
          "particle": "H2",
          "charge": 0,
          "descriptor": {
            "type": 1,
            "accuracy": 2,
            "e": "X",
            "Lambda": 0,
            "S": 0,
            "parity": "g",
            "v": 10
          }
        },
        "count": 1
      }
    ],
    "rhs": [
      { "state": { "particle": "e", "charge": -1 }, "count": 1 },
      {
        "state": {
          "particle": "H2",
          "charge": 0,
          "descriptor": {
            "type": 1,
            "accuracy": 2,
            "e": "EF",
            "Lambda": 0,
            "S": 0,
            "parity": "g",
            "v": 16
          }
        },
        "count": 1
      }
    ],
    "type_tags": ["Electronic", "Vibrational"],
    "reversible": false
  },
  "threshold": 9.80607,
  "data": [
    [9.80607, 0],
    [10, 0.00318567],
    [11, 0.00849371],
    [12, 0.00879017],
    [13, 0.0122701],
    [14, 0.0129863],
    [15, 0.0136484],
    [16, 0.013579],
    [17, 0.0134672],
    [18, 0.0132064],
    [19, 0.0133686],
    [20, 0.0133735],
    [22, 0.0127607],
    [25, 0.0118114],
    [30, 0.0107904],
    [40, 0.0088381],
    [50, 0.00804101],
    [60, 0.007638],
    [70, 0.00691173],
    [80, 0.00631011],
    [100, 0.00523149],
    [120, 0.00434495],
    [140, 0.00380895],
    [160, 0.00336728]
  ]
}