{
  "reaction": {
    "lhs": [
      { "state": { "particle": "e", "charge": -1 }, "count": 1 },
      {
        "state": {
          "particle": "H2",
          "charge": 0,
          "descriptor": {
            "type": 1,
            "accuracy": 2,
            "e": "X",
            "Lambda": 0,
            "S": 0,
            "parity": "g",
            "v": 10
          }
        },
        "count": 1
      }
    ],
    "rhs": [
      { "state": { "particle": "e", "charge": -1 }, "count": 1 },
      {
        "state": {
          "particle": "H2",
          "charge": 0,
          "descriptor": { "type": 1, "accuracy": 2, "e": "g", "Lambda": 0, "S": 1, "parity": "g", "v": 5 }
        },
        "count": 1
      }
    ],
    "type_tags": ["Electronic", "Vibrational"],
    "reversible": false
  },
  "threshold": 11.2979,
  "data": [
    [11.2979, 0],
    [12, 0.0192663],
    [13, 0.0200717],
    [14, 0.0136479],
    [15, 0.00921197],
    [16, 0.00793221],
    [17, 0.00761778],
    [18, 0.00708424],
    [19, 0.00644466],
    [20, 0.00587182],
    [22, 0.00493402],
    [25, 0.00365765],
    [30, 0.00205444],
    [40, 0.0011223],
    [50, 0.000770157],
    [60, 0.000615515],
    [70, 0.000449801],
    [80, 0.000331238],
    [100, 0.000155614],
    [120, 0.0000720935],
    [140, 0.0000519346],
    [160, 0.0000364533]
  ]
}