{
  "reaction": {
    "lhs": [
      { "state": { "particle": "e", "charge": -1 }, "count": 1 },
      {
        "state": {
          "particle": "H2",
          "charge": 0,
          "descriptor": {
            "type": 1,
            "accuracy": 2,
            "e": "X",
            "Lambda": 0,
            "S": 0,
            "parity": "g",
            "v": 10
          }
        },
        "count": 1
      }
    ],
    "rhs": [
      { "state": { "particle": "e", "charge": -1 }, "count": 1 },
      {
        "state": {
          "particle": "H2",
          "charge": 0,
          "descriptor": { "type": 1, "accuracy": 2, "e": "D", "Lambda": 1, "S": 0, "parity": "u", "v": 8 }
        },
        "count": 1
      }
    ],
    "type_tags": ["Electronic", "Vibrational"],
    "reversible": false
  },
  "threshold": 11.9157,
  "data": [
    [11.9157, 0],
    [12, 0.000354724],
    [13, 0.00134018],
    [14, 0.0018808],
    [15, 0.00202922],
    [16, 0.00212737],
    [17, 0.00234357],
    [18, 0.00262576],
    [19, 0.00288891],
    [20, 0.00310843],
    [22, 0.00348741],
    [25, 0.00402538],
    [30, 0.00480421],
    [40, 0.00586439],
    [50, 0.00654629],
    [60, 0.00708423],
    [70, 0.0072348],
    [80, 0.0070195],
    [100, 0.00666438],
    [120, 0.00624104],
    [140, 0.0058244],
    [160, 0.00546178]
  ]
}