{
  "reaction": {
    "lhs": [
      { "state": { "particle": "e", "charge": -1 }, "count": 1 },
      {
        "state": {
          "particle": "H2",
          "charge": 0,
          "descriptor": {
            "type": 1,
            "accuracy": 2,
            "e": "X",
            "Lambda": 0,
            "S": 0,
            "parity": "g",
            "v": 10
          }
        },
        "count": 1
      }
    ],
    "rhs": [
      { "state": { "particle": "e", "charge": -1 }, "count": 1 },
      {
        "state": {
          "particle": "H2",
          "charge": 0,
          "descriptor": { "type": 1, "accuracy": 2, "e": "a", "Lambda": 0, "S": 1, "parity": "g", "v": 5 }
        },
        "count": 1
      }
    ],
    "type_tags": ["Electronic", "Vibrational"],
    "reversible": false
  },
  "threshold": 9.33127,
  "data": [
    [9.33127, 0],
    [10, 0.00259444],
    [11, 0.00522043],
    [12, 0.00316259],
    [13, 0.00167286],
    [14, 0.00123674],
    [15, 0.00114459],
    [16, 0.00103828],
    [17, 0.000922813],
    [18, 0.000808172],
    [19, 0.000704343],
    [20, 0.00062131],
    [22, 0.00049728],
    [25, 0.000364884],
    [30, 0.000281726],
    [40, 0.000285069],
    [50, 0.000208],
    [60, 0.000101687],
    [70, 0.0000660073],
    [80, 0.0000511161],
    [100, 0.0000269372],
    [120, 0.0000169682],
    [140, 0.0000121971],
    [160, 0.00000857282]
  ]
}