{
  "reaction": {
    "lhs": [
      { "state": { "particle": "e", "charge": -1 }, "count": 1 },
      {
        "state": {
          "particle": "H2",
          "charge": 0,
          "descriptor": {
            "type": 1,
            "accuracy": 2,
            "e": "X",
            "Lambda": 0,
            "S": 0,
            "parity": "g",
            "v": 10
          }
        },
        "count": 1
      }
    ],
    "rhs": [
      { "state": { "particle": "e", "charge": -1 }, "count": 1 },
      {
        "state": {
          "particle": "H2",
          "charge": 0,
          "descriptor": {
            "type": 1,
            "accuracy": 2,
            "e": "a",
            "Lambda": 0,
            "S": 1,
            "parity": "g",
            "v": 14
          }
        },
        "count": 1
      }
    ],
    "type_tags": ["Electronic", "Vibrational"],
    "reversible": false
  },
  "threshold": 10.7586,
  "data": [
    [10.7586, 0],
    [11, 0.00121661],
    [12, 0.00217529],
    [13, 0.00212398],
    [14, 0.00196128],
    [15, 0.00184093],
    [16, 0.00155623],
    [17, 0.00126483],
    [18, 0.00107658],
    [19, 0.000935298],
    [20, 0.000823443],
    [22, 0.000642],
    [25, 0.000445727],
    [30, 0.00023488],
    [40, 0.0000985409],
    [50, 0.0000717936],
    [60, 0.000066249],
    [70, 0.0000511104],
    [80, 0.0000333239],
    [100, 0.0000176762],
    [120, 0.0000112354],
    [140, 0.00000808256],
    [160, 0.00000568884]
  ]
}