{
  "reaction": {
    "lhs": [
      { "state": { "particle": "e", "charge": -1 }, "count": 1 },
      {
        "state": {
          "particle": "H2",
          "charge": 0,
          "descriptor": {
            "type": 1,
            "accuracy": 2,
            "e": "X",
            "Lambda": 0,
            "S": 0,
            "parity": "g",
            "v": 10
          }
        },
        "count": 1
      }
    ],
    "rhs": [
      { "state": { "particle": "e", "charge": -1 }, "count": 1 },
      {
        "state": {
          "particle": "H2",
          "charge": 0,
          "descriptor": {
            "type": 1,
            "accuracy": 2,
            "e": "J",
            "Lambda": 2,
            "S": 0,
            "parity": "g",
            "v": 10
          }
        },
        "count": 1
      }
    ],
    "type_tags": ["Electronic", "Vibrational"],
    "reversible": false
  },
  "threshold": 12.1561,
  "data": [
    [12.1561, 0],
    [13, 0.00063816],
    [14, 0.000862016],
    [15, 0.000887342],
    [16, 0.000800048],
    [17, 0.00091945],
    [18, 0.000926148],
    [19, 0.000966104],
    [20, 0.000952018],
    [22, 0.00106413],
    [25, 0.00100328],
    [30, 0.000988278],
    [40, 0.000786499],
    [50, 0.000639199],
    [60, 0.000559062],
    [70, 0.000504396],
    [80, 0.000458979],
    [100, 0.000384178],
    [120, 0.000322028],
    [140, 0.000275233],
    [160, 0.000240749]
  ]
}