{
  "reaction": {
    "lhs": [
      { "state": { "particle": "e", "charge": -1 }, "count": 1 },
      {
        "state": {
          "particle": "H2",
          "charge": 0,
          "descriptor": {
            "type": 1,
            "accuracy": 2,
            "e": "X",
            "Lambda": 0,
            "S": 0,
            "parity": "g",
            "v": 10
          }
        },
        "count": 1
      }
    ],
    "rhs": [
      { "state": { "particle": "e", "charge": -1 }, "count": 1 },
      {
        "state": {
          "particle": "H2",
          "charge": 0,
          "descriptor": { "type": 1, "accuracy": 2, "e": "a", "Lambda": 0, "S": 1, "parity": "g", "v": 2 }
        },
        "count": 1
      }
    ],
    "type_tags": ["Electronic", "Vibrational"],
    "reversible": false
  },
  "threshold": 8.53954,
  "data": [
    [8.53954, 0],
    [10, 0.0000205172],
    [11, 0.00000467723],
    [12, 0.00000121923],
    [13, 3.08726e-7],
    [14, 9.69874e-7],
    [15, 0.00000139981],
    [16, 0.00000104905],
    [17, 6.98289e-7],
    [18, 7.54739e-7],
    [19, 8.59575e-7],
    [20, 9.16025e-7],
    [22, 8.52449e-7],
    [25, 5.97267e-7],
    [30, 1.64944e-7],
    [40, 7.49832e-9],
    [50, 9.25976e-9],
    [60, 1.10212e-8],
    [70, 7.25441e-9],
    [80, 3.3089e-9],
    [100, 2.89729e-9],
    [120, 2.83208e-9],
    [140, 2.75082e-9],
    [160, 2.56516e-9]
  ]
}