{
  "reaction": {
    "lhs": [
      { "state": { "particle": "e", "charge": -1 }, "count": 1 },
      {
        "state": {
          "particle": "H2",
          "charge": 0,
          "descriptor": {
            "type": 1,
            "accuracy": 2,
            "e": "X",
            "Lambda": 0,
            "S": 0,
            "parity": "g",
            "v": 10
          }
        },
        "count": 1
      }
    ],
    "rhs": [
      { "state": { "particle": "e", "charge": -1 }, "count": 1 },
      {
        "state": {
          "particle": "H2",
          "charge": 0,
          "descriptor": {
            "type": 1,
            "accuracy": 2,
            "e": "H",
            "Lambda": 0,
            "S": 0,
            "parity": "g",
            "v": 51
          }
        },
        "count": 1
      }
    ],
    "type_tags": ["Electronic", "Vibrational"],
    "reversible": false
  },
  "threshold": 12.5898,
  "data": [
    [12.5898, 0],
    [13, 0.0000205721],
    [14, 0.0000365801],
    [15, 0.0000406791],
    [16, 0.0000353203],
    [17, 0.0000307059],
    [18, 0.0000279437],
    [19, 0.0000260086],
    [20, 0.0000234961],
    [22, 0.0000177272],
    [25, 0.0000169933],
    [30, 0.0000265055],
    [40, 0.0000230796],
    [50, 0.0000209613],
    [60, 0.0000257058],
    [70, 0.0000285014],
    [80, 0.0000245522],
    [100, 0.0000212257],
    [120, 0.0000175703],
    [140, 0.0000154293],
    [160, 0.0000143664]
  ]
}