{
  "reaction": {
    "lhs": [
      { "state": { "particle": "e", "charge": -1 }, "count": 1 },
      {
        "state": {
          "particle": "H2",
          "charge": 0,
          "descriptor": {
            "type": 1,
            "accuracy": 2,
            "e": "X",
            "Lambda": 0,
            "S": 0,
            "parity": "g",
            "v": 10
          }
        },
        "count": 1
      }
    ],
    "rhs": [
      { "state": { "particle": "e", "charge": -1 }, "count": 1 },
      {
        "state": {
          "particle": "H2",
          "charge": 0,
          "descriptor": {
            "type": 1,
            "accuracy": 2,
            "e": "c",
            "Lambda": 1,
            "S": 1,
            "parity": "u",
            "v": 14
          }
        },
        "count": 1
      }
    ],
    "type_tags": ["Electronic", "Vibrational"],
    "reversible": false
  },
  "threshold": 10.6407,
  "data": [
    [10.6407, 0],
    [11, 0.00893412],
    [12, 0.0108115],
    [13, 0.010411],
    [14, 0.0100658],
    [15, 0.0094723],
    [16, 0.0082309],
    [17, 0.0069807],
    [18, 0.00617672],
    [19, 0.00557843],
    [20, 0.00509448],
    [22, 0.00427809],
    [25, 0.00335222],
    [30, 0.00223732],
    [40, 0.000968794],
    [50, 0.000592101],
    [60, 0.000498106],
    [70, 0.000355231],
    [80, 0.000233258],
    [100, 0.000112007],
    [120, 0.0000670718],
    [140, 0.0000481883],
    [160, 0.0000337781]
  ]
}