{
  "reaction": {
    "lhs": [
      { "state": { "particle": "e", "charge": -1 }, "count": 1 },
      {
        "state": {
          "particle": "H2",
          "charge": 0,
          "descriptor": {
            "type": 1,
            "accuracy": 2,
            "e": "X",
            "Lambda": 0,
            "S": 0,
            "parity": "g",
            "v": 10
          }
        },
        "count": 1
      }
    ],
    "rhs": [
      { "state": { "particle": "e", "charge": -1 }, "count": 1 },
      {
        "state": {
          "particle": "H2",
          "charge": 0,
          "descriptor": {
            "type": 1,
            "accuracy": 2,
            "e": "d",
            "Lambda": 1,
            "S": 1,
            "parity": "u",
            "v": 17
          }
        },
        "count": 1
      }
    ],
    "type_tags": ["Electronic", "Vibrational"],
    "reversible": false
  },
  "threshold": 12.6796,
  "data": [
    [12.6796, 0],
    [13, 0.000150027],
    [14, 0.000178638],
    [15, 0.000164379],
    [16, 0.000157731],
    [17, 0.000151679],
    [18, 0.000140393],
    [19, 0.000127264],
    [20, 0.000116043],
    [22, 0.0000995478],
    [25, 0.0000796495],
    [30, 0.0000545137],
    [40, 0.000025788],
    [50, 0.0000160758],
    [60, 0.000012837],
    [70, 0.00000935688],
    [80, 0.00000717341],
    [100, 0.00000372667],
    [120, 0.00000201777],
    [140, 0.00000144686],
    [160, 0.00000101096]
  ]
}