{
  "reaction": {
    "lhs": [
      { "state": { "particle": "e", "charge": -1 }, "count": 1 },
      {
        "state": {
          "particle": "H2",
          "charge": 0,
          "descriptor": {
            "type": 1,
            "accuracy": 2,
            "e": "X",
            "Lambda": 0,
            "S": 0,
            "parity": "g",
            "v": 10
          }
        },
        "count": 1
      }
    ],
    "rhs": [
      { "state": { "particle": "e", "charge": -1 }, "count": 1 },
      {
        "state": {
          "particle": "H2",
          "charge": 0,
          "descriptor": {
            "type": 1,
            "accuracy": 2,
            "e": "H",
            "Lambda": 0,
            "S": 0,
            "parity": "g",
            "v": 48
          }
        },
        "count": 1
      }
    ],
    "type_tags": ["Electronic", "Vibrational"],
    "reversible": false
  },
  "threshold": 12.5224,
  "data": [
    [12.5224, 0],
    [13, 0.0000451533],
    [14, 0.0000832009],
    [15, 0.0000963945],
    [16, 0.0000902654],
    [17, 0.0000820169],
    [18, 0.0000770142],
    [19, 0.0000741904],
    [20, 0.0000707847],
    [22, 0.0000619895],
    [25, 0.0000609176],
    [30, 0.000075344],
    [40, 0.0000640324],
    [50, 0.0000566815],
    [60, 0.0000627253],
    [70, 0.0000659411],
    [80, 0.0000572337],
    [100, 0.000048312],
    [120, 0.0000399377],
    [140, 0.0000348541],
    [160, 0.0000318131]
  ]
}