{
  "reaction": {
    "lhs": [
      { "state": { "particle": "e", "charge": -1 }, "count": 1 },
      {
        "state": {
          "particle": "H2",
          "charge": 0,
          "descriptor": {
            "type": 1,
            "accuracy": 2,
            "e": "X",
            "Lambda": 0,
            "S": 0,
            "parity": "g",
            "v": 10
          }
        },
        "count": 1
      }
    ],
    "rhs": [
      { "state": { "particle": "e", "charge": -1 }, "count": 1 },
      {
        "state": {
          "particle": "H2",
          "charge": 0,
          "descriptor": {
            "type": 1,
            "accuracy": 2,
            "e": "Bp",
            "Lambda": 0,
            "S": 0,
            "parity": "u",
            "v": 1
          }
        },
        "count": 1
      }
    ],
    "type_tags": ["Electronic", "Vibrational"],
    "reversible": false
  },
  "threshold": 10.0666,
  "data": [
    [10.0666, 0],
    [11, 0.00000721934],
    [12, 0.00000583988],
    [13, 0.00000335459],
    [14, 0.00000160357],
    [15, 4.69898e-7],
    [16, 3.05054e-8],
    [17, 1.05272e-7],
    [18, 6.41369e-7],
    [19, 0.00000131021],
    [20, 0.00000161403],
    [22, 0.00000144348],
    [25, 0.00000102512],
    [30, 7.76827e-7],
    [40, 3.21118e-7],
    [50, 9.00669e-8],
    [60, 4.80775e-8],
    [70, 9.52918e-9],
    [80, 1.74516e-10],
    [100, 8.75546e-9],
    [120, 8.75546e-9],
    [140, 8.75546e-9],
    [160, 8.75546e-9]
  ]
}