{
  "reaction": {
    "lhs": [
      { "state": { "particle": "e", "charge": -1 }, "count": 1 },
      {
        "state": {
          "particle": "H2",
          "charge": 0,
          "descriptor": {
            "type": 1,
            "accuracy": 2,
            "e": "X",
            "Lambda": 0,
            "S": 0,
            "parity": "g",
            "v": 10
          }
        },
        "count": 1
      }
    ],
    "rhs": [
      { "state": { "particle": "e", "charge": -1 }, "count": 1 },
      {
        "state": {
          "particle": "H2",
          "charge": 0,
          "descriptor": {
            "type": 1,
            "accuracy": 2,
            "e": "j",
            "Lambda": 2,
            "S": 1,
            "parity": "g",
            "v": 16
          }
        },
        "count": 1
      }
    ],
    "type_tags": ["Electronic", "Vibrational"],
    "reversible": false
  },
  "threshold": 12.6844,
  "data": [
    [12.6844, 0],
    [13, 0.0000338616],
    [14, 0.0000526793],
    [15, 0.0000520156],
    [16, 0.0000486378],
    [17, 0.0000429492],
    [18, 0.0000378147],
    [19, 0.0000325746],
    [20, 0.0000283991],
    [22, 0.0000228589],
    [25, 0.0000174043],
    [30, 0.0000118348],
    [40, 0.00000673744],
    [50, 0.00000418523],
    [60, 0.0000027319],
    [70, 0.00000181095],
    [80, 0.00000132816],
    [100, 6.1688e-7],
    [120, 3.27556e-7],
    [140, 2.31756e-7],
    [160, 1.5842e-7]
  ]
}