{
  "reaction": {
    "lhs": [
      { "state": { "particle": "e", "charge": -1 }, "count": 1 },
      {
        "state": {
          "particle": "H2",
          "charge": 0,
          "descriptor": {
            "type": 1,
            "accuracy": 2,
            "e": "X",
            "Lambda": 0,
            "S": 0,
            "parity": "g",
            "v": 10
          }
        },
        "count": 1
      }
    ],
    "rhs": [
      { "state": { "particle": "e", "charge": -1 }, "count": 1 },
      {
        "state": {
          "particle": "H2",
          "charge": 0,
          "descriptor": {
            "type": 1,
            "accuracy": 2,
            "e": "g",
            "Lambda": 0,
            "S": 1,
            "parity": "g",
            "v": 18
          }
        },
        "count": 1
      }
    ],
    "type_tags": ["Electronic", "Vibrational"],
    "reversible": false
  },
  "threshold": 12.705,
  "data": [
    [12.705, 0],
    [13, 0.0000365092],
    [14, 0.0000603986],
    [15, 0.0000502068],
    [16, 0.0000455482],
    [17, 0.0000419444],
    [18, 0.0000358891],
    [19, 0.0000292198],
    [20, 0.0000240258],
    [22, 0.0000178832],
    [25, 0.0000126809],
    [30, 0.00000855227],
    [40, 0.00000558735],
    [50, 0.00000392467],
    [60, 0.00000255021],
    [70, 0.00000171041],
    [80, 0.00000119755],
    [100, 5.82325e-7],
    [120, 3.54183e-7],
    [140, 2.54223e-7],
    [160, 1.78009e-7]
  ]
}