{
  "reaction": {
    "lhs": [
      { "state": { "particle": "e", "charge": -1 }, "count": 1 },
      {
        "state": {
          "particle": "H2",
          "charge": 0,
          "descriptor": {
            "type": 1,
            "accuracy": 2,
            "e": "X",
            "Lambda": 0,
            "S": 0,
            "parity": "g",
            "v": 10
          }
        },
        "count": 1
      }
    ],
    "rhs": [
      { "state": { "particle": "e", "charge": -1 }, "count": 1 },
      {
        "state": {
          "particle": "H2",
          "charge": 0,
          "descriptor": {
            "type": 1,
            "accuracy": 2,
            "e": "H",
            "Lambda": 0,
            "S": 0,
            "parity": "g",
            "v": 60
          }
        },
        "count": 1
      }
    ],
    "type_tags": ["Electronic", "Vibrational"],
    "reversible": false
  },
  "threshold": 12.6987,
  "data": [
    [12.6987, 0],
    [13, 0.0000040425],
    [14, 0.00000315474],
    [15, 0.00000572125],
    [16, 0.00000884744],
    [17, 0.00000881131],
    [18, 0.00000798077],
    [19, 0.00000828623],
    [20, 0.00000977825],
    [22, 0.0000133754],
    [25, 0.0000141097],
    [30, 0.00000843598],
    [40, 0.00000678853],
    [50, 0.00000654605],
    [60, 0.00000426212],
    [70, 0.00000231945],
    [80, 0.00000213526],
    [100, 0.00000151073],
    [120, 0.00000128925],
    [140, 0.00000109167],
    [160, 8.29253e-7]
  ]
}