{
  "reaction": {
    "lhs": [
      { "state": { "particle": "e", "charge": -1 }, "count": 1 },
      {
        "state": {
          "particle": "H2",
          "charge": 0,
          "descriptor": {
            "type": 1,
            "accuracy": 2,
            "e": "X",
            "Lambda": 0,
            "S": 0,
            "parity": "g",
            "v": 10
          }
        },
        "count": 1
      }
    ],
    "rhs": [
      { "state": { "particle": "e", "charge": -1 }, "count": 1 },
      {
        "state": {
          "particle": "H2",
          "charge": 0,
          "descriptor": { "type": 1, "accuracy": 2, "e": "j", "Lambda": 2, "S": 1, "parity": "g", "v": 7 }
        },
        "count": 1
      }
    ],
    "type_tags": ["Electronic", "Vibrational"],
    "reversible": false
  },
  "threshold": 11.6816,
  "data": [
    [11.6816, 0],
    [12, 0.000349076],
    [13, 0.0011468],
    [14, 0.00106478],
    [15, 0.00107237],
    [16, 0.000856904],
    [17, 0.000585666],
    [18, 0.000510661],
    [19, 0.000484937],
    [20, 0.000472798],
    [22, 0.000420867],
    [25, 0.00030518],
    [30, 0.000158879],
    [40, 0.000129693],
    [50, 0.0000896852],
    [60, 0.0000401396],
    [70, 0.0000255143],
    [80, 0.0000209682],
    [100, 0.00000879383],
    [120, 0.00000312728],
    [140, 0.00000221108],
    [160, 0.00000150414]
  ]
}