{
  "reaction": {
    "lhs": [
      { "state": { "particle": "e", "charge": -1 }, "count": 1 },
      {
        "state": {
          "particle": "H2",
          "charge": 0,
          "descriptor": {
            "type": 1,
            "accuracy": 2,
            "e": "X",
            "Lambda": 0,
            "S": 0,
            "parity": "g",
            "v": 10
          }
        },
        "count": 1
      }
    ],
    "rhs": [
      { "state": { "particle": "e", "charge": -1 }, "count": 1 },
      {
        "state": {
          "particle": "H2",
          "charge": 0,
          "descriptor": {
            "type": 1,
            "accuracy": 2,
            "e": "EF",
            "Lambda": 0,
            "S": 0,
            "parity": "g",
            "v": 5
          }
        },
        "count": 1
      }
    ],
    "type_tags": ["Electronic", "Vibrational"],
    "reversible": false
  },
  "threshold": 8.88058,
  "data": [
    [8.88058, 0],
    [10, 0.060792],
    [11, 0.0732742],
    [12, 0.0962105],
    [13, 0.111857],
    [14, 0.113097],
    [15, 0.110415],
    [16, 0.104849],
    [17, 0.0979695],
    [18, 0.0964435],
    [19, 0.0945016],
    [20, 0.0908063],
    [22, 0.0859148],
    [25, 0.0777613],
    [30, 0.0680052],
    [40, 0.0482606],
    [50, 0.0406341],
    [60, 0.0359983],
    [70, 0.0300084],
    [80, 0.0256387],
    [100, 0.0197814],
    [120, 0.0161593],
    [140, 0.0139569],
    [160, 0.0121251]
  ]
}