{
  "reaction": {
    "lhs": [
      { "state": { "particle": "e", "charge": -1 }, "count": 1 },
      {
        "state": {
          "particle": "H2",
          "charge": 0,
          "descriptor": {
            "type": 1,
            "accuracy": 2,
            "e": "X",
            "Lambda": 0,
            "S": 0,
            "parity": "g",
            "v": 10
          }
        },
        "count": 1
      }
    ],
    "rhs": [
      { "state": { "particle": "e", "charge": -1 }, "count": 1 },
      {
        "state": {
          "particle": "H2",
          "charge": 0,
          "descriptor": { "type": 1, "accuracy": 2, "e": "C", "Lambda": 1, "S": 0, "parity": "u", "v": 3 }
        },
        "count": 1
      }
    ],
    "type_tags": ["Electronic", "Vibrational"],
    "reversible": false
  },
  "threshold": 9.23709,
  "data": [
    [9.23709, 0],
    [10, 0.00000446016],
    [11, 0.0000102686],
    [12, 0.0000160447],
    [13, 0.0000217701],
    [14, 0.0000274267],
    [15, 0.0000329967],
    [16, 0.0000384607],
    [17, 0.0000438009],
    [18, 0.0000489989],
    [19, 0.0000540366],
    [20, 0.0000588956],
    [22, 0.000068004],
    [25, 0.0000798689],
    [30, 0.0000936293],
    [40, 0.000102878],
    [50, 0.000114994],
    [60, 0.000117671],
    [70, 0.000118643],
    [80, 0.000115159],
    [100, 0.00010837],
    [120, 0.000100343],
    [140, 0.0000926724],
    [160, 0.0000861287]
  ]
}