{
  "reaction": {
    "lhs": [
      { "state": { "particle": "e", "charge": -1 }, "count": 1 },
      {
        "state": {
          "particle": "H2",
          "charge": 0,
          "descriptor": {
            "type": 1,
            "accuracy": 2,
            "e": "X",
            "Lambda": 0,
            "S": 0,
            "parity": "g",
            "v": 10
          }
        },
        "count": 1
      }
    ],
    "rhs": [
      { "state": { "particle": "e", "charge": -1 }, "count": 1 },
      {
        "state": {
          "particle": "H2",
          "charge": 0,
          "descriptor": {
            "type": 1,
            "accuracy": 2,
            "e": "EF",
            "Lambda": 0,
            "S": 0,
            "parity": "g",
            "v": 31
          }
        },
        "count": 1
      }
    ],
    "type_tags": ["Electronic", "Vibrational"],
    "reversible": false
  },
  "threshold": 10.784,
  "data": [
    [10.784, 0],
    [11, 0.000175124],
    [12, 0.000309379],
    [13, 0.000277144],
    [14, 0.000287984],
    [15, 0.000358105],
    [16, 0.000404458],
    [17, 0.000447657],
    [18, 0.000416917],
    [19, 0.000398201],
    [20, 0.000394832],
    [22, 0.000394337],
    [25, 0.000379894],
    [30, 0.000336861],
    [40, 0.000263549],
    [50, 0.000243731],
    [60, 0.00022951],
    [70, 0.000203133],
    [80, 0.000179397],
    [100, 0.000148866],
    [120, 0.000130496],
    [140, 0.000117773],
    [160, 0.000106403]
  ]
}