{
  "reaction": {
    "lhs": [
      { "state": { "particle": "e", "charge": -1 }, "count": 1 },
      {
        "state": {
          "particle": "H2",
          "charge": 0,
          "descriptor": {
            "type": 1,
            "accuracy": 2,
            "e": "X",
            "Lambda": 0,
            "S": 0,
            "parity": "g",
            "v": 10
          }
        },
        "count": 1
      }
    ],
    "rhs": [
      { "state": { "particle": "e", "charge": -1 }, "count": 1 },
      {
        "state": {
          "particle": "H2",
          "charge": 0,
          "descriptor": {
            "type": 1,
            "accuracy": 2,
            "e": "H",
            "Lambda": 0,
            "S": 0,
            "parity": "g",
            "v": 25
          }
        },
        "count": 1
      }
    ],
    "type_tags": ["Electronic", "Vibrational"],
    "reversible": false
  },
  "threshold": 11.9403,
  "data": [
    [11.9403, 0],
    [12, 4.88811e-7],
    [13, 5.347e-7],
    [14, 6.72726e-7],
    [15, 7.84375e-7],
    [16, 8.32758e-7],
    [17, 0.00000100973],
    [18, 0.0000012545],
    [19, 0.00000148733],
    [20, 0.00000167171],
    [22, 0.00000190265],
    [25, 0.00000196867],
    [30, 0.00000170868],
    [40, 0.00000136115],
    [50, 0.00000116485],
    [60, 0.00000102888],
    [70, 9.78637e-7],
    [80, 9.92724e-7],
    [100, 8.11877e-7],
    [120, 6.95258e-7],
    [140, 5.94392e-7],
    [160, 5.27221e-7]
  ]
}