{
  "reaction": {
    "lhs": [
      { "state": { "particle": "e", "charge": -1 }, "count": 1 },
      {
        "state": {
          "particle": "H2",
          "charge": 0,
          "descriptor": {
            "type": 1,
            "accuracy": 2,
            "e": "X",
            "Lambda": 0,
            "S": 0,
            "parity": "g",
            "v": 10
          }
        },
        "count": 1
      }
    ],
    "rhs": [
      { "state": { "particle": "e", "charge": -1 }, "count": 1 },
      {
        "state": {
          "particle": "H2",
          "charge": 0,
          "descriptor": {
            "type": 1,
            "accuracy": 2,
            "e": "j",
            "Lambda": 2,
            "S": 1,
            "parity": "g",
            "v": 10
          }
        },
        "count": 1
      }
    ],
    "type_tags": ["Electronic", "Vibrational"],
    "reversible": false
  },
  "threshold": 12.1559,
  "data": [
    [12.1559, 0],
    [13, 0.00126862],
    [14, 0.00126422],
    [15, 0.00134683],
    [16, 0.0011591],
    [17, 0.000889644],
    [18, 0.000755458],
    [19, 0.000664704],
    [20, 0.000594762],
    [22, 0.000478599],
    [25, 0.000358923],
    [30, 0.000236146],
    [40, 0.000157709],
    [50, 0.000106983],
    [60, 0.0000697958],
    [70, 0.0000393195],
    [80, 0.0000212388],
    [100, 0.0000109087],
    [120, 0.0000087007],
    [140, 0.00000659634],
    [160, 0.00000502807]
  ]
}