{
  "reaction": {
    "lhs": [
      { "state": { "particle": "e", "charge": -1 }, "count": 1 },
      {
        "state": {
          "particle": "H2",
          "charge": 0,
          "descriptor": {
            "type": 1,
            "accuracy": 2,
            "e": "X",
            "Lambda": 0,
            "S": 0,
            "parity": "g",
            "v": 10
          }
        },
        "count": 1
      }
    ],
    "rhs": [
      { "state": { "particle": "e", "charge": -1 }, "count": 1 },
      {
        "state": {
          "particle": "H2",
          "charge": 0,
          "descriptor": { "type": 1, "accuracy": 2, "e": "B", "Lambda": 0, "S": 0, "parity": "u", "v": 2 }
        },
        "count": 1
      }
    ],
    "type_tags": ["Electronic", "Vibrational"],
    "reversible": false
  },
  "threshold": 7.64273,
  "data": [
    [7.64273, 0],
    [8, 0.11388],
    [10, 0.342058],
    [11, 0.394058],
    [12, 0.423317],
    [13, 0.44283],
    [14, 0.458341],
    [15, 0.47123],
    [16, 0.481636],
    [17, 0.489817],
    [18, 0.496036],
    [19, 0.500555],
    [20, 0.503638],
    [22, 0.506546],
    [25, 0.506703],
    [30, 0.507164],
    [40, 0.507686],
    [50, 0.50212],
    [60, 0.489441],
    [70, 0.468951],
    [80, 0.444798],
    [100, 0.40175],
    [120, 0.366009],
    [140, 0.334737],
    [160, 0.307117]
  ]
}