{
  "reaction": {
    "lhs": [
      { "state": { "particle": "e", "charge": -1 }, "count": 1 },
      {
        "state": {
          "particle": "H2",
          "charge": 0,
          "descriptor": {
            "type": 1,
            "accuracy": 2,
            "e": "X",
            "Lambda": 0,
            "S": 0,
            "parity": "g",
            "v": 10
          }
        },
        "count": 1
      }
    ],
    "rhs": [
      { "state": { "particle": "e", "charge": -1 }, "count": 1 },
      {
        "state": {
          "particle": "H2",
          "charge": 0,
          "descriptor": { "type": 1, "accuracy": 2, "e": "H", "Lambda": 0, "S": 0, "parity": "g", "v": 4 }
        },
        "count": 1
      }
    ],
    "type_tags": ["Electronic", "Vibrational"],
    "reversible": false
  },
  "threshold": 11.0891,
  "data": [
    [11.0891, 0],
    [12, 0.00356729],
    [13, 0.00416662],
    [14, 0.00399592],
    [15, 0.00371175],
    [16, 0.00395649],
    [17, 0.00474383],
    [18, 0.00569464],
    [19, 0.00654936],
    [20, 0.00719371],
    [22, 0.00788498],
    [25, 0.00798434],
    [30, 0.00705241],
    [40, 0.00589672],
    [50, 0.0050098],
    [60, 0.00411556],
    [70, 0.00345727],
    [80, 0.00313002],
    [100, 0.00240662],
    [120, 0.00198581],
    [140, 0.0016706],
    [160, 0.00144997]
  ]
}