{
  "reaction": {
    "lhs": [
      { "state": { "particle": "e", "charge": -1 }, "count": 1 },
      {
        "state": {
          "particle": "H2",
          "charge": 0,
          "descriptor": {
            "type": 1,
            "accuracy": 2,
            "e": "X",
            "Lambda": 0,
            "S": 0,
            "parity": "g",
            "v": 10
          }
        },
        "count": 1
      }
    ],
    "rhs": [
      { "state": { "particle": "e", "charge": -1 }, "count": 1 },
      {
        "state": {
          "particle": "H2",
          "charge": 0,
          "descriptor": {
            "type": 1,
            "accuracy": 2,
            "e": "c",
            "Lambda": 1,
            "S": 1,
            "parity": "u",
            "v": 16
          }
        },
        "count": 1
      }
    ],
    "type_tags": ["Electronic", "Vibrational"],
    "reversible": false
  },
  "threshold": 10.7665,
  "data": [
    [10.7665, 0],
    [11, 0.00791807],
    [12, 0.00817229],
    [13, 0.00803329],
    [14, 0.00744823],
    [15, 0.00703046],
    [16, 0.00636263],
    [17, 0.0056523],
    [18, 0.0050014],
    [19, 0.00438427],
    [20, 0.00388901],
    [22, 0.00319828],
    [25, 0.0025012],
    [30, 0.00166723],
    [40, 0.000220341],
    [50, 0.000125274],
    [60, 0.000109852],
    [70, 0.0000839387],
    [80, 0.0000516142],
    [100, 0.0000248817],
    [120, 0.0000149222],
    [140, 0.000010723],
    [160, 0.00000751894]
  ]
}