{
  "reaction": {
    "lhs": [
      { "state": { "particle": "e", "charge": -1 }, "count": 1 },
      {
        "state": {
          "particle": "H2",
          "charge": 0,
          "descriptor": {
            "type": 1,
            "accuracy": 2,
            "e": "X",
            "Lambda": 0,
            "S": 0,
            "parity": "g",
            "v": 10
          }
        },
        "count": 1
      }
    ],
    "rhs": [
      { "state": { "particle": "e", "charge": -1 }, "count": 1 },
      {
        "state": {
          "particle": "H2",
          "charge": 0,
          "descriptor": { "type": 1, "accuracy": 2, "e": "g", "Lambda": 0, "S": 1, "parity": "g", "v": 9 }
        },
        "count": 1
      }
    ],
    "type_tags": ["Electronic", "Vibrational"],
    "reversible": false
  },
  "threshold": 12.0392,
  "data": [
    [12.0392, 0],
    [13, 0.00492625],
    [14, 0.00454076],
    [15, 0.0039602],
    [16, 0.0033031],
    [17, 0.00271152],
    [18, 0.00230257],
    [19, 0.00199558],
    [20, 0.00175601],
    [22, 0.00137944],
    [25, 0.000991163],
    [30, 0.000593996],
    [40, 0.000350397],
    [50, 0.000246131],
    [60, 0.000190284],
    [70, 0.000132199],
    [80, 0.0000904336],
    [100, 0.0000471879],
    [120, 0.0000313288],
    [140, 0.0000225668],
    [160, 0.0000159209]
  ]
}