{
  "reaction": {
    "lhs": [
      { "state": { "particle": "e", "charge": -1 }, "count": 1 },
      {
        "state": {
          "particle": "H2",
          "charge": 0,
          "descriptor": {
            "type": 1,
            "accuracy": 2,
            "e": "X",
            "Lambda": 0,
            "S": 0,
            "parity": "g",
            "v": 10
          }
        },
        "count": 1
      }
    ],
    "rhs": [
      { "state": { "particle": "e", "charge": -1 }, "count": 1 },
      {
        "state": {
          "particle": "H2",
          "charge": 0,
          "descriptor": { "type": 1, "accuracy": 2, "e": "c", "Lambda": 1, "S": 1, "parity": "u", "v": 0 }
        },
        "count": 1
      }
    ],
    "type_tags": ["Electronic", "Vibrational"],
    "reversible": false
  },
  "threshold": 7.90732,
  "data": [
    [7.90732, 0],
    [8, 0.000170467],
    [10, 5.55809e-7],
    [11, 5.43483e-10],
    [12, 2.34586e-8],
    [13, 5.23096e-8],
    [14, 1.16979e-8],
    [15, 1.44124e-8],
    [16, 3.04477e-8],
    [17, 1.21844e-7],
    [18, 3.70141e-7],
    [19, 7.22576e-7],
    [20, 0.00000106703],
    [22, 0.00000134409],
    [25, 9.12724e-7],
    [30, 4.03286e-10],
    [40, 7.89756e-10],
    [50, 4.86954e-10],
    [60, 1.07589e-10],
    [70, 1.76844e-11],
    [80, 4.34267e-12],
    [100, 4.12025e-11],
    [120, 7.80624e-11],
    [140, 7.6242e-11],
    [160, 7.12093e-11]
  ]
}