{
  "reaction": {
    "lhs": [
      { "state": { "particle": "e", "charge": -1 }, "count": 1 },
      {
        "state": {
          "particle": "H2",
          "charge": 0,
          "descriptor": {
            "type": 1,
            "accuracy": 2,
            "e": "X",
            "Lambda": 0,
            "S": 0,
            "parity": "g",
            "v": 10
          }
        },
        "count": 1
      }
    ],
    "rhs": [
      { "state": { "particle": "e", "charge": -1 }, "count": 1 },
      {
        "state": {
          "particle": "H2",
          "charge": 0,
          "descriptor": {
            "type": 1,
            "accuracy": 2,
            "e": "B",
            "Lambda": 0,
            "S": 0,
            "parity": "u",
            "v": 23
          }
        },
        "count": 1
      }
    ],
    "type_tags": ["Electronic", "Vibrational"],
    "reversible": false
  },
  "threshold": 10.1005,
  "data": [
    [10.1005, 0],
    [11, 0.0000426756],
    [12, 0.000089774],
    [13, 0.000130311],
    [14, 0.000169237],
    [15, 0.000207959],
    [16, 0.000246182],
    [17, 0.000283589],
    [18, 0.000319851],
    [19, 0.000354653],
    [20, 0.000387673],
    [22, 0.000447073],
    [25, 0.000514758],
    [30, 0.000569978],
    [40, 0.000618396],
    [50, 0.000603013],
    [60, 0.000596378],
    [70, 0.000591696],
    [80, 0.000587538],
    [100, 0.000556377],
    [120, 0.000507158],
    [140, 0.000460903],
    [160, 0.000421262]
  ]
}