{
  "reaction": {
    "lhs": [
      { "state": { "particle": "e", "charge": -1 }, "count": 1 },
      {
        "state": {
          "particle": "H2",
          "charge": 0,
          "descriptor": {
            "type": 1,
            "accuracy": 2,
            "e": "X",
            "Lambda": 0,
            "S": 0,
            "parity": "g",
            "v": 10
          }
        },
        "count": 1
      }
    ],
    "rhs": [
      { "state": { "particle": "e", "charge": -1 }, "count": 1 },
      {
        "state": {
          "particle": "H2",
          "charge": 0,
          "descriptor": { "type": 1, "accuracy": 2, "e": "c", "Lambda": 1, "S": 1, "parity": "u", "v": 1 }
        },
        "count": 1
      }
    ],
    "type_tags": ["Electronic", "Vibrational"],
    "reversible": false
  },
  "threshold": 8.1978,
  "data": [
    [8.1978, 0],
    [10, 0.0000138643],
    [11, 7.37021e-7],
    [12, 2.65526e-8],
    [13, 0.00000242751],
    [14, 7.80969e-7],
    [15, 6.1952e-8],
    [16, 3.04928e-7],
    [17, 7.50918e-7],
    [18, 0.00000129504],
    [19, 0.00000188019],
    [20, 0.00000215363],
    [22, 0.0000019406],
    [25, 0.00000112521],
    [30, 6.02279e-8],
    [40, 1.14597e-8],
    [50, 7.64183e-9],
    [60, 4.16363e-9],
    [70, 1.69801e-9],
    [80, 5.4746e-10],
    [100, 4.34099e-10],
    [120, 4.16885e-10],
    [140, 4.04512e-10],
    [160, 3.76542e-10]
  ]
}