{
  "reaction": {
    "lhs": [
      { "state": { "particle": "e", "charge": -1 }, "count": 1 },
      {
        "state": {
          "particle": "H2",
          "charge": 0,
          "descriptor": {
            "type": 1,
            "accuracy": 2,
            "e": "X",
            "Lambda": 0,
            "S": 0,
            "parity": "g",
            "v": 10
          }
        },
        "count": 1
      }
    ],
    "rhs": [
      { "state": { "particle": "e", "charge": -1 }, "count": 1 },
      {
        "state": {
          "particle": "H2",
          "charge": 0,
          "descriptor": {
            "type": 1,
            "accuracy": 2,
            "e": "H",
            "Lambda": 0,
            "S": 0,
            "parity": "g",
            "v": 55
          }
        },
        "count": 1
      }
    ],
    "type_tags": ["Electronic", "Vibrational"],
    "reversible": false
  },
  "threshold": 12.6561,
  "data": [
    [12.6561, 0],
    [13, 0.00000557248],
    [14, 0.0000061881],
    [15, 0.00000553464],
    [16, 0.0000035419],
    [17, 0.00000218831],
    [18, 0.00000153001],
    [19, 0.00000110161],
    [20, 6.86102e-7],
    [22, 7.06055e-8],
    [25, 7.12146e-8],
    [30, 0.00000113286],
    [40, 0.00000111025],
    [50, 0.00000169221],
    [60, 0.00000307671],
    [70, 0.00000380353],
    [80, 0.0000031823],
    [100, 0.00000301785],
    [120, 0.00000249048],
    [140, 0.00000223062],
    [160, 0.00000224327]
  ]
}