{
  "reaction": {
    "lhs": [
      { "state": { "particle": "e", "charge": -1 }, "count": 1 },
      {
        "state": {
          "particle": "H2",
          "charge": 0,
          "descriptor": {
            "type": 1,
            "accuracy": 2,
            "e": "X",
            "Lambda": 0,
            "S": 0,
            "parity": "g",
            "v": 10
          }
        },
        "count": 1
      }
    ],
    "rhs": [
      { "state": { "particle": "e", "charge": -1 }, "count": 1 },
      {
        "state": {
          "particle": "H2",
          "charge": 0,
          "descriptor": {
            "type": 1,
            "accuracy": 2,
            "e": "EF",
            "Lambda": 0,
            "S": 0,
            "parity": "g",
            "v": 2
          }
        },
        "count": 1
      }
    ],
    "type_tags": ["Electronic", "Vibrational"],
    "reversible": false
  },
  "threshold": 8.60665,
  "data": [
    [8.60665, 0],
    [10, 0.0691218],
    [11, 0.0777972],
    [12, 0.0970009],
    [13, 0.10679],
    [14, 0.105605],
    [15, 0.101457],
    [16, 0.0945863],
    [17, 0.08993],
    [18, 0.0877217],
    [19, 0.0838183],
    [20, 0.0806303],
    [22, 0.0765394],
    [25, 0.070002],
    [30, 0.059814],
    [40, 0.0418241],
    [50, 0.0345338],
    [60, 0.0300043],
    [70, 0.0250176],
    [80, 0.0213274],
    [100, 0.0164445],
    [120, 0.0134365],
    [140, 0.0116277],
    [160, 0.010139]
  ]
}