{
  "reaction": {
    "lhs": [
      { "state": { "particle": "e", "charge": -1 }, "count": 1 },
      {
        "state": {
          "particle": "H2",
          "charge": 0,
          "descriptor": {
            "type": 1,
            "accuracy": 2,
            "e": "X",
            "Lambda": 0,
            "S": 0,
            "parity": "g",
            "v": 10
          }
        },
        "count": 1
      }
    ],
    "rhs": [
      { "state": { "particle": "e", "charge": -1 }, "count": 1 },
      {
        "state": {
          "particle": "H2",
          "charge": 0,
          "descriptor": {
            "type": 1,
            "accuracy": 2,
            "e": "H",
            "Lambda": 0,
            "S": 0,
            "parity": "g",
            "v": 52
          }
        },
        "count": 1
      }
    ],
    "type_tags": ["Electronic", "Vibrational"],
    "reversible": false
  },
  "threshold": 12.6089,
  "data": [
    [12.6089, 0],
    [13, 0.000015194],
    [14, 0.0000259241],
    [15, 0.0000280241],
    [16, 0.0000234041],
    [17, 0.0000196863],
    [18, 0.0000176903],
    [19, 0.0000161565],
    [20, 0.0000141367],
    [22, 0.0000096625],
    [25, 0.00000909957],
    [30, 0.0000164797],
    [40, 0.000014539],
    [50, 0.0000134862],
    [60, 0.000017475],
    [70, 0.0000198526],
    [80, 0.0000170403],
    [100, 0.000014908],
    [120, 0.0000123425],
    [140, 0.0000108692],
    [160, 0.0000102233]
  ]
}