{
  "reaction": {
    "lhs": [
      { "state": { "particle": "e", "charge": -1 }, "count": 1 },
      {
        "state": {
          "particle": "H2",
          "charge": 0,
          "descriptor": {
            "type": 1,
            "accuracy": 2,
            "e": "X",
            "Lambda": 0,
            "S": 0,
            "parity": "g",
            "v": 10
          }
        },
        "count": 1
      }
    ],
    "rhs": [
      { "state": { "particle": "e", "charge": -1 }, "count": 1 },
      {
        "state": {
          "particle": "H2",
          "charge": 0,
          "descriptor": {
            "type": 1,
            "accuracy": 2,
            "e": "H",
            "Lambda": 0,
            "S": 0,
            "parity": "g",
            "v": 62
          }
        },
        "count": 1
      }
    ],
    "type_tags": ["Electronic", "Vibrational"],
    "reversible": false
  },
  "threshold": 12.7049,
  "data": [
    [12.7049, 0],
    [13, 0.00000606631],
    [14, 0.00000766927],
    [15, 0.0000133021],
    [16, 0.0000182434],
    [17, 0.0000179208],
    [18, 0.0000164332],
    [19, 0.0000166218],
    [20, 0.0000184445],
    [22, 0.0000227366],
    [25, 0.0000236302],
    [30, 0.0000168969],
    [40, 0.000013995],
    [50, 0.0000128759],
    [60, 0.00000967967],
    [70, 0.00000698372],
    [80, 0.00000630067],
    [100, 0.00000481564],
    [120, 0.00000409044],
    [140, 0.00000352504],
    [160, 0.00000290922]
  ]
}