{
  "reaction": {
    "lhs": [
      { "state": { "particle": "e", "charge": -1 }, "count": 1 },
      {
        "state": {
          "particle": "H2",
          "charge": 0,
          "descriptor": {
            "type": 1,
            "accuracy": 2,
            "e": "X",
            "Lambda": 0,
            "S": 0,
            "parity": "g",
            "v": 10
          }
        },
        "count": 1
      }
    ],
    "rhs": [
      { "state": { "particle": "e", "charge": -1 }, "count": 1 },
      {
        "state": {
          "particle": "H2",
          "charge": 0,
          "descriptor": { "type": 1, "accuracy": 2, "e": "c", "Lambda": 1, "S": 1, "parity": "u", "v": 9 }
        },
        "count": 1
      }
    ],
    "type_tags": ["Electronic", "Vibrational"],
    "reversible": false
  },
  "threshold": 9.99886,
  "data": [
    [9.99886, 0],
    [10, 0.0000460659],
    [11, 0.0404088],
    [12, 0.0364198],
    [13, 0.033482],
    [14, 0.0284204],
    [15, 0.0261614],
    [16, 0.0224184],
    [17, 0.0188246],
    [18, 0.016619],
    [19, 0.015082],
    [20, 0.0138369],
    [22, 0.0116305],
    [25, 0.00907301],
    [30, 0.00596762],
    [40, 0.00260988],
    [50, 0.00168106],
    [60, 0.00145777],
    [70, 0.00102667],
    [80, 0.000608876],
    [100, 0.000277083],
    [120, 0.0001819],
    [140, 0.000130627],
    [160, 0.0000915436]
  ]
}