{
  "reaction": {
    "lhs": [
      { "state": { "particle": "e", "charge": -1 }, "count": 1 },
      {
        "state": {
          "particle": "H2",
          "charge": 0,
          "descriptor": {
            "type": 1,
            "accuracy": 2,
            "e": "X",
            "Lambda": 0,
            "S": 0,
            "parity": "g",
            "v": 10
          }
        },
        "count": 1
      }
    ],
    "rhs": [
      { "state": { "particle": "e", "charge": -1 }, "count": 1 },
      {
        "state": {
          "particle": "H2",
          "charge": 0,
          "descriptor": {
            "type": 1,
            "accuracy": 2,
            "e": "EF",
            "Lambda": 0,
            "S": 0,
            "parity": "g",
            "v": 13
          }
        },
        "count": 1
      }
    ],
    "type_tags": ["Electronic", "Vibrational"],
    "reversible": false
  },
  "threshold": 9.54825,
  "data": [
    [9.54825, 0],
    [10, 0.00997759],
    [11, 0.0147178],
    [12, 0.0140234],
    [13, 0.0192721],
    [14, 0.0207662],
    [15, 0.022347],
    [16, 0.022288],
    [17, 0.0211546],
    [18, 0.020906],
    [19, 0.0211078],
    [20, 0.0208533],
    [22, 0.0196766],
    [25, 0.0178661],
    [30, 0.0158369],
    [40, 0.0124238],
    [50, 0.0112069],
    [60, 0.0105554],
    [70, 0.00926145],
    [80, 0.00817662],
    [100, 0.00662342],
    [120, 0.00557501],
    [140, 0.00492251],
    [160, 0.00437457]
  ]
}