{
  "reaction": {
    "lhs": [
      { "state": { "particle": "e", "charge": -1 }, "count": 1 },
      {
        "state": {
          "particle": "H2",
          "charge": 0,
          "descriptor": {
            "type": 1,
            "accuracy": 2,
            "e": "X",
            "Lambda": 0,
            "S": 0,
            "parity": "g",
            "v": 10
          }
        },
        "count": 1
      }
    ],
    "rhs": [
      { "state": { "particle": "e", "charge": -1 }, "count": 1 },
      {
        "state": {
          "particle": "H2",
          "charge": 0,
          "descriptor": { "type": 1, "accuracy": 2, "e": "c", "Lambda": 1, "S": 1, "parity": "u", "v": 7 }
        },
        "count": 1
      }
    ],
    "type_tags": ["Electronic", "Vibrational"],
    "reversible": false
  },
  "threshold": 9.63356,
  "data": [
    [9.63356, 0],
    [10, 0.00517411],
    [11, 0.0161287],
    [12, 0.0115431],
    [13, 0.011247],
    [14, 0.00873908],
    [15, 0.00814694],
    [16, 0.0077133],
    [17, 0.00728822],
    [18, 0.00673861],
    [19, 0.00614617],
    [20, 0.0056146],
    [22, 0.0046727],
    [25, 0.00333311],
    [30, 0.00186207],
    [40, 0.00138362],
    [50, 0.000988132],
    [60, 0.000535258],
    [70, 0.000318371],
    [80, 0.000198377],
    [100, 0.0000780699],
    [120, 0.0000519266],
    [140, 0.0000371119],
    [160, 0.0000257817]
  ]
}