{
  "reaction": {
    "lhs": [
      { "state": { "particle": "e", "charge": -1 }, "count": 1 },
      {
        "state": {
          "particle": "H2",
          "charge": 0,
          "descriptor": {
            "type": 1,
            "accuracy": 2,
            "e": "X",
            "Lambda": 0,
            "S": 0,
            "parity": "g",
            "v": 10
          }
        },
        "count": 1
      }
    ],
    "rhs": [
      { "state": { "particle": "e", "charge": -1 }, "count": 1 },
      {
        "state": {
          "particle": "H2",
          "charge": 0,
          "descriptor": {
            "type": 1,
            "accuracy": 2,
            "e": "H",
            "Lambda": 0,
            "S": 0,
            "parity": "g",
            "v": 68
          }
        },
        "count": 1
      }
    ],
    "type_tags": ["Electronic", "Vibrational"],
    "reversible": false
  },
  "threshold": -27.8253,
  "data": [
    [27.8253, 0],
    [6, 0.00000130154],
    [8, 0.00000152195],
    [10, 0.00000177824],
    [11, 0.00000192082],
    [12, 0.00000774292],
    [13, 0.0000178668],
    [14, 0.0000291392],
    [15, 0.0000420616],
    [16, 0.0000504563],
    [17, 0.0000485953],
    [18, 0.0000446531],
    [19, 0.0000437652],
    [20, 0.0000454394],
    [22, 0.0000493373],
    [25, 0.0000502721],
    [30, 0.0000443171],
    [40, 0.000038057],
    [50, 0.0000343395],
    [60, 0.0000302827],
    [70, 0.0000265971],
    [80, 0.0000237383],
    [100, 0.0000192416],
    [120, 0.0000163789],
    [140, 0.000014333],
    [160, 0.0000125362]
  ]
}