{
  "reaction": {
    "lhs": [
      { "state": { "particle": "e", "charge": -1 }, "count": 1 },
      {
        "state": {
          "particle": "H2",
          "charge": 0,
          "descriptor": {
            "type": 1,
            "accuracy": 2,
            "e": "X",
            "Lambda": 0,
            "S": 0,
            "parity": "g",
            "v": 10
          }
        },
        "count": 1
      }
    ],
    "rhs": [
      { "state": { "particle": "e", "charge": -1 }, "count": 1 },
      {
        "state": {
          "particle": "H2",
          "charge": 0,
          "descriptor": {
            "type": 1,
            "accuracy": 2,
            "e": "C",
            "Lambda": 1,
            "S": 0,
            "parity": "u",
            "v": 11
          }
        },
        "count": 1
      }
    ],
    "type_tags": ["Electronic", "Vibrational"],
    "reversible": false
  },
  "threshold": 10.6637,
  "data": [
    [10.6637, 0],
    [11, 0.000253717],
    [12, 0.000766581],
    [13, 0.00114627],
    [14, 0.00141455],
    [15, 0.00165036],
    [16, 0.00191343],
    [17, 0.00222352],
    [18, 0.00255525],
    [19, 0.00287229],
    [20, 0.0031599],
    [22, 0.00364775],
    [25, 0.00413997],
    [30, 0.00451899],
    [40, 0.00498512],
    [50, 0.00526441],
    [60, 0.00546451],
    [70, 0.00546222],
    [80, 0.00533505],
    [100, 0.00503318],
    [120, 0.00469199],
    [140, 0.00437468],
    [160, 0.00409699]
  ]
}