{
  "reaction": {
    "lhs": [
      { "state": { "particle": "e", "charge": -1 }, "count": 1 },
      {
        "state": {
          "particle": "H2",
          "charge": 0,
          "descriptor": {
            "type": 1,
            "accuracy": 2,
            "e": "X",
            "Lambda": 0,
            "S": 0,
            "parity": "g",
            "v": 10
          }
        },
        "count": 1
      }
    ],
    "rhs": [
      { "state": { "particle": "e", "charge": -1 }, "count": 1 },
      {
        "state": {
          "particle": "H2",
          "charge": 0,
          "descriptor": { "type": 1, "accuracy": 2, "e": "g", "Lambda": 0, "S": 1, "parity": "g", "v": 1 }
        },
        "count": 1
      }
    ],
    "type_tags": ["Electronic", "Vibrational"],
    "reversible": false
  },
  "threshold": 10.3145,
  "data": [
    [10.3145, 0],
    [11, 0.00000994988],
    [12, 0.00000534393],
    [13, 0.00000297455],
    [14, 1.21256e-7],
    [15, 0.00000273795],
    [16, 0.00000392449],
    [17, 0.00000426586],
    [18, 0.00000322476],
    [19, 0.0000012801],
    [20, 1.99865e-7],
    [22, 1.04363e-7],
    [25, 2.86211e-8],
    [30, 4.14899e-9],
    [40, 3.89293e-8],
    [50, 1.9534e-8],
    [60, 1.38723e-10],
    [70, 6.22667e-10],
    [80, 1.10661e-9],
    [100, 5.53358e-10],
    [120, 1.06602e-13],
    [140, 7.04252e-12],
    [160, 2.62183e-11]
  ]
}