{
  "reaction": {
    "lhs": [
      { "state": { "particle": "e", "charge": -1 }, "count": 1 },
      {
        "state": {
          "particle": "H2",
          "charge": 0,
          "descriptor": {
            "type": 1,
            "accuracy": 2,
            "e": "X",
            "Lambda": 0,
            "S": 0,
            "parity": "g",
            "v": 10
          }
        },
        "count": 1
      }
    ],
    "rhs": [
      { "state": { "particle": "e", "charge": -1 }, "count": 1 },
      {
        "state": {
          "particle": "H2",
          "charge": 0,
          "descriptor": { "type": 1, "accuracy": 2, "e": "c", "Lambda": 1, "S": 1, "parity": "u", "v": 8 }
        },
        "count": 1
      }
    ],
    "type_tags": ["Electronic", "Vibrational"],
    "reversible": false
  },
  "threshold": 9.82334,
  "data": [
    [9.82334, 0],
    [10, 0.0107799],
    [11, 0.0636758],
    [12, 0.0631688],
    [13, 0.0512066],
    [14, 0.0399854],
    [15, 0.0376608],
    [16, 0.0339941],
    [17, 0.0292614],
    [18, 0.0258951],
    [19, 0.0229642],
    [20, 0.0205804],
    [22, 0.0168895],
    [25, 0.0127624],
    [30, 0.00805754],
    [40, 0.0040266],
    [50, 0.00264346],
    [60, 0.00211544],
    [70, 0.00140518],
    [80, 0.000894562],
    [100, 0.000409996],
    [120, 0.000266602],
    [140, 0.000191346],
    [160, 0.00013398]
  ]
}