{
  "reaction": {
    "lhs": [
      { "state": { "particle": "e", "charge": -1 }, "count": 1 },
      {
        "state": {
          "particle": "H2",
          "charge": 0,
          "descriptor": {
            "type": 1,
            "accuracy": 2,
            "e": "X",
            "Lambda": 0,
            "S": 0,
            "parity": "g",
            "v": 10
          }
        },
        "count": 1
      }
    ],
    "rhs": [
      { "state": { "particle": "e", "charge": -1 }, "count": 1 },
      {
        "state": {
          "particle": "H2",
          "charge": 0,
          "descriptor": {
            "type": 1,
            "accuracy": 2,
            "e": "C",
            "Lambda": 1,
            "S": 0,
            "parity": "u",
            "v": 10
          }
        },
        "count": 1
      }
    ],
    "type_tags": ["Electronic", "Vibrational"],
    "reversible": false
  },
  "threshold": 10.55,
  "data": [
    [10.55, 0],
    [11, 0.00306256],
    [12, 0.00722317],
    [13, 0.0103811],
    [14, 0.012715],
    [15, 0.0147167],
    [16, 0.016734],
    [17, 0.0188877],
    [18, 0.0210937],
    [19, 0.0232],
    [20, 0.0251065],
    [22, 0.0282252],
    [25, 0.0314083],
    [30, 0.0345477],
    [40, 0.0388331],
    [50, 0.0413132],
    [60, 0.0426314],
    [70, 0.0425866],
    [80, 0.0416541],
    [100, 0.0392831],
    [120, 0.0365826],
    [140, 0.0340836],
    [160, 0.0319039]
  ]
}