{
  "reaction": {
    "lhs": [
      { "state": { "particle": "e", "charge": -1 }, "count": 1 },
      {
        "state": {
          "particle": "H2",
          "charge": 0,
          "descriptor": {
            "type": 1,
            "accuracy": 2,
            "e": "X",
            "Lambda": 0,
            "S": 0,
            "parity": "g",
            "v": 10
          }
        },
        "count": 1
      }
    ],
    "rhs": [
      { "state": { "particle": "e", "charge": -1 }, "count": 1 },
      {
        "state": {
          "particle": "H2",
          "charge": 0,
          "descriptor": {
            "type": 1,
            "accuracy": 2,
            "e": "H",
            "Lambda": 0,
            "S": 0,
            "parity": "g",
            "v": 19
          }
        },
        "count": 1
      }
    ],
    "type_tags": ["Electronic", "Vibrational"],
    "reversible": false
  },
  "threshold": 11.7761,
  "data": [
    [11.7761, 0],
    [12, 0.000284808],
    [13, 0.000773061],
    [14, 0.000975135],
    [15, 0.000989152],
    [16, 0.000985936],
    [17, 0.000980869],
    [18, 0.00100443],
    [19, 0.00105333],
    [20, 0.00112466],
    [22, 0.00128955],
    [25, 0.00129441],
    [30, 0.000933384],
    [40, 0.000735331],
    [50, 0.00070229],
    [60, 0.000607347],
    [70, 0.000487908],
    [80, 0.000382378],
    [100, 0.000285856],
    [120, 0.000223736],
    [140, 0.000187271],
    [160, 0.000166065]
  ]
}