{
  "reaction": {
    "lhs": [
      { "state": { "particle": "e", "charge": -1 }, "count": 1 },
      {
        "state": {
          "particle": "H2",
          "charge": 0,
          "descriptor": {
            "type": 1,
            "accuracy": 2,
            "e": "X",
            "Lambda": 0,
            "S": 0,
            "parity": "g",
            "v": 10
          }
        },
        "count": 1
      }
    ],
    "rhs": [
      { "state": { "particle": "e", "charge": -1 }, "count": 1 },
      {
        "state": {
          "particle": "H2",
          "charge": 0,
          "descriptor": { "type": 1, "accuracy": 2, "e": "J", "Lambda": 2, "S": 0, "parity": "g", "v": 7 }
        },
        "count": 1
      }
    ],
    "type_tags": ["Electronic", "Vibrational"],
    "reversible": false
  },
  "threshold": 11.6821,
  "data": [
    [11.6821, 0],
    [12, 0.000363199],
    [13, 0.000917925],
    [14, 0.000596487],
    [15, 0.000381075],
    [16, 0.000695643],
    [17, 0.000626274],
    [18, 0.00057563],
    [19, 0.000677241],
    [20, 0.000662901],
    [22, 0.00072442],
    [25, 0.000728648],
    [30, 0.000681564],
    [40, 0.000567755],
    [50, 0.000503756],
    [60, 0.000440011],
    [70, 0.000384751],
    [80, 0.000354693],
    [100, 0.000294839],
    [120, 0.000242399],
    [140, 0.000207033],
    [160, 0.000181562]
  ]
}