{
  "reaction": {
    "lhs": [
      { "state": { "particle": "e", "charge": -1 }, "count": 1 },
      {
        "state": {
          "particle": "H2",
          "charge": 0,
          "descriptor": {
            "type": 1,
            "accuracy": 2,
            "e": "X",
            "Lambda": 0,
            "S": 0,
            "parity": "g",
            "v": 10
          }
        },
        "count": 1
      }
    ],
    "rhs": [
      { "state": { "particle": "e", "charge": -1 }, "count": 1 },
      {
        "state": {
          "particle": "H2",
          "charge": 0,
          "descriptor": {
            "type": 1,
            "accuracy": 2,
            "e": "EF",
            "Lambda": 0,
            "S": 0,
            "parity": "g",
            "v": 14
          }
        },
        "count": 1
      }
    ],
    "type_tags": ["Electronic", "Vibrational"],
    "reversible": false
  },
  "threshold": 9.63491,
  "data": [
    [9.63491, 0],
    [10, 0.00159555],
    [11, 0.00208721],
    [12, 0.00197451],
    [13, 0.00264739],
    [14, 0.00291429],
    [15, 0.00335792],
    [16, 0.00352514],
    [17, 0.00330463],
    [18, 0.00328044],
    [19, 0.00335138],
    [20, 0.00332535],
    [22, 0.00311836],
    [25, 0.002825],
    [30, 0.00241877],
    [40, 0.00188782],
    [50, 0.0017471],
    [60, 0.00166776],
    [70, 0.00144654],
    [80, 0.00125353],
    [100, 0.00100499],
    [120, 0.000868169],
    [140, 0.000778363],
    [160, 0.00070052]
  ]
}