{
  "reaction": {
    "lhs": [
      { "state": { "particle": "e", "charge": -1 }, "count": 1 },
      {
        "state": {
          "particle": "H2",
          "charge": 0,
          "descriptor": {
            "type": 1,
            "accuracy": 2,
            "e": "X",
            "Lambda": 0,
            "S": 0,
            "parity": "g",
            "v": 10
          }
        },
        "count": 1
      }
    ],
    "rhs": [
      { "state": { "particle": "e", "charge": -1 }, "count": 1 },
      {
        "state": {
          "particle": "H2",
          "charge": 0,
          "descriptor": { "type": 1, "accuracy": 2, "e": "d", "Lambda": 1, "S": 1, "parity": "u", "v": 6 }
        },
        "count": 1
      }
    ],
    "type_tags": ["Electronic", "Vibrational"],
    "reversible": false
  },
  "threshold": 11.4367,
  "data": [
    [11.4367, 0],
    [12, 0.0372228],
    [13, 0.0506586],
    [14, 0.0466454],
    [15, 0.0322882],
    [16, 0.0306256],
    [17, 0.030329],
    [18, 0.0286806],
    [19, 0.0254697],
    [20, 0.0226976],
    [22, 0.0192844],
    [25, 0.0152847],
    [30, 0.0104256],
    [40, 0.00541744],
    [50, 0.00347758],
    [60, 0.0025956],
    [70, 0.0016664],
    [80, 0.00104226],
    [100, 0.000441491],
    [120, 0.00027967],
    [140, 0.000200482],
    [160, 0.000139949]
  ]
}