{
  "reaction": {
    "lhs": [
      { "state": { "particle": "e", "charge": -1 }, "count": 1 },
      {
        "state": {
          "particle": "H2",
          "charge": 0,
          "descriptor": {
            "type": 1,
            "accuracy": 2,
            "e": "X",
            "Lambda": 0,
            "S": 0,
            "parity": "g",
            "v": 10
          }
        },
        "count": 1
      }
    ],
    "rhs": [
      { "state": { "particle": "e", "charge": -1 }, "count": 1 },
      {
        "state": {
          "particle": "H2",
          "charge": 0,
          "descriptor": {
            "type": 1,
            "accuracy": 2,
            "e": "j",
            "Lambda": 2,
            "S": 1,
            "parity": "g",
            "v": 14
          }
        },
        "count": 1
      }
    ],
    "type_tags": ["Electronic", "Vibrational"],
    "reversible": false
  },
  "threshold": 12.5787,
  "data": [
    [12.5787, 0],
    [13, 0.0000412857],
    [14, 0.0000560473],
    [15, 0.0000457223],
    [16, 0.0000422404],
    [17, 0.0000401998],
    [18, 0.0000357221],
    [19, 0.000030645],
    [20, 0.000026521],
    [22, 0.0000210498],
    [25, 0.000015292],
    [30, 0.00000952035],
    [40, 0.00000630813],
    [50, 0.00000376666],
    [60, 0.00000180517],
    [70, 0.00000145193],
    [80, 0.00000138386],
    [100, 7.39444e-7],
    [120, 1.32202e-7],
    [140, 9.35494e-8],
    [160, 6.36149e-8]
  ]
}