{
  "reaction": {
    "lhs": [
      { "state": { "particle": "e", "charge": -1 }, "count": 1 },
      {
        "state": {
          "particle": "H2",
          "charge": 0,
          "descriptor": {
            "type": 1,
            "accuracy": 2,
            "e": "X",
            "Lambda": 0,
            "S": 0,
            "parity": "g",
            "v": 10
          }
        },
        "count": 1
      }
    ],
    "rhs": [
      { "state": { "particle": "e", "charge": -1 }, "count": 1 },
      {
        "state": {
          "particle": "H2",
          "charge": 0,
          "descriptor": { "type": 1, "accuracy": 2, "e": "d", "Lambda": 1, "S": 1, "parity": "u", "v": 9 }
        },
        "count": 1
      }
    ],
    "type_tags": ["Electronic", "Vibrational"],
    "reversible": false
  },
  "threshold": 11.967,
  "data": [
    [11.967, 0],
    [12, 0.00343388],
    [13, 0.00801194],
    [14, 0.00718156],
    [15, 0.0059713],
    [16, 0.00525052],
    [17, 0.00475482],
    [18, 0.00436708],
    [19, 0.00407877],
    [20, 0.00382506],
    [22, 0.00332821],
    [25, 0.00265861],
    [30, 0.0017636],
    [40, 0.000835908],
    [50, 0.000538469],
    [60, 0.000444452],
    [70, 0.000310849],
    [80, 0.000216446],
    [100, 0.000105213],
    [120, 0.0000607434],
    [140, 0.0000435719],
    [160, 0.0000304605]
  ]
}