{
  "reaction": {
    "lhs": [
      { "state": { "particle": "e", "charge": -1 }, "count": 1 },
      {
        "state": {
          "particle": "H2",
          "charge": 0,
          "descriptor": {
            "type": 1,
            "accuracy": 2,
            "e": "X",
            "Lambda": 0,
            "S": 0,
            "parity": "g",
            "v": 10
          }
        },
        "count": 1
      }
    ],
    "rhs": [
      { "state": { "particle": "e", "charge": -1 }, "count": 1 },
      {
        "state": {
          "particle": "H2",
          "charge": 0,
          "descriptor": { "type": 1, "accuracy": 2, "e": "D", "Lambda": 1, "S": 0, "parity": "u", "v": 9 }
        },
        "count": 1
      }
    ],
    "type_tags": ["Electronic", "Vibrational"],
    "reversible": false
  },
  "threshold": 12.0708,
  "data": [
    [12.0708, 0],
    [13, 0.00313075],
    [14, 0.00460512],
    [15, 0.00529219],
    [16, 0.00585315],
    [17, 0.00660754],
    [18, 0.00751962],
    [19, 0.00846467],
    [20, 0.00933471],
    [22, 0.0106697],
    [25, 0.0120546],
    [30, 0.0139446],
    [40, 0.0169939],
    [50, 0.0190453],
    [60, 0.0204066],
    [70, 0.0207089],
    [80, 0.0202992],
    [100, 0.0193272],
    [120, 0.0181323],
    [140, 0.0169838],
    [160, 0.015972]
  ]
}