{
  "reaction": {
    "lhs": [
      { "state": { "particle": "e", "charge": -1 }, "count": 1 },
      {
        "state": {
          "particle": "H2",
          "charge": 0,
          "descriptor": {
            "type": 1,
            "accuracy": 2,
            "e": "X",
            "Lambda": 0,
            "S": 0,
            "parity": "g",
            "v": 10
          }
        },
        "count": 1
      }
    ],
    "rhs": [
      { "state": { "particle": "e", "charge": -1 }, "count": 1 },
      {
        "state": {
          "particle": "H2",
          "charge": 0,
          "descriptor": {
            "type": 1,
            "accuracy": 2,
            "e": "c",
            "Lambda": 1,
            "S": 1,
            "parity": "u",
            "v": 10
          }
        },
        "count": 1
      }
    ],
    "type_tags": ["Electronic", "Vibrational"],
    "reversible": false
  },
  "threshold": 10.1597,
  "data": [
    [10.1597, 0],
    [11, 0.00678651],
    [12, 0.00382126],
    [13, 0.00407657],
    [14, 0.00472182],
    [15, 0.00394683],
    [16, 0.00338777],
    [17, 0.00292281],
    [18, 0.00246386],
    [19, 0.00204271],
    [20, 0.00172695],
    [22, 0.00135827],
    [25, 0.00111146],
    [30, 0.000902707],
    [40, 0.00017039],
    [50, 0.000112109],
    [60, 0.000102401],
    [70, 0.000074627],
    [80, 0.0000396707],
    [100, 0.0000174646],
    [120, 0.0000123817],
    [140, 0.00000889829],
    [160, 0.0000062466]
  ]
}