{
  "reaction": {
    "lhs": [
      { "state": { "particle": "e", "charge": -1 }, "count": 1 },
      {
        "state": {
          "particle": "H2",
          "charge": 0,
          "descriptor": {
            "type": 1,
            "accuracy": 2,
            "e": "X",
            "Lambda": 0,
            "S": 0,
            "parity": "g",
            "v": 10
          }
        },
        "count": 1
      }
    ],
    "rhs": [
      { "state": { "particle": "e", "charge": -1 }, "count": 1 },
      {
        "state": {
          "particle": "H2",
          "charge": 0,
          "descriptor": { "type": 1, "accuracy": 2, "e": "e", "Lambda": 0, "S": 1, "parity": "u", "v": 3 }
        },
        "count": 1
      }
    ],
    "type_tags": ["Electronic", "Vibrational"],
    "reversible": false
  },
  "threshold": 10.0805,
  "data": [
    [10.0805, 0],
    [11, 0.00123272],
    [12, 0.00121639],
    [13, 0.00110748],
    [14, 0.000742737],
    [15, 0.000565251],
    [16, 0.000474062],
    [17, 0.000423695],
    [18, 0.000398997],
    [19, 0.000384814],
    [20, 0.000365992],
    [22, 0.000315622],
    [25, 0.000251575],
    [30, 0.000196595],
    [40, 0.000188529],
    [50, 0.000126958],
    [60, 0.0000471986],
    [70, 0.0000267935],
    [80, 0.0000217778],
    [100, 0.0000121733],
    [120, 0.00000804265],
    [140, 0.00000579236],
    [160, 0.00000409015]
  ]
}