{
  "reaction": {
    "lhs": [
      { "state": { "particle": "e", "charge": -1 }, "count": 1 },
      {
        "state": {
          "particle": "H2",
          "charge": 0,
          "descriptor": {
            "type": 1,
            "accuracy": 2,
            "e": "X",
            "Lambda": 0,
            "S": 0,
            "parity": "g",
            "v": 10
          }
        },
        "count": 1
      }
    ],
    "rhs": [
      { "state": { "particle": "e", "charge": -1 }, "count": 1 },
      {
        "state": {
          "particle": "H2",
          "charge": 0,
          "descriptor": { "type": 1, "accuracy": 2, "e": "J", "Lambda": 2, "S": 0, "parity": "g", "v": 9 }
        },
        "count": 1
      }
    ],
    "type_tags": ["Electronic", "Vibrational"],
    "reversible": false
  },
  "threshold": 12.0122,
  "data": [
    [12.0122, 0],
    [13, 0.000905513],
    [14, 0.00114695],
    [15, 0.00113114],
    [16, 0.00107083],
    [17, 0.00121941],
    [18, 0.00116285],
    [19, 0.00128431],
    [20, 0.00134074],
    [22, 0.00140756],
    [25, 0.00145513],
    [30, 0.00132819],
    [40, 0.0010824],
    [50, 0.000883486],
    [60, 0.000763155],
    [70, 0.000676262],
    [80, 0.000611096],
    [100, 0.000502452],
    [120, 0.000422347],
    [140, 0.000361742],
    [160, 0.000316673]
  ]
}