{
  "reaction": {
    "lhs": [
      { "state": { "particle": "e", "charge": -1 }, "count": 1 },
      {
        "state": {
          "particle": "H2",
          "charge": 0,
          "descriptor": {
            "type": 1,
            "accuracy": 2,
            "e": "X",
            "Lambda": 0,
            "S": 0,
            "parity": "g",
            "v": 10
          }
        },
        "count": 1
      }
    ],
    "rhs": [
      { "state": { "particle": "e", "charge": -1 }, "count": 1 },
      {
        "state": {
          "particle": "H2",
          "charge": 0,
          "descriptor": {
            "type": 1,
            "accuracy": 2,
            "e": "d",
            "Lambda": 1,
            "S": 1,
            "parity": "u",
            "v": 12
          }
        },
        "count": 1
      }
    ],
    "type_tags": ["Electronic", "Vibrational"],
    "reversible": false
  },
  "threshold": 12.368,
  "data": [
    [12.368, 0],
    [13, 0.00000211282],
    [14, 0.0000191859],
    [15, 0.0000126588],
    [16, 0.00000600565],
    [17, 0.00000284871],
    [18, 0.00000311069],
    [19, 0.00000359723],
    [20, 0.00000385921],
    [22, 0.00000366921],
    [25, 0.00000290021],
    [30, 0.0000015465],
    [40, 7.01547e-7],
    [50, 2.84915e-7],
    [60, 1.11071e-7],
    [70, 6.36635e-8],
    [80, 5.44653e-8],
    [100, 2.54295e-8],
    [120, 3.95974e-9],
    [140, 3.00306e-9],
    [160, 2.26056e-9]
  ]
}