{
  "reaction": {
    "lhs": [
      { "state": { "particle": "e", "charge": -1 }, "count": 1 },
      {
        "state": {
          "particle": "H2",
          "charge": 0,
          "descriptor": {
            "type": 1,
            "accuracy": 2,
            "e": "X",
            "Lambda": 0,
            "S": 0,
            "parity": "g",
            "v": 10
          }
        },
        "count": 1
      }
    ],
    "rhs": [
      { "state": { "particle": "e", "charge": -1 }, "count": 1 },
      {
        "state": {
          "particle": "H2",
          "charge": 0,
          "descriptor": {
            "type": 1,
            "accuracy": 2,
            "e": "H",
            "Lambda": 0,
            "S": 0,
            "parity": "g",
            "v": 17
          }
        },
        "count": 1
      }
    ],
    "type_tags": ["Electronic", "Vibrational"],
    "reversible": false
  },
  "threshold": 11.7397,
  "data": [
    [11.7397, 0],
    [12, 2.76158e-11],
    [13, 7.74241e-11],
    [14, 1.09041e-10],
    [15, 1.19821e-10],
    [16, 1.24013e-10],
    [17, 1.303e-10],
    [18, 1.39626e-10],
    [19, 1.48943e-10],
    [20, 1.55669e-10],
    [22, 1.60805e-10],
    [25, 1.58638e-10],
    [30, 1.45023e-10],
    [40, 1.26506e-10],
    [50, 1.18049e-10],
    [60, 1.12464e-10],
    [70, 1.0449e-10],
    [80, 9.19163e-11],
    [100, 7.50999e-11],
    [120, 6.30504e-11],
    [140, 5.43855e-11],
    [160, 4.83908e-11]
  ]
}