{
  "reaction": {
    "lhs": [
      { "state": { "particle": "e", "charge": -1 }, "count": 1 },
      {
        "state": {
          "particle": "H2",
          "charge": 0,
          "descriptor": {
            "type": 1,
            "accuracy": 2,
            "e": "X",
            "Lambda": 0,
            "S": 0,
            "parity": "g",
            "v": 10
          }
        },
        "count": 1
      }
    ],
    "rhs": [
      { "state": { "particle": "e", "charge": -1 }, "count": 1 },
      {
        "state": {
          "particle": "H2",
          "charge": 0,
          "descriptor": {
            "type": 1,
            "accuracy": 2,
            "e": "D",
            "Lambda": 1,
            "S": 0,
            "parity": "u",
            "v": 17
          }
        },
        "count": 1
      }
    ],
    "type_tags": ["Electronic", "Vibrational"],
    "reversible": false
  },
  "threshold": 12.7047,
  "data": [
    [12.7047, 0],
    [13, 0.0000172735],
    [14, 0.0000352128],
    [15, 0.0000458413],
    [16, 0.00005252],
    [17, 0.0000594774],
    [18, 0.0000676512],
    [19, 0.0000766272],
    [20, 0.0000858795],
    [22, 0.000102742],
    [25, 0.000118897],
    [30, 0.000137468],
    [40, 0.00016919],
    [50, 0.000190204],
    [60, 0.000202927],
    [70, 0.00020612],
    [80, 0.000203479],
    [100, 0.000194805],
    [120, 0.000183621],
    [140, 0.000172854],
    [160, 0.000163229]
  ]
}