{
  "reaction": {
    "lhs": [
      { "state": { "particle": "e", "charge": -1 }, "count": 1 },
      {
        "state": {
          "particle": "H2",
          "charge": 0,
          "descriptor": {
            "type": 1,
            "accuracy": 2,
            "e": "X",
            "Lambda": 0,
            "S": 0,
            "parity": "g",
            "v": 10
          }
        },
        "count": 1
      }
    ],
    "rhs": [
      { "state": { "particle": "e", "charge": -1 }, "count": 1 },
      {
        "state": {
          "particle": "H2",
          "charge": 0,
          "descriptor": {
            "type": 1,
            "accuracy": 2,
            "e": "d",
            "Lambda": 1,
            "S": 1,
            "parity": "u",
            "v": 10
          }
        },
        "count": 1
      }
    ],
    "type_tags": ["Electronic", "Vibrational"],
    "reversible": false
  },
  "threshold": 12.1156,
  "data": [
    [12.1156, 0],
    [13, 0.00456068],
    [14, 0.00343398],
    [15, 0.00322142],
    [16, 0.00299834],
    [17, 0.00271912],
    [18, 0.00248906],
    [19, 0.00227278],
    [20, 0.00208962],
    [22, 0.00179568],
    [25, 0.00143839],
    [30, 0.00098514],
    [40, 0.00047072],
    [50, 0.000306314],
    [60, 0.000254708],
    [70, 0.000180848],
    [80, 0.00012827],
    [100, 0.000063925],
    [120, 0.0000367538],
    [140, 0.000026356],
    [160, 0.0000184213]
  ]
}