{
  "reaction": {
    "lhs": [
      { "state": { "particle": "e", "charge": -1 }, "count": 1 },
      {
        "state": {
          "particle": "H2",
          "charge": 0,
          "descriptor": {
            "type": 1,
            "accuracy": 2,
            "e": "X",
            "Lambda": 0,
            "S": 0,
            "parity": "g",
            "v": 10
          }
        },
        "count": 1
      }
    ],
    "rhs": [
      { "state": { "particle": "e", "charge": -1 }, "count": 1 },
      {
        "state": {
          "particle": "H2",
          "charge": 0,
          "descriptor": { "type": 1, "accuracy": 2, "e": "d", "Lambda": 1, "S": 1, "parity": "u", "v": 7 }
        },
        "count": 1
      }
    ],
    "type_tags": ["Electronic", "Vibrational"],
    "reversible": false
  },
  "threshold": 11.6274,
  "data": [
    [11.6274, 0],
    [12, 0.00168885],
    [13, 0.00128418],
    [14, 0.000911046],
    [15, 0.00085836],
    [16, 0.000765592],
    [17, 0.000648144],
    [18, 0.000594612],
    [19, 0.000563513],
    [20, 0.000534722],
    [22, 0.000465706],
    [25, 0.000364971],
    [30, 0.000225894],
    [40, 0.0000932128],
    [50, 0.0000725281],
    [60, 0.0000685496],
    [70, 0.0000542947],
    [80, 0.0000361114],
    [100, 0.0000186437],
    [120, 0.0000107443],
    [140, 0.00000771543],
    [160, 0.00000540641]
  ]
}