{
  "reaction": {
    "lhs": [
      { "state": { "particle": "e", "charge": -1 }, "count": 1 },
      {
        "state": {
          "particle": "H2",
          "charge": 0,
          "descriptor": {
            "type": 1,
            "accuracy": 2,
            "e": "X",
            "Lambda": 0,
            "S": 0,
            "parity": "g",
            "v": 10
          }
        },
        "count": 1
      }
    ],
    "rhs": [
      { "state": { "particle": "e", "charge": -1 }, "count": 1 },
      {
        "state": {
          "particle": "H2",
          "charge": 0,
          "descriptor": { "type": 1, "accuracy": 2, "e": "g", "Lambda": 0, "S": 1, "parity": "g", "v": 3 }
        },
        "count": 1
      }
    ],
    "type_tags": ["Electronic", "Vibrational"],
    "reversible": false
  },
  "threshold": 10.8376,
  "data": [
    [10.8376, 0],
    [11, 9.26926e-7],
    [12, 0.00000159297],
    [13, 0.00000956335],
    [14, 0.00000461772],
    [15, 8.90966e-7],
    [16, 9.13265e-7],
    [17, 9.35564e-7],
    [18, 7.59878e-7],
    [19, 4.22271e-7],
    [20, 2.0692e-7],
    [22, 1.10558e-7],
    [25, 3.49629e-8],
    [30, 7.93291e-9],
    [40, 2.84471e-9],
    [50, 2.56062e-7],
    [60, 5.09279e-7],
    [70, 4.14267e-7],
    [80, 2.7426e-7],
    [100, 1.06171e-7],
    [120, 2.43783e-8],
    [140, 1.77971e-8],
    [160, 1.26962e-8]
  ]
}