{
  "reaction": {
    "lhs": [
      { "state": { "particle": "e", "charge": -1 }, "count": 1 },
      {
        "state": {
          "particle": "H2",
          "charge": 0,
          "descriptor": {
            "type": 1,
            "accuracy": 2,
            "e": "X",
            "Lambda": 0,
            "S": 0,
            "parity": "g",
            "v": 10
          }
        },
        "count": 1
      }
    ],
    "rhs": [
      { "state": { "particle": "e", "charge": -1 }, "count": 1 },
      {
        "state": {
          "particle": "H2",
          "charge": 0,
          "descriptor": { "type": 1, "accuracy": 2, "e": "e", "Lambda": 0, "S": 1, "parity": "u", "v": 4 }
        },
        "count": 1
      }
    ],
    "type_tags": ["Electronic", "Vibrational"],
    "reversible": false
  },
  "threshold": 10.2848,
  "data": [
    [10.2848, 0],
    [11, 0.0246981],
    [12, 0.0225742],
    [13, 0.0220369],
    [14, 0.0174228],
    [15, 0.0144788],
    [16, 0.0145283],
    [17, 0.0148718],
    [18, 0.0138976],
    [19, 0.0118879],
    [20, 0.0102119],
    [22, 0.00841213],
    [25, 0.00661174],
    [30, 0.0046893],
    [40, 0.00257813],
    [50, 0.0017202],
    [60, 0.00129308],
    [70, 0.000836123],
    [80, 0.000517184],
    [100, 0.000228884],
    [120, 0.000155387],
    [140, 0.00011223],
    [160, 0.0000793298]
  ]
}