{
  "reaction": {
    "lhs": [
      { "state": { "particle": "e", "charge": -1 }, "count": 1 },
      {
        "state": {
          "particle": "H2",
          "charge": 0,
          "descriptor": {
            "type": 1,
            "accuracy": 2,
            "e": "X",
            "Lambda": 0,
            "S": 0,
            "parity": "g",
            "v": 10
          }
        },
        "count": 1
      }
    ],
    "rhs": [
      { "state": { "particle": "e", "charge": -1 }, "count": 1 },
      {
        "state": {
          "particle": "H2",
          "charge": 0,
          "descriptor": { "type": 1, "accuracy": 2, "e": "C", "Lambda": 1, "S": 0, "parity": "u", "v": 2 }
        },
        "count": 1
      }
    ],
    "type_tags": ["Electronic", "Vibrational"],
    "reversible": false
  },
  "threshold": 8.9837,
  "data": [
    [8.9837, 0],
    [10, 5.22855e-7],
    [11, 0.00000103438],
    [12, 0.00000154293],
    [13, 0.00000204705],
    [14, 0.00000254525],
    [15, 0.00000303607],
    [16, 0.00000351802],
    [17, 0.00000398965],
    [18, 0.00000444947],
    [19, 0.00000489602],
    [20, 0.00000532782],
    [22, 0.00000614129],
    [25, 0.00000721407],
    [30, 0.0000085107],
    [40, 0.00000942959],
    [50, 0.0000100894],
    [60, 0.000010632],
    [70, 0.0000106826],
    [80, 0.0000104623],
    [100, 0.00000982784],
    [120, 0.00000885171],
    [140, 0.00000797599],
    [160, 0.00000730855]
  ]
}