{
  "reaction": {
    "lhs": [
      { "state": { "particle": "e", "charge": -1 }, "count": 1 },
      {
        "state": {
          "particle": "H2",
          "charge": 0,
          "descriptor": {
            "type": 1,
            "accuracy": 2,
            "e": "X",
            "Lambda": 0,
            "S": 0,
            "parity": "g",
            "v": 10
          }
        },
        "count": 1
      }
    ],
    "rhs": [
      { "state": { "particle": "e", "charge": -1 }, "count": 1 },
      {
        "state": {
          "particle": "H2",
          "charge": 0,
          "descriptor": {
            "type": 1,
            "accuracy": 2,
            "e": "EF",
            "Lambda": 0,
            "S": 0,
            "parity": "g",
            "v": 3
          }
        },
        "count": 1
      }
    ],
    "type_tags": ["Electronic", "Vibrational"],
    "reversible": false
  },
  "threshold": 8.72531,
  "data": [
    [8.72531, 0],
    [10, 0.00015695],
    [11, 0.000396288],
    [12, 0.000498488],
    [13, 0.000532181],
    [14, 0.000519686],
    [15, 0.000497809],
    [16, 0.000446034],
    [17, 0.000473318],
    [18, 0.00045993],
    [19, 0.000439794],
    [20, 0.00043745],
    [22, 0.00042247],
    [25, 0.000367734],
    [30, 0.000302157],
    [40, 0.000215882],
    [50, 0.000181323],
    [60, 0.000160556],
    [70, 0.000134775],
    [80, 0.000113292],
    [100, 0.0000863957],
    [120, 0.0000720441],
    [140, 0.0000628965],
    [160, 0.0000550454]
  ]
}