{
  "reaction": {
    "lhs": [
      { "state": { "particle": "e", "charge": -1 }, "count": 1 },
      {
        "state": {
          "particle": "H2",
          "charge": 0,
          "descriptor": {
            "type": 1,
            "accuracy": 2,
            "e": "X",
            "Lambda": 0,
            "S": 0,
            "parity": "g",
            "v": 10
          }
        },
        "count": 1
      }
    ],
    "rhs": [
      { "state": { "particle": "e", "charge": -1 }, "count": 1 },
      {
        "state": {
          "particle": "H2",
          "charge": 0,
          "descriptor": { "type": 1, "accuracy": 2, "e": "C", "Lambda": 1, "S": 0, "parity": "u", "v": 5 }
        },
        "count": 1
      }
    ],
    "type_tags": ["Electronic", "Vibrational"],
    "reversible": false
  },
  "threshold": 9.69566,
  "data": [
    [9.69566, 0],
    [10, 0.0360219],
    [11, 0.083485],
    [12, 0.120031],
    [13, 0.147975],
    [14, 0.171088],
    [15, 0.191589],
    [16, 0.210674],
    [17, 0.229506],
    [18, 0.24872],
    [19, 0.267199],
    [20, 0.28315],
    [22, 0.306916],
    [25, 0.333979],
    [30, 0.371703],
    [40, 0.427942],
    [50, 0.457435],
    [60, 0.464922],
    [70, 0.461496],
    [80, 0.450288],
    [100, 0.421596],
    [120, 0.390364],
    [140, 0.362035],
    [160, 0.337572]
  ]
}