{
  "reaction": {
    "lhs": [
      { "state": { "particle": "e", "charge": -1 }, "count": 1 },
      {
        "state": {
          "particle": "H2",
          "charge": 0,
          "descriptor": {
            "type": 1,
            "accuracy": 2,
            "e": "X",
            "Lambda": 0,
            "S": 0,
            "parity": "g",
            "v": 10
          }
        },
        "count": 1
      }
    ],
    "rhs": [
      { "state": { "particle": "e", "charge": -1 }, "count": 1 },
      {
        "state": {
          "particle": "H2",
          "charge": 0,
          "descriptor": {
            "type": 1,
            "accuracy": 2,
            "e": "J",
            "Lambda": 2,
            "S": 0,
            "parity": "g",
            "v": 15
          }
        },
        "count": 1
      }
    ],
    "type_tags": ["Electronic", "Vibrational"],
    "reversible": false
  },
  "threshold": 12.5795,
  "data": [
    [12.5795, 0],
    [13, 0.0000412411],
    [14, 0.0000480175],
    [15, 0.0000874855],
    [16, 0.000129923],
    [17, 0.000085707],
    [18, 0.0000960593],
    [19, 0.000106335],
    [20, 0.000100952],
    [22, 0.000115781],
    [25, 0.000105592],
    [30, 0.000108991],
    [40, 0.0000867755],
    [50, 0.0000758076],
    [60, 0.0000662695],
    [70, 0.0000577878],
    [80, 0.0000510456],
    [100, 0.0000415262],
    [120, 0.0000349518],
    [140, 0.0000298664],
    [160, 0.0000261595]
  ]
}