{
  "reaction": {
    "lhs": [
      { "state": { "particle": "e", "charge": -1 }, "count": 1 },
      {
        "state": {
          "particle": "H2",
          "charge": 0,
          "descriptor": {
            "type": 1,
            "accuracy": 2,
            "e": "X",
            "Lambda": 0,
            "S": 0,
            "parity": "g",
            "v": 10
          }
        },
        "count": 1
      }
    ],
    "rhs": [
      { "state": { "particle": "e", "charge": -1 }, "count": 1 },
      {
        "state": {
          "particle": "H2",
          "charge": 0,
          "descriptor": { "type": 1, "accuracy": 2, "e": "j", "Lambda": 2, "S": 1, "parity": "g", "v": 8 }
        },
        "count": 1
      }
    ],
    "type_tags": ["Electronic", "Vibrational"],
    "reversible": false
  },
  "threshold": 11.8535,
  "data": [
    [11.8535, 0],
    [12, 0.00021997],
    [13, 0.000502784],
    [14, 0.000425044],
    [15, 0.000271794],
    [16, 0.000231336],
    [17, 0.000207958],
    [18, 0.000196292],
    [19, 0.000190971],
    [20, 0.000186627],
    [22, 0.000166545],
    [25, 0.000116778],
    [30, 0.0000525262],
    [40, 0.0000411326],
    [50, 0.0000304707],
    [60, 0.0000170372],
    [70, 0.0000108947],
    [80, 0.00000738576],
    [100, 0.00000288359],
    [120, 0.00000133135],
    [140, 9.40943e-7],
    [160, 6.40411e-7]
  ]
}