{
  "reaction": {
    "lhs": [
      { "state": { "particle": "e", "charge": -1 }, "count": 1 },
      {
        "state": {
          "particle": "H2",
          "charge": 0,
          "descriptor": {
            "type": 1,
            "accuracy": 2,
            "e": "X",
            "Lambda": 0,
            "S": 0,
            "parity": "g",
            "v": 10
          }
        },
        "count": 1
      }
    ],
    "rhs": [
      { "state": { "particle": "e", "charge": -1 }, "count": 1 },
      {
        "state": {
          "particle": "H2",
          "charge": 0,
          "descriptor": {
            "type": 1,
            "accuracy": 2,
            "e": "J",
            "Lambda": 2,
            "S": 0,
            "parity": "g",
            "v": 16
          }
        },
        "count": 1
      }
    ],
    "type_tags": ["Electronic", "Vibrational"],
    "reversible": false
  },
  "threshold": 12.6425,
  "data": [
    [12.6425, 0],
    [13, 0.0000299379],
    [14, 0.0000388099],
    [15, 0.0000699681],
    [16, 0.0000958155],
    [17, 0.000066412],
    [18, 0.0000746808],
    [19, 0.0000822881],
    [20, 0.0000766614],
    [22, 0.0000864338],
    [25, 0.0000812725],
    [30, 0.0000837883],
    [40, 0.0000666638],
    [50, 0.0000576634],
    [60, 0.0000504428],
    [70, 0.0000441932],
    [80, 0.000039077],
    [100, 0.000032142],
    [120, 0.0000270114],
    [140, 0.0000231227],
    [160, 0.0000202555]
  ]
}