{
  "reaction": {
    "lhs": [
      { "state": { "particle": "e", "charge": -1 }, "count": 1 },
      {
        "state": {
          "particle": "H2",
          "charge": 0,
          "descriptor": {
            "type": 1,
            "accuracy": 2,
            "e": "X",
            "Lambda": 0,
            "S": 0,
            "parity": "g",
            "v": 10
          }
        },
        "count": 1
      }
    ],
    "rhs": [
      { "state": { "particle": "e", "charge": -1 }, "count": 1 },
      {
        "state": {
          "particle": "H2",
          "charge": 0,
          "descriptor": { "type": 1, "accuracy": 2, "e": "H", "Lambda": 0, "S": 0, "parity": "g", "v": 7 }
        },
        "count": 1
      }
    ],
    "type_tags": ["Electronic", "Vibrational"],
    "reversible": false
  },
  "threshold": 11.421,
  "data": [
    [11.421, 0],
    [12, 1.4689e-13],
    [13, 2.60161e-13],
    [14, 2.38685e-13],
    [15, 1.39838e-13],
    [16, 7.11109e-14],
    [17, 4.7765e-14],
    [18, 4.73023e-14],
    [19, 5.31415e-14],
    [20, 5.58978e-14],
    [22, 6.44643e-14],
    [25, 8.14822e-14],
    [30, 1.24754e-13],
    [40, 2.8687e-13],
    [50, 4.52812e-13],
    [60, 5.85095e-13],
    [70, 6.72956e-13],
    [80, 7.11883e-13],
    [100, 7.12881e-13],
    [120, 6.86871e-13],
    [140, 6.48554e-13],
    [160, 5.95868e-13]
  ]
}