{
  "reaction": {
    "lhs": [
      { "state": { "particle": "e", "charge": -1 }, "count": 1 },
      {
        "state": {
          "particle": "H2",
          "charge": 0,
          "descriptor": {
            "type": 1,
            "accuracy": 2,
            "e": "X",
            "Lambda": 0,
            "S": 0,
            "parity": "g",
            "v": 10
          }
        },
        "count": 1
      }
    ],
    "rhs": [
      { "state": { "particle": "e", "charge": -1 }, "count": 1 },
      {
        "state": {
          "particle": "H2",
          "charge": 0,
          "descriptor": {
            "type": 1,
            "accuracy": 2,
            "e": "a",
            "Lambda": 0,
            "S": 1,
            "parity": "g",
            "v": 17
          }
        },
        "count": 1
      }
    ],
    "type_tags": ["Electronic", "Vibrational"],
    "reversible": false
  },
  "threshold": 10.8103,
  "data": [
    [10.8103, 0],
    [11, 0.000077688],
    [12, 0.000149758],
    [13, 0.000152623],
    [14, 0.000137948],
    [15, 0.000129139],
    [16, 0.000110353],
    [17, 0.0000911623],
    [18, 0.0000781575],
    [19, 0.0000680068],
    [20, 0.0000598837],
    [22, 0.000046768],
    [25, 0.0000322715],
    [30, 0.0000164518],
    [40, 0.00000653039],
    [50, 0.00000500331],
    [60, 0.00000471068],
    [70, 0.00000365004],
    [80, 0.00000231933],
    [100, 0.00000121981],
    [120, 7.86577e-7],
    [140, 5.69113e-7],
    [160, 4.03984e-7]
  ]
}