{
  "reaction": {
    "lhs": [
      { "state": { "particle": "e", "charge": -1 }, "count": 1 },
      {
        "state": {
          "particle": "H2",
          "charge": 0,
          "descriptor": {
            "type": 1,
            "accuracy": 2,
            "e": "X",
            "Lambda": 0,
            "S": 0,
            "parity": "g",
            "v": 10
          }
        },
        "count": 1
      }
    ],
    "rhs": [
      { "state": { "particle": "e", "charge": -1 }, "count": 1 },
      {
        "state": {
          "particle": "H2",
          "charge": 0,
          "descriptor": {
            "type": 1,
            "accuracy": 2,
            "e": "H",
            "Lambda": 0,
            "S": 0,
            "parity": "g",
            "v": 18
          }
        },
        "count": 1
      }
    ],
    "type_tags": ["Electronic", "Vibrational"],
    "reversible": false
  },
  "threshold": 11.7471,
  "data": [
    [11.7471, 0],
    [12, 1.62132e-11],
    [13, 4.00871e-11],
    [14, 4.45094e-11],
    [15, 3.93939e-11],
    [16, 3.58859e-11],
    [17, 3.09836e-11],
    [18, 2.84293e-11],
    [19, 2.93716e-11],
    [20, 3.37357e-11],
    [22, 4.70846e-11],
    [25, 4.79639e-11],
    [30, 1.97766e-11],
    [40, 1.14146e-11],
    [50, 1.46175e-11],
    [60, 1.01866e-11],
    [70, 4.37438e-12],
    [80, 1.78585e-12],
    [100, 6.5603e-13],
    [120, 2.35037e-13],
    [140, 1.28206e-13],
    [160, 1.30581e-13]
  ]
}