{
  "reaction": {
    "lhs": [
      { "state": { "particle": "e", "charge": -1 }, "count": 1 },
      {
        "state": {
          "particle": "H2",
          "charge": 0,
          "descriptor": {
            "type": 1,
            "accuracy": 2,
            "e": "X",
            "Lambda": 0,
            "S": 0,
            "parity": "g",
            "v": 10
          }
        },
        "count": 1
      }
    ],
    "rhs": [
      { "state": { "particle": "e", "charge": -1 }, "count": 1 },
      {
        "state": {
          "particle": "H2",
          "charge": 0,
          "descriptor": {
            "type": 1,
            "accuracy": 2,
            "e": "a",
            "Lambda": 0,
            "S": 1,
            "parity": "g",
            "v": 10
          }
        },
        "count": 1
      }
    ],
    "type_tags": ["Electronic", "Vibrational"],
    "reversible": false
  },
  "threshold": 10.3286,
  "data": [
    [10.3286, 0],
    [11, 0.0119149],
    [12, 0.0131778],
    [13, 0.0105526],
    [14, 0.00849835],
    [15, 0.00706978],
    [16, 0.00606131],
    [17, 0.00525873],
    [18, 0.00454512],
    [19, 0.00393167],
    [20, 0.00344365],
    [22, 0.00271629],
    [25, 0.00195127],
    [30, 0.00115616],
    [40, 0.000684117],
    [50, 0.000444058],
    [60, 0.000305506],
    [70, 0.000219459],
    [80, 0.000173473],
    [100, 0.000095852],
    [120, 0.0000572115],
    [140, 0.0000420807],
    [160, 0.0000305676]
  ]
}