{
  "reaction": {
    "lhs": [
      { "state": { "particle": "e", "charge": -1 }, "count": 1 },
      {
        "state": {
          "particle": "H2",
          "charge": 0,
          "descriptor": {
            "type": 1,
            "accuracy": 2,
            "e": "X",
            "Lambda": 0,
            "S": 0,
            "parity": "g",
            "v": 10
          }
        },
        "count": 1
      }
    ],
    "rhs": [
      { "state": { "particle": "e", "charge": -1 }, "count": 1 },
      {
        "state": {
          "particle": "H2",
          "charge": 0,
          "descriptor": { "type": 1, "accuracy": 2, "e": "C", "Lambda": 1, "S": 0, "parity": "u", "v": 1 }
        },
        "count": 1
      }
    ],
    "type_tags": ["Electronic", "Vibrational"],
    "reversible": false
  },
  "threshold": 8.71399,
  "data": [
    [8.71399, 0],
    [10, 0.000025925],
    [11, 0.00000908894],
    [12, 5.55509e-7],
    [13, 2.64643e-7],
    [14, 9.95951e-8],
    [15, 2.35082e-8],
    [16, 1.92041e-9],
    [17, 5.6826e-8],
    [18, 9.80551e-8],
    [19, 1.17667e-7],
    [20, 1.7182e-7],
    [22, 2.76928e-7],
    [25, 1.59637e-7],
    [30, 1.49734e-8],
    [40, 3.88907e-8],
    [50, 2.81381e-8],
    [60, 5.2031e-8],
    [70, 4.46539e-8],
    [80, 3.53717e-8],
    [100, 3.29013e-8],
    [120, 3.29013e-8],
    [140, 3.29013e-8],
    [160, 3.29013e-8]
  ]
}