{
  "reaction": {
    "lhs": [
      { "state": { "particle": "e", "charge": -1 }, "count": 1 },
      {
        "state": {
          "particle": "H2",
          "charge": 0,
          "descriptor": {
            "type": 1,
            "accuracy": 2,
            "e": "X",
            "Lambda": 0,
            "S": 0,
            "parity": "g",
            "v": 10
          }
        },
        "count": 1
      }
    ],
    "rhs": [
      { "state": { "particle": "e", "charge": -1 }, "count": 1 },
      {
        "state": {
          "particle": "H2",
          "charge": 0,
          "descriptor": { "type": 1, "accuracy": 2, "e": "g", "Lambda": 0, "S": 1, "parity": "g", "v": 7 }
        },
        "count": 1
      }
    ],
    "type_tags": ["Electronic", "Vibrational"],
    "reversible": false
  },
  "threshold": 11.6985,
  "data": [
    [11.6985, 0],
    [12, 0.0000385504],
    [13, 0.000476536],
    [14, 0.000308846],
    [15, 0.000514211],
    [16, 0.000381739],
    [17, 0.000205509],
    [18, 0.00014725],
    [19, 0.00012753],
    [20, 0.000116386],
    [22, 0.0000851364],
    [25, 0.0000487489],
    [30, 0.0000232222],
    [40, 0.0000251777],
    [50, 0.0000157894],
    [60, 0.00000640101],
    [70, 0.00000656555],
    [80, 0.00000673009],
    [100, 0.00000355852],
    [120, 3.47194e-7],
    [140, 2.76245e-7],
    [160, 2.21101e-7]
  ]
}