{
  "reaction": {
    "lhs": [
      { "state": { "particle": "e", "charge": -1 }, "count": 1 },
      {
        "state": {
          "particle": "H2",
          "charge": 0,
          "descriptor": {
            "type": 1,
            "accuracy": 2,
            "e": "X",
            "Lambda": 0,
            "S": 0,
            "parity": "g",
            "v": 10
          }
        },
        "count": 1
      }
    ],
    "rhs": [
      { "state": { "particle": "e", "charge": -1 }, "count": 1 },
      {
        "state": {
          "particle": "H2",
          "charge": 0,
          "descriptor": {
            "type": 1,
            "accuracy": 2,
            "e": "g",
            "Lambda": 0,
            "S": 1,
            "parity": "g",
            "v": 10
          }
        },
        "count": 1
      }
    ],
    "type_tags": ["Electronic", "Vibrational"],
    "reversible": false
  },
  "threshold": 12.1858,
  "data": [
    [12.1858, 0],
    [13, 0.00229233],
    [14, 0.00220857],
    [15, 0.00220761],
    [16, 0.0019568],
    [17, 0.0015689],
    [18, 0.00130087],
    [19, 0.00106292],
    [20, 0.000881632],
    [22, 0.000646755],
    [25, 0.000449102],
    [30, 0.00029052],
    [40, 0.000173206],
    [50, 0.000123051],
    [60, 0.0000902094],
    [70, 0.0000592361],
    [80, 0.0000376671],
    [100, 0.0000212401],
    [120, 0.0000171873],
    [140, 0.000012448],
    [160, 0.0000089045]
  ]
}