{
  "reaction": {
    "lhs": [
      { "state": { "particle": "e", "charge": -1 }, "count": 1 },
      {
        "state": {
          "particle": "H2",
          "charge": 0,
          "descriptor": {
            "type": 1,
            "accuracy": 2,
            "e": "X",
            "Lambda": 0,
            "S": 0,
            "parity": "g",
            "v": 10
          }
        },
        "count": 1
      }
    ],
    "rhs": [
      { "state": { "particle": "e", "charge": -1 }, "count": 1 },
      {
        "state": {
          "particle": "H2",
          "charge": 0,
          "descriptor": { "type": 1, "accuracy": 2, "e": "H", "Lambda": 0, "S": 0, "parity": "g", "v": 3 }
        },
        "count": 1
      }
    ],
    "type_tags": ["Electronic", "Vibrational"],
    "reversible": false
  },
  "threshold": 10.8892,
  "data": [
    [10.8892, 0],
    [11, 0.0000288261],
    [12, 0.0000823914],
    [13, 0.00011564],
    [14, 0.000130143],
    [15, 0.000134251],
    [16, 0.000131151],
    [17, 0.000141412],
    [18, 0.000153681],
    [19, 0.000163758],
    [20, 0.000172986],
    [22, 0.000193219],
    [25, 0.000216532],
    [30, 0.00023194],
    [40, 0.000209418],
    [50, 0.000192336],
    [60, 0.000189904],
    [70, 0.00018825],
    [80, 0.000177749],
    [100, 0.000151677],
    [120, 0.000133156],
    [140, 0.000117808],
    [160, 0.000112814]
  ]
}