{
  "reaction": {
    "lhs": [
      { "state": { "particle": "e", "charge": -1 }, "count": 1 },
      {
        "state": {
          "particle": "H2",
          "charge": 0,
          "descriptor": {
            "type": 1,
            "accuracy": 2,
            "e": "X",
            "Lambda": 0,
            "S": 0,
            "parity": "g",
            "v": 10
          }
        },
        "count": 1
      }
    ],
    "rhs": [
      { "state": { "particle": "e", "charge": -1 }, "count": 1 },
      {
        "state": {
          "particle": "H2",
          "charge": 0,
          "descriptor": {
            "type": 1,
            "accuracy": 2,
            "e": "H",
            "Lambda": 0,
            "S": 0,
            "parity": "g",
            "v": 29
          }
        },
        "count": 1
      }
    ],
    "type_tags": ["Electronic", "Vibrational"],
    "reversible": false
  },
  "threshold": 12.0241,
  "data": [
    [12.0241, 0],
    [13, 0.000105716],
    [14, 0.000154979],
    [15, 0.000177784],
    [16, 0.000184047],
    [17, 0.000197957],
    [18, 0.000219674],
    [19, 0.000242054],
    [20, 0.000261918],
    [22, 0.000293597],
    [25, 0.000298826],
    [30, 0.000246287],
    [40, 0.000195459],
    [50, 0.000174434],
    [60, 0.000155978],
    [70, 0.000141448],
    [80, 0.00013037],
    [100, 0.00010408],
    [120, 0.0000863804],
    [140, 0.0000737381],
    [160, 0.0000652187]
  ]
}