{
  "reaction": {
    "lhs": [
      { "state": { "particle": "e", "charge": -1 }, "count": 1 },
      {
        "state": {
          "particle": "H2",
          "charge": 0,
          "descriptor": {
            "type": 1,
            "accuracy": 2,
            "e": "X",
            "Lambda": 0,
            "S": 0,
            "parity": "g",
            "v": 10
          }
        },
        "count": 1
      }
    ],
    "rhs": [
      { "state": { "particle": "e", "charge": -1 }, "count": 1 },
      {
        "state": {
          "particle": "H2",
          "charge": 0,
          "descriptor": {
            "type": 1,
            "accuracy": 2,
            "e": "EF",
            "Lambda": 0,
            "S": 0,
            "parity": "g",
            "v": 18
          }
        },
        "count": 1
      }
    ],
    "type_tags": ["Electronic", "Vibrational"],
    "reversible": false
  },
  "threshold": 9.96974,
  "data": [
    [9.96974, 0],
    [10, 0.0010268],
    [11, 0.00568097],
    [12, 0.00582581],
    [13, 0.00753957],
    [14, 0.00775225],
    [15, 0.00870721],
    [16, 0.00905128],
    [17, 0.00911358],
    [18, 0.00914249],
    [19, 0.00941046],
    [20, 0.00935835],
    [22, 0.00896715],
    [25, 0.00843964],
    [30, 0.00757614],
    [40, 0.00642993],
    [50, 0.00610197],
    [60, 0.00596685],
    [70, 0.00551897],
    [80, 0.00509956],
    [100, 0.00431585],
    [120, 0.00364157],
    [140, 0.0032304],
    [160, 0.00289019]
  ]
}