{
  "reaction": {
    "lhs": [
      { "state": { "particle": "e", "charge": -1 }, "count": 1 },
      {
        "state": {
          "particle": "H2",
          "charge": 0,
          "descriptor": {
            "type": 1,
            "accuracy": 2,
            "e": "X",
            "Lambda": 0,
            "S": 0,
            "parity": "g",
            "v": 10
          }
        },
        "count": 1
      }
    ],
    "rhs": [
      { "state": { "particle": "e", "charge": -1 }, "count": 1 },
      {
        "state": {
          "particle": "H2",
          "charge": 0,
          "descriptor": {
            "type": 1,
            "accuracy": 2,
            "e": "d",
            "Lambda": 1,
            "S": 1,
            "parity": "u",
            "v": 15
          }
        },
        "count": 1
      }
    ],
    "type_tags": ["Electronic", "Vibrational"],
    "reversible": false
  },
  "threshold": 12.6172,
  "data": [
    [12.6172, 0],
    [13, 0.000397629],
    [14, 0.000399332],
    [15, 0.000364308],
    [16, 0.00034124],
    [17, 0.000320866],
    [18, 0.000295943],
    [19, 0.000270178],
    [20, 0.000248114],
    [22, 0.000213597],
    [25, 0.000171073],
    [30, 0.000116672],
    [40, 0.0000552804],
    [50, 0.00003433],
    [60, 0.0000272076],
    [70, 0.0000197131],
    [80, 0.0000150492],
    [100, 0.00000775884],
    [120, 0.00000419458],
    [140, 0.00000300782],
    [160, 0.00000210151]
  ]
}