{
  "reaction": {
    "lhs": [
      { "state": { "particle": "e", "charge": -1 }, "count": 1 },
      {
        "state": {
          "particle": "H2",
          "charge": 0,
          "descriptor": {
            "type": 1,
            "accuracy": 2,
            "e": "X",
            "Lambda": 0,
            "S": 0,
            "parity": "g",
            "v": 10
          }
        },
        "count": 1
      }
    ],
    "rhs": [
      { "state": { "particle": "e", "charge": -1 }, "count": 1 },
      {
        "state": {
          "particle": "H2",
          "charge": 0,
          "descriptor": { "type": 1, "accuracy": 2, "e": "g", "Lambda": 0, "S": 1, "parity": "g", "v": 8 }
        },
        "count": 1
      }
    ],
    "type_tags": ["Electronic", "Vibrational"],
    "reversible": false
  },
  "threshold": 11.8765,
  "data": [
    [11.8765, 0],
    [12, 0.00105128],
    [13, 0.00311363],
    [14, 0.00274974],
    [15, 0.00207114],
    [16, 0.00163976],
    [17, 0.00135611],
    [18, 0.0012067],
    [19, 0.00114723],
    [20, 0.00109305],
    [22, 0.000930708],
    [25, 0.000690658],
    [30, 0.000374704],
    [40, 0.000189344],
    [50, 0.00013919],
    [60, 0.000127266],
    [70, 0.0000973553],
    [80, 0.0000644705],
    [100, 0.0000328546],
    [120, 0.000019447],
    [140, 0.0000139317],
    [160, 0.00000972944]
  ]
}