{
  "reaction": {
    "lhs": [
      { "state": { "particle": "e", "charge": -1 }, "count": 1 },
      {
        "state": {
          "particle": "H2",
          "charge": 0,
          "descriptor": {
            "type": 1,
            "accuracy": 2,
            "e": "X",
            "Lambda": 0,
            "S": 0,
            "parity": "g",
            "v": 10
          }
        },
        "count": 1
      }
    ],
    "rhs": [
      { "state": { "particle": "e", "charge": -1 }, "count": 1 },
      {
        "state": {
          "particle": "H2",
          "charge": 0,
          "descriptor": {
            "type": 1,
            "accuracy": 2,
            "e": "H",
            "Lambda": 0,
            "S": 0,
            "parity": "g",
            "v": 59
          }
        },
        "count": 1
      }
    ],
    "type_tags": ["Electronic", "Vibrational"],
    "reversible": false
  },
  "threshold": 12.6936,
  "data": [
    [12.6936, 0],
    [13, 0.00000342516],
    [14, 0.00000173967],
    [15, 0.00000311347],
    [16, 0.00000523723],
    [17, 0.00000516301],
    [18, 0.00000456496],
    [19, 0.00000484876],
    [20, 0.00000608073],
    [22, 0.0000091233],
    [25, 0.00000974739],
    [30, 0.00000494057],
    [40, 0.00000386149],
    [50, 0.00000399676],
    [60, 0.00000230049],
    [70, 8.15562e-7],
    [80, 7.75243e-7],
    [100, 4.85472e-7],
    [120, 4.18412e-7],
    [140, 3.44416e-7],
    [160, 2.2515e-7]
  ]
}